scenario,candidates,eligible,winners,total_weight,method,phase,iteration,ns,allocated_bytes
N1000_K1_UNIFORM_1,1000,950,1,950,TICKET_ARRAY,NORMALIZE,0,1660500,70144
N1000_K1_UNIFORM_1,1000,950,1,950,TICKET_ARRAY,NORMALIZE,1,1846000,69800
N1000_K1_UNIFORM_1,1000,950,1,950,TICKET_ARRAY,NORMALIZE,2,1539900,69800
N1000_K1_UNIFORM_1,1000,950,1,950,TICKET_ARRAY,NORMALIZE,3,1554300,69800
N1000_K1_UNIFORM_1,1000,950,1,950,TICKET_ARRAY,NORMALIZE,4,1817700,69800
N1000_K1_UNIFORM_1,1000,950,1,950,TICKET_ARRAY,NORMALIZE,5,1503600,69800
N1000_K1_UNIFORM_1,1000,950,1,950,TICKET_ARRAY,NORMALIZE,6,1434700,69800
N1000_K1_UNIFORM_1,1000,950,1,950,TICKET_ARRAY,NORMALIZE,7,1143601,69800
N1000_K1_UNIFORM_1,1000,950,1,950,TICKET_ARRAY,NORMALIZE,8,1161800,69800
N1000_K1_UNIFORM_1,1000,950,1,950,TICKET_ARRAY,NORMALIZE,9,1184900,69800
N1000_K1_UNIFORM_1,1000,950,1,950,TICKET_ARRAY,NORMALIZE,10,1131500,69800
N1000_K1_UNIFORM_1,1000,950,1,950,TICKET_ARRAY,NORMALIZE,11,1117000,69800
N1000_K1_UNIFORM_1,1000,950,1,950,TICKET_ARRAY,NORMALIZE,12,1176000,69800
N1000_K1_UNIFORM_1,1000,950,1,950,TICKET_ARRAY,NORMALIZE,13,1130200,69800
N1000_K1_UNIFORM_1,1000,950,1,950,TICKET_ARRAY,NORMALIZE,14,1091900,69800
N1000_K1_UNIFORM_1,1000,950,1,950,TICKET_ARRAY,NORMALIZE,15,1159401,69800
N1000_K1_UNIFORM_1,1000,950,1,950,TICKET_ARRAY,NORMALIZE,16,1061600,69800
N1000_K1_UNIFORM_1,1000,950,1,950,TICKET_ARRAY,NORMALIZE,17,1093300,69800
N1000_K1_UNIFORM_1,1000,950,1,950,TICKET_ARRAY,NORMALIZE,18,1125900,69800
N1000_K1_UNIFORM_1,1000,950,1,950,TICKET_ARRAY,NORMALIZE,19,1269200,69800
N1000_K1_UNIFORM_1,1000,950,1,950,TICKET_ARRAY,BUILD,0,240201,3840
N1000_K1_UNIFORM_1,1000,950,1,950,TICKET_ARRAY,BUILD,1,231401,3840
N1000_K1_UNIFORM_1,1000,950,1,950,TICKET_ARRAY,BUILD,2,219700,3840
N1000_K1_UNIFORM_1,1000,950,1,950,TICKET_ARRAY,BUILD,3,224400,3840
N1000_K1_UNIFORM_1,1000,950,1,950,TICKET_ARRAY,BUILD,4,229200,3840
N1000_K1_UNIFORM_1,1000,950,1,950,TICKET_ARRAY,BUILD,5,217300,3840
N1000_K1_UNIFORM_1,1000,950,1,950,TICKET_ARRAY,BUILD,6,281400,3840
N1000_K1_UNIFORM_1,1000,950,1,950,TICKET_ARRAY,BUILD,7,227301,3840
N1000_K1_UNIFORM_1,1000,950,1,950,TICKET_ARRAY,BUILD,8,224101,3840
N1000_K1_UNIFORM_1,1000,950,1,950,TICKET_ARRAY,BUILD,9,224299,3840
N1000_K1_UNIFORM_1,1000,950,1,950,TICKET_ARRAY,BUILD,10,391000,3840
N1000_K1_UNIFORM_1,1000,950,1,950,TICKET_ARRAY,BUILD,11,216101,3840
N1000_K1_UNIFORM_1,1000,950,1,950,TICKET_ARRAY,BUILD,12,247699,3840
N1000_K1_UNIFORM_1,1000,950,1,950,TICKET_ARRAY,BUILD,13,204800,3840
N1000_K1_UNIFORM_1,1000,950,1,950,TICKET_ARRAY,BUILD,14,206200,3840
N1000_K1_UNIFORM_1,1000,950,1,950,TICKET_ARRAY,BUILD,15,200400,3840
N1000_K1_UNIFORM_1,1000,950,1,950,TICKET_ARRAY,BUILD,16,219501,3840
N1000_K1_UNIFORM_1,1000,950,1,950,TICKET_ARRAY,BUILD,17,198300,3840
N1000_K1_UNIFORM_1,1000,950,1,950,TICKET_ARRAY,BUILD,18,204701,3840
N1000_K1_UNIFORM_1,1000,950,1,950,TICKET_ARRAY,BUILD,19,302100,3840
N1000_K1_UNIFORM_1,1000,950,1,950,TICKET_ARRAY,SELECT,0,608600,2008
N1000_K1_UNIFORM_1,1000,950,1,950,TICKET_ARRAY,SELECT,1,427500,2008
N1000_K1_UNIFORM_1,1000,950,1,950,TICKET_ARRAY,SELECT,2,340400,2008
N1000_K1_UNIFORM_1,1000,950,1,950,TICKET_ARRAY,SELECT,3,390900,2008
N1000_K1_UNIFORM_1,1000,950,1,950,TICKET_ARRAY,SELECT,4,350200,2008
N1000_K1_UNIFORM_1,1000,950,1,950,TICKET_ARRAY,SELECT,5,379200,2008
N1000_K1_UNIFORM_1,1000,950,1,950,TICKET_ARRAY,SELECT,6,465700,2008
N1000_K1_UNIFORM_1,1000,950,1,950,TICKET_ARRAY,SELECT,7,399800,2008
N1000_K1_UNIFORM_1,1000,950,1,950,TICKET_ARRAY,SELECT,8,331500,2008
N1000_K1_UNIFORM_1,1000,950,1,950,TICKET_ARRAY,SELECT,9,382901,2008
N1000_K1_UNIFORM_1,1000,950,1,950,TICKET_ARRAY,SELECT,10,398700,2008
N1000_K1_UNIFORM_1,1000,950,1,950,TICKET_ARRAY,SELECT,11,331499,2008
N1000_K1_UNIFORM_1,1000,950,1,950,TICKET_ARRAY,SELECT,12,390000,2008
N1000_K1_UNIFORM_1,1000,950,1,950,TICKET_ARRAY,SELECT,13,357500,2008
N1000_K1_UNIFORM_1,1000,950,1,950,TICKET_ARRAY,SELECT,14,454299,2008
N1000_K1_UNIFORM_1,1000,950,1,950,TICKET_ARRAY,SELECT,15,394400,2008
N1000_K1_UNIFORM_1,1000,950,1,950,TICKET_ARRAY,SELECT,16,378099,2008
N1000_K1_UNIFORM_1,1000,950,1,950,TICKET_ARRAY,SELECT,17,379001,2008
N1000_K1_UNIFORM_1,1000,950,1,950,TICKET_ARRAY,SELECT,18,411500,2008
N1000_K1_UNIFORM_1,1000,950,1,950,TICKET_ARRAY,SELECT,19,250899,2008
N1000_K1_UNIFORM_1,1000,950,1,950,TICKET_ARRAY,TOTAL,0,1213100,75648
N1000_K1_UNIFORM_1,1000,950,1,950,TICKET_ARRAY,TOTAL,1,1654500,75648
N1000_K1_UNIFORM_1,1000,950,1,950,TICKET_ARRAY,TOTAL,2,1086900,75648
N1000_K1_UNIFORM_1,1000,950,1,950,TICKET_ARRAY,TOTAL,3,1426899,75648
N1000_K1_UNIFORM_1,1000,950,1,950,TICKET_ARRAY,TOTAL,4,1100300,75648
N1000_K1_UNIFORM_1,1000,950,1,950,TICKET_ARRAY,TOTAL,5,1144199,75648
N1000_K1_UNIFORM_1,1000,950,1,950,TICKET_ARRAY,TOTAL,6,1324300,75648
N1000_K1_UNIFORM_1,1000,950,1,950,TICKET_ARRAY,TOTAL,7,1185800,75648
N1000_K1_UNIFORM_1,1000,950,1,950,TICKET_ARRAY,TOTAL,8,1491200,75648
N1000_K1_UNIFORM_1,1000,950,1,950,TICKET_ARRAY,TOTAL,9,1128000,75648
N1000_K1_UNIFORM_1,1000,950,1,950,TICKET_ARRAY,TOTAL,10,1073700,75648
N1000_K1_UNIFORM_1,1000,950,1,950,TICKET_ARRAY,TOTAL,11,1029200,75648
N1000_K1_UNIFORM_1,1000,950,1,950,TICKET_ARRAY,TOTAL,12,854300,75648
N1000_K1_UNIFORM_1,1000,950,1,950,TICKET_ARRAY,TOTAL,13,907300,75648
N1000_K1_UNIFORM_1,1000,950,1,950,TICKET_ARRAY,TOTAL,14,1001400,75648
N1000_K1_UNIFORM_1,1000,950,1,950,TICKET_ARRAY,TOTAL,15,915599,75648
N1000_K1_UNIFORM_1,1000,950,1,950,TICKET_ARRAY,TOTAL,16,854101,75648
N1000_K1_UNIFORM_1,1000,950,1,950,TICKET_ARRAY,TOTAL,17,926000,75648
N1000_K1_UNIFORM_1,1000,950,1,950,TICKET_ARRAY,TOTAL,18,826699,75648
N1000_K1_UNIFORM_1,1000,950,1,950,TICKET_ARRAY,TOTAL,19,1018999,76592
N1000_K1_UNIFORM_1,1000,950,1,950,PREFIX_LINEAR,NORMALIZE,0,639200,69800
N1000_K1_UNIFORM_1,1000,950,1,950,PREFIX_LINEAR,NORMALIZE,1,669199,69896
N1000_K1_UNIFORM_1,1000,950,1,950,PREFIX_LINEAR,NORMALIZE,2,860101,69800
N1000_K1_UNIFORM_1,1000,950,1,950,PREFIX_LINEAR,NORMALIZE,3,856300,69800
N1000_K1_UNIFORM_1,1000,950,1,950,PREFIX_LINEAR,NORMALIZE,4,1083201,69800
N1000_K1_UNIFORM_1,1000,950,1,950,PREFIX_LINEAR,NORMALIZE,5,783701,69800
N1000_K1_UNIFORM_1,1000,950,1,950,PREFIX_LINEAR,NORMALIZE,6,707999,69800
N1000_K1_UNIFORM_1,1000,950,1,950,PREFIX_LINEAR,NORMALIZE,7,844901,69800
N1000_K1_UNIFORM_1,1000,950,1,950,PREFIX_LINEAR,NORMALIZE,8,707500,69800
N1000_K1_UNIFORM_1,1000,950,1,950,PREFIX_LINEAR,NORMALIZE,9,645500,69800
N1000_K1_UNIFORM_1,1000,950,1,950,PREFIX_LINEAR,NORMALIZE,10,662801,69800
N1000_K1_UNIFORM_1,1000,950,1,950,PREFIX_LINEAR,NORMALIZE,11,1285400,69800
N1000_K1_UNIFORM_1,1000,950,1,950,PREFIX_LINEAR,NORMALIZE,12,754100,69800
N1000_K1_UNIFORM_1,1000,950,1,950,PREFIX_LINEAR,NORMALIZE,13,23864000,69800
N1000_K1_UNIFORM_1,1000,950,1,950,PREFIX_LINEAR,NORMALIZE,14,609201,69768
N1000_K1_UNIFORM_1,1000,950,1,950,PREFIX_LINEAR,NORMALIZE,15,568301,69768
N1000_K1_UNIFORM_1,1000,950,1,950,PREFIX_LINEAR,NORMALIZE,16,459300,69768
N1000_K1_UNIFORM_1,1000,950,1,950,PREFIX_LINEAR,NORMALIZE,17,492800,69768
N1000_K1_UNIFORM_1,1000,950,1,950,PREFIX_LINEAR,NORMALIZE,18,810100,69768
N1000_K1_UNIFORM_1,1000,950,1,950,PREFIX_LINEAR,NORMALIZE,19,920199,69768
N1000_K1_UNIFORM_1,1000,950,1,950,PREFIX_LINEAR,BUILD,0,203800,15264
N1000_K1_UNIFORM_1,1000,950,1,950,PREFIX_LINEAR,BUILD,1,185800,15264
N1000_K1_UNIFORM_1,1000,950,1,950,PREFIX_LINEAR,BUILD,2,230100,15264
N1000_K1_UNIFORM_1,1000,950,1,950,PREFIX_LINEAR,BUILD,3,194500,15264
N1000_K1_UNIFORM_1,1000,950,1,950,PREFIX_LINEAR,BUILD,4,171799,15264
N1000_K1_UNIFORM_1,1000,950,1,950,PREFIX_LINEAR,BUILD,5,249799,15264
N1000_K1_UNIFORM_1,1000,950,1,950,PREFIX_LINEAR,BUILD,6,224199,15264
N1000_K1_UNIFORM_1,1000,950,1,950,PREFIX_LINEAR,BUILD,7,175400,15264
N1000_K1_UNIFORM_1,1000,950,1,950,PREFIX_LINEAR,BUILD,8,193800,15264
N1000_K1_UNIFORM_1,1000,950,1,950,PREFIX_LINEAR,BUILD,9,215900,15264
N1000_K1_UNIFORM_1,1000,950,1,950,PREFIX_LINEAR,BUILD,10,170100,15264
N1000_K1_UNIFORM_1,1000,950,1,950,PREFIX_LINEAR,BUILD,11,198400,15264
N1000_K1_UNIFORM_1,1000,950,1,950,PREFIX_LINEAR,BUILD,12,279700,15264
N1000_K1_UNIFORM_1,1000,950,1,950,PREFIX_LINEAR,BUILD,13,175300,15264
N1000_K1_UNIFORM_1,1000,950,1,950,PREFIX_LINEAR,BUILD,14,177500,15264
N1000_K1_UNIFORM_1,1000,950,1,950,PREFIX_LINEAR,BUILD,15,241000,15264
N1000_K1_UNIFORM_1,1000,950,1,950,PREFIX_LINEAR,BUILD,16,250400,15264
N1000_K1_UNIFORM_1,1000,950,1,950,PREFIX_LINEAR,BUILD,17,297500,15264
N1000_K1_UNIFORM_1,1000,950,1,950,PREFIX_LINEAR,BUILD,18,185401,15264
N1000_K1_UNIFORM_1,1000,950,1,950,PREFIX_LINEAR,BUILD,19,172600,15264
N1000_K1_UNIFORM_1,1000,950,1,950,PREFIX_LINEAR,SELECT,0,183200,2008
N1000_K1_UNIFORM_1,1000,950,1,950,PREFIX_LINEAR,SELECT,1,316800,2008
N1000_K1_UNIFORM_1,1000,950,1,950,PREFIX_LINEAR,SELECT,2,223201,2008
N1000_K1_UNIFORM_1,1000,950,1,950,PREFIX_LINEAR,SELECT,3,191600,2008
N1000_K1_UNIFORM_1,1000,950,1,950,PREFIX_LINEAR,SELECT,4,163000,2008
N1000_K1_UNIFORM_1,1000,950,1,950,PREFIX_LINEAR,SELECT,5,389400,2008
N1000_K1_UNIFORM_1,1000,950,1,950,PREFIX_LINEAR,SELECT,6,161100,2008
N1000_K1_UNIFORM_1,1000,950,1,950,PREFIX_LINEAR,SELECT,7,157599,2008
N1000_K1_UNIFORM_1,1000,950,1,950,PREFIX_LINEAR,SELECT,8,169499,2008
N1000_K1_UNIFORM_1,1000,950,1,950,PREFIX_LINEAR,SELECT,9,165401,2008
N1000_K1_UNIFORM_1,1000,950,1,950,PREFIX_LINEAR,SELECT,10,140499,2008
N1000_K1_UNIFORM_1,1000,950,1,950,PREFIX_LINEAR,SELECT,11,179500,2008
N1000_K1_UNIFORM_1,1000,950,1,950,PREFIX_LINEAR,SELECT,12,172699,2008
N1000_K1_UNIFORM_1,1000,950,1,950,PREFIX_LINEAR,SELECT,13,256401,2008
N1000_K1_UNIFORM_1,1000,950,1,950,PREFIX_LINEAR,SELECT,14,186899,2008
N1000_K1_UNIFORM_1,1000,950,1,950,PREFIX_LINEAR,SELECT,15,150300,2008
N1000_K1_UNIFORM_1,1000,950,1,950,PREFIX_LINEAR,SELECT,16,182600,2008
N1000_K1_UNIFORM_1,1000,950,1,950,PREFIX_LINEAR,SELECT,17,170001,2008
N1000_K1_UNIFORM_1,1000,950,1,950,PREFIX_LINEAR,SELECT,18,187099,2008
N1000_K1_UNIFORM_1,1000,950,1,950,PREFIX_LINEAR,SELECT,19,190401,2008
N1000_K1_UNIFORM_1,1000,950,1,950,PREFIX_LINEAR,TOTAL,0,718800,87040
N1000_K1_UNIFORM_1,1000,950,1,950,PREFIX_LINEAR,TOTAL,1,726200,87040
N1000_K1_UNIFORM_1,1000,950,1,950,PREFIX_LINEAR,TOTAL,2,852201,87040
N1000_K1_UNIFORM_1,1000,950,1,950,PREFIX_LINEAR,TOTAL,3,1207700,87040
N1000_K1_UNIFORM_1,1000,950,1,950,PREFIX_LINEAR,TOTAL,4,750700,87040
N1000_K1_UNIFORM_1,1000,950,1,950,PREFIX_LINEAR,TOTAL,5,757400,87040
N1000_K1_UNIFORM_1,1000,950,1,950,PREFIX_LINEAR,TOTAL,6,703700,87040
N1000_K1_UNIFORM_1,1000,950,1,950,PREFIX_LINEAR,TOTAL,7,690000,87040
N1000_K1_UNIFORM_1,1000,950,1,950,PREFIX_LINEAR,TOTAL,8,811600,87040
N1000_K1_UNIFORM_1,1000,950,1,950,PREFIX_LINEAR,TOTAL,9,572700,87040
N1000_K1_UNIFORM_1,1000,950,1,950,PREFIX_LINEAR,TOTAL,10,516400,87040
N1000_K1_UNIFORM_1,1000,950,1,950,PREFIX_LINEAR,TOTAL,11,451601,87040
N1000_K1_UNIFORM_1,1000,950,1,950,PREFIX_LINEAR,TOTAL,12,807000,87040
N1000_K1_UNIFORM_1,1000,950,1,950,PREFIX_LINEAR,TOTAL,13,629300,87040
N1000_K1_UNIFORM_1,1000,950,1,950,PREFIX_LINEAR,TOTAL,14,943799,87040
N1000_K1_UNIFORM_1,1000,950,1,950,PREFIX_LINEAR,TOTAL,15,883999,87040
N1000_K1_UNIFORM_1,1000,950,1,950,PREFIX_LINEAR,TOTAL,16,900400,88336
N1000_K1_UNIFORM_1,1000,950,1,950,PREFIX_LINEAR,TOTAL,17,820300,87040
N1000_K1_UNIFORM_1,1000,950,1,950,PREFIX_LINEAR,TOTAL,18,740801,87040
N1000_K1_UNIFORM_1,1000,950,1,950,PREFIX_LINEAR,TOTAL,19,584599,87040
N1000_K1_UNIFORM_1,1000,950,1,950,PREFIX_BINARY,NORMALIZE,0,489100,69768
N1000_K1_UNIFORM_1,1000,950,1,950,PREFIX_BINARY,NORMALIZE,1,595700,69768
N1000_K1_UNIFORM_1,1000,950,1,950,PREFIX_BINARY,NORMALIZE,2,707100,69768
N1000_K1_UNIFORM_1,1000,950,1,950,PREFIX_BINARY,NORMALIZE,3,545699,69768
N1000_K1_UNIFORM_1,1000,950,1,950,PREFIX_BINARY,NORMALIZE,4,722400,69768
N1000_K1_UNIFORM_1,1000,950,1,950,PREFIX_BINARY,NORMALIZE,5,519800,69768
N1000_K1_UNIFORM_1,1000,950,1,950,PREFIX_BINARY,NORMALIZE,6,646100,69768
N1000_K1_UNIFORM_1,1000,950,1,950,PREFIX_BINARY,NORMALIZE,7,535900,69768
N1000_K1_UNIFORM_1,1000,950,1,950,PREFIX_BINARY,NORMALIZE,8,487800,69768
N1000_K1_UNIFORM_1,1000,950,1,950,PREFIX_BINARY,NORMALIZE,9,506201,69768
N1000_K1_UNIFORM_1,1000,950,1,950,PREFIX_BINARY,NORMALIZE,10,454201,69768
N1000_K1_UNIFORM_1,1000,950,1,950,PREFIX_BINARY,NORMALIZE,11,587700,69768
N1000_K1_UNIFORM_1,1000,950,1,950,PREFIX_BINARY,NORMALIZE,12,545000,69768
N1000_K1_UNIFORM_1,1000,950,1,950,PREFIX_BINARY,NORMALIZE,13,649600,69736
N1000_K1_UNIFORM_1,1000,950,1,950,PREFIX_BINARY,NORMALIZE,14,380400,69736
N1000_K1_UNIFORM_1,1000,950,1,950,PREFIX_BINARY,NORMALIZE,15,331700,69736
N1000_K1_UNIFORM_1,1000,950,1,950,PREFIX_BINARY,NORMALIZE,16,424700,69736
N1000_K1_UNIFORM_1,1000,950,1,950,PREFIX_BINARY,NORMALIZE,17,463400,69736
N1000_K1_UNIFORM_1,1000,950,1,950,PREFIX_BINARY,NORMALIZE,18,646699,69736
N1000_K1_UNIFORM_1,1000,950,1,950,PREFIX_BINARY,NORMALIZE,19,769200,69736
N1000_K1_UNIFORM_1,1000,950,1,950,PREFIX_BINARY,BUILD,0,30700,15264
N1000_K1_UNIFORM_1,1000,950,1,950,PREFIX_BINARY,BUILD,1,20801,15264
N1000_K1_UNIFORM_1,1000,950,1,950,PREFIX_BINARY,BUILD,2,21000,15264
N1000_K1_UNIFORM_1,1000,950,1,950,PREFIX_BINARY,BUILD,3,20901,15264
N1000_K1_UNIFORM_1,1000,950,1,950,PREFIX_BINARY,BUILD,4,20801,15264
N1000_K1_UNIFORM_1,1000,950,1,950,PREFIX_BINARY,BUILD,5,29701,15264
N1000_K1_UNIFORM_1,1000,950,1,950,PREFIX_BINARY,BUILD,6,30100,15264
N1000_K1_UNIFORM_1,1000,950,1,950,PREFIX_BINARY,BUILD,7,22600,15264
N1000_K1_UNIFORM_1,1000,950,1,950,PREFIX_BINARY,BUILD,8,20900,15264
N1000_K1_UNIFORM_1,1000,950,1,950,PREFIX_BINARY,BUILD,9,30000,15264
N1000_K1_UNIFORM_1,1000,950,1,950,PREFIX_BINARY,BUILD,10,20900,15264
N1000_K1_UNIFORM_1,1000,950,1,950,PREFIX_BINARY,BUILD,11,20900,15264
N1000_K1_UNIFORM_1,1000,950,1,950,PREFIX_BINARY,BUILD,12,20801,15264
N1000_K1_UNIFORM_1,1000,950,1,950,PREFIX_BINARY,BUILD,13,20299,15264
N1000_K1_UNIFORM_1,1000,950,1,950,PREFIX_BINARY,BUILD,14,20800,15264
N1000_K1_UNIFORM_1,1000,950,1,950,PREFIX_BINARY,BUILD,15,22500,15264
N1000_K1_UNIFORM_1,1000,950,1,950,PREFIX_BINARY,BUILD,16,23900,15264
N1000_K1_UNIFORM_1,1000,950,1,950,PREFIX_BINARY,BUILD,17,21900,15264
N1000_K1_UNIFORM_1,1000,950,1,950,PREFIX_BINARY,BUILD,18,21101,15264
N1000_K1_UNIFORM_1,1000,950,1,950,PREFIX_BINARY,BUILD,19,21201,15264
N1000_K1_UNIFORM_1,1000,950,1,950,PREFIX_BINARY,SELECT,0,200299,2008
N1000_K1_UNIFORM_1,1000,950,1,950,PREFIX_BINARY,SELECT,1,176200,2008
N1000_K1_UNIFORM_1,1000,950,1,950,PREFIX_BINARY,SELECT,2,189900,2008
N1000_K1_UNIFORM_1,1000,950,1,950,PREFIX_BINARY,SELECT,3,169399,2008
N1000_K1_UNIFORM_1,1000,950,1,950,PREFIX_BINARY,SELECT,4,189200,2008
N1000_K1_UNIFORM_1,1000,950,1,950,PREFIX_BINARY,SELECT,5,198100,2008
N1000_K1_UNIFORM_1,1000,950,1,950,PREFIX_BINARY,SELECT,6,145000,2008
N1000_K1_UNIFORM_1,1000,950,1,950,PREFIX_BINARY,SELECT,7,158101,2008
N1000_K1_UNIFORM_1,1000,950,1,950,PREFIX_BINARY,SELECT,8,127700,2008
N1000_K1_UNIFORM_1,1000,950,1,950,PREFIX_BINARY,SELECT,9,118401,2008
N1000_K1_UNIFORM_1,1000,950,1,950,PREFIX_BINARY,SELECT,10,151500,2008
N1000_K1_UNIFORM_1,1000,950,1,950,PREFIX_BINARY,SELECT,11,153500,2008
N1000_K1_UNIFORM_1,1000,950,1,950,PREFIX_BINARY,SELECT,12,148200,2008
N1000_K1_UNIFORM_1,1000,950,1,950,PREFIX_BINARY,SELECT,13,203699,2008
N1000_K1_UNIFORM_1,1000,950,1,950,PREFIX_BINARY,SELECT,14,185699,2008
N1000_K1_UNIFORM_1,1000,950,1,950,PREFIX_BINARY,SELECT,15,130200,2008
N1000_K1_UNIFORM_1,1000,950,1,950,PREFIX_BINARY,SELECT,16,151300,2008
N1000_K1_UNIFORM_1,1000,950,1,950,PREFIX_BINARY,SELECT,17,320100,2008
N1000_K1_UNIFORM_1,1000,950,1,950,PREFIX_BINARY,SELECT,18,1348300,27072
N1000_K1_UNIFORM_1,1000,950,1,950,PREFIX_BINARY,SELECT,19,174201,2008
N1000_K1_UNIFORM_1,1000,950,1,950,PREFIX_BINARY,TOTAL,0,768499,87008
N1000_K1_UNIFORM_1,1000,950,1,950,PREFIX_BINARY,TOTAL,1,514899,87008
N1000_K1_UNIFORM_1,1000,950,1,950,PREFIX_BINARY,TOTAL,2,576600,87008
N1000_K1_UNIFORM_1,1000,950,1,950,PREFIX_BINARY,TOTAL,3,419001,87008
N1000_K1_UNIFORM_1,1000,950,1,950,PREFIX_BINARY,TOTAL,4,439201,87008
N1000_K1_UNIFORM_1,1000,950,1,950,PREFIX_BINARY,TOTAL,5,387099,87008
N1000_K1_UNIFORM_1,1000,950,1,950,PREFIX_BINARY,TOTAL,6,431600,87008
N1000_K1_UNIFORM_1,1000,950,1,950,PREFIX_BINARY,TOTAL,7,389500,87008
N1000_K1_UNIFORM_1,1000,950,1,950,PREFIX_BINARY,TOTAL,8,449400,87008
N1000_K1_UNIFORM_1,1000,950,1,950,PREFIX_BINARY,TOTAL,9,497200,87008
N1000_K1_UNIFORM_1,1000,950,1,950,PREFIX_BINARY,TOTAL,10,383900,87008
N1000_K1_UNIFORM_1,1000,950,1,950,PREFIX_BINARY,TOTAL,11,368300,87008
N1000_K1_UNIFORM_1,1000,950,1,950,PREFIX_BINARY,TOTAL,12,369101,87008
N1000_K1_UNIFORM_1,1000,950,1,950,PREFIX_BINARY,TOTAL,13,452799,87008
N1000_K1_UNIFORM_1,1000,950,1,950,PREFIX_BINARY,TOTAL,14,508401,87008
N1000_K1_UNIFORM_1,1000,950,1,950,PREFIX_BINARY,TOTAL,15,375000,87008
N1000_K1_UNIFORM_1,1000,950,1,950,PREFIX_BINARY,TOTAL,16,368600,87008
N1000_K1_UNIFORM_1,1000,950,1,950,PREFIX_BINARY,TOTAL,17,437700,87008
N1000_K1_UNIFORM_1,1000,950,1,950,PREFIX_BINARY,TOTAL,18,592801,87008
N1000_K1_UNIFORM_1,1000,950,1,950,PREFIX_BINARY,TOTAL,19,570899,87008
N1000_K1_UNIFORM_1,1000,950,1,950,FENWICK,NORMALIZE,0,243701,69736
N1000_K1_UNIFORM_1,1000,950,1,950,FENWICK,NORMALIZE,1,250500,69736
N1000_K1_UNIFORM_1,1000,950,1,950,FENWICK,NORMALIZE,2,242100,69736
N1000_K1_UNIFORM_1,1000,950,1,950,FENWICK,NORMALIZE,3,230800,69736
N1000_K1_UNIFORM_1,1000,950,1,950,FENWICK,NORMALIZE,4,235701,69736
N1000_K1_UNIFORM_1,1000,950,1,950,FENWICK,NORMALIZE,5,246500,69736
N1000_K1_UNIFORM_1,1000,950,1,950,FENWICK,NORMALIZE,6,231900,69736
N1000_K1_UNIFORM_1,1000,950,1,950,FENWICK,NORMALIZE,7,241401,69736
N1000_K1_UNIFORM_1,1000,950,1,950,FENWICK,NORMALIZE,8,231101,69736
N1000_K1_UNIFORM_1,1000,950,1,950,FENWICK,NORMALIZE,9,232399,69736
N1000_K1_UNIFORM_1,1000,950,1,950,FENWICK,NORMALIZE,10,243300,69736
N1000_K1_UNIFORM_1,1000,950,1,950,FENWICK,NORMALIZE,11,340000,69736
N1000_K1_UNIFORM_1,1000,950,1,950,FENWICK,NORMALIZE,12,258399,69736
N1000_K1_UNIFORM_1,1000,950,1,950,FENWICK,NORMALIZE,13,265799,69736
N1000_K1_UNIFORM_1,1000,950,1,950,FENWICK,NORMALIZE,14,250699,69736
N1000_K1_UNIFORM_1,1000,950,1,950,FENWICK,NORMALIZE,15,234201,69736
N1000_K1_UNIFORM_1,1000,950,1,950,FENWICK,NORMALIZE,16,238500,69736
N1000_K1_UNIFORM_1,1000,950,1,950,FENWICK,NORMALIZE,17,230200,69736
N1000_K1_UNIFORM_1,1000,950,1,950,FENWICK,NORMALIZE,18,224000,69736
N1000_K1_UNIFORM_1,1000,950,1,950,FENWICK,NORMALIZE,19,246200,69736
N1000_K1_UNIFORM_1,1000,950,1,950,FENWICK,BUILD,0,320600,15336
N1000_K1_UNIFORM_1,1000,950,1,950,FENWICK,BUILD,1,272901,15336
N1000_K1_UNIFORM_1,1000,950,1,950,FENWICK,BUILD,2,273201,15336
N1000_K1_UNIFORM_1,1000,950,1,950,FENWICK,BUILD,3,289199,15336
N1000_K1_UNIFORM_1,1000,950,1,950,FENWICK,BUILD,4,275700,15336
N1000_K1_UNIFORM_1,1000,950,1,950,FENWICK,BUILD,5,272601,15336
N1000_K1_UNIFORM_1,1000,950,1,950,FENWICK,BUILD,6,273199,15336
N1000_K1_UNIFORM_1,1000,950,1,950,FENWICK,BUILD,7,280800,15336
N1000_K1_UNIFORM_1,1000,950,1,950,FENWICK,BUILD,8,299300,15336
N1000_K1_UNIFORM_1,1000,950,1,950,FENWICK,BUILD,9,317100,15336
N1000_K1_UNIFORM_1,1000,950,1,950,FENWICK,BUILD,10,275800,15336
N1000_K1_UNIFORM_1,1000,950,1,950,FENWICK,BUILD,11,282200,15336
N1000_K1_UNIFORM_1,1000,950,1,950,FENWICK,BUILD,12,285701,15336
N1000_K1_UNIFORM_1,1000,950,1,950,FENWICK,BUILD,13,313400,15336
N1000_K1_UNIFORM_1,1000,950,1,950,FENWICK,BUILD,14,282900,15336
N1000_K1_UNIFORM_1,1000,950,1,950,FENWICK,BUILD,15,282101,15336
N1000_K1_UNIFORM_1,1000,950,1,950,FENWICK,BUILD,16,281400,15336
N1000_K1_UNIFORM_1,1000,950,1,950,FENWICK,BUILD,17,282000,15336
N1000_K1_UNIFORM_1,1000,950,1,950,FENWICK,BUILD,18,336200,15336
N1000_K1_UNIFORM_1,1000,950,1,950,FENWICK,BUILD,19,268000,15336
N1000_K1_UNIFORM_1,1000,950,1,950,FENWICK,SELECT,0,70499,2008
N1000_K1_UNIFORM_1,1000,950,1,950,FENWICK,SELECT,1,84400,2008
N1000_K1_UNIFORM_1,1000,950,1,950,FENWICK,SELECT,2,71300,2008
N1000_K1_UNIFORM_1,1000,950,1,950,FENWICK,SELECT,3,79100,2008
N1000_K1_UNIFORM_1,1000,950,1,950,FENWICK,SELECT,4,72200,2008
N1000_K1_UNIFORM_1,1000,950,1,950,FENWICK,SELECT,5,75001,2008
N1000_K1_UNIFORM_1,1000,950,1,950,FENWICK,SELECT,6,71300,2008
N1000_K1_UNIFORM_1,1000,950,1,950,FENWICK,SELECT,7,115199,2008
N1000_K1_UNIFORM_1,1000,950,1,950,FENWICK,SELECT,8,70000,2008
N1000_K1_UNIFORM_1,1000,950,1,950,FENWICK,SELECT,9,140200,2008
N1000_K1_UNIFORM_1,1000,950,1,950,FENWICK,SELECT,10,134700,2008
N1000_K1_UNIFORM_1,1000,950,1,950,FENWICK,SELECT,11,138101,2008
N1000_K1_UNIFORM_1,1000,950,1,950,FENWICK,SELECT,12,78701,2008
N1000_K1_UNIFORM_1,1000,950,1,950,FENWICK,SELECT,13,77799,2008
N1000_K1_UNIFORM_1,1000,950,1,950,FENWICK,SELECT,14,120401,2008
N1000_K1_UNIFORM_1,1000,950,1,950,FENWICK,SELECT,15,121500,2008
N1000_K1_UNIFORM_1,1000,950,1,950,FENWICK,SELECT,16,92800,2008
N1000_K1_UNIFORM_1,1000,950,1,950,FENWICK,SELECT,17,73599,2008
N1000_K1_UNIFORM_1,1000,950,1,950,FENWICK,SELECT,18,72899,2008
N1000_K1_UNIFORM_1,1000,950,1,950,FENWICK,SELECT,19,63601,2008
N1000_K1_UNIFORM_1,1000,950,1,950,FENWICK,TOTAL,0,705501,87080
N1000_K1_UNIFORM_1,1000,950,1,950,FENWICK,TOTAL,1,761100,87080
N1000_K1_UNIFORM_1,1000,950,1,950,FENWICK,TOTAL,2,764800,87080
N1000_K1_UNIFORM_1,1000,950,1,950,FENWICK,TOTAL,3,677701,87080
N1000_K1_UNIFORM_1,1000,950,1,950,FENWICK,TOTAL,4,681799,87080
N1000_K1_UNIFORM_1,1000,950,1,950,FENWICK,TOTAL,5,788401,87080
N1000_K1_UNIFORM_1,1000,950,1,950,FENWICK,TOTAL,6,832800,87080
N1000_K1_UNIFORM_1,1000,950,1,950,FENWICK,TOTAL,7,677000,87080
N1000_K1_UNIFORM_1,1000,950,1,950,FENWICK,TOTAL,8,604500,87080
N1000_K1_UNIFORM_1,1000,950,1,950,FENWICK,TOTAL,9,619100,87080
N1000_K1_UNIFORM_1,1000,950,1,950,FENWICK,TOTAL,10,604300,87080
N1000_K1_UNIFORM_1,1000,950,1,950,FENWICK,TOTAL,11,590300,87080
N1000_K1_UNIFORM_1,1000,950,1,950,FENWICK,TOTAL,12,601901,87080
N1000_K1_UNIFORM_1,1000,950,1,950,FENWICK,TOTAL,13,637701,87080
N1000_K1_UNIFORM_1,1000,950,1,950,FENWICK,TOTAL,14,764300,87080
N1000_K1_UNIFORM_1,1000,950,1,950,FENWICK,TOTAL,15,480101,87080
N1000_K1_UNIFORM_1,1000,950,1,950,FENWICK,TOTAL,16,396000,87080
N1000_K1_UNIFORM_1,1000,950,1,950,FENWICK,TOTAL,17,317000,87080
N1000_K1_UNIFORM_1,1000,950,1,950,FENWICK,TOTAL,18,303100,87080
N1000_K1_UNIFORM_1,1000,950,1,950,FENWICK,TOTAL,19,315800,87080
N1000_K9_UNIFORM_1,1000,950,9,950,TICKET_ARRAY,NORMALIZE,0,235800,69736
N1000_K9_UNIFORM_1,1000,950,9,950,TICKET_ARRAY,NORMALIZE,1,235900,69736
N1000_K9_UNIFORM_1,1000,950,9,950,TICKET_ARRAY,NORMALIZE,2,225801,69736
N1000_K9_UNIFORM_1,1000,950,9,950,TICKET_ARRAY,NORMALIZE,3,222300,69736
N1000_K9_UNIFORM_1,1000,950,9,950,TICKET_ARRAY,NORMALIZE,4,322900,69736
N1000_K9_UNIFORM_1,1000,950,9,950,TICKET_ARRAY,NORMALIZE,5,277201,69736
N1000_K9_UNIFORM_1,1000,950,9,950,TICKET_ARRAY,NORMALIZE,6,231300,69736
N1000_K9_UNIFORM_1,1000,950,9,950,TICKET_ARRAY,NORMALIZE,7,222799,69736
N1000_K9_UNIFORM_1,1000,950,9,950,TICKET_ARRAY,NORMALIZE,8,279000,69736
N1000_K9_UNIFORM_1,1000,950,9,950,TICKET_ARRAY,NORMALIZE,9,244600,69736
N1000_K9_UNIFORM_1,1000,950,9,950,TICKET_ARRAY,NORMALIZE,10,226601,69736
N1000_K9_UNIFORM_1,1000,950,9,950,TICKET_ARRAY,NORMALIZE,11,260900,69736
N1000_K9_UNIFORM_1,1000,950,9,950,TICKET_ARRAY,NORMALIZE,12,271800,69736
N1000_K9_UNIFORM_1,1000,950,9,950,TICKET_ARRAY,NORMALIZE,13,573000,69736
N1000_K9_UNIFORM_1,1000,950,9,950,TICKET_ARRAY,NORMALIZE,14,352500,69736
N1000_K9_UNIFORM_1,1000,950,9,950,TICKET_ARRAY,NORMALIZE,15,306600,69736
N1000_K9_UNIFORM_1,1000,950,9,950,TICKET_ARRAY,NORMALIZE,16,333700,69736
N1000_K9_UNIFORM_1,1000,950,9,950,TICKET_ARRAY,NORMALIZE,17,265000,69736
N1000_K9_UNIFORM_1,1000,950,9,950,TICKET_ARRAY,NORMALIZE,18,314100,69736
N1000_K9_UNIFORM_1,1000,950,9,950,TICKET_ARRAY,NORMALIZE,19,270600,69736
N1000_K9_UNIFORM_1,1000,950,9,950,TICKET_ARRAY,BUILD,0,26500,3840
N1000_K9_UNIFORM_1,1000,950,9,950,TICKET_ARRAY,BUILD,1,28699,3840
N1000_K9_UNIFORM_1,1000,950,9,950,TICKET_ARRAY,BUILD,2,29400,3840
N1000_K9_UNIFORM_1,1000,950,9,950,TICKET_ARRAY,BUILD,3,26900,3840
N1000_K9_UNIFORM_1,1000,950,9,950,TICKET_ARRAY,BUILD,4,25800,3840
N1000_K9_UNIFORM_1,1000,950,9,950,TICKET_ARRAY,BUILD,5,25700,3840
N1000_K9_UNIFORM_1,1000,950,9,950,TICKET_ARRAY,BUILD,6,25700,3840
N1000_K9_UNIFORM_1,1000,950,9,950,TICKET_ARRAY,BUILD,7,41800,3840
N1000_K9_UNIFORM_1,1000,950,9,950,TICKET_ARRAY,BUILD,8,26601,3840
N1000_K9_UNIFORM_1,1000,950,9,950,TICKET_ARRAY,BUILD,9,101599,3840
N1000_K9_UNIFORM_1,1000,950,9,950,TICKET_ARRAY,BUILD,10,32501,3840
N1000_K9_UNIFORM_1,1000,950,9,950,TICKET_ARRAY,BUILD,11,42900,3840
N1000_K9_UNIFORM_1,1000,950,9,950,TICKET_ARRAY,BUILD,12,26299,3840
N1000_K9_UNIFORM_1,1000,950,9,950,TICKET_ARRAY,BUILD,13,26000,3840
N1000_K9_UNIFORM_1,1000,950,9,950,TICKET_ARRAY,BUILD,14,25801,3840
N1000_K9_UNIFORM_1,1000,950,9,950,TICKET_ARRAY,BUILD,15,25800,3840
N1000_K9_UNIFORM_1,1000,950,9,950,TICKET_ARRAY,BUILD,16,35900,3840
N1000_K9_UNIFORM_1,1000,950,9,950,TICKET_ARRAY,BUILD,17,48200,3840
N1000_K9_UNIFORM_1,1000,950,9,950,TICKET_ARRAY,BUILD,18,235701,3840
N1000_K9_UNIFORM_1,1000,950,9,950,TICKET_ARRAY,BUILD,19,238500,3840
N1000_K9_UNIFORM_1,1000,950,9,950,TICKET_ARRAY,SELECT,0,189401,3792
N1000_K9_UNIFORM_1,1000,950,9,950,TICKET_ARRAY,SELECT,1,294901,3792
N1000_K9_UNIFORM_1,1000,950,9,950,TICKET_ARRAY,SELECT,2,221200,3792
N1000_K9_UNIFORM_1,1000,950,9,950,TICKET_ARRAY,SELECT,3,235600,3792
N1000_K9_UNIFORM_1,1000,950,9,950,TICKET_ARRAY,SELECT,4,282500,3792
N1000_K9_UNIFORM_1,1000,950,9,950,TICKET_ARRAY,SELECT,5,161700,3792
N1000_K9_UNIFORM_1,1000,950,9,950,TICKET_ARRAY,SELECT,6,219300,3792
N1000_K9_UNIFORM_1,1000,950,9,950,TICKET_ARRAY,SELECT,7,280900,3792
N1000_K9_UNIFORM_1,1000,950,9,950,TICKET_ARRAY,SELECT,8,237200,3792
N1000_K9_UNIFORM_1,1000,950,9,950,TICKET_ARRAY,SELECT,9,245500,3792
N1000_K9_UNIFORM_1,1000,950,9,950,TICKET_ARRAY,SELECT,10,125599,3792
N1000_K9_UNIFORM_1,1000,950,9,950,TICKET_ARRAY,SELECT,11,160400,3792
N1000_K9_UNIFORM_1,1000,950,9,950,TICKET_ARRAY,SELECT,12,128700,3792
N1000_K9_UNIFORM_1,1000,950,9,950,TICKET_ARRAY,SELECT,13,218001,3792
N1000_K9_UNIFORM_1,1000,950,9,950,TICKET_ARRAY,SELECT,14,257600,3792
N1000_K9_UNIFORM_1,1000,950,9,950,TICKET_ARRAY,SELECT,15,125000,3792
N1000_K9_UNIFORM_1,1000,950,9,950,TICKET_ARRAY,SELECT,16,241699,3792
N1000_K9_UNIFORM_1,1000,950,9,950,TICKET_ARRAY,SELECT,17,145800,3792
N1000_K9_UNIFORM_1,1000,950,9,950,TICKET_ARRAY,SELECT,18,205001,3792
N1000_K9_UNIFORM_1,1000,950,9,950,TICKET_ARRAY,SELECT,19,243400,3792
N1000_K9_UNIFORM_1,1000,950,9,950,TICKET_ARRAY,TOTAL,0,462800,77368
N1000_K9_UNIFORM_1,1000,950,9,950,TICKET_ARRAY,TOTAL,1,455900,77368
N1000_K9_UNIFORM_1,1000,950,9,950,TICKET_ARRAY,TOTAL,2,435999,77368
N1000_K9_UNIFORM_1,1000,950,9,950,TICKET_ARRAY,TOTAL,3,454500,77368
N1000_K9_UNIFORM_1,1000,950,9,950,TICKET_ARRAY,TOTAL,4,474000,77368
N1000_K9_UNIFORM_1,1000,950,9,950,TICKET_ARRAY,TOTAL,5,344900,77368
N1000_K9_UNIFORM_1,1000,950,9,950,TICKET_ARRAY,TOTAL,6,593500,77368
N1000_K9_UNIFORM_1,1000,950,9,950,TICKET_ARRAY,TOTAL,7,583900,77368
N1000_K9_UNIFORM_1,1000,950,9,950,TICKET_ARRAY,TOTAL,8,565000,77368
N1000_K9_UNIFORM_1,1000,950,9,950,TICKET_ARRAY,TOTAL,9,503800,77368
N1000_K9_UNIFORM_1,1000,950,9,950,TICKET_ARRAY,TOTAL,10,344000,77368
N1000_K9_UNIFORM_1,1000,950,9,950,TICKET_ARRAY,TOTAL,11,333699,77368
N1000_K9_UNIFORM_1,1000,950,9,950,TICKET_ARRAY,TOTAL,12,326101,77368
N1000_K9_UNIFORM_1,1000,950,9,950,TICKET_ARRAY,TOTAL,13,325800,77368
N1000_K9_UNIFORM_1,1000,950,9,950,TICKET_ARRAY,TOTAL,14,370099,77368
N1000_K9_UNIFORM_1,1000,950,9,950,TICKET_ARRAY,TOTAL,15,293900,77368
N1000_K9_UNIFORM_1,1000,950,9,950,TICKET_ARRAY,TOTAL,16,365100,77368
N1000_K9_UNIFORM_1,1000,950,9,950,TICKET_ARRAY,TOTAL,17,329401,77368
N1000_K9_UNIFORM_1,1000,950,9,950,TICKET_ARRAY,TOTAL,18,403700,77368
N1000_K9_UNIFORM_1,1000,950,9,950,TICKET_ARRAY,TOTAL,19,359100,77368
N1000_K9_UNIFORM_1,1000,950,9,950,PREFIX_LINEAR,NORMALIZE,0,227700,69736
N1000_K9_UNIFORM_1,1000,950,9,950,PREFIX_LINEAR,NORMALIZE,1,240799,69736
N1000_K9_UNIFORM_1,1000,950,9,950,PREFIX_LINEAR,NORMALIZE,2,227200,69736
N1000_K9_UNIFORM_1,1000,950,9,950,PREFIX_LINEAR,NORMALIZE,3,220600,69736
N1000_K9_UNIFORM_1,1000,950,9,950,PREFIX_LINEAR,NORMALIZE,4,216499,69736
N1000_K9_UNIFORM_1,1000,950,9,950,PREFIX_LINEAR,NORMALIZE,5,221100,69736
N1000_K9_UNIFORM_1,1000,950,9,950,PREFIX_LINEAR,NORMALIZE,6,253000,69736
N1000_K9_UNIFORM_1,1000,950,9,950,PREFIX_LINEAR,NORMALIZE,7,221600,69736
N1000_K9_UNIFORM_1,1000,950,9,950,PREFIX_LINEAR,NORMALIZE,8,220600,69736
N1000_K9_UNIFORM_1,1000,950,9,950,PREFIX_LINEAR,NORMALIZE,9,215700,69736
N1000_K9_UNIFORM_1,1000,950,9,950,PREFIX_LINEAR,NORMALIZE,10,228001,69736
N1000_K9_UNIFORM_1,1000,950,9,950,PREFIX_LINEAR,NORMALIZE,11,216399,69736
N1000_K9_UNIFORM_1,1000,950,9,950,PREFIX_LINEAR,NORMALIZE,12,216401,69736
N1000_K9_UNIFORM_1,1000,950,9,950,PREFIX_LINEAR,NORMALIZE,13,216200,69736
N1000_K9_UNIFORM_1,1000,950,9,950,PREFIX_LINEAR,NORMALIZE,14,214600,69736
N1000_K9_UNIFORM_1,1000,950,9,950,PREFIX_LINEAR,NORMALIZE,15,230500,69736
N1000_K9_UNIFORM_1,1000,950,9,950,PREFIX_LINEAR,NORMALIZE,16,228400,69736
N1000_K9_UNIFORM_1,1000,950,9,950,PREFIX_LINEAR,NORMALIZE,17,218001,69736
N1000_K9_UNIFORM_1,1000,950,9,950,PREFIX_LINEAR,NORMALIZE,18,216900,69736
N1000_K9_UNIFORM_1,1000,950,9,950,PREFIX_LINEAR,NORMALIZE,19,222900,69736
N1000_K9_UNIFORM_1,1000,950,9,950,PREFIX_LINEAR,BUILD,0,3100,15264
N1000_K9_UNIFORM_1,1000,950,9,950,PREFIX_LINEAR,BUILD,1,3599,15264
N1000_K9_UNIFORM_1,1000,950,9,950,PREFIX_LINEAR,BUILD,2,3200,15264
N1000_K9_UNIFORM_1,1000,950,9,950,PREFIX_LINEAR,BUILD,3,2900,15264
N1000_K9_UNIFORM_1,1000,950,9,950,PREFIX_LINEAR,BUILD,4,2999,15264
N1000_K9_UNIFORM_1,1000,950,9,950,PREFIX_LINEAR,BUILD,5,2801,15264
N1000_K9_UNIFORM_1,1000,950,9,950,PREFIX_LINEAR,BUILD,6,2901,15264
N1000_K9_UNIFORM_1,1000,950,9,950,PREFIX_LINEAR,BUILD,7,2999,15264
N1000_K9_UNIFORM_1,1000,950,9,950,PREFIX_LINEAR,BUILD,8,2801,15264
N1000_K9_UNIFORM_1,1000,950,9,950,PREFIX_LINEAR,BUILD,9,2999,15264
N1000_K9_UNIFORM_1,1000,950,9,950,PREFIX_LINEAR,BUILD,10,3000,15264
N1000_K9_UNIFORM_1,1000,950,9,950,PREFIX_LINEAR,BUILD,11,3101,15264
N1000_K9_UNIFORM_1,1000,950,9,950,PREFIX_LINEAR,BUILD,12,3099,15264
N1000_K9_UNIFORM_1,1000,950,9,950,PREFIX_LINEAR,BUILD,13,2700,15264
N1000_K9_UNIFORM_1,1000,950,9,950,PREFIX_LINEAR,BUILD,14,2800,15264
N1000_K9_UNIFORM_1,1000,950,9,950,PREFIX_LINEAR,BUILD,15,3000,15264
N1000_K9_UNIFORM_1,1000,950,9,950,PREFIX_LINEAR,BUILD,16,2701,15264
N1000_K9_UNIFORM_1,1000,950,9,950,PREFIX_LINEAR,BUILD,17,2700,15264
N1000_K9_UNIFORM_1,1000,950,9,950,PREFIX_LINEAR,BUILD,18,2900,15264
N1000_K9_UNIFORM_1,1000,950,9,950,PREFIX_LINEAR,BUILD,19,3000,15264
N1000_K9_UNIFORM_1,1000,950,9,950,PREFIX_LINEAR,SELECT,0,95401,3792
N1000_K9_UNIFORM_1,1000,950,9,950,PREFIX_LINEAR,SELECT,1,154600,3792
N1000_K9_UNIFORM_1,1000,950,9,950,PREFIX_LINEAR,SELECT,2,144000,3792
N1000_K9_UNIFORM_1,1000,950,9,950,PREFIX_LINEAR,SELECT,3,81700,3792
N1000_K9_UNIFORM_1,1000,950,9,950,PREFIX_LINEAR,SELECT,4,75600,3792
N1000_K9_UNIFORM_1,1000,950,9,950,PREFIX_LINEAR,SELECT,5,136200,3792
N1000_K9_UNIFORM_1,1000,950,9,950,PREFIX_LINEAR,SELECT,6,120501,3792
N1000_K9_UNIFORM_1,1000,950,9,950,PREFIX_LINEAR,SELECT,7,132600,3792
N1000_K9_UNIFORM_1,1000,950,9,950,PREFIX_LINEAR,SELECT,8,76600,3792
N1000_K9_UNIFORM_1,1000,950,9,950,PREFIX_LINEAR,SELECT,9,91300,3792
N1000_K9_UNIFORM_1,1000,950,9,950,PREFIX_LINEAR,SELECT,10,71801,3792
N1000_K9_UNIFORM_1,1000,950,9,950,PREFIX_LINEAR,SELECT,11,125101,3792
N1000_K9_UNIFORM_1,1000,950,9,950,PREFIX_LINEAR,SELECT,12,221200,3792
N1000_K9_UNIFORM_1,1000,950,9,950,PREFIX_LINEAR,SELECT,13,117801,3792
N1000_K9_UNIFORM_1,1000,950,9,950,PREFIX_LINEAR,SELECT,14,132599,3792
N1000_K9_UNIFORM_1,1000,950,9,950,PREFIX_LINEAR,SELECT,15,80300,3792
N1000_K9_UNIFORM_1,1000,950,9,950,PREFIX_LINEAR,SELECT,16,71700,3792
N1000_K9_UNIFORM_1,1000,950,9,950,PREFIX_LINEAR,SELECT,17,123300,3792
N1000_K9_UNIFORM_1,1000,950,9,950,PREFIX_LINEAR,SELECT,18,75700,3792
N1000_K9_UNIFORM_1,1000,950,9,950,PREFIX_LINEAR,SELECT,19,110101,3792
N1000_K9_UNIFORM_1,1000,950,9,950,PREFIX_LINEAR,TOTAL,0,513300,88792
N1000_K9_UNIFORM_1,1000,950,9,950,PREFIX_LINEAR,TOTAL,1,503700,88792
N1000_K9_UNIFORM_1,1000,950,9,950,PREFIX_LINEAR,TOTAL,2,416200,88792
N1000_K9_UNIFORM_1,1000,950,9,950,PREFIX_LINEAR,TOTAL,3,365400,88792
N1000_K9_UNIFORM_1,1000,950,9,950,PREFIX_LINEAR,TOTAL,4,357900,88792
N1000_K9_UNIFORM_1,1000,950,9,950,PREFIX_LINEAR,TOTAL,5,308101,88792
N1000_K9_UNIFORM_1,1000,950,9,950,PREFIX_LINEAR,TOTAL,6,352200,88792
N1000_K9_UNIFORM_1,1000,950,9,950,PREFIX_LINEAR,TOTAL,7,389300,88792
N1000_K9_UNIFORM_1,1000,950,9,950,PREFIX_LINEAR,TOTAL,8,334399,88792
N1000_K9_UNIFORM_1,1000,950,9,950,PREFIX_LINEAR,TOTAL,9,377500,88792
N1000_K9_UNIFORM_1,1000,950,9,950,PREFIX_LINEAR,TOTAL,10,359600,88792
N1000_K9_UNIFORM_1,1000,950,9,950,PREFIX_LINEAR,TOTAL,11,355600,88792
N1000_K9_UNIFORM_1,1000,950,9,950,PREFIX_LINEAR,TOTAL,12,401800,88792
N1000_K9_UNIFORM_1,1000,950,9,950,PREFIX_LINEAR,TOTAL,13,382200,88792
N1000_K9_UNIFORM_1,1000,950,9,950,PREFIX_LINEAR,TOTAL,14,317501,88792
N1000_K9_UNIFORM_1,1000,950,9,950,PREFIX_LINEAR,TOTAL,15,348899,88792
N1000_K9_UNIFORM_1,1000,950,9,950,PREFIX_LINEAR,TOTAL,16,331400,88792
N1000_K9_UNIFORM_1,1000,950,9,950,PREFIX_LINEAR,TOTAL,17,327101,88792
N1000_K9_UNIFORM_1,1000,950,9,950,PREFIX_LINEAR,TOTAL,18,327800,88792
N1000_K9_UNIFORM_1,1000,950,9,950,PREFIX_LINEAR,TOTAL,19,328500,88792
N1000_K9_UNIFORM_1,1000,950,9,950,PREFIX_BINARY,NORMALIZE,0,213599,69736
N1000_K9_UNIFORM_1,1000,950,9,950,PREFIX_BINARY,NORMALIZE,1,245300,69736
N1000_K9_UNIFORM_1,1000,950,9,950,PREFIX_BINARY,NORMALIZE,2,224600,69736
N1000_K9_UNIFORM_1,1000,950,9,950,PREFIX_BINARY,NORMALIZE,3,357700,69736
N1000_K9_UNIFORM_1,1000,950,9,950,PREFIX_BINARY,NORMALIZE,4,678900,69736
N1000_K9_UNIFORM_1,1000,950,9,950,PREFIX_BINARY,NORMALIZE,5,498601,69736
N1000_K9_UNIFORM_1,1000,950,9,950,PREFIX_BINARY,NORMALIZE,6,471300,69736
N1000_K9_UNIFORM_1,1000,950,9,950,PREFIX_BINARY,NORMALIZE,7,322999,69736
N1000_K9_UNIFORM_1,1000,950,9,950,PREFIX_BINARY,NORMALIZE,8,290901,69736
N1000_K9_UNIFORM_1,1000,950,9,950,PREFIX_BINARY,NORMALIZE,9,279201,69736
N1000_K9_UNIFORM_1,1000,950,9,950,PREFIX_BINARY,NORMALIZE,10,248700,69736
N1000_K9_UNIFORM_1,1000,950,9,950,PREFIX_BINARY,NORMALIZE,11,416099,69736
N1000_K9_UNIFORM_1,1000,950,9,950,PREFIX_BINARY,NORMALIZE,12,322000,69736
N1000_K9_UNIFORM_1,1000,950,9,950,PREFIX_BINARY,NORMALIZE,13,344500,69736
N1000_K9_UNIFORM_1,1000,950,9,950,PREFIX_BINARY,NORMALIZE,14,320800,69736
N1000_K9_UNIFORM_1,1000,950,9,950,PREFIX_BINARY,NORMALIZE,15,253600,69736
N1000_K9_UNIFORM_1,1000,950,9,950,PREFIX_BINARY,NORMALIZE,16,278699,69736
N1000_K9_UNIFORM_1,1000,950,9,950,PREFIX_BINARY,NORMALIZE,17,309100,69736
N1000_K9_UNIFORM_1,1000,950,9,950,PREFIX_BINARY,NORMALIZE,18,231400,69736
N1000_K9_UNIFORM_1,1000,950,9,950,PREFIX_BINARY,NORMALIZE,19,232800,69736
N1000_K9_UNIFORM_1,1000,950,9,950,PREFIX_BINARY,BUILD,0,2699,15264
N1000_K9_UNIFORM_1,1000,950,9,950,PREFIX_BINARY,BUILD,1,3001,15264
N1000_K9_UNIFORM_1,1000,950,9,950,PREFIX_BINARY,BUILD,2,3000,15264
N1000_K9_UNIFORM_1,1000,950,9,950,PREFIX_BINARY,BUILD,3,2700,15264
N1000_K9_UNIFORM_1,1000,950,9,950,PREFIX_BINARY,BUILD,4,2901,15264
N1000_K9_UNIFORM_1,1000,950,9,950,PREFIX_BINARY,BUILD,5,3200,15264
N1000_K9_UNIFORM_1,1000,950,9,950,PREFIX_BINARY,BUILD,6,3301,15264
N1000_K9_UNIFORM_1,1000,950,9,950,PREFIX_BINARY,BUILD,7,3101,15264
N1000_K9_UNIFORM_1,1000,950,9,950,PREFIX_BINARY,BUILD,8,3100,15264
N1000_K9_UNIFORM_1,1000,950,9,950,PREFIX_BINARY,BUILD,9,3699,15264
N1000_K9_UNIFORM_1,1000,950,9,950,PREFIX_BINARY,BUILD,10,4100,15264
N1000_K9_UNIFORM_1,1000,950,9,950,PREFIX_BINARY,BUILD,11,3200,15264
N1000_K9_UNIFORM_1,1000,950,9,950,PREFIX_BINARY,BUILD,12,3000,15264
N1000_K9_UNIFORM_1,1000,950,9,950,PREFIX_BINARY,BUILD,13,2900,15264
N1000_K9_UNIFORM_1,1000,950,9,950,PREFIX_BINARY,BUILD,14,2801,15264
N1000_K9_UNIFORM_1,1000,950,9,950,PREFIX_BINARY,BUILD,15,3000,15264
N1000_K9_UNIFORM_1,1000,950,9,950,PREFIX_BINARY,BUILD,16,3099,15264
N1000_K9_UNIFORM_1,1000,950,9,950,PREFIX_BINARY,BUILD,17,3001,15264
N1000_K9_UNIFORM_1,1000,950,9,950,PREFIX_BINARY,BUILD,18,2899,15264
N1000_K9_UNIFORM_1,1000,950,9,950,PREFIX_BINARY,BUILD,19,2901,15264
N1000_K9_UNIFORM_1,1000,950,9,950,PREFIX_BINARY,SELECT,0,101299,3792
N1000_K9_UNIFORM_1,1000,950,9,950,PREFIX_BINARY,SELECT,1,57001,3792
N1000_K9_UNIFORM_1,1000,950,9,950,PREFIX_BINARY,SELECT,2,69900,3792
N1000_K9_UNIFORM_1,1000,950,9,950,PREFIX_BINARY,SELECT,3,51999,3792
N1000_K9_UNIFORM_1,1000,950,9,950,PREFIX_BINARY,SELECT,4,51201,3792
N1000_K9_UNIFORM_1,1000,950,9,950,PREFIX_BINARY,SELECT,5,55000,3792
N1000_K9_UNIFORM_1,1000,950,9,950,PREFIX_BINARY,SELECT,6,46400,3792
N1000_K9_UNIFORM_1,1000,950,9,950,PREFIX_BINARY,SELECT,7,44300,3792
N1000_K9_UNIFORM_1,1000,950,9,950,PREFIX_BINARY,SELECT,8,71500,3792
N1000_K9_UNIFORM_1,1000,950,9,950,PREFIX_BINARY,SELECT,9,80800,3792
N1000_K9_UNIFORM_1,1000,950,9,950,PREFIX_BINARY,SELECT,10,58899,3792
N1000_K9_UNIFORM_1,1000,950,9,950,PREFIX_BINARY,SELECT,11,48600,3792
N1000_K9_UNIFORM_1,1000,950,9,950,PREFIX_BINARY,SELECT,12,46000,3792
N1000_K9_UNIFORM_1,1000,950,9,950,PREFIX_BINARY,SELECT,13,103201,3792
N1000_K9_UNIFORM_1,1000,950,9,950,PREFIX_BINARY,SELECT,14,61900,3792
N1000_K9_UNIFORM_1,1000,950,9,950,PREFIX_BINARY,SELECT,15,43000,3792
N1000_K9_UNIFORM_1,1000,950,9,950,PREFIX_BINARY,SELECT,16,40299,3792
N1000_K9_UNIFORM_1,1000,950,9,950,PREFIX_BINARY,SELECT,17,42001,3792
N1000_K9_UNIFORM_1,1000,950,9,950,PREFIX_BINARY,SELECT,18,38800,3792
N1000_K9_UNIFORM_1,1000,950,9,950,PREFIX_BINARY,SELECT,19,47500,3792
N1000_K9_UNIFORM_1,1000,950,9,950,PREFIX_BINARY,TOTAL,0,375199,88792
N1000_K9_UNIFORM_1,1000,950,9,950,PREFIX_BINARY,TOTAL,1,455000,88792
N1000_K9_UNIFORM_1,1000,950,9,950,PREFIX_BINARY,TOTAL,2,347601,88792
N1000_K9_UNIFORM_1,1000,950,9,950,PREFIX_BINARY,TOTAL,3,316800,88792
N1000_K9_UNIFORM_1,1000,950,9,950,PREFIX_BINARY,TOTAL,4,295300,88792
N1000_K9_UNIFORM_1,1000,950,9,950,PREFIX_BINARY,TOTAL,5,375200,88792
N1000_K9_UNIFORM_1,1000,950,9,950,PREFIX_BINARY,TOTAL,6,411800,88792
N1000_K9_UNIFORM_1,1000,950,9,950,PREFIX_BINARY,TOTAL,7,462900,88792
N1000_K9_UNIFORM_1,1000,950,9,950,PREFIX_BINARY,TOTAL,8,349900,88792
N1000_K9_UNIFORM_1,1000,950,9,950,PREFIX_BINARY,TOTAL,9,315600,88792
N1000_K9_UNIFORM_1,1000,950,9,950,PREFIX_BINARY,TOTAL,10,331999,88792
N1000_K9_UNIFORM_1,1000,950,9,950,PREFIX_BINARY,TOTAL,11,323100,88792
N1000_K9_UNIFORM_1,1000,950,9,950,PREFIX_BINARY,TOTAL,12,290100,88792
N1000_K9_UNIFORM_1,1000,950,9,950,PREFIX_BINARY,TOTAL,13,292600,88792
N1000_K9_UNIFORM_1,1000,950,9,950,PREFIX_BINARY,TOTAL,14,280701,88792
N1000_K9_UNIFORM_1,1000,950,9,950,PREFIX_BINARY,TOTAL,15,269599,88792
N1000_K9_UNIFORM_1,1000,950,9,950,PREFIX_BINARY,TOTAL,16,289501,88792
N1000_K9_UNIFORM_1,1000,950,9,950,PREFIX_BINARY,TOTAL,17,275999,88792
N1000_K9_UNIFORM_1,1000,950,9,950,PREFIX_BINARY,TOTAL,18,266600,88792
N1000_K9_UNIFORM_1,1000,950,9,950,PREFIX_BINARY,TOTAL,19,326500,88792
N1000_K9_UNIFORM_1,1000,950,9,950,FENWICK,NORMALIZE,0,227899,69736
N1000_K9_UNIFORM_1,1000,950,9,950,FENWICK,NORMALIZE,1,271099,69736
N1000_K9_UNIFORM_1,1000,950,9,950,FENWICK,NORMALIZE,2,302201,69736
N1000_K9_UNIFORM_1,1000,950,9,950,FENWICK,NORMALIZE,3,223301,69736
N1000_K9_UNIFORM_1,1000,950,9,950,FENWICK,NORMALIZE,4,214600,69736
N1000_K9_UNIFORM_1,1000,950,9,950,FENWICK,NORMALIZE,5,219200,69736
N1000_K9_UNIFORM_1,1000,950,9,950,FENWICK,NORMALIZE,6,217701,69736
N1000_K9_UNIFORM_1,1000,950,9,950,FENWICK,NORMALIZE,7,214700,69736
N1000_K9_UNIFORM_1,1000,950,9,950,FENWICK,NORMALIZE,8,221200,69736
N1000_K9_UNIFORM_1,1000,950,9,950,FENWICK,NORMALIZE,9,215900,69736
N1000_K9_UNIFORM_1,1000,950,9,950,FENWICK,NORMALIZE,10,235600,69736
N1000_K9_UNIFORM_1,1000,950,9,950,FENWICK,NORMALIZE,11,231601,69736
N1000_K9_UNIFORM_1,1000,950,9,950,FENWICK,NORMALIZE,12,217000,69736
N1000_K9_UNIFORM_1,1000,950,9,950,FENWICK,NORMALIZE,13,218400,69736
N1000_K9_UNIFORM_1,1000,950,9,950,FENWICK,NORMALIZE,14,220700,69736
N1000_K9_UNIFORM_1,1000,950,9,950,FENWICK,NORMALIZE,15,214400,69736
N1000_K9_UNIFORM_1,1000,950,9,950,FENWICK,NORMALIZE,16,232699,69736
N1000_K9_UNIFORM_1,1000,950,9,950,FENWICK,NORMALIZE,17,220100,69736
N1000_K9_UNIFORM_1,1000,950,9,950,FENWICK,NORMALIZE,18,229800,69736
N1000_K9_UNIFORM_1,1000,950,9,950,FENWICK,NORMALIZE,19,223201,69736
N1000_K9_UNIFORM_1,1000,950,9,950,FENWICK,BUILD,0,27600,15336
N1000_K9_UNIFORM_1,1000,950,9,950,FENWICK,BUILD,1,30500,15336
N1000_K9_UNIFORM_1,1000,950,9,950,FENWICK,BUILD,2,27701,15336
N1000_K9_UNIFORM_1,1000,950,9,950,FENWICK,BUILD,3,27899,15336
N1000_K9_UNIFORM_1,1000,950,9,950,FENWICK,BUILD,4,27600,15336
N1000_K9_UNIFORM_1,1000,950,9,950,FENWICK,BUILD,5,31200,15336
N1000_K9_UNIFORM_1,1000,950,9,950,FENWICK,BUILD,6,28401,15336
N1000_K9_UNIFORM_1,1000,950,9,950,FENWICK,BUILD,7,27200,15336
N1000_K9_UNIFORM_1,1000,950,9,950,FENWICK,BUILD,8,31000,15336
N1000_K9_UNIFORM_1,1000,950,9,950,FENWICK,BUILD,9,32100,15336
N1000_K9_UNIFORM_1,1000,950,9,950,FENWICK,BUILD,10,27300,15336
N1000_K9_UNIFORM_1,1000,950,9,950,FENWICK,BUILD,11,27799,15336
N1000_K9_UNIFORM_1,1000,950,9,950,FENWICK,BUILD,12,32200,15336
N1000_K9_UNIFORM_1,1000,950,9,950,FENWICK,BUILD,13,32700,15336
N1000_K9_UNIFORM_1,1000,950,9,950,FENWICK,BUILD,14,29100,15336
N1000_K9_UNIFORM_1,1000,950,9,950,FENWICK,BUILD,15,27899,15336
N1000_K9_UNIFORM_1,1000,950,9,950,FENWICK,BUILD,16,28000,15336
N1000_K9_UNIFORM_1,1000,950,9,950,FENWICK,BUILD,17,27700,15336
N1000_K9_UNIFORM_1,1000,950,9,950,FENWICK,BUILD,18,32000,15336
N1000_K9_UNIFORM_1,1000,950,9,950,FENWICK,BUILD,19,33400,15336
N1000_K9_UNIFORM_1,1000,950,9,950,FENWICK,SELECT,0,57800,3792
N1000_K9_UNIFORM_1,1000,950,9,950,FENWICK,SELECT,1,217800,3792
N1000_K9_UNIFORM_1,1000,950,9,950,FENWICK,SELECT,2,113500,3792
N1000_K9_UNIFORM_1,1000,950,9,950,FENWICK,SELECT,3,83199,3792
N1000_K9_UNIFORM_1,1000,950,9,950,FENWICK,SELECT,4,65000,3792
N1000_K9_UNIFORM_1,1000,950,9,950,FENWICK,SELECT,5,86500,3792
N1000_K9_UNIFORM_1,1000,950,9,950,FENWICK,SELECT,6,156001,3792
N1000_K9_UNIFORM_1,1000,950,9,950,FENWICK,SELECT,7,125301,3792
N1000_K9_UNIFORM_1,1000,950,9,950,FENWICK,SELECT,8,121399,3792
N1000_K9_UNIFORM_1,1000,950,9,950,FENWICK,SELECT,9,135000,3792
N1000_K9_UNIFORM_1,1000,950,9,950,FENWICK,SELECT,10,75000,3792
N1000_K9_UNIFORM_1,1000,950,9,950,FENWICK,SELECT,11,92300,3792
N1000_K9_UNIFORM_1,1000,950,9,950,FENWICK,SELECT,12,57799,3792
N1000_K9_UNIFORM_1,1000,950,9,950,FENWICK,SELECT,13,50601,3792
N1000_K9_UNIFORM_1,1000,950,9,950,FENWICK,SELECT,14,79601,3792
N1000_K9_UNIFORM_1,1000,950,9,950,FENWICK,SELECT,15,103299,3792
N1000_K9_UNIFORM_1,1000,950,9,950,FENWICK,SELECT,16,182899,3792
N1000_K9_UNIFORM_1,1000,950,9,950,FENWICK,SELECT,17,125300,3792
N1000_K9_UNIFORM_1,1000,950,9,950,FENWICK,SELECT,18,139699,3792
N1000_K9_UNIFORM_1,1000,950,9,950,FENWICK,SELECT,19,173600,3792
N1000_K9_UNIFORM_1,1000,950,9,950,FENWICK,TOTAL,0,601099,88864
N1000_K9_UNIFORM_1,1000,950,9,950,FENWICK,TOTAL,1,573600,88864
N1000_K9_UNIFORM_1,1000,950,9,950,FENWICK,TOTAL,2,743799,88864
N1000_K9_UNIFORM_1,1000,950,9,950,FENWICK,TOTAL,3,544100,88864
N1000_K9_UNIFORM_1,1000,950,9,950,FENWICK,TOTAL,4,554400,88864
N1000_K9_UNIFORM_1,1000,950,9,950,FENWICK,TOTAL,5,593201,88864
N1000_K9_UNIFORM_1,1000,950,9,950,FENWICK,TOTAL,6,451200,88864
N1000_K9_UNIFORM_1,1000,950,9,950,FENWICK,TOTAL,7,827000,88864
N1000_K9_UNIFORM_1,1000,950,9,950,FENWICK,TOTAL,8,394599,88864
N1000_K9_UNIFORM_1,1000,950,9,950,FENWICK,TOTAL,9,346799,88864
N1000_K9_UNIFORM_1,1000,950,9,950,FENWICK,TOTAL,10,339299,88864
N1000_K9_UNIFORM_1,1000,950,9,950,FENWICK,TOTAL,11,410599,88864
N1000_K9_UNIFORM_1,1000,950,9,950,FENWICK,TOTAL,12,398200,88864
N1000_K9_UNIFORM_1,1000,950,9,950,FENWICK,TOTAL,13,341501,88864
N1000_K9_UNIFORM_1,1000,950,9,950,FENWICK,TOTAL,14,313700,88864
N1000_K9_UNIFORM_1,1000,950,9,950,FENWICK,TOTAL,15,340500,88864
N1000_K9_UNIFORM_1,1000,950,9,950,FENWICK,TOTAL,16,380200,88864
N1000_K9_UNIFORM_1,1000,950,9,950,FENWICK,TOTAL,17,343100,88864
N1000_K9_UNIFORM_1,1000,950,9,950,FENWICK,TOTAL,18,303899,88864
N1000_K9_UNIFORM_1,1000,950,9,950,FENWICK,TOTAL,19,335700,88864
N1000_K95_UNIFORM_1,1000,950,95,950,TICKET_ARRAY,NORMALIZE,0,300300,69736
N1000_K95_UNIFORM_1,1000,950,95,950,TICKET_ARRAY,NORMALIZE,1,339099,69736
N1000_K95_UNIFORM_1,1000,950,95,950,TICKET_ARRAY,NORMALIZE,2,303099,69736
N1000_K95_UNIFORM_1,1000,950,95,950,TICKET_ARRAY,NORMALIZE,3,323600,69736
N1000_K95_UNIFORM_1,1000,950,95,950,TICKET_ARRAY,NORMALIZE,4,320800,69736
N1000_K95_UNIFORM_1,1000,950,95,950,TICKET_ARRAY,NORMALIZE,5,299700,69736
N1000_K95_UNIFORM_1,1000,950,95,950,TICKET_ARRAY,NORMALIZE,6,281300,69736
N1000_K95_UNIFORM_1,1000,950,95,950,TICKET_ARRAY,NORMALIZE,7,273400,69736
N1000_K95_UNIFORM_1,1000,950,95,950,TICKET_ARRAY,NORMALIZE,8,284900,69736
N1000_K95_UNIFORM_1,1000,950,95,950,TICKET_ARRAY,NORMALIZE,9,275800,69736
N1000_K95_UNIFORM_1,1000,950,95,950,TICKET_ARRAY,NORMALIZE,10,316900,69736
N1000_K95_UNIFORM_1,1000,950,95,950,TICKET_ARRAY,NORMALIZE,11,479500,69736
N1000_K95_UNIFORM_1,1000,950,95,950,TICKET_ARRAY,NORMALIZE,12,370199,69736
N1000_K95_UNIFORM_1,1000,950,95,950,TICKET_ARRAY,NORMALIZE,13,284400,69736
N1000_K95_UNIFORM_1,1000,950,95,950,TICKET_ARRAY,NORMALIZE,14,275200,69736
N1000_K95_UNIFORM_1,1000,950,95,950,TICKET_ARRAY,NORMALIZE,15,276400,69736
N1000_K95_UNIFORM_1,1000,950,95,950,TICKET_ARRAY,NORMALIZE,16,353499,69736
N1000_K95_UNIFORM_1,1000,950,95,950,TICKET_ARRAY,NORMALIZE,17,310701,69736
N1000_K95_UNIFORM_1,1000,950,95,950,TICKET_ARRAY,NORMALIZE,18,277901,69736
N1000_K95_UNIFORM_1,1000,950,95,950,TICKET_ARRAY,NORMALIZE,19,278400,69736
N1000_K95_UNIFORM_1,1000,950,95,950,TICKET_ARRAY,BUILD,0,64100,3840
N1000_K95_UNIFORM_1,1000,950,95,950,TICKET_ARRAY,BUILD,1,5200,3840
N1000_K95_UNIFORM_1,1000,950,95,950,TICKET_ARRAY,BUILD,2,5299,3840
N1000_K95_UNIFORM_1,1000,950,95,950,TICKET_ARRAY,BUILD,3,5500,3840
N1000_K95_UNIFORM_1,1000,950,95,950,TICKET_ARRAY,BUILD,4,5100,3840
N1000_K95_UNIFORM_1,1000,950,95,950,TICKET_ARRAY,BUILD,5,5100,3840
N1000_K95_UNIFORM_1,1000,950,95,950,TICKET_ARRAY,BUILD,6,5201,3840
N1000_K95_UNIFORM_1,1000,950,95,950,TICKET_ARRAY,BUILD,7,5200,3840
N1000_K95_UNIFORM_1,1000,950,95,950,TICKET_ARRAY,BUILD,8,5399,3840
N1000_K95_UNIFORM_1,1000,950,95,950,TICKET_ARRAY,BUILD,9,5500,3840
N1000_K95_UNIFORM_1,1000,950,95,950,TICKET_ARRAY,BUILD,10,5299,3840
N1000_K95_UNIFORM_1,1000,950,95,950,TICKET_ARRAY,BUILD,11,5100,3840
N1000_K95_UNIFORM_1,1000,950,95,950,TICKET_ARRAY,BUILD,12,5100,3840
N1000_K95_UNIFORM_1,1000,950,95,950,TICKET_ARRAY,BUILD,13,5500,3840
N1000_K95_UNIFORM_1,1000,950,95,950,TICKET_ARRAY,BUILD,14,8300,3840
N1000_K95_UNIFORM_1,1000,950,95,950,TICKET_ARRAY,BUILD,15,5100,3840
N1000_K95_UNIFORM_1,1000,950,95,950,TICKET_ARRAY,BUILD,16,5301,3840
N1000_K95_UNIFORM_1,1000,950,95,950,TICKET_ARRAY,BUILD,17,5199,3840
N1000_K95_UNIFORM_1,1000,950,95,950,TICKET_ARRAY,BUILD,18,6099,3840
N1000_K95_UNIFORM_1,1000,950,95,950,TICKET_ARRAY,BUILD,19,5200,3840
N1000_K95_UNIFORM_1,1000,950,95,950,TICKET_ARRAY,SELECT,0,202101,24536
N1000_K95_UNIFORM_1,1000,950,95,950,TICKET_ARRAY,SELECT,1,225999,24536
N1000_K95_UNIFORM_1,1000,950,95,950,TICKET_ARRAY,SELECT,2,265999,24536
N1000_K95_UNIFORM_1,1000,950,95,950,TICKET_ARRAY,SELECT,3,224400,24536
N1000_K95_UNIFORM_1,1000,950,95,950,TICKET_ARRAY,SELECT,4,227600,24536
N1000_K95_UNIFORM_1,1000,950,95,950,TICKET_ARRAY,SELECT,5,222000,24536
N1000_K95_UNIFORM_1,1000,950,95,950,TICKET_ARRAY,SELECT,6,206900,24536
N1000_K95_UNIFORM_1,1000,950,95,950,TICKET_ARRAY,SELECT,7,212900,24536
N1000_K95_UNIFORM_1,1000,950,95,950,TICKET_ARRAY,SELECT,8,233899,24536
N1000_K95_UNIFORM_1,1000,950,95,950,TICKET_ARRAY,SELECT,9,265901,24536
N1000_K95_UNIFORM_1,1000,950,95,950,TICKET_ARRAY,SELECT,10,223600,24536
N1000_K95_UNIFORM_1,1000,950,95,950,TICKET_ARRAY,SELECT,11,265200,24536
N1000_K95_UNIFORM_1,1000,950,95,950,TICKET_ARRAY,SELECT,12,262900,24536
N1000_K95_UNIFORM_1,1000,950,95,950,TICKET_ARRAY,SELECT,13,227599,24536
N1000_K95_UNIFORM_1,1000,950,95,950,TICKET_ARRAY,SELECT,14,842200,25472
N1000_K95_UNIFORM_1,1000,950,95,950,TICKET_ARRAY,SELECT,15,245999,24536
N1000_K95_UNIFORM_1,1000,950,95,950,TICKET_ARRAY,SELECT,16,191399,24536
N1000_K95_UNIFORM_1,1000,950,95,950,TICKET_ARRAY,SELECT,17,250199,24536
N1000_K95_UNIFORM_1,1000,950,95,950,TICKET_ARRAY,SELECT,18,191801,24536
N1000_K95_UNIFORM_1,1000,950,95,950,TICKET_ARRAY,SELECT,19,221700,24536
N1000_K95_UNIFORM_1,1000,950,95,950,TICKET_ARRAY,TOTAL,0,474200,98112
N1000_K95_UNIFORM_1,1000,950,95,950,TICKET_ARRAY,TOTAL,1,451801,98112
N1000_K95_UNIFORM_1,1000,950,95,950,TICKET_ARRAY,TOTAL,2,462400,98112
N1000_K95_UNIFORM_1,1000,950,95,950,TICKET_ARRAY,TOTAL,3,478300,98112
N1000_K95_UNIFORM_1,1000,950,95,950,TICKET_ARRAY,TOTAL,4,450000,98112
N1000_K95_UNIFORM_1,1000,950,95,950,TICKET_ARRAY,TOTAL,5,1495601,98248
N1000_K95_UNIFORM_1,1000,950,95,950,TICKET_ARRAY,TOTAL,6,802200,98112
N1000_K95_UNIFORM_1,1000,950,95,950,TICKET_ARRAY,TOTAL,7,625500,98112
N1000_K95_UNIFORM_1,1000,950,95,950,TICKET_ARRAY,TOTAL,8,638499,98112
N1000_K95_UNIFORM_1,1000,950,95,950,TICKET_ARRAY,TOTAL,9,481200,98112
N1000_K95_UNIFORM_1,1000,950,95,950,TICKET_ARRAY,TOTAL,10,510401,98112
N1000_K95_UNIFORM_1,1000,950,95,950,TICKET_ARRAY,TOTAL,11,526200,98736
N1000_K95_UNIFORM_1,1000,950,95,950,TICKET_ARRAY,TOTAL,12,453401,98112
N1000_K95_UNIFORM_1,1000,950,95,950,TICKET_ARRAY,TOTAL,13,577299,98112
N1000_K95_UNIFORM_1,1000,950,95,950,TICKET_ARRAY,TOTAL,14,512500,98112
N1000_K95_UNIFORM_1,1000,950,95,950,TICKET_ARRAY,TOTAL,15,422100,98112
N1000_K95_UNIFORM_1,1000,950,95,950,TICKET_ARRAY,TOTAL,16,422099,98112
N1000_K95_UNIFORM_1,1000,950,95,950,TICKET_ARRAY,TOTAL,17,458600,98112
N1000_K95_UNIFORM_1,1000,950,95,950,TICKET_ARRAY,TOTAL,18,577199,98112
N1000_K95_UNIFORM_1,1000,950,95,950,TICKET_ARRAY,TOTAL,19,509299,98112
N1000_K95_UNIFORM_1,1000,950,95,950,PREFIX_LINEAR,NORMALIZE,0,279199,69736
N1000_K95_UNIFORM_1,1000,950,95,950,PREFIX_LINEAR,NORMALIZE,1,245300,69736
N1000_K95_UNIFORM_1,1000,950,95,950,PREFIX_LINEAR,NORMALIZE,2,264500,69736
N1000_K95_UNIFORM_1,1000,950,95,950,PREFIX_LINEAR,NORMALIZE,3,252801,69736
N1000_K95_UNIFORM_1,1000,950,95,950,PREFIX_LINEAR,NORMALIZE,4,233501,69736
N1000_K95_UNIFORM_1,1000,950,95,950,PREFIX_LINEAR,NORMALIZE,5,236900,69736
N1000_K95_UNIFORM_1,1000,950,95,950,PREFIX_LINEAR,NORMALIZE,6,232600,69736
N1000_K95_UNIFORM_1,1000,950,95,950,PREFIX_LINEAR,NORMALIZE,7,237699,69736
N1000_K95_UNIFORM_1,1000,950,95,950,PREFIX_LINEAR,NORMALIZE,8,315299,69736
N1000_K95_UNIFORM_1,1000,950,95,950,PREFIX_LINEAR,NORMALIZE,9,245999,69736
N1000_K95_UNIFORM_1,1000,950,95,950,PREFIX_LINEAR,NORMALIZE,10,254099,69736
N1000_K95_UNIFORM_1,1000,950,95,950,PREFIX_LINEAR,NORMALIZE,11,235601,69736
N1000_K95_UNIFORM_1,1000,950,95,950,PREFIX_LINEAR,NORMALIZE,12,232599,69736
N1000_K95_UNIFORM_1,1000,950,95,950,PREFIX_LINEAR,NORMALIZE,13,234400,69736
N1000_K95_UNIFORM_1,1000,950,95,950,PREFIX_LINEAR,NORMALIZE,14,247201,69736
N1000_K95_UNIFORM_1,1000,950,95,950,PREFIX_LINEAR,NORMALIZE,15,325200,69736
N1000_K95_UNIFORM_1,1000,950,95,950,PREFIX_LINEAR,NORMALIZE,16,299000,69736
N1000_K95_UNIFORM_1,1000,950,95,950,PREFIX_LINEAR,NORMALIZE,17,240999,69736
N1000_K95_UNIFORM_1,1000,950,95,950,PREFIX_LINEAR,NORMALIZE,18,251800,69736
N1000_K95_UNIFORM_1,1000,950,95,950,PREFIX_LINEAR,NORMALIZE,19,235400,69736
N1000_K95_UNIFORM_1,1000,950,95,950,PREFIX_LINEAR,BUILD,0,3301,15264
N1000_K95_UNIFORM_1,1000,950,95,950,PREFIX_LINEAR,BUILD,1,3399,15264
N1000_K95_UNIFORM_1,1000,950,95,950,PREFIX_LINEAR,BUILD,2,3701,15264
N1000_K95_UNIFORM_1,1000,950,95,950,PREFIX_LINEAR,BUILD,3,3499,15264
N1000_K95_UNIFORM_1,1000,950,95,950,PREFIX_LINEAR,BUILD,4,18900,15264
N1000_K95_UNIFORM_1,1000,950,95,950,PREFIX_LINEAR,BUILD,5,4200,15264
N1000_K95_UNIFORM_1,1000,950,95,950,PREFIX_LINEAR,BUILD,6,3500,15264
N1000_K95_UNIFORM_1,1000,950,95,950,PREFIX_LINEAR,BUILD,7,56600,15264
N1000_K95_UNIFORM_1,1000,950,95,950,PREFIX_LINEAR,BUILD,8,3201,15264
N1000_K95_UNIFORM_1,1000,950,95,950,PREFIX_LINEAR,BUILD,9,13000,15264
N1000_K95_UNIFORM_1,1000,950,95,950,PREFIX_LINEAR,BUILD,10,27200,15264
N1000_K95_UNIFORM_1,1000,950,95,950,PREFIX_LINEAR,BUILD,11,4200,15264
N1000_K95_UNIFORM_1,1000,950,95,950,PREFIX_LINEAR,BUILD,12,3799,15264
N1000_K95_UNIFORM_1,1000,950,95,950,PREFIX_LINEAR,BUILD,13,3800,15264
N1000_K95_UNIFORM_1,1000,950,95,950,PREFIX_LINEAR,BUILD,14,4000,15264
N1000_K95_UNIFORM_1,1000,950,95,950,PREFIX_LINEAR,BUILD,15,4101,15264
N1000_K95_UNIFORM_1,1000,950,95,950,PREFIX_LINEAR,BUILD,16,3901,15264
N1000_K95_UNIFORM_1,1000,950,95,950,PREFIX_LINEAR,BUILD,17,16599,15264
N1000_K95_UNIFORM_1,1000,950,95,950,PREFIX_LINEAR,BUILD,18,3900,15264
N1000_K95_UNIFORM_1,1000,950,95,950,PREFIX_LINEAR,BUILD,19,3199,15264
N1000_K95_UNIFORM_1,1000,950,95,950,PREFIX_LINEAR,SELECT,0,212401,24536
N1000_K95_UNIFORM_1,1000,950,95,950,PREFIX_LINEAR,SELECT,1,147099,24536
N1000_K95_UNIFORM_1,1000,950,95,950,PREFIX_LINEAR,SELECT,2,174900,24536
N1000_K95_UNIFORM_1,1000,950,95,950,PREFIX_LINEAR,SELECT,3,134500,24536
N1000_K95_UNIFORM_1,1000,950,95,950,PREFIX_LINEAR,SELECT,4,215501,24536
N1000_K95_UNIFORM_1,1000,950,95,950,PREFIX_LINEAR,SELECT,5,170800,24536
N1000_K95_UNIFORM_1,1000,950,95,950,PREFIX_LINEAR,SELECT,6,326600,24536
N1000_K95_UNIFORM_1,1000,950,95,950,PREFIX_LINEAR,SELECT,7,190700,24536
N1000_K95_UNIFORM_1,1000,950,95,950,PREFIX_LINEAR,SELECT,8,151900,24536
N1000_K95_UNIFORM_1,1000,950,95,950,PREFIX_LINEAR,SELECT,9,191200,24536
N1000_K95_UNIFORM_1,1000,950,95,950,PREFIX_LINEAR,SELECT,10,175001,24536
N1000_K95_UNIFORM_1,1000,950,95,950,PREFIX_LINEAR,SELECT,11,145600,24536
N1000_K95_UNIFORM_1,1000,950,95,950,PREFIX_LINEAR,SELECT,12,125501,24536
N1000_K95_UNIFORM_1,1000,950,95,950,PREFIX_LINEAR,SELECT,13,123300,24536
N1000_K95_UNIFORM_1,1000,950,95,950,PREFIX_LINEAR,SELECT,14,120001,24536
N1000_K95_UNIFORM_1,1000,950,95,950,PREFIX_LINEAR,SELECT,15,130300,24536
N1000_K95_UNIFORM_1,1000,950,95,950,PREFIX_LINEAR,SELECT,16,102600,24536
N1000_K95_UNIFORM_1,1000,950,95,950,PREFIX_LINEAR,SELECT,17,106800,24536
N1000_K95_UNIFORM_1,1000,950,95,950,PREFIX_LINEAR,SELECT,18,134699,24536
N1000_K95_UNIFORM_1,1000,950,95,950,PREFIX_LINEAR,SELECT,19,236300,24880
N1000_K95_UNIFORM_1,1000,950,95,950,PREFIX_LINEAR,TOTAL,0,1667900,104216
N1000_K95_UNIFORM_1,1000,950,95,950,PREFIX_LINEAR,TOTAL,1,403400,104216
N1000_K95_UNIFORM_1,1000,950,95,950,PREFIX_LINEAR,TOTAL,2,357901,104216
N1000_K95_UNIFORM_1,1000,950,95,950,PREFIX_LINEAR,TOTAL,3,327200,104216
N1000_K95_UNIFORM_1,1000,950,95,950,PREFIX_LINEAR,TOTAL,4,367700,104216
N1000_K95_UNIFORM_1,1000,950,95,950,PREFIX_LINEAR,TOTAL,5,339100,104216
N1000_K95_UNIFORM_1,1000,950,95,950,PREFIX_LINEAR,TOTAL,6,344300,104216
N1000_K95_UNIFORM_1,1000,950,95,950,PREFIX_LINEAR,TOTAL,7,319200,104216
N1000_K95_UNIFORM_1,1000,950,95,950,PREFIX_LINEAR,TOTAL,8,330101,104216
N1000_K95_UNIFORM_1,1000,950,95,950,PREFIX_LINEAR,TOTAL,9,315901,104216
N1000_K95_UNIFORM_1,1000,950,95,950,PREFIX_LINEAR,TOTAL,10,362100,104216
N1000_K95_UNIFORM_1,1000,950,95,950,PREFIX_LINEAR,TOTAL,11,321000,104216
N1000_K95_UNIFORM_1,1000,950,95,950,PREFIX_LINEAR,TOTAL,12,526200,104216
N1000_K95_UNIFORM_1,1000,950,95,950,PREFIX_LINEAR,TOTAL,13,390500,104216
N1000_K95_UNIFORM_1,1000,950,95,950,PREFIX_LINEAR,TOTAL,14,329299,104216
N1000_K95_UNIFORM_1,1000,950,95,950,PREFIX_LINEAR,TOTAL,15,348100,104216
N1000_K95_UNIFORM_1,1000,950,95,950,PREFIX_LINEAR,TOTAL,16,324200,104216
N1000_K95_UNIFORM_1,1000,950,95,950,PREFIX_LINEAR,TOTAL,17,391300,104216
N1000_K95_UNIFORM_1,1000,950,95,950,PREFIX_LINEAR,TOTAL,18,450300,104216
N1000_K95_UNIFORM_1,1000,950,95,950,PREFIX_LINEAR,TOTAL,19,497800,104216
N1000_K95_UNIFORM_1,1000,950,95,950,PREFIX_BINARY,NORMALIZE,0,276000,69736
N1000_K95_UNIFORM_1,1000,950,95,950,PREFIX_BINARY,NORMALIZE,1,256401,69736
N1000_K95_UNIFORM_1,1000,950,95,950,PREFIX_BINARY,NORMALIZE,2,313900,69736
N1000_K95_UNIFORM_1,1000,950,95,950,PREFIX_BINARY,NORMALIZE,3,286301,69736
N1000_K95_UNIFORM_1,1000,950,95,950,PREFIX_BINARY,NORMALIZE,4,231999,69736
N1000_K95_UNIFORM_1,1000,950,95,950,PREFIX_BINARY,NORMALIZE,5,241600,69736
N1000_K95_UNIFORM_1,1000,950,95,950,PREFIX_BINARY,NORMALIZE,6,342400,69736
N1000_K95_UNIFORM_1,1000,950,95,950,PREFIX_BINARY,NORMALIZE,7,346000,69736
N1000_K95_UNIFORM_1,1000,950,95,950,PREFIX_BINARY,NORMALIZE,8,305100,69736
N1000_K95_UNIFORM_1,1000,950,95,950,PREFIX_BINARY,NORMALIZE,9,265400,69736
N1000_K95_UNIFORM_1,1000,950,95,950,PREFIX_BINARY,NORMALIZE,10,297800,69736
N1000_K95_UNIFORM_1,1000,950,95,950,PREFIX_BINARY,NORMALIZE,11,232999,69736
N1000_K95_UNIFORM_1,1000,950,95,950,PREFIX_BINARY,NORMALIZE,12,221600,69736
N1000_K95_UNIFORM_1,1000,950,95,950,PREFIX_BINARY,NORMALIZE,13,222100,69736
N1000_K95_UNIFORM_1,1000,950,95,950,PREFIX_BINARY,NORMALIZE,14,217801,69736
N1000_K95_UNIFORM_1,1000,950,95,950,PREFIX_BINARY,NORMALIZE,15,214500,69736
N1000_K95_UNIFORM_1,1000,950,95,950,PREFIX_BINARY,NORMALIZE,16,213701,69736
N1000_K95_UNIFORM_1,1000,950,95,950,PREFIX_BINARY,NORMALIZE,17,212400,69736
N1000_K95_UNIFORM_1,1000,950,95,950,PREFIX_BINARY,NORMALIZE,18,229300,69736
N1000_K95_UNIFORM_1,1000,950,95,950,PREFIX_BINARY,NORMALIZE,19,213300,69736
N1000_K95_UNIFORM_1,1000,950,95,950,PREFIX_BINARY,BUILD,0,42800,15264
N1000_K95_UNIFORM_1,1000,950,95,950,PREFIX_BINARY,BUILD,1,4899,15264
N1000_K95_UNIFORM_1,1000,950,95,950,PREFIX_BINARY,BUILD,2,29201,15264
N1000_K95_UNIFORM_1,1000,950,95,950,PREFIX_BINARY,BUILD,3,3200,15264
N1000_K95_UNIFORM_1,1000,950,95,950,PREFIX_BINARY,BUILD,4,2500,15264
N1000_K95_UNIFORM_1,1000,950,95,950,PREFIX_BINARY,BUILD,5,2500,15264
N1000_K95_UNIFORM_1,1000,950,95,950,PREFIX_BINARY,BUILD,6,2700,15264
N1000_K95_UNIFORM_1,1000,950,95,950,PREFIX_BINARY,BUILD,7,3299,15264
N1000_K95_UNIFORM_1,1000,950,95,950,PREFIX_BINARY,BUILD,8,3101,15264
N1000_K95_UNIFORM_1,1000,950,95,950,PREFIX_BINARY,BUILD,9,2599,15264
N1000_K95_UNIFORM_1,1000,950,95,950,PREFIX_BINARY,BUILD,10,2601,15264
N1000_K95_UNIFORM_1,1000,950,95,950,PREFIX_BINARY,BUILD,11,5200,15264
N1000_K95_UNIFORM_1,1000,950,95,950,PREFIX_BINARY,BUILD,12,2700,15264
N1000_K95_UNIFORM_1,1000,950,95,950,PREFIX_BINARY,BUILD,13,2699,15264
N1000_K95_UNIFORM_1,1000,950,95,950,PREFIX_BINARY,BUILD,14,2501,15264
N1000_K95_UNIFORM_1,1000,950,95,950,PREFIX_BINARY,BUILD,15,2601,15264
N1000_K95_UNIFORM_1,1000,950,95,950,PREFIX_BINARY,BUILD,16,2499,15264
N1000_K95_UNIFORM_1,1000,950,95,950,PREFIX_BINARY,BUILD,17,2701,15264
N1000_K95_UNIFORM_1,1000,950,95,950,PREFIX_BINARY,BUILD,18,2901,15264
N1000_K95_UNIFORM_1,1000,950,95,950,PREFIX_BINARY,BUILD,19,2601,15264
N1000_K95_UNIFORM_1,1000,950,95,950,PREFIX_BINARY,SELECT,0,196599,19216
N1000_K95_UNIFORM_1,1000,950,95,950,PREFIX_BINARY,SELECT,1,173700,19216
N1000_K95_UNIFORM_1,1000,950,95,950,PREFIX_BINARY,SELECT,2,154499,19216
N1000_K95_UNIFORM_1,1000,950,95,950,PREFIX_BINARY,SELECT,3,164299,19216
N1000_K95_UNIFORM_1,1000,950,95,950,PREFIX_BINARY,SELECT,4,107901,19216
N1000_K95_UNIFORM_1,1000,950,95,950,PREFIX_BINARY,SELECT,5,135800,19216
N1000_K95_UNIFORM_1,1000,950,95,950,PREFIX_BINARY,SELECT,6,156901,18944
N1000_K95_UNIFORM_1,1000,950,95,950,PREFIX_BINARY,SELECT,7,74000,18944
N1000_K95_UNIFORM_1,1000,950,95,950,PREFIX_BINARY,SELECT,8,69701,18944
N1000_K95_UNIFORM_1,1000,950,95,950,PREFIX_BINARY,SELECT,9,66100,18944
N1000_K95_UNIFORM_1,1000,950,95,950,PREFIX_BINARY,SELECT,10,65801,18944
N1000_K95_UNIFORM_1,1000,950,95,950,PREFIX_BINARY,SELECT,11,140700,18944
N1000_K95_UNIFORM_1,1000,950,95,950,PREFIX_BINARY,SELECT,12,87901,18944
N1000_K95_UNIFORM_1,1000,950,95,950,PREFIX_BINARY,SELECT,13,116500,18944
N1000_K95_UNIFORM_1,1000,950,95,950,PREFIX_BINARY,SELECT,14,146200,18944
N1000_K95_UNIFORM_1,1000,950,95,950,PREFIX_BINARY,SELECT,15,67801,18944
N1000_K95_UNIFORM_1,1000,950,95,950,PREFIX_BINARY,SELECT,16,65600,18944
N1000_K95_UNIFORM_1,1000,950,95,950,PREFIX_BINARY,SELECT,17,119399,18944
N1000_K95_UNIFORM_1,1000,950,95,950,PREFIX_BINARY,SELECT,18,78001,18944
N1000_K95_UNIFORM_1,1000,950,95,950,PREFIX_BINARY,SELECT,19,69200,18944
N1000_K95_UNIFORM_1,1000,950,95,950,PREFIX_BINARY,TOTAL,0,406100,103944
N1000_K95_UNIFORM_1,1000,950,95,950,PREFIX_BINARY,TOTAL,1,350699,103944
N1000_K95_UNIFORM_1,1000,950,95,950,PREFIX_BINARY,TOTAL,2,302199,103944
N1000_K95_UNIFORM_1,1000,950,95,950,PREFIX_BINARY,TOTAL,3,288600,103944
N1000_K95_UNIFORM_1,1000,950,95,950,PREFIX_BINARY,TOTAL,4,314700,103944
N1000_K95_UNIFORM_1,1000,950,95,950,PREFIX_BINARY,TOTAL,5,372700,103944
N1000_K95_UNIFORM_1,1000,950,95,950,PREFIX_BINARY,TOTAL,6,361100,103944
N1000_K95_UNIFORM_1,1000,950,95,950,PREFIX_BINARY,TOTAL,7,295900,103944
N1000_K95_UNIFORM_1,1000,950,95,950,PREFIX_BINARY,TOTAL,8,297000,103944
N1000_K95_UNIFORM_1,1000,950,95,950,PREFIX_BINARY,TOTAL,9,284500,103944
N1000_K95_UNIFORM_1,1000,950,95,950,PREFIX_BINARY,TOTAL,10,365600,103944
N1000_K95_UNIFORM_1,1000,950,95,950,PREFIX_BINARY,TOTAL,11,513400,103944
N1000_K95_UNIFORM_1,1000,950,95,950,PREFIX_BINARY,TOTAL,12,322601,103944
N1000_K95_UNIFORM_1,1000,950,95,950,PREFIX_BINARY,TOTAL,13,383900,103944
N1000_K95_UNIFORM_1,1000,950,95,950,PREFIX_BINARY,TOTAL,14,314699,103944
N1000_K95_UNIFORM_1,1000,950,95,950,PREFIX_BINARY,TOTAL,15,387401,103944
N1000_K95_UNIFORM_1,1000,950,95,950,PREFIX_BINARY,TOTAL,16,291500,103944
N1000_K95_UNIFORM_1,1000,950,95,950,PREFIX_BINARY,TOTAL,17,283000,103944
N1000_K95_UNIFORM_1,1000,950,95,950,PREFIX_BINARY,TOTAL,18,284300,103944
N1000_K95_UNIFORM_1,1000,950,95,950,PREFIX_BINARY,TOTAL,19,283900,103944
N1000_K95_UNIFORM_1,1000,950,95,950,FENWICK,NORMALIZE,0,506799,69736
N1000_K95_UNIFORM_1,1000,950,95,950,FENWICK,NORMALIZE,1,494400,69736
N1000_K95_UNIFORM_1,1000,950,95,950,FENWICK,NORMALIZE,2,303500,69736
N1000_K95_UNIFORM_1,1000,950,95,950,FENWICK,NORMALIZE,3,239100,69736
N1000_K95_UNIFORM_1,1000,950,95,950,FENWICK,NORMALIZE,4,224900,69736
N1000_K95_UNIFORM_1,1000,950,95,950,FENWICK,NORMALIZE,5,346201,69736
N1000_K95_UNIFORM_1,1000,950,95,950,FENWICK,NORMALIZE,6,287300,69736
N1000_K95_UNIFORM_1,1000,950,95,950,FENWICK,NORMALIZE,7,225799,69736
N1000_K95_UNIFORM_1,1000,950,95,950,FENWICK,NORMALIZE,8,215500,69736
N1000_K95_UNIFORM_1,1000,950,95,950,FENWICK,NORMALIZE,9,236399,69736
N1000_K95_UNIFORM_1,1000,950,95,950,FENWICK,NORMALIZE,10,214701,69736
N1000_K95_UNIFORM_1,1000,950,95,950,FENWICK,NORMALIZE,11,212301,69736
N1000_K95_UNIFORM_1,1000,950,95,950,FENWICK,NORMALIZE,12,278600,69736
N1000_K95_UNIFORM_1,1000,950,95,950,FENWICK,NORMALIZE,13,223900,69736
N1000_K95_UNIFORM_1,1000,950,95,950,FENWICK,NORMALIZE,14,212200,69736
N1000_K95_UNIFORM_1,1000,950,95,950,FENWICK,NORMALIZE,15,211300,69736
N1000_K95_UNIFORM_1,1000,950,95,950,FENWICK,NORMALIZE,16,212300,69736
N1000_K95_UNIFORM_1,1000,950,95,950,FENWICK,NORMALIZE,17,214199,69736
N1000_K95_UNIFORM_1,1000,950,95,950,FENWICK,NORMALIZE,18,229100,69736
N1000_K95_UNIFORM_1,1000,950,95,950,FENWICK,NORMALIZE,19,213299,69736
N1000_K95_UNIFORM_1,1000,950,95,950,FENWICK,BUILD,0,8400,15336
N1000_K95_UNIFORM_1,1000,950,95,950,FENWICK,BUILD,1,8499,15336
N1000_K95_UNIFORM_1,1000,950,95,950,FENWICK,BUILD,2,8899,15336
N1000_K95_UNIFORM_1,1000,950,95,950,FENWICK,BUILD,3,8100,15336
N1000_K95_UNIFORM_1,1000,950,95,950,FENWICK,BUILD,4,8400,15336
N1000_K95_UNIFORM_1,1000,950,95,950,FENWICK,BUILD,5,8100,15336
N1000_K95_UNIFORM_1,1000,950,95,950,FENWICK,BUILD,6,8600,15336
N1000_K95_UNIFORM_1,1000,950,95,950,FENWICK,BUILD,7,8400,15336
N1000_K95_UNIFORM_1,1000,950,95,950,FENWICK,BUILD,8,8900,15336
N1000_K95_UNIFORM_1,1000,950,95,950,FENWICK,BUILD,9,8699,15336
N1000_K95_UNIFORM_1,1000,950,95,950,FENWICK,BUILD,10,8200,15336
N1000_K95_UNIFORM_1,1000,950,95,950,FENWICK,BUILD,11,8899,15336
N1000_K95_UNIFORM_1,1000,950,95,950,FENWICK,BUILD,12,8999,15336
N1000_K95_UNIFORM_1,1000,950,95,950,FENWICK,BUILD,13,8200,15336
N1000_K95_UNIFORM_1,1000,950,95,950,FENWICK,BUILD,14,8600,15336
N1000_K95_UNIFORM_1,1000,950,95,950,FENWICK,BUILD,15,8800,15336
N1000_K95_UNIFORM_1,1000,950,95,950,FENWICK,BUILD,16,8200,15336
N1000_K95_UNIFORM_1,1000,950,95,950,FENWICK,BUILD,17,8300,15336
N1000_K95_UNIFORM_1,1000,950,95,950,FENWICK,BUILD,18,8600,15336
N1000_K95_UNIFORM_1,1000,950,95,950,FENWICK,BUILD,19,34300,15336
N1000_K95_UNIFORM_1,1000,950,95,950,FENWICK,SELECT,0,66000,18944
N1000_K95_UNIFORM_1,1000,950,95,950,FENWICK,SELECT,1,70701,18944
N1000_K95_UNIFORM_1,1000,950,95,950,FENWICK,SELECT,2,76201,18944
N1000_K95_UNIFORM_1,1000,950,95,950,FENWICK,SELECT,3,70800,18944
N1000_K95_UNIFORM_1,1000,950,95,950,FENWICK,SELECT,4,73500,18944
N1000_K95_UNIFORM_1,1000,950,95,950,FENWICK,SELECT,5,65801,18944
N1000_K95_UNIFORM_1,1000,950,95,950,FENWICK,SELECT,6,130200,18944
N1000_K95_UNIFORM_1,1000,950,95,950,FENWICK,SELECT,7,88000,18944
N1000_K95_UNIFORM_1,1000,950,95,950,FENWICK,SELECT,8,68700,18944
N1000_K95_UNIFORM_1,1000,950,95,950,FENWICK,SELECT,9,65000,18944
N1000_K95_UNIFORM_1,1000,950,95,950,FENWICK,SELECT,10,138000,18944
N1000_K95_UNIFORM_1,1000,950,95,950,FENWICK,SELECT,11,83200,18944
N1000_K95_UNIFORM_1,1000,950,95,950,FENWICK,SELECT,12,77299,18944
N1000_K95_UNIFORM_1,1000,950,95,950,FENWICK,SELECT,13,98300,18944
N1000_K95_UNIFORM_1,1000,950,95,950,FENWICK,SELECT,14,63799,18944
N1000_K95_UNIFORM_1,1000,950,95,950,FENWICK,SELECT,15,60700,18944
N1000_K95_UNIFORM_1,1000,950,95,950,FENWICK,SELECT,16,64200,18944
N1000_K95_UNIFORM_1,1000,950,95,950,FENWICK,SELECT,17,69100,18944
N1000_K95_UNIFORM_1,1000,950,95,950,FENWICK,SELECT,18,60900,18944
N1000_K95_UNIFORM_1,1000,950,95,950,FENWICK,SELECT,19,55999,18944
N1000_K95_UNIFORM_1,1000,950,95,950,FENWICK,TOTAL,0,283300,104016
N1000_K95_UNIFORM_1,1000,950,95,950,FENWICK,TOTAL,1,287601,104016
N1000_K95_UNIFORM_1,1000,950,95,950,FENWICK,TOTAL,2,406100,104016
N1000_K95_UNIFORM_1,1000,950,95,950,FENWICK,TOTAL,3,333599,104016
N1000_K95_UNIFORM_1,1000,950,95,950,FENWICK,TOTAL,4,339399,104016
N1000_K95_UNIFORM_1,1000,950,95,950,FENWICK,TOTAL,5,334299,104016
N1000_K95_UNIFORM_1,1000,950,95,950,FENWICK,TOTAL,6,476300,104016
N1000_K95_UNIFORM_1,1000,950,95,950,FENWICK,TOTAL,7,411801,104016
N1000_K95_UNIFORM_1,1000,950,95,950,FENWICK,TOTAL,8,375500,104016
N1000_K95_UNIFORM_1,1000,950,95,950,FENWICK,TOTAL,9,348400,104016
N1000_K95_UNIFORM_1,1000,950,95,950,FENWICK,TOTAL,10,461500,104016
N1000_K95_UNIFORM_1,1000,950,95,950,FENWICK,TOTAL,11,345799,104016
N1000_K95_UNIFORM_1,1000,950,95,950,FENWICK,TOTAL,12,353801,104016
N1000_K95_UNIFORM_1,1000,950,95,950,FENWICK,TOTAL,13,362100,104016
N1000_K95_UNIFORM_1,1000,950,95,950,FENWICK,TOTAL,14,332900,104016
N1000_K95_UNIFORM_1,1000,950,95,950,FENWICK,TOTAL,15,468299,104016
N1000_K95_UNIFORM_1,1000,950,95,950,FENWICK,TOTAL,16,533500,104016
N1000_K95_UNIFORM_1,1000,950,95,950,FENWICK,TOTAL,17,533101,104016
N1000_K95_UNIFORM_1,1000,950,95,950,FENWICK,TOTAL,18,476001,104016
N1000_K95_UNIFORM_1,1000,950,95,950,FENWICK,TOTAL,19,578699,104016
N1000_K1_UNIFORM_100,1000,950,1,95000,TICKET_ARRAY,NORMALIZE,0,227400,69736
N1000_K1_UNIFORM_100,1000,950,1,95000,TICKET_ARRAY,NORMALIZE,1,215800,69736
N1000_K1_UNIFORM_100,1000,950,1,95000,TICKET_ARRAY,NORMALIZE,2,217700,69736
N1000_K1_UNIFORM_100,1000,950,1,95000,TICKET_ARRAY,NORMALIZE,3,217300,69736
N1000_K1_UNIFORM_100,1000,950,1,95000,TICKET_ARRAY,NORMALIZE,4,216900,69736
N1000_K1_UNIFORM_100,1000,950,1,95000,TICKET_ARRAY,NORMALIZE,5,213500,69736
N1000_K1_UNIFORM_100,1000,950,1,95000,TICKET_ARRAY,NORMALIZE,6,220901,69736
N1000_K1_UNIFORM_100,1000,950,1,95000,TICKET_ARRAY,NORMALIZE,7,214900,69736
N1000_K1_UNIFORM_100,1000,950,1,95000,TICKET_ARRAY,NORMALIZE,8,216100,69736
N1000_K1_UNIFORM_100,1000,950,1,95000,TICKET_ARRAY,NORMALIZE,9,227900,69736
N1000_K1_UNIFORM_100,1000,950,1,95000,TICKET_ARRAY,NORMALIZE,10,219500,69736
N1000_K1_UNIFORM_100,1000,950,1,95000,TICKET_ARRAY,NORMALIZE,11,219000,69736
N1000_K1_UNIFORM_100,1000,950,1,95000,TICKET_ARRAY,NORMALIZE,12,211600,69736
N1000_K1_UNIFORM_100,1000,950,1,95000,TICKET_ARRAY,NORMALIZE,13,218501,69736
N1000_K1_UNIFORM_100,1000,950,1,95000,TICKET_ARRAY,NORMALIZE,14,302700,69736
N1000_K1_UNIFORM_100,1000,950,1,95000,TICKET_ARRAY,NORMALIZE,15,231600,69736
N1000_K1_UNIFORM_100,1000,950,1,95000,TICKET_ARRAY,NORMALIZE,16,263299,69736
N1000_K1_UNIFORM_100,1000,950,1,95000,TICKET_ARRAY,NORMALIZE,17,247401,69736
N1000_K1_UNIFORM_100,1000,950,1,95000,TICKET_ARRAY,NORMALIZE,18,236300,69736
N1000_K1_UNIFORM_100,1000,950,1,95000,TICKET_ARRAY,NORMALIZE,19,226101,69736
N1000_K1_UNIFORM_100,1000,950,1,95000,TICKET_ARRAY,BUILD,0,93500,380040
N1000_K1_UNIFORM_100,1000,950,1,95000,TICKET_ARRAY,BUILD,1,96500,380040
N1000_K1_UNIFORM_100,1000,950,1,95000,TICKET_ARRAY,BUILD,2,95499,380040
N1000_K1_UNIFORM_100,1000,950,1,95000,TICKET_ARRAY,BUILD,3,95800,380040
N1000_K1_UNIFORM_100,1000,950,1,95000,TICKET_ARRAY,BUILD,4,114700,380040
N1000_K1_UNIFORM_100,1000,950,1,95000,TICKET_ARRAY,BUILD,5,94100,380040
N1000_K1_UNIFORM_100,1000,950,1,95000,TICKET_ARRAY,BUILD,6,95200,380040
N1000_K1_UNIFORM_100,1000,950,1,95000,TICKET_ARRAY,BUILD,7,97599,380040
N1000_K1_UNIFORM_100,1000,950,1,95000,TICKET_ARRAY,BUILD,8,94299,380040
N1000_K1_UNIFORM_100,1000,950,1,95000,TICKET_ARRAY,BUILD,9,285899,380040
N1000_K1_UNIFORM_100,1000,950,1,95000,TICKET_ARRAY,BUILD,10,257901,380040
N1000_K1_UNIFORM_100,1000,950,1,95000,TICKET_ARRAY,BUILD,11,94900,380040
N1000_K1_UNIFORM_100,1000,950,1,95000,TICKET_ARRAY,BUILD,12,95801,380040
N1000_K1_UNIFORM_100,1000,950,1,95000,TICKET_ARRAY,BUILD,13,95300,380040
N1000_K1_UNIFORM_100,1000,950,1,95000,TICKET_ARRAY,BUILD,14,95899,380040
N1000_K1_UNIFORM_100,1000,950,1,95000,TICKET_ARRAY,BUILD,15,135600,380040
N1000_K1_UNIFORM_100,1000,950,1,95000,TICKET_ARRAY,BUILD,16,107699,380040
N1000_K1_UNIFORM_100,1000,950,1,95000,TICKET_ARRAY,BUILD,17,101301,380040
N1000_K1_UNIFORM_100,1000,950,1,95000,TICKET_ARRAY,BUILD,18,161500,380040
N1000_K1_UNIFORM_100,1000,950,1,95000,TICKET_ARRAY,BUILD,19,102300,380040
N1000_K1_UNIFORM_100,1000,950,1,95000,TICKET_ARRAY,SELECT,0,67400,1680
N1000_K1_UNIFORM_100,1000,950,1,95000,TICKET_ARRAY,SELECT,1,71300,1680
N1000_K1_UNIFORM_100,1000,950,1,95000,TICKET_ARRAY,SELECT,2,67900,1680
N1000_K1_UNIFORM_100,1000,950,1,95000,TICKET_ARRAY,SELECT,3,73599,1680
N1000_K1_UNIFORM_100,1000,950,1,95000,TICKET_ARRAY,SELECT,4,69700,1680
N1000_K1_UNIFORM_100,1000,950,1,95000,TICKET_ARRAY,SELECT,5,67399,1680
N1000_K1_UNIFORM_100,1000,950,1,95000,TICKET_ARRAY,SELECT,6,67401,1680
N1000_K1_UNIFORM_100,1000,950,1,95000,TICKET_ARRAY,SELECT,7,66899,1680
N1000_K1_UNIFORM_100,1000,950,1,95000,TICKET_ARRAY,SELECT,8,68000,1680
N1000_K1_UNIFORM_100,1000,950,1,95000,TICKET_ARRAY,SELECT,9,68700,1680
N1000_K1_UNIFORM_100,1000,950,1,95000,TICKET_ARRAY,SELECT,10,69699,1680
N1000_K1_UNIFORM_100,1000,950,1,95000,TICKET_ARRAY,SELECT,11,67800,1680
N1000_K1_UNIFORM_100,1000,950,1,95000,TICKET_ARRAY,SELECT,12,69399,1680
N1000_K1_UNIFORM_100,1000,950,1,95000,TICKET_ARRAY,SELECT,13,68300,1680
N1000_K1_UNIFORM_100,1000,950,1,95000,TICKET_ARRAY,SELECT,14,68200,1680
N1000_K1_UNIFORM_100,1000,950,1,95000,TICKET_ARRAY,SELECT,15,69700,1680
N1000_K1_UNIFORM_100,1000,950,1,95000,TICKET_ARRAY,SELECT,16,68500,1680
N1000_K1_UNIFORM_100,1000,950,1,95000,TICKET_ARRAY,SELECT,17,73400,1680
N1000_K1_UNIFORM_100,1000,950,1,95000,TICKET_ARRAY,SELECT,18,93101,1680
N1000_K1_UNIFORM_100,1000,950,1,95000,TICKET_ARRAY,SELECT,19,70800,1680
N1000_K1_UNIFORM_100,1000,950,1,95000,TICKET_ARRAY,TOTAL,0,533600,451456
N1000_K1_UNIFORM_100,1000,950,1,95000,TICKET_ARRAY,TOTAL,1,517999,451456
N1000_K1_UNIFORM_100,1000,950,1,95000,TICKET_ARRAY,TOTAL,2,490200,451456
N1000_K1_UNIFORM_100,1000,950,1,95000,TICKET_ARRAY,TOTAL,3,589200,451456
N1000_K1_UNIFORM_100,1000,950,1,95000,TICKET_ARRAY,TOTAL,4,629000,451456
N1000_K1_UNIFORM_100,1000,950,1,95000,TICKET_ARRAY,TOTAL,5,575299,451456
N1000_K1_UNIFORM_100,1000,950,1,95000,TICKET_ARRAY,TOTAL,6,503700,451456
N1000_K1_UNIFORM_100,1000,950,1,95000,TICKET_ARRAY,TOTAL,7,542700,451456
N1000_K1_UNIFORM_100,1000,950,1,95000,TICKET_ARRAY,TOTAL,8,517000,451456
N1000_K1_UNIFORM_100,1000,950,1,95000,TICKET_ARRAY,TOTAL,9,532800,451456
N1000_K1_UNIFORM_100,1000,950,1,95000,TICKET_ARRAY,TOTAL,10,513000,451456
N1000_K1_UNIFORM_100,1000,950,1,95000,TICKET_ARRAY,TOTAL,11,589599,451456
N1000_K1_UNIFORM_100,1000,950,1,95000,TICKET_ARRAY,TOTAL,12,664000,451456
N1000_K1_UNIFORM_100,1000,950,1,95000,TICKET_ARRAY,TOTAL,13,914600,451456
N1000_K1_UNIFORM_100,1000,950,1,95000,TICKET_ARRAY,TOTAL,14,636200,451456
N1000_K1_UNIFORM_100,1000,950,1,95000,TICKET_ARRAY,TOTAL,15,631200,451456
N1000_K1_UNIFORM_100,1000,950,1,95000,TICKET_ARRAY,TOTAL,16,629400,451456
N1000_K1_UNIFORM_100,1000,950,1,95000,TICKET_ARRAY,TOTAL,17,562500,451456
N1000_K1_UNIFORM_100,1000,950,1,95000,TICKET_ARRAY,TOTAL,18,509700,451456
N1000_K1_UNIFORM_100,1000,950,1,95000,TICKET_ARRAY,TOTAL,19,513100,451456
N1000_K1_UNIFORM_100,1000,950,1,95000,PREFIX_LINEAR,NORMALIZE,0,226400,69736
N1000_K1_UNIFORM_100,1000,950,1,95000,PREFIX_LINEAR,NORMALIZE,1,245200,69736
N1000_K1_UNIFORM_100,1000,950,1,95000,PREFIX_LINEAR,NORMALIZE,2,228100,69736
N1000_K1_UNIFORM_100,1000,950,1,95000,PREFIX_LINEAR,NORMALIZE,3,224200,69736
N1000_K1_UNIFORM_100,1000,950,1,95000,PREFIX_LINEAR,NORMALIZE,4,301100,69736
N1000_K1_UNIFORM_100,1000,950,1,95000,PREFIX_LINEAR,NORMALIZE,5,245801,69736
N1000_K1_UNIFORM_100,1000,950,1,95000,PREFIX_LINEAR,NORMALIZE,6,225701,69736
N1000_K1_UNIFORM_100,1000,950,1,95000,PREFIX_LINEAR,NORMALIZE,7,227399,69736
N1000_K1_UNIFORM_100,1000,950,1,95000,PREFIX_LINEAR,NORMALIZE,8,227000,69736
N1000_K1_UNIFORM_100,1000,950,1,95000,PREFIX_LINEAR,NORMALIZE,9,264601,69736
N1000_K1_UNIFORM_100,1000,950,1,95000,PREFIX_LINEAR,NORMALIZE,10,236900,69736
N1000_K1_UNIFORM_100,1000,950,1,95000,PREFIX_LINEAR,NORMALIZE,11,251600,69736
N1000_K1_UNIFORM_100,1000,950,1,95000,PREFIX_LINEAR,NORMALIZE,12,230401,69736
N1000_K1_UNIFORM_100,1000,950,1,95000,PREFIX_LINEAR,NORMALIZE,13,244100,69736
N1000_K1_UNIFORM_100,1000,950,1,95000,PREFIX_LINEAR,NORMALIZE,14,226001,69736
N1000_K1_UNIFORM_100,1000,950,1,95000,PREFIX_LINEAR,NORMALIZE,15,228499,69736
N1000_K1_UNIFORM_100,1000,950,1,95000,PREFIX_LINEAR,NORMALIZE,16,228700,69736
N1000_K1_UNIFORM_100,1000,950,1,95000,PREFIX_LINEAR,NORMALIZE,17,227099,69736
N1000_K1_UNIFORM_100,1000,950,1,95000,PREFIX_LINEAR,NORMALIZE,18,298500,69736
N1000_K1_UNIFORM_100,1000,950,1,95000,PREFIX_LINEAR,NORMALIZE,19,238900,69736
N1000_K1_UNIFORM_100,1000,950,1,95000,PREFIX_LINEAR,BUILD,0,2800,15264
N1000_K1_UNIFORM_100,1000,950,1,95000,PREFIX_LINEAR,BUILD,1,2900,15264
N1000_K1_UNIFORM_100,1000,950,1,95000,PREFIX_LINEAR,BUILD,2,3100,15264
N1000_K1_UNIFORM_100,1000,950,1,95000,PREFIX_LINEAR,BUILD,3,2799,15264
N1000_K1_UNIFORM_100,1000,950,1,95000,PREFIX_LINEAR,BUILD,4,2900,15264
N1000_K1_UNIFORM_100,1000,950,1,95000,PREFIX_LINEAR,BUILD,5,2699,15264
N1000_K1_UNIFORM_100,1000,950,1,95000,PREFIX_LINEAR,BUILD,6,17500,15264
N1000_K1_UNIFORM_100,1000,950,1,95000,PREFIX_LINEAR,BUILD,7,2999,15264
N1000_K1_UNIFORM_100,1000,950,1,95000,PREFIX_LINEAR,BUILD,8,3200,15264
N1000_K1_UNIFORM_100,1000,950,1,95000,PREFIX_LINEAR,BUILD,9,17701,15264
N1000_K1_UNIFORM_100,1000,950,1,95000,PREFIX_LINEAR,BUILD,10,12099,15264
N1000_K1_UNIFORM_100,1000,950,1,95000,PREFIX_LINEAR,BUILD,11,2801,15264
N1000_K1_UNIFORM_100,1000,950,1,95000,PREFIX_LINEAR,BUILD,12,2899,15264
N1000_K1_UNIFORM_100,1000,950,1,95000,PREFIX_LINEAR,BUILD,13,2700,15264
N1000_K1_UNIFORM_100,1000,950,1,95000,PREFIX_LINEAR,BUILD,14,3000,15264
N1000_K1_UNIFORM_100,1000,950,1,95000,PREFIX_LINEAR,BUILD,15,3500,15264
N1000_K1_UNIFORM_100,1000,950,1,95000,PREFIX_LINEAR,BUILD,16,21099,15264
N1000_K1_UNIFORM_100,1000,950,1,95000,PREFIX_LINEAR,BUILD,17,3000,15264
N1000_K1_UNIFORM_100,1000,950,1,95000,PREFIX_LINEAR,BUILD,18,2700,15264
N1000_K1_UNIFORM_100,1000,950,1,95000,PREFIX_LINEAR,BUILD,19,18100,15264
N1000_K1_UNIFORM_100,1000,950,1,95000,PREFIX_LINEAR,SELECT,0,11800,1680
N1000_K1_UNIFORM_100,1000,950,1,95000,PREFIX_LINEAR,SELECT,1,12800,1680
N1000_K1_UNIFORM_100,1000,950,1,95000,PREFIX_LINEAR,SELECT,2,12800,1680
N1000_K1_UNIFORM_100,1000,950,1,95000,PREFIX_LINEAR,SELECT,3,12601,1680
N1000_K1_UNIFORM_100,1000,950,1,95000,PREFIX_LINEAR,SELECT,4,14500,1680
N1000_K1_UNIFORM_100,1000,950,1,95000,PREFIX_LINEAR,SELECT,5,19800,1680
N1000_K1_UNIFORM_100,1000,950,1,95000,PREFIX_LINEAR,SELECT,6,13101,1680
N1000_K1_UNIFORM_100,1000,950,1,95000,PREFIX_LINEAR,SELECT,7,12899,1680
N1000_K1_UNIFORM_100,1000,950,1,95000,PREFIX_LINEAR,SELECT,8,12999,1680
N1000_K1_UNIFORM_100,1000,950,1,95000,PREFIX_LINEAR,SELECT,9,16000,1680
N1000_K1_UNIFORM_100,1000,950,1,95000,PREFIX_LINEAR,SELECT,10,12999,1680
N1000_K1_UNIFORM_100,1000,950,1,95000,PREFIX_LINEAR,SELECT,11,38300,1680
N1000_K1_UNIFORM_100,1000,950,1,95000,PREFIX_LINEAR,SELECT,12,17900,1680
N1000_K1_UNIFORM_100,1000,950,1,95000,PREFIX_LINEAR,SELECT,13,14500,1680
N1000_K1_UNIFORM_100,1000,950,1,95000,PREFIX_LINEAR,SELECT,14,13300,1680
N1000_K1_UNIFORM_100,1000,950,1,95000,PREFIX_LINEAR,SELECT,15,13900,1680
N1000_K1_UNIFORM_100,1000,950,1,95000,PREFIX_LINEAR,SELECT,16,15900,1680
N1000_K1_UNIFORM_100,1000,950,1,95000,PREFIX_LINEAR,SELECT,17,13200,1680
N1000_K1_UNIFORM_100,1000,950,1,95000,PREFIX_LINEAR,SELECT,18,13100,1680
N1000_K1_UNIFORM_100,1000,950,1,95000,PREFIX_LINEAR,SELECT,19,13200,1680
N1000_K1_UNIFORM_100,1000,950,1,95000,PREFIX_LINEAR,TOTAL,0,252900,86680
N1000_K1_UNIFORM_100,1000,950,1,95000,PREFIX_LINEAR,TOTAL,1,284600,86680
N1000_K1_UNIFORM_100,1000,950,1,95000,PREFIX_LINEAR,TOTAL,2,278001,86680
N1000_K1_UNIFORM_100,1000,950,1,95000,PREFIX_LINEAR,TOTAL,3,263800,86680
N1000_K1_UNIFORM_100,1000,950,1,95000,PREFIX_LINEAR,TOTAL,4,274400,86680
N1000_K1_UNIFORM_100,1000,950,1,95000,PREFIX_LINEAR,TOTAL,5,285699,86680
N1000_K1_UNIFORM_100,1000,950,1,95000,PREFIX_LINEAR,TOTAL,6,265701,86680
N1000_K1_UNIFORM_100,1000,950,1,95000,PREFIX_LINEAR,TOTAL,7,257000,86680
N1000_K1_UNIFORM_100,1000,950,1,95000,PREFIX_LINEAR,TOTAL,8,305000,86680
N1000_K1_UNIFORM_100,1000,950,1,95000,PREFIX_LINEAR,TOTAL,9,277701,86680
N1000_K1_UNIFORM_100,1000,950,1,95000,PREFIX_LINEAR,TOTAL,10,264601,86680
N1000_K1_UNIFORM_100,1000,950,1,95000,PREFIX_LINEAR,TOTAL,11,282900,86680
N1000_K1_UNIFORM_100,1000,950,1,95000,PREFIX_LINEAR,TOTAL,12,246200,86680
N1000_K1_UNIFORM_100,1000,950,1,95000,PREFIX_LINEAR,TOTAL,13,265200,86680
N1000_K1_UNIFORM_100,1000,950,1,95000,PREFIX_LINEAR,TOTAL,14,435500,86680
N1000_K1_UNIFORM_100,1000,950,1,95000,PREFIX_LINEAR,TOTAL,15,252700,86680
N1000_K1_UNIFORM_100,1000,950,1,95000,PREFIX_LINEAR,TOTAL,16,269301,86680
N1000_K1_UNIFORM_100,1000,950,1,95000,PREFIX_LINEAR,TOTAL,17,274300,86680
N1000_K1_UNIFORM_100,1000,950,1,95000,PREFIX_LINEAR,TOTAL,18,414900,86680
N1000_K1_UNIFORM_100,1000,950,1,95000,PREFIX_LINEAR,TOTAL,19,368599,86680
N1000_K1_UNIFORM_100,1000,950,1,95000,PREFIX_BINARY,NORMALIZE,0,238000,69736
N1000_K1_UNIFORM_100,1000,950,1,95000,PREFIX_BINARY,NORMALIZE,1,235200,69736
N1000_K1_UNIFORM_100,1000,950,1,95000,PREFIX_BINARY,NORMALIZE,2,239099,69736
N1000_K1_UNIFORM_100,1000,950,1,95000,PREFIX_BINARY,NORMALIZE,3,241900,69736
N1000_K1_UNIFORM_100,1000,950,1,95000,PREFIX_BINARY,NORMALIZE,4,245200,69736
N1000_K1_UNIFORM_100,1000,950,1,95000,PREFIX_BINARY,NORMALIZE,5,262001,69736
N1000_K1_UNIFORM_100,1000,950,1,95000,PREFIX_BINARY,NORMALIZE,6,230001,69736
N1000_K1_UNIFORM_100,1000,950,1,95000,PREFIX_BINARY,NORMALIZE,7,238199,69736
N1000_K1_UNIFORM_100,1000,950,1,95000,PREFIX_BINARY,NORMALIZE,8,234400,69736
N1000_K1_UNIFORM_100,1000,950,1,95000,PREFIX_BINARY,NORMALIZE,9,226801,69736
N1000_K1_UNIFORM_100,1000,950,1,95000,PREFIX_BINARY,NORMALIZE,10,233000,69736
N1000_K1_UNIFORM_100,1000,950,1,95000,PREFIX_BINARY,NORMALIZE,11,259800,69736
N1000_K1_UNIFORM_100,1000,950,1,95000,PREFIX_BINARY,NORMALIZE,12,257999,69736
N1000_K1_UNIFORM_100,1000,950,1,95000,PREFIX_BINARY,NORMALIZE,13,239399,69736
N1000_K1_UNIFORM_100,1000,950,1,95000,PREFIX_BINARY,NORMALIZE,14,361299,69736
N1000_K1_UNIFORM_100,1000,950,1,95000,PREFIX_BINARY,NORMALIZE,15,257700,69736
N1000_K1_UNIFORM_100,1000,950,1,95000,PREFIX_BINARY,NORMALIZE,16,239900,69736
N1000_K1_UNIFORM_100,1000,950,1,95000,PREFIX_BINARY,NORMALIZE,17,236500,69736
N1000_K1_UNIFORM_100,1000,950,1,95000,PREFIX_BINARY,NORMALIZE,18,254299,69736
N1000_K1_UNIFORM_100,1000,950,1,95000,PREFIX_BINARY,NORMALIZE,19,235700,69736
N1000_K1_UNIFORM_100,1000,950,1,95000,PREFIX_BINARY,BUILD,0,3000,15264
N1000_K1_UNIFORM_100,1000,950,1,95000,PREFIX_BINARY,BUILD,1,33900,15264
N1000_K1_UNIFORM_100,1000,950,1,95000,PREFIX_BINARY,BUILD,2,2900,15264
N1000_K1_UNIFORM_100,1000,950,1,95000,PREFIX_BINARY,BUILD,3,2400,15264
N1000_K1_UNIFORM_100,1000,950,1,95000,PREFIX_BINARY,BUILD,4,17500,15264
N1000_K1_UNIFORM_100,1000,950,1,95000,PREFIX_BINARY,BUILD,5,3401,15264
N1000_K1_UNIFORM_100,1000,950,1,95000,PREFIX_BINARY,BUILD,6,4400,15264
N1000_K1_UNIFORM_100,1000,950,1,95000,PREFIX_BINARY,BUILD,7,3601,15264
N1000_K1_UNIFORM_100,1000,950,1,95000,PREFIX_BINARY,BUILD,8,3400,15264
N1000_K1_UNIFORM_100,1000,950,1,95000,PREFIX_BINARY,BUILD,9,2701,15264
N1000_K1_UNIFORM_100,1000,950,1,95000,PREFIX_BINARY,BUILD,10,3101,15264
N1000_K1_UNIFORM_100,1000,950,1,95000,PREFIX_BINARY,BUILD,11,22000,15264
N1000_K1_UNIFORM_100,1000,950,1,95000,PREFIX_BINARY,BUILD,12,3300,15264
N1000_K1_UNIFORM_100,1000,950,1,95000,PREFIX_BINARY,BUILD,13,2800,15264
N1000_K1_UNIFORM_100,1000,950,1,95000,PREFIX_BINARY,BUILD,14,17499,15264
N1000_K1_UNIFORM_100,1000,950,1,95000,PREFIX_BINARY,BUILD,15,2901,15264
N1000_K1_UNIFORM_100,1000,950,1,95000,PREFIX_BINARY,BUILD,16,2900,15264
N1000_K1_UNIFORM_100,1000,950,1,95000,PREFIX_BINARY,BUILD,17,19601,15264
N1000_K1_UNIFORM_100,1000,950,1,95000,PREFIX_BINARY,BUILD,18,3000,15264
N1000_K1_UNIFORM_100,1000,950,1,95000,PREFIX_BINARY,BUILD,19,3000,15264
N1000_K1_UNIFORM_100,1000,950,1,95000,PREFIX_BINARY,SELECT,0,11699,1680
N1000_K1_UNIFORM_100,1000,950,1,95000,PREFIX_BINARY,SELECT,1,17900,1680
N1000_K1_UNIFORM_100,1000,950,1,95000,PREFIX_BINARY,SELECT,2,13499,1680
N1000_K1_UNIFORM_100,1000,950,1,95000,PREFIX_BINARY,SELECT,3,14299,1680
N1000_K1_UNIFORM_100,1000,950,1,95000,PREFIX_BINARY,SELECT,4,13000,1680
N1000_K1_UNIFORM_100,1000,950,1,95000,PREFIX_BINARY,SELECT,5,12899,1680
N1000_K1_UNIFORM_100,1000,950,1,95000,PREFIX_BINARY,SELECT,6,12401,1680
N1000_K1_UNIFORM_100,1000,950,1,95000,PREFIX_BINARY,SELECT,7,12299,1680
N1000_K1_UNIFORM_100,1000,950,1,95000,PREFIX_BINARY,SELECT,8,12300,1680
N1000_K1_UNIFORM_100,1000,950,1,95000,PREFIX_BINARY,SELECT,9,13101,1680
N1000_K1_UNIFORM_100,1000,950,1,95000,PREFIX_BINARY,SELECT,10,30000,1680
N1000_K1_UNIFORM_100,1000,950,1,95000,PREFIX_BINARY,SELECT,11,14500,1680
N1000_K1_UNIFORM_100,1000,950,1,95000,PREFIX_BINARY,SELECT,12,13301,1680
N1000_K1_UNIFORM_100,1000,950,1,95000,PREFIX_BINARY,SELECT,13,12500,1680
N1000_K1_UNIFORM_100,1000,950,1,95000,PREFIX_BINARY,SELECT,14,39201,1680
N1000_K1_UNIFORM_100,1000,950,1,95000,PREFIX_BINARY,SELECT,15,30000,1680
N1000_K1_UNIFORM_100,1000,950,1,95000,PREFIX_BINARY,SELECT,16,23500,1680
N1000_K1_UNIFORM_100,1000,950,1,95000,PREFIX_BINARY,SELECT,17,23100,1680
N1000_K1_UNIFORM_100,1000,950,1,95000,PREFIX_BINARY,SELECT,18,15300,1680
N1000_K1_UNIFORM_100,1000,950,1,95000,PREFIX_BINARY,SELECT,19,13000,1680
N1000_K1_UNIFORM_100,1000,950,1,95000,PREFIX_BINARY,TOTAL,0,265501,86680
N1000_K1_UNIFORM_100,1000,950,1,95000,PREFIX_BINARY,TOTAL,1,248600,86680
N1000_K1_UNIFORM_100,1000,950,1,95000,PREFIX_BINARY,TOTAL,2,348700,86680
N1000_K1_UNIFORM_100,1000,950,1,95000,PREFIX_BINARY,TOTAL,3,467999,86680
N1000_K1_UNIFORM_100,1000,950,1,95000,PREFIX_BINARY,TOTAL,4,437901,86680
N1000_K1_UNIFORM_100,1000,950,1,95000,PREFIX_BINARY,TOTAL,5,481800,86680
N1000_K1_UNIFORM_100,1000,950,1,95000,PREFIX_BINARY,TOTAL,6,496299,86680
N1000_K1_UNIFORM_100,1000,950,1,95000,PREFIX_BINARY,TOTAL,7,474000,86680
N1000_K1_UNIFORM_100,1000,950,1,95000,PREFIX_BINARY,TOTAL,8,454700,86680
N1000_K1_UNIFORM_100,1000,950,1,95000,PREFIX_BINARY,TOTAL,9,498600,86680
N1000_K1_UNIFORM_100,1000,950,1,95000,PREFIX_BINARY,TOTAL,10,433300,86680
N1000_K1_UNIFORM_100,1000,950,1,95000,PREFIX_BINARY,TOTAL,11,284699,86680
N1000_K1_UNIFORM_100,1000,950,1,95000,PREFIX_BINARY,TOTAL,12,295100,86680
N1000_K1_UNIFORM_100,1000,950,1,95000,PREFIX_BINARY,TOTAL,13,251900,86680
N1000_K1_UNIFORM_100,1000,950,1,95000,PREFIX_BINARY,TOTAL,14,247799,86680
N1000_K1_UNIFORM_100,1000,950,1,95000,PREFIX_BINARY,TOTAL,15,290000,86680
N1000_K1_UNIFORM_100,1000,950,1,95000,PREFIX_BINARY,TOTAL,16,247000,86680
N1000_K1_UNIFORM_100,1000,950,1,95000,PREFIX_BINARY,TOTAL,17,277901,86680
N1000_K1_UNIFORM_100,1000,950,1,95000,PREFIX_BINARY,TOTAL,18,285400,86680
N1000_K1_UNIFORM_100,1000,950,1,95000,PREFIX_BINARY,TOTAL,19,265799,86680
N1000_K1_UNIFORM_100,1000,950,1,95000,FENWICK,NORMALIZE,0,346700,69736
N1000_K1_UNIFORM_100,1000,950,1,95000,FENWICK,NORMALIZE,1,237500,69736
N1000_K1_UNIFORM_100,1000,950,1,95000,FENWICK,NORMALIZE,2,238701,69736
N1000_K1_UNIFORM_100,1000,950,1,95000,FENWICK,NORMALIZE,3,240700,69736
N1000_K1_UNIFORM_100,1000,950,1,95000,FENWICK,NORMALIZE,4,240401,69736
N1000_K1_UNIFORM_100,1000,950,1,95000,FENWICK,NORMALIZE,5,239201,69736
N1000_K1_UNIFORM_100,1000,950,1,95000,FENWICK,NORMALIZE,6,234401,69736
N1000_K1_UNIFORM_100,1000,950,1,95000,FENWICK,NORMALIZE,7,227900,69736
N1000_K1_UNIFORM_100,1000,950,1,95000,FENWICK,NORMALIZE,8,244700,69736
N1000_K1_UNIFORM_100,1000,950,1,95000,FENWICK,NORMALIZE,9,228900,69736
N1000_K1_UNIFORM_100,1000,950,1,95000,FENWICK,NORMALIZE,10,327500,69736
N1000_K1_UNIFORM_100,1000,950,1,95000,FENWICK,NORMALIZE,11,452599,69736
N1000_K1_UNIFORM_100,1000,950,1,95000,FENWICK,NORMALIZE,12,490900,69736
N1000_K1_UNIFORM_100,1000,950,1,95000,FENWICK,NORMALIZE,13,526099,69736
N1000_K1_UNIFORM_100,1000,950,1,95000,FENWICK,NORMALIZE,14,283000,69736
N1000_K1_UNIFORM_100,1000,950,1,95000,FENWICK,NORMALIZE,15,256299,69736
N1000_K1_UNIFORM_100,1000,950,1,95000,FENWICK,NORMALIZE,16,243200,69736
N1000_K1_UNIFORM_100,1000,950,1,95000,FENWICK,NORMALIZE,17,324400,69736
N1000_K1_UNIFORM_100,1000,950,1,95000,FENWICK,NORMALIZE,18,389400,69736
N1000_K1_UNIFORM_100,1000,950,1,95000,FENWICK,NORMALIZE,19,285001,69736
N1000_K1_UNIFORM_100,1000,950,1,95000,FENWICK,BUILD,0,30600,15336
N1000_K1_UNIFORM_100,1000,950,1,95000,FENWICK,BUILD,1,9901,15336
N1000_K1_UNIFORM_100,1000,950,1,95000,FENWICK,BUILD,2,79699,15336
N1000_K1_UNIFORM_100,1000,950,1,95000,FENWICK,BUILD,3,9000,15336
N1000_K1_UNIFORM_100,1000,950,1,95000,FENWICK,BUILD,4,34600,15336
N1000_K1_UNIFORM_100,1000,950,1,95000,FENWICK,BUILD,5,11799,15336
N1000_K1_UNIFORM_100,1000,950,1,95000,FENWICK,BUILD,6,11401,15336
N1000_K1_UNIFORM_100,1000,950,1,95000,FENWICK,BUILD,7,8501,15336
N1000_K1_UNIFORM_100,1000,950,1,95000,FENWICK,BUILD,8,14100,15336
N1000_K1_UNIFORM_100,1000,950,1,95000,FENWICK,BUILD,9,8900,15336
N1000_K1_UNIFORM_100,1000,950,1,95000,FENWICK,BUILD,10,13900,15336
N1000_K1_UNIFORM_100,1000,950,1,95000,FENWICK,BUILD,11,9099,15336
N1000_K1_UNIFORM_100,1000,950,1,95000,FENWICK,BUILD,12,27900,15336
N1000_K1_UNIFORM_100,1000,950,1,95000,FENWICK,BUILD,13,8301,15336
N1000_K1_UNIFORM_100,1000,950,1,95000,FENWICK,BUILD,14,8400,15336
N1000_K1_UNIFORM_100,1000,950,1,95000,FENWICK,BUILD,15,22700,15336
N1000_K1_UNIFORM_100,1000,950,1,95000,FENWICK,BUILD,16,8100,15336
N1000_K1_UNIFORM_100,1000,950,1,95000,FENWICK,BUILD,17,7900,15336
N1000_K1_UNIFORM_100,1000,950,1,95000,FENWICK,BUILD,18,7900,15336
N1000_K1_UNIFORM_100,1000,950,1,95000,FENWICK,BUILD,19,8000,15336
N1000_K1_UNIFORM_100,1000,950,1,95000,FENWICK,SELECT,0,12400,1680
N1000_K1_UNIFORM_100,1000,950,1,95000,FENWICK,SELECT,1,12701,1680
N1000_K1_UNIFORM_100,1000,950,1,95000,FENWICK,SELECT,2,13899,1680
N1000_K1_UNIFORM_100,1000,950,1,95000,FENWICK,SELECT,3,12800,1680
N1000_K1_UNIFORM_100,1000,950,1,95000,FENWICK,SELECT,4,12001,1680
N1000_K1_UNIFORM_100,1000,950,1,95000,FENWICK,SELECT,5,12901,1680
N1000_K1_UNIFORM_100,1000,950,1,95000,FENWICK,SELECT,6,13301,1680
N1000_K1_UNIFORM_100,1000,950,1,95000,FENWICK,SELECT,7,12801,1680
N1000_K1_UNIFORM_100,1000,950,1,95000,FENWICK,SELECT,8,12500,1680
N1000_K1_UNIFORM_100,1000,950,1,95000,FENWICK,SELECT,9,15200,1680
N1000_K1_UNIFORM_100,1000,950,1,95000,FENWICK,SELECT,10,14501,1680
N1000_K1_UNIFORM_100,1000,950,1,95000,FENWICK,SELECT,11,50400,1680
N1000_K1_UNIFORM_100,1000,950,1,95000,FENWICK,SELECT,12,22100,1680
N1000_K1_UNIFORM_100,1000,950,1,95000,FENWICK,SELECT,13,15300,1680
N1000_K1_UNIFORM_100,1000,950,1,95000,FENWICK,SELECT,14,13799,1680
N1000_K1_UNIFORM_100,1000,950,1,95000,FENWICK,SELECT,15,34500,1680
N1000_K1_UNIFORM_100,1000,950,1,95000,FENWICK,SELECT,16,79600,1680
N1000_K1_UNIFORM_100,1000,950,1,95000,FENWICK,SELECT,17,37200,1680
N1000_K1_UNIFORM_100,1000,950,1,95000,FENWICK,SELECT,18,29999,1680
N1000_K1_UNIFORM_100,1000,950,1,95000,FENWICK,SELECT,19,14500,1680
N1000_K1_UNIFORM_100,1000,950,1,95000,FENWICK,TOTAL,0,282000,86752
N1000_K1_UNIFORM_100,1000,950,1,95000,FENWICK,TOTAL,1,262200,86752
N1000_K1_UNIFORM_100,1000,950,1,95000,FENWICK,TOTAL,2,278800,86752
N1000_K1_UNIFORM_100,1000,950,1,95000,FENWICK,TOTAL,3,260100,86752
N1000_K1_UNIFORM_100,1000,950,1,95000,FENWICK,TOTAL,4,268300,86752
N1000_K1_UNIFORM_100,1000,950,1,95000,FENWICK,TOTAL,5,306800,86752
N1000_K1_UNIFORM_100,1000,950,1,95000,FENWICK,TOTAL,6,282400,86752
N1000_K1_UNIFORM_100,1000,950,1,95000,FENWICK,TOTAL,7,286699,86752
N1000_K1_UNIFORM_100,1000,950,1,95000,FENWICK,TOTAL,8,311801,86752
N1000_K1_UNIFORM_100,1000,950,1,95000,FENWICK,TOTAL,9,266701,86752
N1000_K1_UNIFORM_100,1000,950,1,95000,FENWICK,TOTAL,10,262099,86752
N1000_K1_UNIFORM_100,1000,950,1,95000,FENWICK,TOTAL,11,361601,86752
N1000_K1_UNIFORM_100,1000,950,1,95000,FENWICK,TOTAL,12,397100,86752
N1000_K1_UNIFORM_100,1000,950,1,95000,FENWICK,TOTAL,13,310900,86752
N1000_K1_UNIFORM_100,1000,950,1,95000,FENWICK,TOTAL,14,320700,86752
N1000_K1_UNIFORM_100,1000,950,1,95000,FENWICK,TOTAL,15,273300,86752
N1000_K1_UNIFORM_100,1000,950,1,95000,FENWICK,TOTAL,16,262000,86752
N1000_K1_UNIFORM_100,1000,950,1,95000,FENWICK,TOTAL,17,345799,86752
N1000_K1_UNIFORM_100,1000,950,1,95000,FENWICK,TOTAL,18,285400,86752
N1000_K1_UNIFORM_100,1000,950,1,95000,FENWICK,TOTAL,19,274199,86752
N1000_K9_UNIFORM_100,1000,950,9,95000,TICKET_ARRAY,NORMALIZE,0,241900,69736
N1000_K9_UNIFORM_100,1000,950,9,95000,TICKET_ARRAY,NORMALIZE,1,230200,69736
N1000_K9_UNIFORM_100,1000,950,9,95000,TICKET_ARRAY,NORMALIZE,2,393300,69736
N1000_K9_UNIFORM_100,1000,950,9,95000,TICKET_ARRAY,NORMALIZE,3,399599,69736
N1000_K9_UNIFORM_100,1000,950,9,95000,TICKET_ARRAY,NORMALIZE,4,396301,69736
N1000_K9_UNIFORM_100,1000,950,9,95000,TICKET_ARRAY,NORMALIZE,5,362899,69736
N1000_K9_UNIFORM_100,1000,950,9,95000,TICKET_ARRAY,NORMALIZE,6,338200,69736
N1000_K9_UNIFORM_100,1000,950,9,95000,TICKET_ARRAY,NORMALIZE,7,267800,69736
N1000_K9_UNIFORM_100,1000,950,9,95000,TICKET_ARRAY,NORMALIZE,8,265600,69736
N1000_K9_UNIFORM_100,1000,950,9,95000,TICKET_ARRAY,NORMALIZE,9,257300,69736
N1000_K9_UNIFORM_100,1000,950,9,95000,TICKET_ARRAY,NORMALIZE,10,230300,69736
N1000_K9_UNIFORM_100,1000,950,9,95000,TICKET_ARRAY,NORMALIZE,11,231700,69736
N1000_K9_UNIFORM_100,1000,950,9,95000,TICKET_ARRAY,NORMALIZE,12,251700,69736
N1000_K9_UNIFORM_100,1000,950,9,95000,TICKET_ARRAY,NORMALIZE,13,239301,69736
N1000_K9_UNIFORM_100,1000,950,9,95000,TICKET_ARRAY,NORMALIZE,14,235901,69736
N1000_K9_UNIFORM_100,1000,950,9,95000,TICKET_ARRAY,NORMALIZE,15,231000,69736
N1000_K9_UNIFORM_100,1000,950,9,95000,TICKET_ARRAY,NORMALIZE,16,230900,69736
N1000_K9_UNIFORM_100,1000,950,9,95000,TICKET_ARRAY,NORMALIZE,17,228400,69736
N1000_K9_UNIFORM_100,1000,950,9,95000,TICKET_ARRAY,NORMALIZE,18,226700,69736
N1000_K9_UNIFORM_100,1000,950,9,95000,TICKET_ARRAY,NORMALIZE,19,226401,69736
N1000_K9_UNIFORM_100,1000,950,9,95000,TICKET_ARRAY,BUILD,0,260100,380040
N1000_K9_UNIFORM_100,1000,950,9,95000,TICKET_ARRAY,BUILD,1,411300,380040
N1000_K9_UNIFORM_100,1000,950,9,95000,TICKET_ARRAY,BUILD,2,288100,380040
N1000_K9_UNIFORM_100,1000,950,9,95000,TICKET_ARRAY,BUILD,3,298700,380040
N1000_K9_UNIFORM_100,1000,950,9,95000,TICKET_ARRAY,BUILD,4,204001,380040
N1000_K9_UNIFORM_100,1000,950,9,95000,TICKET_ARRAY,BUILD,5,233400,380040
N1000_K9_UNIFORM_100,1000,950,9,95000,TICKET_ARRAY,BUILD,6,190000,380040
N1000_K9_UNIFORM_100,1000,950,9,95000,TICKET_ARRAY,BUILD,7,273001,380040
N1000_K9_UNIFORM_100,1000,950,9,95000,TICKET_ARRAY,BUILD,8,236600,380040
N1000_K9_UNIFORM_100,1000,950,9,95000,TICKET_ARRAY,BUILD,9,294400,380040
N1000_K9_UNIFORM_100,1000,950,9,95000,TICKET_ARRAY,BUILD,10,238601,380040
N1000_K9_UNIFORM_100,1000,950,9,95000,TICKET_ARRAY,BUILD,11,299901,380040
N1000_K9_UNIFORM_100,1000,950,9,95000,TICKET_ARRAY,BUILD,12,403400,380040
N1000_K9_UNIFORM_100,1000,950,9,95000,TICKET_ARRAY,BUILD,13,486700,380040
N1000_K9_UNIFORM_100,1000,950,9,95000,TICKET_ARRAY,BUILD,14,491800,380040
N1000_K9_UNIFORM_100,1000,950,9,95000,TICKET_ARRAY,BUILD,15,433900,380040
N1000_K9_UNIFORM_100,1000,950,9,95000,TICKET_ARRAY,BUILD,16,276700,380040
N1000_K9_UNIFORM_100,1000,950,9,95000,TICKET_ARRAY,BUILD,17,215200,380040
N1000_K9_UNIFORM_100,1000,950,9,95000,TICKET_ARRAY,BUILD,18,177801,380040
N1000_K9_UNIFORM_100,1000,950,9,95000,TICKET_ARRAY,BUILD,19,386400,380040
N1000_K9_UNIFORM_100,1000,950,9,95000,TICKET_ARRAY,SELECT,0,561199,3016
N1000_K9_UNIFORM_100,1000,950,9,95000,TICKET_ARRAY,SELECT,1,557900,3016
N1000_K9_UNIFORM_100,1000,950,9,95000,TICKET_ARRAY,SELECT,2,593699,3016
N1000_K9_UNIFORM_100,1000,950,9,95000,TICKET_ARRAY,SELECT,3,525100,3016
N1000_K9_UNIFORM_100,1000,950,9,95000,TICKET_ARRAY,SELECT,4,527500,3016
N1000_K9_UNIFORM_100,1000,950,9,95000,TICKET_ARRAY,SELECT,5,539300,3016
N1000_K9_UNIFORM_100,1000,950,9,95000,TICKET_ARRAY,SELECT,6,639300,2848
N1000_K9_UNIFORM_100,1000,950,9,95000,TICKET_ARRAY,SELECT,7,594700,2848
N1000_K9_UNIFORM_100,1000,950,9,95000,TICKET_ARRAY,SELECT,8,564600,2848
N1000_K9_UNIFORM_100,1000,950,9,95000,TICKET_ARRAY,SELECT,9,506699,2848
N1000_K9_UNIFORM_100,1000,950,9,95000,TICKET_ARRAY,SELECT,10,555200,2848
N1000_K9_UNIFORM_100,1000,950,9,95000,TICKET_ARRAY,SELECT,11,562399,2848
N1000_K9_UNIFORM_100,1000,950,9,95000,TICKET_ARRAY,SELECT,12,563500,2848
N1000_K9_UNIFORM_100,1000,950,9,95000,TICKET_ARRAY,SELECT,13,909700,2848
N1000_K9_UNIFORM_100,1000,950,9,95000,TICKET_ARRAY,SELECT,14,648499,2848
N1000_K9_UNIFORM_100,1000,950,9,95000,TICKET_ARRAY,SELECT,15,538000,2848
N1000_K9_UNIFORM_100,1000,950,9,95000,TICKET_ARRAY,SELECT,16,538500,2848
N1000_K9_UNIFORM_100,1000,950,9,95000,TICKET_ARRAY,SELECT,17,563200,2848
N1000_K9_UNIFORM_100,1000,950,9,95000,TICKET_ARRAY,SELECT,18,533001,2848
N1000_K9_UNIFORM_100,1000,950,9,95000,TICKET_ARRAY,SELECT,19,531000,2848
N1000_K9_UNIFORM_100,1000,950,9,95000,TICKET_ARRAY,TOTAL,0,1142201,452592
N1000_K9_UNIFORM_100,1000,950,9,95000,TICKET_ARRAY,TOTAL,1,1216601,452592
N1000_K9_UNIFORM_100,1000,950,9,95000,TICKET_ARRAY,TOTAL,2,1153399,452592
N1000_K9_UNIFORM_100,1000,950,9,95000,TICKET_ARRAY,TOTAL,3,1130400,452592
N1000_K9_UNIFORM_100,1000,950,9,95000,TICKET_ARRAY,TOTAL,4,1139501,452592
N1000_K9_UNIFORM_100,1000,950,9,95000,TICKET_ARRAY,TOTAL,5,1008600,452592
N1000_K9_UNIFORM_100,1000,950,9,95000,TICKET_ARRAY,TOTAL,6,1011501,452592
N1000_K9_UNIFORM_100,1000,950,9,95000,TICKET_ARRAY,TOTAL,7,985100,452592
N1000_K9_UNIFORM_100,1000,950,9,95000,TICKET_ARRAY,TOTAL,8,976500,452592
N1000_K9_UNIFORM_100,1000,950,9,95000,TICKET_ARRAY,TOTAL,9,1005600,452592
N1000_K9_UNIFORM_100,1000,950,9,95000,TICKET_ARRAY,TOTAL,10,960700,452592
N1000_K9_UNIFORM_100,1000,950,9,95000,TICKET_ARRAY,TOTAL,11,978000,452592
N1000_K9_UNIFORM_100,1000,950,9,95000,TICKET_ARRAY,TOTAL,12,975300,452592
N1000_K9_UNIFORM_100,1000,950,9,95000,TICKET_ARRAY,TOTAL,13,985800,452592
N1000_K9_UNIFORM_100,1000,950,9,95000,TICKET_ARRAY,TOTAL,14,950300,452592
N1000_K9_UNIFORM_100,1000,950,9,95000,TICKET_ARRAY,TOTAL,15,1003600,452592
N1000_K9_UNIFORM_100,1000,950,9,95000,TICKET_ARRAY,TOTAL,16,938300,452592
N1000_K9_UNIFORM_100,1000,950,9,95000,TICKET_ARRAY,TOTAL,17,1125100,452592
N1000_K9_UNIFORM_100,1000,950,9,95000,TICKET_ARRAY,TOTAL,18,1078600,452592
N1000_K9_UNIFORM_100,1000,950,9,95000,TICKET_ARRAY,TOTAL,19,1223700,452592
N1000_K9_UNIFORM_100,1000,950,9,95000,PREFIX_LINEAR,NORMALIZE,0,251200,69704
N1000_K9_UNIFORM_100,1000,950,9,95000,PREFIX_LINEAR,NORMALIZE,1,234900,69704
N1000_K9_UNIFORM_100,1000,950,9,95000,PREFIX_LINEAR,NORMALIZE,2,231100,69704
N1000_K9_UNIFORM_100,1000,950,9,95000,PREFIX_LINEAR,NORMALIZE,3,240000,69704
N1000_K9_UNIFORM_100,1000,950,9,95000,PREFIX_LINEAR,NORMALIZE,4,234499,69704
N1000_K9_UNIFORM_100,1000,950,9,95000,PREFIX_LINEAR,NORMALIZE,5,225699,69704
N1000_K9_UNIFORM_100,1000,950,9,95000,PREFIX_LINEAR,NORMALIZE,6,240600,69704
N1000_K9_UNIFORM_100,1000,950,9,95000,PREFIX_LINEAR,NORMALIZE,7,236000,69704
N1000_K9_UNIFORM_100,1000,950,9,95000,PREFIX_LINEAR,NORMALIZE,8,232401,69704
N1000_K9_UNIFORM_100,1000,950,9,95000,PREFIX_LINEAR,NORMALIZE,9,235199,69704
N1000_K9_UNIFORM_100,1000,950,9,95000,PREFIX_LINEAR,NORMALIZE,10,279500,69704
N1000_K9_UNIFORM_100,1000,950,9,95000,PREFIX_LINEAR,NORMALIZE,11,246401,69704
N1000_K9_UNIFORM_100,1000,950,9,95000,PREFIX_LINEAR,NORMALIZE,12,232300,69704
N1000_K9_UNIFORM_100,1000,950,9,95000,PREFIX_LINEAR,NORMALIZE,13,227699,69704
N1000_K9_UNIFORM_100,1000,950,9,95000,PREFIX_LINEAR,NORMALIZE,14,225900,69704
N1000_K9_UNIFORM_100,1000,950,9,95000,PREFIX_LINEAR,NORMALIZE,15,234000,69704
N1000_K9_UNIFORM_100,1000,950,9,95000,PREFIX_LINEAR,NORMALIZE,16,256600,69704
N1000_K9_UNIFORM_100,1000,950,9,95000,PREFIX_LINEAR,NORMALIZE,17,233499,69704
N1000_K9_UNIFORM_100,1000,950,9,95000,PREFIX_LINEAR,NORMALIZE,18,235400,69704
N1000_K9_UNIFORM_100,1000,950,9,95000,PREFIX_LINEAR,NORMALIZE,19,258399,69704
N1000_K9_UNIFORM_100,1000,950,9,95000,PREFIX_LINEAR,BUILD,0,2900,15264
N1000_K9_UNIFORM_100,1000,950,9,95000,PREFIX_LINEAR,BUILD,1,33900,15264
N1000_K9_UNIFORM_100,1000,950,9,95000,PREFIX_LINEAR,BUILD,2,3000,15264
N1000_K9_UNIFORM_100,1000,950,9,95000,PREFIX_LINEAR,BUILD,3,3099,15264
N1000_K9_UNIFORM_100,1000,950,9,95000,PREFIX_LINEAR,BUILD,4,13401,15264
N1000_K9_UNIFORM_100,1000,950,9,95000,PREFIX_LINEAR,BUILD,5,3001,15264
N1000_K9_UNIFORM_100,1000,950,9,95000,PREFIX_LINEAR,BUILD,6,3300,15264
N1000_K9_UNIFORM_100,1000,950,9,95000,PREFIX_LINEAR,BUILD,7,23400,15264
N1000_K9_UNIFORM_100,1000,950,9,95000,PREFIX_LINEAR,BUILD,8,10399,15264
N1000_K9_UNIFORM_100,1000,950,9,95000,PREFIX_LINEAR,BUILD,9,2800,15264
N1000_K9_UNIFORM_100,1000,950,9,95000,PREFIX_LINEAR,BUILD,10,3199,15264
N1000_K9_UNIFORM_100,1000,950,9,95000,PREFIX_LINEAR,BUILD,11,32000,15264
N1000_K9_UNIFORM_100,1000,950,9,95000,PREFIX_LINEAR,BUILD,12,3601,15264
N1000_K9_UNIFORM_100,1000,950,9,95000,PREFIX_LINEAR,BUILD,13,3300,15264
N1000_K9_UNIFORM_100,1000,950,9,95000,PREFIX_LINEAR,BUILD,14,23500,15264
N1000_K9_UNIFORM_100,1000,950,9,95000,PREFIX_LINEAR,BUILD,15,2899,15264
N1000_K9_UNIFORM_100,1000,950,9,95000,PREFIX_LINEAR,BUILD,16,3300,15264
N1000_K9_UNIFORM_100,1000,950,9,95000,PREFIX_LINEAR,BUILD,17,35500,15264
N1000_K9_UNIFORM_100,1000,950,9,95000,PREFIX_LINEAR,BUILD,18,3600,15264
N1000_K9_UNIFORM_100,1000,950,9,95000,PREFIX_LINEAR,BUILD,19,3499,15264
N1000_K9_UNIFORM_100,1000,950,9,95000,PREFIX_LINEAR,SELECT,0,14800,2848
N1000_K9_UNIFORM_100,1000,950,9,95000,PREFIX_LINEAR,SELECT,1,193200,2848
N1000_K9_UNIFORM_100,1000,950,9,95000,PREFIX_LINEAR,SELECT,2,25700,2848
N1000_K9_UNIFORM_100,1000,950,9,95000,PREFIX_LINEAR,SELECT,3,28100,2848
N1000_K9_UNIFORM_100,1000,950,9,95000,PREFIX_LINEAR,SELECT,4,17700,2848
N1000_K9_UNIFORM_100,1000,950,9,95000,PREFIX_LINEAR,SELECT,5,15901,2848
N1000_K9_UNIFORM_100,1000,950,9,95000,PREFIX_LINEAR,SELECT,6,20001,2848
N1000_K9_UNIFORM_100,1000,950,9,95000,PREFIX_LINEAR,SELECT,7,16000,2848
N1000_K9_UNIFORM_100,1000,950,9,95000,PREFIX_LINEAR,SELECT,8,15200,2848
N1000_K9_UNIFORM_100,1000,950,9,95000,PREFIX_LINEAR,SELECT,9,15400,2848
N1000_K9_UNIFORM_100,1000,950,9,95000,PREFIX_LINEAR,SELECT,10,15800,2848
N1000_K9_UNIFORM_100,1000,950,9,95000,PREFIX_LINEAR,SELECT,11,18600,2848
N1000_K9_UNIFORM_100,1000,950,9,95000,PREFIX_LINEAR,SELECT,12,15600,2848
N1000_K9_UNIFORM_100,1000,950,9,95000,PREFIX_LINEAR,SELECT,13,15200,2848
N1000_K9_UNIFORM_100,1000,950,9,95000,PREFIX_LINEAR,SELECT,14,15600,2848
N1000_K9_UNIFORM_100,1000,950,9,95000,PREFIX_LINEAR,SELECT,15,15500,2848
N1000_K9_UNIFORM_100,1000,950,9,95000,PREFIX_LINEAR,SELECT,16,16100,2848
N1000_K9_UNIFORM_100,1000,950,9,95000,PREFIX_LINEAR,SELECT,17,77600,2848
N1000_K9_UNIFORM_100,1000,950,9,95000,PREFIX_LINEAR,SELECT,18,89399,3016
N1000_K9_UNIFORM_100,1000,950,9,95000,PREFIX_LINEAR,SELECT,19,24801,2848
N1000_K9_UNIFORM_100,1000,950,9,95000,PREFIX_LINEAR,TOTAL,0,243501,87816
N1000_K9_UNIFORM_100,1000,950,9,95000,PREFIX_LINEAR,TOTAL,1,258001,87816
N1000_K9_UNIFORM_100,1000,950,9,95000,PREFIX_LINEAR,TOTAL,2,260800,87816
N1000_K9_UNIFORM_100,1000,950,9,95000,PREFIX_LINEAR,TOTAL,3,279400,87816
N1000_K9_UNIFORM_100,1000,950,9,95000,PREFIX_LINEAR,TOTAL,4,246600,87816
N1000_K9_UNIFORM_100,1000,950,9,95000,PREFIX_LINEAR,TOTAL,5,271200,87816
N1000_K9_UNIFORM_100,1000,950,9,95000,PREFIX_LINEAR,TOTAL,6,248300,87816
N1000_K9_UNIFORM_100,1000,950,9,95000,PREFIX_LINEAR,TOTAL,7,250501,87816
N1000_K9_UNIFORM_100,1000,950,9,95000,PREFIX_LINEAR,TOTAL,8,268300,87816
N1000_K9_UNIFORM_100,1000,950,9,95000,PREFIX_LINEAR,TOTAL,9,292200,87816
N1000_K9_UNIFORM_100,1000,950,9,95000,PREFIX_LINEAR,TOTAL,10,250900,87816
N1000_K9_UNIFORM_100,1000,950,9,95000,PREFIX_LINEAR,TOTAL,11,260400,87816
N1000_K9_UNIFORM_100,1000,950,9,95000,PREFIX_LINEAR,TOTAL,12,244100,87816
N1000_K9_UNIFORM_100,1000,950,9,95000,PREFIX_LINEAR,TOTAL,13,247101,87816
N1000_K9_UNIFORM_100,1000,950,9,95000,PREFIX_LINEAR,TOTAL,14,310401,87816
N1000_K9_UNIFORM_100,1000,950,9,95000,PREFIX_LINEAR,TOTAL,15,252100,87816
N1000_K9_UNIFORM_100,1000,950,9,95000,PREFIX_LINEAR,TOTAL,16,268100,87816
N1000_K9_UNIFORM_100,1000,950,9,95000,PREFIX_LINEAR,TOTAL,17,333700,87816
N1000_K9_UNIFORM_100,1000,950,9,95000,PREFIX_LINEAR,TOTAL,18,353100,87816
N1000_K9_UNIFORM_100,1000,950,9,95000,PREFIX_LINEAR,TOTAL,19,339700,87816
N1000_K9_UNIFORM_100,1000,950,9,95000,PREFIX_BINARY,NORMALIZE,0,229000,69704
N1000_K9_UNIFORM_100,1000,950,9,95000,PREFIX_BINARY,NORMALIZE,1,299000,69704
N1000_K9_UNIFORM_100,1000,950,9,95000,PREFIX_BINARY,NORMALIZE,2,250500,69704
N1000_K9_UNIFORM_100,1000,950,9,95000,PREFIX_BINARY,NORMALIZE,3,249600,69704
N1000_K9_UNIFORM_100,1000,950,9,95000,PREFIX_BINARY,NORMALIZE,4,237800,69704
N1000_K9_UNIFORM_100,1000,950,9,95000,PREFIX_BINARY,NORMALIZE,5,229500,69704
N1000_K9_UNIFORM_100,1000,950,9,95000,PREFIX_BINARY,NORMALIZE,6,224201,69704
N1000_K9_UNIFORM_100,1000,950,9,95000,PREFIX_BINARY,NORMALIZE,7,225101,69704
N1000_K9_UNIFORM_100,1000,950,9,95000,PREFIX_BINARY,NORMALIZE,8,227001,69704
N1000_K9_UNIFORM_100,1000,950,9,95000,PREFIX_BINARY,NORMALIZE,9,248700,69704
N1000_K9_UNIFORM_100,1000,950,9,95000,PREFIX_BINARY,NORMALIZE,10,255699,69704
N1000_K9_UNIFORM_100,1000,950,9,95000,PREFIX_BINARY,NORMALIZE,11,249400,69704
N1000_K9_UNIFORM_100,1000,950,9,95000,PREFIX_BINARY,NORMALIZE,12,229000,69704
N1000_K9_UNIFORM_100,1000,950,9,95000,PREFIX_BINARY,NORMALIZE,13,238100,69704
N1000_K9_UNIFORM_100,1000,950,9,95000,PREFIX_BINARY,NORMALIZE,14,227300,69704
N1000_K9_UNIFORM_100,1000,950,9,95000,PREFIX_BINARY,NORMALIZE,15,224900,69704
N1000_K9_UNIFORM_100,1000,950,9,95000,PREFIX_BINARY,NORMALIZE,16,228600,69704
N1000_K9_UNIFORM_100,1000,950,9,95000,PREFIX_BINARY,NORMALIZE,17,257300,69704
N1000_K9_UNIFORM_100,1000,950,9,95000,PREFIX_BINARY,NORMALIZE,18,239499,69704
N1000_K9_UNIFORM_100,1000,950,9,95000,PREFIX_BINARY,NORMALIZE,19,239600,69704
N1000_K9_UNIFORM_100,1000,950,9,95000,PREFIX_BINARY,BUILD,0,22399,15264
N1000_K9_UNIFORM_100,1000,950,9,95000,PREFIX_BINARY,BUILD,1,3101,15264
N1000_K9_UNIFORM_100,1000,950,9,95000,PREFIX_BINARY,BUILD,2,3499,15264
N1000_K9_UNIFORM_100,1000,950,9,95000,PREFIX_BINARY,BUILD,3,2999,15264
N1000_K9_UNIFORM_100,1000,950,9,95000,PREFIX_BINARY,BUILD,4,2800,15264
N1000_K9_UNIFORM_100,1000,950,9,95000,PREFIX_BINARY,BUILD,5,2899,15264
N1000_K9_UNIFORM_100,1000,950,9,95000,PREFIX_BINARY,BUILD,6,3000,15264
N1000_K9_UNIFORM_100,1000,950,9,95000,PREFIX_BINARY,BUILD,7,32000,15264
N1000_K9_UNIFORM_100,1000,950,9,95000,PREFIX_BINARY,BUILD,8,2899,15264
N1000_K9_UNIFORM_100,1000,950,9,95000,PREFIX_BINARY,BUILD,9,3100,15264
N1000_K9_UNIFORM_100,1000,950,9,95000,PREFIX_BINARY,BUILD,10,20599,15264
N1000_K9_UNIFORM_100,1000,950,9,95000,PREFIX_BINARY,BUILD,11,16499,15264
N1000_K9_UNIFORM_100,1000,950,9,95000,PREFIX_BINARY,BUILD,12,3101,15264
N1000_K9_UNIFORM_100,1000,950,9,95000,PREFIX_BINARY,BUILD,13,2801,15264
N1000_K9_UNIFORM_100,1000,950,9,95000,PREFIX_BINARY,BUILD,14,3001,15264
N1000_K9_UNIFORM_100,1000,950,9,95000,PREFIX_BINARY,BUILD,15,3001,15264
N1000_K9_UNIFORM_100,1000,950,9,95000,PREFIX_BINARY,BUILD,16,2799,15264
N1000_K9_UNIFORM_100,1000,950,9,95000,PREFIX_BINARY,BUILD,17,18500,15264
N1000_K9_UNIFORM_100,1000,950,9,95000,PREFIX_BINARY,BUILD,18,2900,15264
N1000_K9_UNIFORM_100,1000,950,9,95000,PREFIX_BINARY,BUILD,19,2899,15264
N1000_K9_UNIFORM_100,1000,950,9,95000,PREFIX_BINARY,SELECT,0,19700,2848
N1000_K9_UNIFORM_100,1000,950,9,95000,PREFIX_BINARY,SELECT,1,22800,2848
N1000_K9_UNIFORM_100,1000,950,9,95000,PREFIX_BINARY,SELECT,2,20200,2848
N1000_K9_UNIFORM_100,1000,950,9,95000,PREFIX_BINARY,SELECT,3,30200,2848
N1000_K9_UNIFORM_100,1000,950,9,95000,PREFIX_BINARY,SELECT,4,64500,2848
N1000_K9_UNIFORM_100,1000,950,9,95000,PREFIX_BINARY,SELECT,5,36600,2848
N1000_K9_UNIFORM_100,1000,950,9,95000,PREFIX_BINARY,SELECT,6,27401,2848
N1000_K9_UNIFORM_100,1000,950,9,95000,PREFIX_BINARY,SELECT,7,21299,2848
N1000_K9_UNIFORM_100,1000,950,9,95000,PREFIX_BINARY,SELECT,8,38801,2848
N1000_K9_UNIFORM_100,1000,950,9,95000,PREFIX_BINARY,SELECT,9,22800,2848
N1000_K9_UNIFORM_100,1000,950,9,95000,PREFIX_BINARY,SELECT,10,21700,2848
N1000_K9_UNIFORM_100,1000,950,9,95000,PREFIX_BINARY,SELECT,11,19899,2848
N1000_K9_UNIFORM_100,1000,950,9,95000,PREFIX_BINARY,SELECT,12,18900,2848
N1000_K9_UNIFORM_100,1000,950,9,95000,PREFIX_BINARY,SELECT,13,18900,2848
N1000_K9_UNIFORM_100,1000,950,9,95000,PREFIX_BINARY,SELECT,14,29699,2848
N1000_K9_UNIFORM_100,1000,950,9,95000,PREFIX_BINARY,SELECT,15,84900,2848
N1000_K9_UNIFORM_100,1000,950,9,95000,PREFIX_BINARY,SELECT,16,27201,2848
N1000_K9_UNIFORM_100,1000,950,9,95000,PREFIX_BINARY,SELECT,17,21600,2848
N1000_K9_UNIFORM_100,1000,950,9,95000,PREFIX_BINARY,SELECT,18,20700,2848
N1000_K9_UNIFORM_100,1000,950,9,95000,PREFIX_BINARY,SELECT,19,19300,2848
N1000_K9_UNIFORM_100,1000,950,9,95000,PREFIX_BINARY,TOTAL,0,253600,87816
N1000_K9_UNIFORM_100,1000,950,9,95000,PREFIX_BINARY,TOTAL,1,368800,87816
N1000_K9_UNIFORM_100,1000,950,9,95000,PREFIX_BINARY,TOTAL,2,414399,87816
N1000_K9_UNIFORM_100,1000,950,9,95000,PREFIX_BINARY,TOTAL,3,355301,87816
N1000_K9_UNIFORM_100,1000,950,9,95000,PREFIX_BINARY,TOTAL,4,383200,87816
N1000_K9_UNIFORM_100,1000,950,9,95000,PREFIX_BINARY,TOTAL,5,312100,87816
N1000_K9_UNIFORM_100,1000,950,9,95000,PREFIX_BINARY,TOTAL,6,290800,87816
N1000_K9_UNIFORM_100,1000,950,9,95000,PREFIX_BINARY,TOTAL,7,301100,87816
N1000_K9_UNIFORM_100,1000,950,9,95000,PREFIX_BINARY,TOTAL,8,260100,87816
N1000_K9_UNIFORM_100,1000,950,9,95000,PREFIX_BINARY,TOTAL,9,321300,87816
N1000_K9_UNIFORM_100,1000,950,9,95000,PREFIX_BINARY,TOTAL,10,306501,87816
N1000_K9_UNIFORM_100,1000,950,9,95000,PREFIX_BINARY,TOTAL,11,252400,87816
N1000_K9_UNIFORM_100,1000,950,9,95000,PREFIX_BINARY,TOTAL,12,251599,87816
N1000_K9_UNIFORM_100,1000,950,9,95000,PREFIX_BINARY,TOTAL,13,318101,87816
N1000_K9_UNIFORM_100,1000,950,9,95000,PREFIX_BINARY,TOTAL,14,258400,87816
N1000_K9_UNIFORM_100,1000,950,9,95000,PREFIX_BINARY,TOTAL,15,271900,87816
N1000_K9_UNIFORM_100,1000,950,9,95000,PREFIX_BINARY,TOTAL,16,293199,87816
N1000_K9_UNIFORM_100,1000,950,9,95000,PREFIX_BINARY,TOTAL,17,271401,87816
N1000_K9_UNIFORM_100,1000,950,9,95000,PREFIX_BINARY,TOTAL,18,248400,87816
N1000_K9_UNIFORM_100,1000,950,9,95000,PREFIX_BINARY,TOTAL,19,262299,87816
N1000_K9_UNIFORM_100,1000,950,9,95000,FENWICK,NORMALIZE,0,231800,69704
N1000_K9_UNIFORM_100,1000,950,9,95000,FENWICK,NORMALIZE,1,282500,69704
N1000_K9_UNIFORM_100,1000,950,9,95000,FENWICK,NORMALIZE,2,479399,69704
N1000_K9_UNIFORM_100,1000,950,9,95000,FENWICK,NORMALIZE,3,284399,69704
N1000_K9_UNIFORM_100,1000,950,9,95000,FENWICK,NORMALIZE,4,245699,69704
N1000_K9_UNIFORM_100,1000,950,9,95000,FENWICK,NORMALIZE,5,313600,69704
N1000_K9_UNIFORM_100,1000,950,9,95000,FENWICK,NORMALIZE,6,295800,69704
N1000_K9_UNIFORM_100,1000,950,9,95000,FENWICK,NORMALIZE,7,231499,69704
N1000_K9_UNIFORM_100,1000,950,9,95000,FENWICK,NORMALIZE,8,238999,69704
N1000_K9_UNIFORM_100,1000,950,9,95000,FENWICK,NORMALIZE,9,224599,69704
N1000_K9_UNIFORM_100,1000,950,9,95000,FENWICK,NORMALIZE,10,223200,69704
N1000_K9_UNIFORM_100,1000,950,9,95000,FENWICK,NORMALIZE,11,265000,69704
N1000_K9_UNIFORM_100,1000,950,9,95000,FENWICK,NORMALIZE,12,232601,69704
N1000_K9_UNIFORM_100,1000,950,9,95000,FENWICK,NORMALIZE,13,224101,69704
N1000_K9_UNIFORM_100,1000,950,9,95000,FENWICK,NORMALIZE,14,239101,69704
N1000_K9_UNIFORM_100,1000,950,9,95000,FENWICK,NORMALIZE,15,238801,69704
N1000_K9_UNIFORM_100,1000,950,9,95000,FENWICK,NORMALIZE,16,222701,69704
N1000_K9_UNIFORM_100,1000,950,9,95000,FENWICK,NORMALIZE,17,224800,69704
N1000_K9_UNIFORM_100,1000,950,9,95000,FENWICK,NORMALIZE,18,224900,69704
N1000_K9_UNIFORM_100,1000,950,9,95000,FENWICK,NORMALIZE,19,236700,69704
N1000_K9_UNIFORM_100,1000,950,9,95000,FENWICK,BUILD,0,23800,15336
N1000_K9_UNIFORM_100,1000,950,9,95000,FENWICK,BUILD,1,8300,15336
N1000_K9_UNIFORM_100,1000,950,9,95000,FENWICK,BUILD,2,8399,15336
N1000_K9_UNIFORM_100,1000,950,9,95000,FENWICK,BUILD,3,23700,15336
N1000_K9_UNIFORM_100,1000,950,9,95000,FENWICK,BUILD,4,8500,15336
N1000_K9_UNIFORM_100,1000,950,9,95000,FENWICK,BUILD,5,8299,15336
N1000_K9_UNIFORM_100,1000,950,9,95000,FENWICK,BUILD,6,11499,15336
N1000_K9_UNIFORM_100,1000,950,9,95000,FENWICK,BUILD,7,8200,15336
N1000_K9_UNIFORM_100,1000,950,9,95000,FENWICK,BUILD,8,8400,15336
N1000_K9_UNIFORM_100,1000,950,9,95000,FENWICK,BUILD,9,8200,15336
N1000_K9_UNIFORM_100,1000,950,9,95000,FENWICK,BUILD,10,23600,15336
N1000_K9_UNIFORM_100,1000,950,9,95000,FENWICK,BUILD,11,8000,15336
N1000_K9_UNIFORM_100,1000,950,9,95000,FENWICK,BUILD,12,21199,15336
N1000_K9_UNIFORM_100,1000,950,9,95000,FENWICK,BUILD,13,25299,15336
N1000_K9_UNIFORM_100,1000,950,9,95000,FENWICK,BUILD,14,8600,15336
N1000_K9_UNIFORM_100,1000,950,9,95000,FENWICK,BUILD,15,7900,15336
N1000_K9_UNIFORM_100,1000,950,9,95000,FENWICK,BUILD,16,12100,15336
N1000_K9_UNIFORM_100,1000,950,9,95000,FENWICK,BUILD,17,8700,15336
N1000_K9_UNIFORM_100,1000,950,9,95000,FENWICK,BUILD,18,17300,15336
N1000_K9_UNIFORM_100,1000,950,9,95000,FENWICK,BUILD,19,16200,15336
N1000_K9_UNIFORM_100,1000,950,9,95000,FENWICK,SELECT,0,13099,2848
N1000_K9_UNIFORM_100,1000,950,9,95000,FENWICK,SELECT,1,42200,2848
N1000_K9_UNIFORM_100,1000,950,9,95000,FENWICK,SELECT,2,35501,2848
N1000_K9_UNIFORM_100,1000,950,9,95000,FENWICK,SELECT,3,13399,2848
N1000_K9_UNIFORM_100,1000,950,9,95000,FENWICK,SELECT,4,12700,2848
N1000_K9_UNIFORM_100,1000,950,9,95000,FENWICK,SELECT,5,24601,2848
N1000_K9_UNIFORM_100,1000,950,9,95000,FENWICK,SELECT,6,14400,2848
N1000_K9_UNIFORM_100,1000,950,9,95000,FENWICK,SELECT,7,13601,2848
N1000_K9_UNIFORM_100,1000,950,9,95000,FENWICK,SELECT,8,14200,2848
N1000_K9_UNIFORM_100,1000,950,9,95000,FENWICK,SELECT,9,13300,2848
N1000_K9_UNIFORM_100,1000,950,9,95000,FENWICK,SELECT,10,13101,2848
N1000_K9_UNIFORM_100,1000,950,9,95000,FENWICK,SELECT,11,15300,2848
N1000_K9_UNIFORM_100,1000,950,9,95000,FENWICK,SELECT,12,13900,2848
N1000_K9_UNIFORM_100,1000,950,9,95000,FENWICK,SELECT,13,22200,2848
N1000_K9_UNIFORM_100,1000,950,9,95000,FENWICK,SELECT,14,47300,2848
N1000_K9_UNIFORM_100,1000,950,9,95000,FENWICK,SELECT,15,13700,2848
N1000_K9_UNIFORM_100,1000,950,9,95000,FENWICK,SELECT,16,13499,2848
N1000_K9_UNIFORM_100,1000,950,9,95000,FENWICK,SELECT,17,17699,2848
N1000_K9_UNIFORM_100,1000,950,9,95000,FENWICK,SELECT,18,14200,2848
N1000_K9_UNIFORM_100,1000,950,9,95000,FENWICK,SELECT,19,13301,2848
N1000_K9_UNIFORM_100,1000,950,9,95000,FENWICK,TOTAL,0,260900,87888
N1000_K9_UNIFORM_100,1000,950,9,95000,FENWICK,TOTAL,1,308699,87888
N1000_K9_UNIFORM_100,1000,950,9,95000,FENWICK,TOTAL,2,280001,87888
N1000_K9_UNIFORM_100,1000,950,9,95000,FENWICK,TOTAL,3,251600,87888
N1000_K9_UNIFORM_100,1000,950,9,95000,FENWICK,TOTAL,4,271100,87888
N1000_K9_UNIFORM_100,1000,950,9,95000,FENWICK,TOTAL,5,304500,87888
N1000_K9_UNIFORM_100,1000,950,9,95000,FENWICK,TOTAL,6,255000,87888
N1000_K9_UNIFORM_100,1000,950,9,95000,FENWICK,TOTAL,7,300300,87888
N1000_K9_UNIFORM_100,1000,950,9,95000,FENWICK,TOTAL,8,248399,87888
N1000_K9_UNIFORM_100,1000,950,9,95000,FENWICK,TOTAL,9,251501,87888
N1000_K9_UNIFORM_100,1000,950,9,95000,FENWICK,TOTAL,10,308400,87888
N1000_K9_UNIFORM_100,1000,950,9,95000,FENWICK,TOTAL,11,265200,87888
N1000_K9_UNIFORM_100,1000,950,9,95000,FENWICK,TOTAL,12,282300,87888
N1000_K9_UNIFORM_100,1000,950,9,95000,FENWICK,TOTAL,13,247701,87888
N1000_K9_UNIFORM_100,1000,950,9,95000,FENWICK,TOTAL,14,249200,87888
N1000_K9_UNIFORM_100,1000,950,9,95000,FENWICK,TOTAL,15,285699,87888
N1000_K9_UNIFORM_100,1000,950,9,95000,FENWICK,TOTAL,16,316700,87888
N1000_K9_UNIFORM_100,1000,950,9,95000,FENWICK,TOTAL,17,257100,87888
N1000_K9_UNIFORM_100,1000,950,9,95000,FENWICK,TOTAL,18,263001,87888
N1000_K9_UNIFORM_100,1000,950,9,95000,FENWICK,TOTAL,19,254000,87888
N1000_K95_UNIFORM_100,1000,950,95,95000,TICKET_ARRAY,NORMALIZE,0,243800,69704
N1000_K95_UNIFORM_100,1000,950,95,95000,TICKET_ARRAY,NORMALIZE,1,255400,69704
N1000_K95_UNIFORM_100,1000,950,95,95000,TICKET_ARRAY,NORMALIZE,2,247000,69704
N1000_K95_UNIFORM_100,1000,950,95,95000,TICKET_ARRAY,NORMALIZE,3,246200,69704
N1000_K95_UNIFORM_100,1000,950,95,95000,TICKET_ARRAY,NORMALIZE,4,293500,69704
N1000_K95_UNIFORM_100,1000,950,95,95000,TICKET_ARRAY,NORMALIZE,5,253400,69704
N1000_K95_UNIFORM_100,1000,950,95,95000,TICKET_ARRAY,NORMALIZE,6,238800,69704
N1000_K95_UNIFORM_100,1000,950,95,95000,TICKET_ARRAY,NORMALIZE,7,242901,69704
N1000_K95_UNIFORM_100,1000,950,95,95000,TICKET_ARRAY,NORMALIZE,8,236300,69704
N1000_K95_UNIFORM_100,1000,950,95,95000,TICKET_ARRAY,NORMALIZE,9,251200,69704
N1000_K95_UNIFORM_100,1000,950,95,95000,TICKET_ARRAY,NORMALIZE,10,240200,69704
N1000_K95_UNIFORM_100,1000,950,95,95000,TICKET_ARRAY,NORMALIZE,11,241400,69704
N1000_K95_UNIFORM_100,1000,950,95,95000,TICKET_ARRAY,NORMALIZE,12,242100,69704
N1000_K95_UNIFORM_100,1000,950,95,95000,TICKET_ARRAY,NORMALIZE,13,263001,69704
N1000_K95_UNIFORM_100,1000,950,95,95000,TICKET_ARRAY,NORMALIZE,14,280599,69704
N1000_K95_UNIFORM_100,1000,950,95,95000,TICKET_ARRAY,NORMALIZE,15,266300,69704
N1000_K95_UNIFORM_100,1000,950,95,95000,TICKET_ARRAY,NORMALIZE,16,267900,69704
N1000_K95_UNIFORM_100,1000,950,95,95000,TICKET_ARRAY,NORMALIZE,17,266001,69704
N1000_K95_UNIFORM_100,1000,950,95,95000,TICKET_ARRAY,NORMALIZE,18,283600,69704
N1000_K95_UNIFORM_100,1000,950,95,95000,TICKET_ARRAY,NORMALIZE,19,388000,69704
N1000_K95_UNIFORM_100,1000,950,95,95000,TICKET_ARRAY,BUILD,0,374700,380040
N1000_K95_UNIFORM_100,1000,950,95,95000,TICKET_ARRAY,BUILD,1,239701,380040
N1000_K95_UNIFORM_100,1000,950,95,95000,TICKET_ARRAY,BUILD,2,223001,380040
N1000_K95_UNIFORM_100,1000,950,95,95000,TICKET_ARRAY,BUILD,3,297000,380040
N1000_K95_UNIFORM_100,1000,950,95,95000,TICKET_ARRAY,BUILD,4,241400,380040
N1000_K95_UNIFORM_100,1000,950,95,95000,TICKET_ARRAY,BUILD,5,318600,380040
N1000_K95_UNIFORM_100,1000,950,95,95000,TICKET_ARRAY,BUILD,6,450000,380040
N1000_K95_UNIFORM_100,1000,950,95,95000,TICKET_ARRAY,BUILD,7,432999,380040
N1000_K95_UNIFORM_100,1000,950,95,95000,TICKET_ARRAY,BUILD,8,332101,380040
N1000_K95_UNIFORM_100,1000,950,95,95000,TICKET_ARRAY,BUILD,9,335500,380040
N1000_K95_UNIFORM_100,1000,950,95,95000,TICKET_ARRAY,BUILD,10,617800,380040
N1000_K95_UNIFORM_100,1000,950,95,95000,TICKET_ARRAY,BUILD,11,565599,380040
N1000_K95_UNIFORM_100,1000,950,95,95000,TICKET_ARRAY,BUILD,12,228500,380040
N1000_K95_UNIFORM_100,1000,950,95,95000,TICKET_ARRAY,BUILD,13,191800,380040
N1000_K95_UNIFORM_100,1000,950,95,95000,TICKET_ARRAY,BUILD,14,252600,380040
N1000_K95_UNIFORM_100,1000,950,95,95000,TICKET_ARRAY,BUILD,15,216900,380040
N1000_K95_UNIFORM_100,1000,950,95,95000,TICKET_ARRAY,BUILD,16,214900,380040
N1000_K95_UNIFORM_100,1000,950,95,95000,TICKET_ARRAY,BUILD,17,222900,380040
N1000_K95_UNIFORM_100,1000,950,95,95000,TICKET_ARRAY,BUILD,18,230300,380040
N1000_K95_UNIFORM_100,1000,950,95,95000,TICKET_ARRAY,BUILD,19,200601,380040
N1000_K95_UNIFORM_100,1000,950,95,95000,TICKET_ARRAY,SELECT,0,5462200,17600
N1000_K95_UNIFORM_100,1000,950,95,95000,TICKET_ARRAY,SELECT,1,5115500,17600
N1000_K95_UNIFORM_100,1000,950,95,95000,TICKET_ARRAY,SELECT,2,5142899,17600
N1000_K95_UNIFORM_100,1000,950,95,95000,TICKET_ARRAY,SELECT,3,5420900,17600
N1000_K95_UNIFORM_100,1000,950,95,95000,TICKET_ARRAY,SELECT,4,5230201,17600
N1000_K95_UNIFORM_100,1000,950,95,95000,TICKET_ARRAY,SELECT,5,5138300,17600
N1000_K95_UNIFORM_100,1000,950,95,95000,TICKET_ARRAY,SELECT,6,5076600,17600
N1000_K95_UNIFORM_100,1000,950,95,95000,TICKET_ARRAY,SELECT,7,5128500,17600
N1000_K95_UNIFORM_100,1000,950,95,95000,TICKET_ARRAY,SELECT,8,5289600,17600
N1000_K95_UNIFORM_100,1000,950,95,95000,TICKET_ARRAY,SELECT,9,5115400,17600
N1000_K95_UNIFORM_100,1000,950,95,95000,TICKET_ARRAY,SELECT,10,5204299,17600
N1000_K95_UNIFORM_100,1000,950,95,95000,TICKET_ARRAY,SELECT,11,5274000,17600
N1000_K95_UNIFORM_100,1000,950,95,95000,TICKET_ARRAY,SELECT,12,5070101,17600
N1000_K95_UNIFORM_100,1000,950,95,95000,TICKET_ARRAY,SELECT,13,5367099,17600
N1000_K95_UNIFORM_100,1000,950,95,95000,TICKET_ARRAY,SELECT,14,5648399,17600
N1000_K95_UNIFORM_100,1000,950,95,95000,TICKET_ARRAY,SELECT,15,5154300,17600
N1000_K95_UNIFORM_100,1000,950,95,95000,TICKET_ARRAY,SELECT,16,5919501,17568
N1000_K95_UNIFORM_100,1000,950,95,95000,TICKET_ARRAY,SELECT,17,5137000,17568
N1000_K95_UNIFORM_100,1000,950,95,95000,TICKET_ARRAY,SELECT,18,5109699,17568
N1000_K95_UNIFORM_100,1000,950,95,95000,TICKET_ARRAY,SELECT,19,5280901,17568
N1000_K95_UNIFORM_100,1000,950,95,95000,TICKET_ARRAY,TOTAL,0,5718899,467312
N1000_K95_UNIFORM_100,1000,950,95,95000,TICKET_ARRAY,TOTAL,1,5565400,467312
N1000_K95_UNIFORM_100,1000,950,95,95000,TICKET_ARRAY,TOTAL,2,6132701,467312
N1000_K95_UNIFORM_100,1000,950,95,95000,TICKET_ARRAY,TOTAL,3,5688300,467312
N1000_K95_UNIFORM_100,1000,950,95,95000,TICKET_ARRAY,TOTAL,4,5790601,467312
N1000_K95_UNIFORM_100,1000,950,95,95000,TICKET_ARRAY,TOTAL,5,5851300,467312
N1000_K95_UNIFORM_100,1000,950,95,95000,TICKET_ARRAY,TOTAL,6,5748700,467312
N1000_K95_UNIFORM_100,1000,950,95,95000,TICKET_ARRAY,TOTAL,7,5984101,467312
N1000_K95_UNIFORM_100,1000,950,95,95000,TICKET_ARRAY,TOTAL,8,6177200,467312
N1000_K95_UNIFORM_100,1000,950,95,95000,TICKET_ARRAY,TOTAL,9,5777499,468960
N1000_K95_UNIFORM_100,1000,950,95,95000,TICKET_ARRAY,TOTAL,10,6051800,467312
N1000_K95_UNIFORM_100,1000,950,95,95000,TICKET_ARRAY,TOTAL,11,5690100,467312
N1000_K95_UNIFORM_100,1000,950,95,95000,TICKET_ARRAY,TOTAL,12,5658699,467312
N1000_K95_UNIFORM_100,1000,950,95,95000,TICKET_ARRAY,TOTAL,13,5804601,467312
N1000_K95_UNIFORM_100,1000,950,95,95000,TICKET_ARRAY,TOTAL,14,5857700,467312
N1000_K95_UNIFORM_100,1000,950,95,95000,TICKET_ARRAY,TOTAL,15,5913899,467312
N1000_K95_UNIFORM_100,1000,950,95,95000,TICKET_ARRAY,TOTAL,16,5810900,467312
N1000_K95_UNIFORM_100,1000,950,95,95000,TICKET_ARRAY,TOTAL,17,5729200,467312
N1000_K95_UNIFORM_100,1000,950,95,95000,TICKET_ARRAY,TOTAL,18,5968001,467312
N1000_K95_UNIFORM_100,1000,950,95,95000,TICKET_ARRAY,TOTAL,19,5661199,467312
N1000_K95_UNIFORM_100,1000,950,95,95000,PREFIX_LINEAR,NORMALIZE,0,236900,69704
N1000_K95_UNIFORM_100,1000,950,95,95000,PREFIX_LINEAR,NORMALIZE,1,277799,69704
N1000_K95_UNIFORM_100,1000,950,95,95000,PREFIX_LINEAR,NORMALIZE,2,238600,69704
N1000_K95_UNIFORM_100,1000,950,95,95000,PREFIX_LINEAR,NORMALIZE,3,253999,69704
N1000_K95_UNIFORM_100,1000,950,95,95000,PREFIX_LINEAR,NORMALIZE,4,256500,69704
N1000_K95_UNIFORM_100,1000,950,95,95000,PREFIX_LINEAR,NORMALIZE,5,240901,69704
N1000_K95_UNIFORM_100,1000,950,95,95000,PREFIX_LINEAR,NORMALIZE,6,242500,69704
N1000_K95_UNIFORM_100,1000,950,95,95000,PREFIX_LINEAR,NORMALIZE,7,248099,69704
N1000_K95_UNIFORM_100,1000,950,95,95000,PREFIX_LINEAR,NORMALIZE,8,246699,69704
N1000_K95_UNIFORM_100,1000,950,95,95000,PREFIX_LINEAR,NORMALIZE,9,240299,69704
N1000_K95_UNIFORM_100,1000,950,95,95000,PREFIX_LINEAR,NORMALIZE,10,240199,69704
N1000_K95_UNIFORM_100,1000,950,95,95000,PREFIX_LINEAR,NORMALIZE,11,259600,69704
N1000_K95_UNIFORM_100,1000,950,95,95000,PREFIX_LINEAR,NORMALIZE,12,232799,69704
N1000_K95_UNIFORM_100,1000,950,95,95000,PREFIX_LINEAR,NORMALIZE,13,228700,69704
N1000_K95_UNIFORM_100,1000,950,95,95000,PREFIX_LINEAR,NORMALIZE,14,223100,69704
N1000_K95_UNIFORM_100,1000,950,95,95000,PREFIX_LINEAR,NORMALIZE,15,233201,69704
N1000_K95_UNIFORM_100,1000,950,95,95000,PREFIX_LINEAR,NORMALIZE,16,292000,69704
N1000_K95_UNIFORM_100,1000,950,95,95000,PREFIX_LINEAR,NORMALIZE,17,237800,69704
N1000_K95_UNIFORM_100,1000,950,95,95000,PREFIX_LINEAR,NORMALIZE,18,228800,69704
N1000_K95_UNIFORM_100,1000,950,95,95000,PREFIX_LINEAR,NORMALIZE,19,643601,69704
N1000_K95_UNIFORM_100,1000,950,95,95000,PREFIX_LINEAR,BUILD,0,2899,15264
N1000_K95_UNIFORM_100,1000,950,95,95000,PREFIX_LINEAR,BUILD,1,18599,15264
N1000_K95_UNIFORM_100,1000,950,95,95000,PREFIX_LINEAR,BUILD,2,2801,15264
N1000_K95_UNIFORM_100,1000,950,95,95000,PREFIX_LINEAR,BUILD,3,3001,15264
N1000_K95_UNIFORM_100,1000,950,95,95000,PREFIX_LINEAR,BUILD,4,21000,15264
N1000_K95_UNIFORM_100,1000,950,95,95000,PREFIX_LINEAR,BUILD,5,3001,15264
N1000_K95_UNIFORM_100,1000,950,95,95000,PREFIX_LINEAR,BUILD,6,2900,15264
N1000_K95_UNIFORM_100,1000,950,95,95000,PREFIX_LINEAR,BUILD,7,2700,15264
N1000_K95_UNIFORM_100,1000,950,95,95000,PREFIX_LINEAR,BUILD,8,2900,15264
N1000_K95_UNIFORM_100,1000,950,95,95000,PREFIX_LINEAR,BUILD,9,3000,15264
N1000_K95_UNIFORM_100,1000,950,95,95000,PREFIX_LINEAR,BUILD,10,2999,15264
N1000_K95_UNIFORM_100,1000,950,95,95000,PREFIX_LINEAR,BUILD,11,17001,15264
N1000_K95_UNIFORM_100,1000,950,95,95000,PREFIX_LINEAR,BUILD,12,3400,15264
N1000_K95_UNIFORM_100,1000,950,95,95000,PREFIX_LINEAR,BUILD,13,3199,15264
N1000_K95_UNIFORM_100,1000,950,95,95000,PREFIX_LINEAR,BUILD,14,17999,15264
N1000_K95_UNIFORM_100,1000,950,95,95000,PREFIX_LINEAR,BUILD,15,2800,15264
N1000_K95_UNIFORM_100,1000,950,95,95000,PREFIX_LINEAR,BUILD,16,12200,15264
N1000_K95_UNIFORM_100,1000,950,95,95000,PREFIX_LINEAR,BUILD,17,17300,15264
N1000_K95_UNIFORM_100,1000,950,95,95000,PREFIX_LINEAR,BUILD,18,2599,15264
N1000_K95_UNIFORM_100,1000,950,95,95000,PREFIX_LINEAR,BUILD,19,2701,15264
N1000_K95_UNIFORM_100,1000,950,95,95000,PREFIX_LINEAR,SELECT,0,81100,17568
N1000_K95_UNIFORM_100,1000,950,95,95000,PREFIX_LINEAR,SELECT,1,67000,17568
N1000_K95_UNIFORM_100,1000,950,95,95000,PREFIX_LINEAR,SELECT,2,56900,17568
N1000_K95_UNIFORM_100,1000,950,95,95000,PREFIX_LINEAR,SELECT,3,55801,17568
N1000_K95_UNIFORM_100,1000,950,95,95000,PREFIX_LINEAR,SELECT,4,57001,17568
N1000_K95_UNIFORM_100,1000,950,95,95000,PREFIX_LINEAR,SELECT,5,72400,17568
N1000_K95_UNIFORM_100,1000,950,95,95000,PREFIX_LINEAR,SELECT,6,54000,17568
N1000_K95_UNIFORM_100,1000,950,95,95000,PREFIX_LINEAR,SELECT,7,54899,17568
N1000_K95_UNIFORM_100,1000,950,95,95000,PREFIX_LINEAR,SELECT,8,56900,17568
N1000_K95_UNIFORM_100,1000,950,95,95000,PREFIX_LINEAR,SELECT,9,54800,17568
N1000_K95_UNIFORM_100,1000,950,95,95000,PREFIX_LINEAR,SELECT,10,54400,17568
N1000_K95_UNIFORM_100,1000,950,95,95000,PREFIX_LINEAR,SELECT,11,53500,17568
N1000_K95_UNIFORM_100,1000,950,95,95000,PREFIX_LINEAR,SELECT,12,87699,17568
N1000_K95_UNIFORM_100,1000,950,95,95000,PREFIX_LINEAR,SELECT,13,55000,17568
N1000_K95_UNIFORM_100,1000,950,95,95000,PREFIX_LINEAR,SELECT,14,92000,17568
N1000_K95_UNIFORM_100,1000,950,95,95000,PREFIX_LINEAR,SELECT,15,54600,17568
N1000_K95_UNIFORM_100,1000,950,95,95000,PREFIX_LINEAR,SELECT,16,83200,17568
N1000_K95_UNIFORM_100,1000,950,95,95000,PREFIX_LINEAR,SELECT,17,86800,17568
N1000_K95_UNIFORM_100,1000,950,95,95000,PREFIX_LINEAR,SELECT,18,55100,17568
N1000_K95_UNIFORM_100,1000,950,95,95000,PREFIX_LINEAR,SELECT,19,74800,17568
N1000_K95_UNIFORM_100,1000,950,95,95000,PREFIX_LINEAR,TOTAL,0,292499,102536
N1000_K95_UNIFORM_100,1000,950,95,95000,PREFIX_LINEAR,TOTAL,1,301001,102536
N1000_K95_UNIFORM_100,1000,950,95,95000,PREFIX_LINEAR,TOTAL,2,287000,102536
N1000_K95_UNIFORM_100,1000,950,95,95000,PREFIX_LINEAR,TOTAL,3,301800,102536
N1000_K95_UNIFORM_100,1000,950,95,95000,PREFIX_LINEAR,TOTAL,4,322299,102536
N1000_K95_UNIFORM_100,1000,950,95,95000,PREFIX_LINEAR,TOTAL,5,287701,102536
N1000_K95_UNIFORM_100,1000,950,95,95000,PREFIX_LINEAR,TOTAL,6,300700,102536
N1000_K95_UNIFORM_100,1000,950,95,95000,PREFIX_LINEAR,TOTAL,7,321200,102536
N1000_K95_UNIFORM_100,1000,950,95,95000,PREFIX_LINEAR,TOTAL,8,309400,102536
N1000_K95_UNIFORM_100,1000,950,95,95000,PREFIX_LINEAR,TOTAL,9,282700,102536
N1000_K95_UNIFORM_100,1000,950,95,95000,PREFIX_LINEAR,TOTAL,10,308000,102536
N1000_K95_UNIFORM_100,1000,950,95,95000,PREFIX_LINEAR,TOTAL,11,302400,102536
N1000_K95_UNIFORM_100,1000,950,95,95000,PREFIX_LINEAR,TOTAL,12,285900,102536
N1000_K95_UNIFORM_100,1000,950,95,95000,PREFIX_LINEAR,TOTAL,13,310801,102536
N1000_K95_UNIFORM_100,1000,950,95,95000,PREFIX_LINEAR,TOTAL,14,287200,102536
N1000_K95_UNIFORM_100,1000,950,95,95000,PREFIX_LINEAR,TOTAL,15,299899,102536
N1000_K95_UNIFORM_100,1000,950,95,95000,PREFIX_LINEAR,TOTAL,16,341701,102536
N1000_K95_UNIFORM_100,1000,950,95,95000,PREFIX_LINEAR,TOTAL,17,332100,102536
N1000_K95_UNIFORM_100,1000,950,95,95000,PREFIX_LINEAR,TOTAL,18,323001,102536
N1000_K95_UNIFORM_100,1000,950,95,95000,PREFIX_LINEAR,TOTAL,19,290301,102536
N1000_K95_UNIFORM_100,1000,950,95,95000,PREFIX_BINARY,NORMALIZE,0,226501,69704
N1000_K95_UNIFORM_100,1000,950,95,95000,PREFIX_BINARY,NORMALIZE,1,226599,69704
N1000_K95_UNIFORM_100,1000,950,95,95000,PREFIX_BINARY,NORMALIZE,2,225801,69704
N1000_K95_UNIFORM_100,1000,950,95,95000,PREFIX_BINARY,NORMALIZE,3,223801,69704
N1000_K95_UNIFORM_100,1000,950,95,95000,PREFIX_BINARY,NORMALIZE,4,232101,69704
N1000_K95_UNIFORM_100,1000,950,95,95000,PREFIX_BINARY,NORMALIZE,5,234301,69704
N1000_K95_UNIFORM_100,1000,950,95,95000,PREFIX_BINARY,NORMALIZE,6,261300,69704
N1000_K95_UNIFORM_100,1000,950,95,95000,PREFIX_BINARY,NORMALIZE,7,225000,69704
N1000_K95_UNIFORM_100,1000,950,95,95000,PREFIX_BINARY,NORMALIZE,8,277200,69704
N1000_K95_UNIFORM_100,1000,950,95,95000,PREFIX_BINARY,NORMALIZE,9,227199,69704
N1000_K95_UNIFORM_100,1000,950,95,95000,PREFIX_BINARY,NORMALIZE,10,224899,69704
N1000_K95_UNIFORM_100,1000,950,95,95000,PREFIX_BINARY,NORMALIZE,11,224499,69704
N1000_K95_UNIFORM_100,1000,950,95,95000,PREFIX_BINARY,NORMALIZE,12,240600,69704
N1000_K95_UNIFORM_100,1000,950,95,95000,PREFIX_BINARY,NORMALIZE,13,228900,69704
N1000_K95_UNIFORM_100,1000,950,95,95000,PREFIX_BINARY,NORMALIZE,14,231400,69704
N1000_K95_UNIFORM_100,1000,950,95,95000,PREFIX_BINARY,NORMALIZE,15,226499,69704
N1000_K95_UNIFORM_100,1000,950,95,95000,PREFIX_BINARY,NORMALIZE,16,489600,69704
N1000_K95_UNIFORM_100,1000,950,95,95000,PREFIX_BINARY,NORMALIZE,17,246300,69704
N1000_K95_UNIFORM_100,1000,950,95,95000,PREFIX_BINARY,NORMALIZE,18,230800,69704
N1000_K95_UNIFORM_100,1000,950,95,95000,PREFIX_BINARY,NORMALIZE,19,237600,69704
N1000_K95_UNIFORM_100,1000,950,95,95000,PREFIX_BINARY,BUILD,0,2900,15264
N1000_K95_UNIFORM_100,1000,950,95,95000,PREFIX_BINARY,BUILD,1,19100,15264
N1000_K95_UNIFORM_100,1000,950,95,95000,PREFIX_BINARY,BUILD,2,2900,15264
N1000_K95_UNIFORM_100,1000,950,95,95000,PREFIX_BINARY,BUILD,3,2800,15264
N1000_K95_UNIFORM_100,1000,950,95,95000,PREFIX_BINARY,BUILD,4,19701,15264
N1000_K95_UNIFORM_100,1000,950,95,95000,PREFIX_BINARY,BUILD,5,3400,15264
N1000_K95_UNIFORM_100,1000,950,95,95000,PREFIX_BINARY,BUILD,6,2999,15264
N1000_K95_UNIFORM_100,1000,950,95,95000,PREFIX_BINARY,BUILD,7,17699,15264
N1000_K95_UNIFORM_100,1000,950,95,95000,PREFIX_BINARY,BUILD,8,3000,15264
N1000_K95_UNIFORM_100,1000,950,95,95000,PREFIX_BINARY,BUILD,9,6500,15264
N1000_K95_UNIFORM_100,1000,950,95,95000,PREFIX_BINARY,BUILD,10,18800,15264
N1000_K95_UNIFORM_100,1000,950,95,95000,PREFIX_BINARY,BUILD,11,3000,15264
N1000_K95_UNIFORM_100,1000,950,95,95000,PREFIX_BINARY,BUILD,12,2700,15264
N1000_K95_UNIFORM_100,1000,950,95,95000,PREFIX_BINARY,BUILD,13,2899,15264
N1000_K95_UNIFORM_100,1000,950,95,95000,PREFIX_BINARY,BUILD,14,31700,15264
N1000_K95_UNIFORM_100,1000,950,95,95000,PREFIX_BINARY,BUILD,15,3000,15264
N1000_K95_UNIFORM_100,1000,950,95,95000,PREFIX_BINARY,BUILD,16,3100,15264
N1000_K95_UNIFORM_100,1000,950,95,95000,PREFIX_BINARY,BUILD,17,31800,15264
N1000_K95_UNIFORM_100,1000,950,95,95000,PREFIX_BINARY,BUILD,18,10199,15264
N1000_K95_UNIFORM_100,1000,950,95,95000,PREFIX_BINARY,BUILD,19,2900,15264
N1000_K95_UNIFORM_100,1000,950,95,95000,PREFIX_BINARY,SELECT,0,78399,17568
N1000_K95_UNIFORM_100,1000,950,95,95000,PREFIX_BINARY,SELECT,1,47701,17568
N1000_K95_UNIFORM_100,1000,950,95,95000,PREFIX_BINARY,SELECT,2,50400,17568
N1000_K95_UNIFORM_100,1000,950,95,95000,PREFIX_BINARY,SELECT,3,47400,17568
N1000_K95_UNIFORM_100,1000,950,95,95000,PREFIX_BINARY,SELECT,4,48200,17568
N1000_K95_UNIFORM_100,1000,950,95,95000,PREFIX_BINARY,SELECT,5,81500,17568
N1000_K95_UNIFORM_100,1000,950,95,95000,PREFIX_BINARY,SELECT,6,46200,17568
N1000_K95_UNIFORM_100,1000,950,95,95000,PREFIX_BINARY,SELECT,7,69200,17568
N1000_K95_UNIFORM_100,1000,950,95,95000,PREFIX_BINARY,SELECT,8,51800,17568
N1000_K95_UNIFORM_100,1000,950,95,95000,PREFIX_BINARY,SELECT,9,46800,17568
N1000_K95_UNIFORM_100,1000,950,95,95000,PREFIX_BINARY,SELECT,10,52800,17568
N1000_K95_UNIFORM_100,1000,950,95,95000,PREFIX_BINARY,SELECT,11,47200,17568
N1000_K95_UNIFORM_100,1000,950,95,95000,PREFIX_BINARY,SELECT,12,76000,17568
N1000_K95_UNIFORM_100,1000,950,95,95000,PREFIX_BINARY,SELECT,13,48901,17568
N1000_K95_UNIFORM_100,1000,950,95,95000,PREFIX_BINARY,SELECT,14,75600,17568
N1000_K95_UNIFORM_100,1000,950,95,95000,PREFIX_BINARY,SELECT,15,59799,17568
N1000_K95_UNIFORM_100,1000,950,95,95000,PREFIX_BINARY,SELECT,16,52300,17568
N1000_K95_UNIFORM_100,1000,950,95,95000,PREFIX_BINARY,SELECT,17,175400,17568
N1000_K95_UNIFORM_100,1000,950,95,95000,PREFIX_BINARY,SELECT,18,140301,17568
N1000_K95_UNIFORM_100,1000,950,95,95000,PREFIX_BINARY,SELECT,19,95100,17568
N1000_K95_UNIFORM_100,1000,950,95,95000,PREFIX_BINARY,TOTAL,0,316501,102536
N1000_K95_UNIFORM_100,1000,950,95,95000,PREFIX_BINARY,TOTAL,1,314000,102536
N1000_K95_UNIFORM_100,1000,950,95,95000,PREFIX_BINARY,TOTAL,2,276700,102536
N1000_K95_UNIFORM_100,1000,950,95,95000,PREFIX_BINARY,TOTAL,3,307599,102536
N1000_K95_UNIFORM_100,1000,950,95,95000,PREFIX_BINARY,TOTAL,4,281600,102536
N1000_K95_UNIFORM_100,1000,950,95,95000,PREFIX_BINARY,TOTAL,5,314000,102536
N1000_K95_UNIFORM_100,1000,950,95,95000,PREFIX_BINARY,TOTAL,6,285100,102536
N1000_K95_UNIFORM_100,1000,950,95,95000,PREFIX_BINARY,TOTAL,7,297400,102536
N1000_K95_UNIFORM_100,1000,950,95,95000,PREFIX_BINARY,TOTAL,8,290700,102536
N1000_K95_UNIFORM_100,1000,950,95,95000,PREFIX_BINARY,TOTAL,9,271701,102536
N1000_K95_UNIFORM_100,1000,950,95,95000,PREFIX_BINARY,TOTAL,10,302799,102536
N1000_K95_UNIFORM_100,1000,950,95,95000,PREFIX_BINARY,TOTAL,11,309101,102536
N1000_K95_UNIFORM_100,1000,950,95,95000,PREFIX_BINARY,TOTAL,12,293000,102536
N1000_K95_UNIFORM_100,1000,950,95,95000,PREFIX_BINARY,TOTAL,13,336600,102536
N1000_K95_UNIFORM_100,1000,950,95,95000,PREFIX_BINARY,TOTAL,14,306200,102536
N1000_K95_UNIFORM_100,1000,950,95,95000,PREFIX_BINARY,TOTAL,15,312400,102536
N1000_K95_UNIFORM_100,1000,950,95,95000,PREFIX_BINARY,TOTAL,16,312000,102536
N1000_K95_UNIFORM_100,1000,950,95,95000,PREFIX_BINARY,TOTAL,17,325299,102536
N1000_K95_UNIFORM_100,1000,950,95,95000,PREFIX_BINARY,TOTAL,18,325300,102536
N1000_K95_UNIFORM_100,1000,950,95,95000,PREFIX_BINARY,TOTAL,19,328100,102536
N1000_K95_UNIFORM_100,1000,950,95,95000,FENWICK,NORMALIZE,0,233299,69704
N1000_K95_UNIFORM_100,1000,950,95,95000,FENWICK,NORMALIZE,1,235500,69704
N1000_K95_UNIFORM_100,1000,950,95,95000,FENWICK,NORMALIZE,2,231100,69704
N1000_K95_UNIFORM_100,1000,950,95,95000,FENWICK,NORMALIZE,3,303299,69704
N1000_K95_UNIFORM_100,1000,950,95,95000,FENWICK,NORMALIZE,4,248101,69704
N1000_K95_UNIFORM_100,1000,950,95,95000,FENWICK,NORMALIZE,5,230100,69704
N1000_K95_UNIFORM_100,1000,950,95,95000,FENWICK,NORMALIZE,6,228300,69704
N1000_K95_UNIFORM_100,1000,950,95,95000,FENWICK,NORMALIZE,7,244600,69704
N1000_K95_UNIFORM_100,1000,950,95,95000,FENWICK,NORMALIZE,8,226001,69704
N1000_K95_UNIFORM_100,1000,950,95,95000,FENWICK,NORMALIZE,9,226199,69704
N1000_K95_UNIFORM_100,1000,950,95,95000,FENWICK,NORMALIZE,10,241300,69704
N1000_K95_UNIFORM_100,1000,950,95,95000,FENWICK,NORMALIZE,11,269999,69704
N1000_K95_UNIFORM_100,1000,950,95,95000,FENWICK,NORMALIZE,12,223699,69704
N1000_K95_UNIFORM_100,1000,950,95,95000,FENWICK,NORMALIZE,13,223299,69704
N1000_K95_UNIFORM_100,1000,950,95,95000,FENWICK,NORMALIZE,14,227500,69704
N1000_K95_UNIFORM_100,1000,950,95,95000,FENWICK,NORMALIZE,15,249700,69704
N1000_K95_UNIFORM_100,1000,950,95,95000,FENWICK,NORMALIZE,16,232899,69704
N1000_K95_UNIFORM_100,1000,950,95,95000,FENWICK,NORMALIZE,17,228300,69704
N1000_K95_UNIFORM_100,1000,950,95,95000,FENWICK,NORMALIZE,18,240300,69704
N1000_K95_UNIFORM_100,1000,950,95,95000,FENWICK,NORMALIZE,19,416700,69704
N1000_K95_UNIFORM_100,1000,950,95,95000,FENWICK,BUILD,0,8300,15336
N1000_K95_UNIFORM_100,1000,950,95,95000,FENWICK,BUILD,1,8000,15336
N1000_K95_UNIFORM_100,1000,950,95,95000,FENWICK,BUILD,2,64901,15336
N1000_K95_UNIFORM_100,1000,950,95,95000,FENWICK,BUILD,3,8300,15336
N1000_K95_UNIFORM_100,1000,950,95,95000,FENWICK,BUILD,4,8200,15336
N1000_K95_UNIFORM_100,1000,950,95,95000,FENWICK,BUILD,5,18201,15336
N1000_K95_UNIFORM_100,1000,950,95,95000,FENWICK,BUILD,6,8500,15336
N1000_K95_UNIFORM_100,1000,950,95,95000,FENWICK,BUILD,7,8700,15336
N1000_K95_UNIFORM_100,1000,950,95,95000,FENWICK,BUILD,8,11900,15336
N1000_K95_UNIFORM_100,1000,950,95,95000,FENWICK,BUILD,9,9301,15336
N1000_K95_UNIFORM_100,1000,950,95,95000,FENWICK,BUILD,10,7900,15336
N1000_K95_UNIFORM_100,1000,950,95,95000,FENWICK,BUILD,11,8500,15336
N1000_K95_UNIFORM_100,1000,950,95,95000,FENWICK,BUILD,12,22200,15336
N1000_K95_UNIFORM_100,1000,950,95,95000,FENWICK,BUILD,13,8801,15336
N1000_K95_UNIFORM_100,1000,950,95,95000,FENWICK,BUILD,14,8301,15336
N1000_K95_UNIFORM_100,1000,950,95,95000,FENWICK,BUILD,15,23600,15336
N1000_K95_UNIFORM_100,1000,950,95,95000,FENWICK,BUILD,16,8300,15336
N1000_K95_UNIFORM_100,1000,950,95,95000,FENWICK,BUILD,17,8601,15336
N1000_K95_UNIFORM_100,1000,950,95,95000,FENWICK,BUILD,18,11599,15336
N1000_K95_UNIFORM_100,1000,950,95,95000,FENWICK,BUILD,19,8700,15336
N1000_K95_UNIFORM_100,1000,950,95,95000,FENWICK,SELECT,0,39499,17568
N1000_K95_UNIFORM_100,1000,950,95,95000,FENWICK,SELECT,1,59399,17568
N1000_K95_UNIFORM_100,1000,950,95,95000,FENWICK,SELECT,2,37300,17568
N1000_K95_UNIFORM_100,1000,950,95,95000,FENWICK,SELECT,3,36000,17568
N1000_K95_UNIFORM_100,1000,950,95,95000,FENWICK,SELECT,4,50399,17568
N1000_K95_UNIFORM_100,1000,950,95,95000,FENWICK,SELECT,5,37600,17568
N1000_K95_UNIFORM_100,1000,950,95,95000,FENWICK,SELECT,6,52400,17568
N1000_K95_UNIFORM_100,1000,950,95,95000,FENWICK,SELECT,7,33800,17568
N1000_K95_UNIFORM_100,1000,950,95,95000,FENWICK,SELECT,8,48800,17568
N1000_K95_UNIFORM_100,1000,950,95,95000,FENWICK,SELECT,9,48601,17568
N1000_K95_UNIFORM_100,1000,950,95,95000,FENWICK,SELECT,10,35301,17568
N1000_K95_UNIFORM_100,1000,950,95,95000,FENWICK,SELECT,11,51300,17568
N1000_K95_UNIFORM_100,1000,950,95,95000,FENWICK,SELECT,12,32400,17568
N1000_K95_UNIFORM_100,1000,950,95,95000,FENWICK,SELECT,13,46200,17568
N1000_K95_UNIFORM_100,1000,950,95,95000,FENWICK,SELECT,14,31400,17568
N1000_K95_UNIFORM_100,1000,950,95,95000,FENWICK,SELECT,15,31500,17568
N1000_K95_UNIFORM_100,1000,950,95,95000,FENWICK,SELECT,16,57000,17568
N1000_K95_UNIFORM_100,1000,950,95,95000,FENWICK,SELECT,17,32900,17568
N1000_K95_UNIFORM_100,1000,950,95,95000,FENWICK,SELECT,18,63700,17568
N1000_K95_UNIFORM_100,1000,950,95,95000,FENWICK,SELECT,19,39200,17568
N1000_K95_UNIFORM_100,1000,950,95,95000,FENWICK,TOTAL,0,288900,102608
N1000_K95_UNIFORM_100,1000,950,95,95000,FENWICK,TOTAL,1,312299,102608
N1000_K95_UNIFORM_100,1000,950,95,95000,FENWICK,TOTAL,2,285601,102608
N1000_K95_UNIFORM_100,1000,950,95,95000,FENWICK,TOTAL,3,268700,102608
N1000_K95_UNIFORM_100,1000,950,95,95000,FENWICK,TOTAL,4,329800,102608
N1000_K95_UNIFORM_100,1000,950,95,95000,FENWICK,TOTAL,5,299700,102608
N1000_K95_UNIFORM_100,1000,950,95,95000,FENWICK,TOTAL,6,269700,102608
N1000_K95_UNIFORM_100,1000,950,95,95000,FENWICK,TOTAL,7,304100,102608
N1000_K95_UNIFORM_100,1000,950,95,95000,FENWICK,TOTAL,8,273700,102608
N1000_K95_UNIFORM_100,1000,950,95,95000,FENWICK,TOTAL,9,285701,102608
N1000_K95_UNIFORM_100,1000,950,95,95000,FENWICK,TOTAL,10,271101,102608
N1000_K95_UNIFORM_100,1000,950,95,95000,FENWICK,TOTAL,11,292200,102608
N1000_K95_UNIFORM_100,1000,950,95,95000,FENWICK,TOTAL,12,304700,102608
N1000_K95_UNIFORM_100,1000,950,95,95000,FENWICK,TOTAL,13,275800,102608
N1000_K95_UNIFORM_100,1000,950,95,95000,FENWICK,TOTAL,14,332499,102608
N1000_K95_UNIFORM_100,1000,950,95,95000,FENWICK,TOTAL,15,306799,102608
N1000_K95_UNIFORM_100,1000,950,95,95000,FENWICK,TOTAL,16,291699,102608
N1000_K95_UNIFORM_100,1000,950,95,95000,FENWICK,TOTAL,17,304900,102608
N1000_K95_UNIFORM_100,1000,950,95,95000,FENWICK,TOTAL,18,276400,102608
N1000_K95_UNIFORM_100,1000,950,95,95000,FENWICK,TOTAL,19,310299,102608
N1000_K1_SKEWED_1000,1000,950,1,100850,TICKET_ARRAY,NORMALIZE,0,249600,69704
N1000_K1_SKEWED_1000,1000,950,1,100850,TICKET_ARRAY,NORMALIZE,1,276100,69704
N1000_K1_SKEWED_1000,1000,950,1,100850,TICKET_ARRAY,NORMALIZE,2,236099,69704
N1000_K1_SKEWED_1000,1000,950,1,100850,TICKET_ARRAY,NORMALIZE,3,227700,69704
N1000_K1_SKEWED_1000,1000,950,1,100850,TICKET_ARRAY,NORMALIZE,4,224400,69704
N1000_K1_SKEWED_1000,1000,950,1,100850,TICKET_ARRAY,NORMALIZE,5,223300,69704
N1000_K1_SKEWED_1000,1000,950,1,100850,TICKET_ARRAY,NORMALIZE,6,242301,69704
N1000_K1_SKEWED_1000,1000,950,1,100850,TICKET_ARRAY,NORMALIZE,7,246500,69704
N1000_K1_SKEWED_1000,1000,950,1,100850,TICKET_ARRAY,NORMALIZE,8,286999,69704
N1000_K1_SKEWED_1000,1000,950,1,100850,TICKET_ARRAY,NORMALIZE,9,256300,69704
N1000_K1_SKEWED_1000,1000,950,1,100850,TICKET_ARRAY,NORMALIZE,10,232900,69704
N1000_K1_SKEWED_1000,1000,950,1,100850,TICKET_ARRAY,NORMALIZE,11,277001,69704
N1000_K1_SKEWED_1000,1000,950,1,100850,TICKET_ARRAY,NORMALIZE,12,253401,69704
N1000_K1_SKEWED_1000,1000,950,1,100850,TICKET_ARRAY,NORMALIZE,13,250701,69704
N1000_K1_SKEWED_1000,1000,950,1,100850,TICKET_ARRAY,NORMALIZE,14,239900,69704
N1000_K1_SKEWED_1000,1000,950,1,100850,TICKET_ARRAY,NORMALIZE,15,228500,69704
N1000_K1_SKEWED_1000,1000,950,1,100850,TICKET_ARRAY,NORMALIZE,16,228800,69704
N1000_K1_SKEWED_1000,1000,950,1,100850,TICKET_ARRAY,NORMALIZE,17,230700,69704
N1000_K1_SKEWED_1000,1000,950,1,100850,TICKET_ARRAY,NORMALIZE,18,227800,69704
N1000_K1_SKEWED_1000,1000,950,1,100850,TICKET_ARRAY,NORMALIZE,19,232400,69704
N1000_K1_SKEWED_1000,1000,950,1,100850,TICKET_ARRAY,BUILD,0,200401,403440
N1000_K1_SKEWED_1000,1000,950,1,100850,TICKET_ARRAY,BUILD,1,229600,403440
N1000_K1_SKEWED_1000,1000,950,1,100850,TICKET_ARRAY,BUILD,2,241300,403440
N1000_K1_SKEWED_1000,1000,950,1,100850,TICKET_ARRAY,BUILD,3,232000,403440
N1000_K1_SKEWED_1000,1000,950,1,100850,TICKET_ARRAY,BUILD,4,253999,403440
N1000_K1_SKEWED_1000,1000,950,1,100850,TICKET_ARRAY,BUILD,5,312601,403440
N1000_K1_SKEWED_1000,1000,950,1,100850,TICKET_ARRAY,BUILD,6,243300,403440
N1000_K1_SKEWED_1000,1000,950,1,100850,TICKET_ARRAY,BUILD,7,218601,403440
N1000_K1_SKEWED_1000,1000,950,1,100850,TICKET_ARRAY,BUILD,8,180301,403440
N1000_K1_SKEWED_1000,1000,950,1,100850,TICKET_ARRAY,BUILD,9,214500,403440
N1000_K1_SKEWED_1000,1000,950,1,100850,TICKET_ARRAY,BUILD,10,178799,403440
N1000_K1_SKEWED_1000,1000,950,1,100850,TICKET_ARRAY,BUILD,11,219701,403440
N1000_K1_SKEWED_1000,1000,950,1,100850,TICKET_ARRAY,BUILD,12,207400,403440
N1000_K1_SKEWED_1000,1000,950,1,100850,TICKET_ARRAY,BUILD,13,223501,403440
N1000_K1_SKEWED_1000,1000,950,1,100850,TICKET_ARRAY,BUILD,14,206100,403440
N1000_K1_SKEWED_1000,1000,950,1,100850,TICKET_ARRAY,BUILD,15,266900,403440
N1000_K1_SKEWED_1000,1000,950,1,100850,TICKET_ARRAY,BUILD,16,227399,403440
N1000_K1_SKEWED_1000,1000,950,1,100850,TICKET_ARRAY,BUILD,17,347100,403440
N1000_K1_SKEWED_1000,1000,950,1,100850,TICKET_ARRAY,BUILD,18,247000,403440
N1000_K1_SKEWED_1000,1000,950,1,100850,TICKET_ARRAY,BUILD,19,331400,403440
N1000_K1_SKEWED_1000,1000,950,1,100850,TICKET_ARRAY,SELECT,0,88700,1592
N1000_K1_SKEWED_1000,1000,950,1,100850,TICKET_ARRAY,SELECT,1,81601,1592
N1000_K1_SKEWED_1000,1000,950,1,100850,TICKET_ARRAY,SELECT,2,92000,1592
N1000_K1_SKEWED_1000,1000,950,1,100850,TICKET_ARRAY,SELECT,3,72500,1592
N1000_K1_SKEWED_1000,1000,950,1,100850,TICKET_ARRAY,SELECT,4,68700,1592
N1000_K1_SKEWED_1000,1000,950,1,100850,TICKET_ARRAY,SELECT,5,69901,1592
N1000_K1_SKEWED_1000,1000,950,1,100850,TICKET_ARRAY,SELECT,6,70999,1592
N1000_K1_SKEWED_1000,1000,950,1,100850,TICKET_ARRAY,SELECT,7,67200,1592
N1000_K1_SKEWED_1000,1000,950,1,100850,TICKET_ARRAY,SELECT,8,68001,1592
N1000_K1_SKEWED_1000,1000,950,1,100850,TICKET_ARRAY,SELECT,9,68600,1592
N1000_K1_SKEWED_1000,1000,950,1,100850,TICKET_ARRAY,SELECT,10,86701,1592
N1000_K1_SKEWED_1000,1000,950,1,100850,TICKET_ARRAY,SELECT,11,67700,1592
N1000_K1_SKEWED_1000,1000,950,1,100850,TICKET_ARRAY,SELECT,12,70701,1592
N1000_K1_SKEWED_1000,1000,950,1,100850,TICKET_ARRAY,SELECT,13,68700,1592
N1000_K1_SKEWED_1000,1000,950,1,100850,TICKET_ARRAY,SELECT,14,74799,1592
N1000_K1_SKEWED_1000,1000,950,1,100850,TICKET_ARRAY,SELECT,15,72900,1592
N1000_K1_SKEWED_1000,1000,950,1,100850,TICKET_ARRAY,SELECT,16,74000,1592
N1000_K1_SKEWED_1000,1000,950,1,100850,TICKET_ARRAY,SELECT,17,131300,1592
N1000_K1_SKEWED_1000,1000,950,1,100850,TICKET_ARRAY,SELECT,18,116601,1592
N1000_K1_SKEWED_1000,1000,950,1,100850,TICKET_ARRAY,SELECT,19,100800,1592
N1000_K1_SKEWED_1000,1000,950,1,100850,TICKET_ARRAY,TOTAL,0,524001,474736
N1000_K1_SKEWED_1000,1000,950,1,100850,TICKET_ARRAY,TOTAL,1,562500,474736
N1000_K1_SKEWED_1000,1000,950,1,100850,TICKET_ARRAY,TOTAL,2,513200,474736
N1000_K1_SKEWED_1000,1000,950,1,100850,TICKET_ARRAY,TOTAL,3,567200,474736
N1000_K1_SKEWED_1000,1000,950,1,100850,TICKET_ARRAY,TOTAL,4,505499,474736
N1000_K1_SKEWED_1000,1000,950,1,100850,TICKET_ARRAY,TOTAL,5,587300,474736
N1000_K1_SKEWED_1000,1000,950,1,100850,TICKET_ARRAY,TOTAL,6,548600,474736
N1000_K1_SKEWED_1000,1000,950,1,100850,TICKET_ARRAY,TOTAL,7,624999,474736
N1000_K1_SKEWED_1000,1000,950,1,100850,TICKET_ARRAY,TOTAL,8,545600,474736
N1000_K1_SKEWED_1000,1000,950,1,100850,TICKET_ARRAY,TOTAL,9,611400,474736
N1000_K1_SKEWED_1000,1000,950,1,100850,TICKET_ARRAY,TOTAL,10,600601,474736
N1000_K1_SKEWED_1000,1000,950,1,100850,TICKET_ARRAY,TOTAL,11,696500,474736
N1000_K1_SKEWED_1000,1000,950,1,100850,TICKET_ARRAY,TOTAL,12,562201,474736
N1000_K1_SKEWED_1000,1000,950,1,100850,TICKET_ARRAY,TOTAL,13,579801,474736
N1000_K1_SKEWED_1000,1000,950,1,100850,TICKET_ARRAY,TOTAL,14,482600,474736
N1000_K1_SKEWED_1000,1000,950,1,100850,TICKET_ARRAY,TOTAL,15,542200,474736
N1000_K1_SKEWED_1000,1000,950,1,100850,TICKET_ARRAY,TOTAL,16,475501,474736
N1000_K1_SKEWED_1000,1000,950,1,100850,TICKET_ARRAY,TOTAL,17,626200,474736
N1000_K1_SKEWED_1000,1000,950,1,100850,TICKET_ARRAY,TOTAL,18,576899,474736
N1000_K1_SKEWED_1000,1000,950,1,100850,TICKET_ARRAY,TOTAL,19,529100,474736
N1000_K1_SKEWED_1000,1000,950,1,100850,PREFIX_LINEAR,NORMALIZE,0,276700,69704
N1000_K1_SKEWED_1000,1000,950,1,100850,PREFIX_LINEAR,NORMALIZE,1,257900,69704
N1000_K1_SKEWED_1000,1000,950,1,100850,PREFIX_LINEAR,NORMALIZE,2,250799,69704
N1000_K1_SKEWED_1000,1000,950,1,100850,PREFIX_LINEAR,NORMALIZE,3,234299,69704
N1000_K1_SKEWED_1000,1000,950,1,100850,PREFIX_LINEAR,NORMALIZE,4,225400,69704
N1000_K1_SKEWED_1000,1000,950,1,100850,PREFIX_LINEAR,NORMALIZE,5,221899,69704
N1000_K1_SKEWED_1000,1000,950,1,100850,PREFIX_LINEAR,NORMALIZE,6,223100,69704
N1000_K1_SKEWED_1000,1000,950,1,100850,PREFIX_LINEAR,NORMALIZE,7,236600,69704
N1000_K1_SKEWED_1000,1000,950,1,100850,PREFIX_LINEAR,NORMALIZE,8,236400,69704
N1000_K1_SKEWED_1000,1000,950,1,100850,PREFIX_LINEAR,NORMALIZE,9,259600,69704
N1000_K1_SKEWED_1000,1000,950,1,100850,PREFIX_LINEAR,NORMALIZE,10,271100,69704
N1000_K1_SKEWED_1000,1000,950,1,100850,PREFIX_LINEAR,NORMALIZE,11,232800,69704
N1000_K1_SKEWED_1000,1000,950,1,100850,PREFIX_LINEAR,NORMALIZE,12,231401,69704
N1000_K1_SKEWED_1000,1000,950,1,100850,PREFIX_LINEAR,NORMALIZE,13,233901,69704
N1000_K1_SKEWED_1000,1000,950,1,100850,PREFIX_LINEAR,NORMALIZE,14,293200,69704
N1000_K1_SKEWED_1000,1000,950,1,100850,PREFIX_LINEAR,NORMALIZE,15,235500,69704
N1000_K1_SKEWED_1000,1000,950,1,100850,PREFIX_LINEAR,NORMALIZE,16,228100,69704
N1000_K1_SKEWED_1000,1000,950,1,100850,PREFIX_LINEAR,NORMALIZE,17,224500,69704
N1000_K1_SKEWED_1000,1000,950,1,100850,PREFIX_LINEAR,NORMALIZE,18,234599,69704
N1000_K1_SKEWED_1000,1000,950,1,100850,PREFIX_LINEAR,NORMALIZE,19,225500,69704
N1000_K1_SKEWED_1000,1000,950,1,100850,PREFIX_LINEAR,BUILD,0,18301,15264
N1000_K1_SKEWED_1000,1000,950,1,100850,PREFIX_LINEAR,BUILD,1,2799,15264
N1000_K1_SKEWED_1000,1000,950,1,100850,PREFIX_LINEAR,BUILD,2,2599,15264
N1000_K1_SKEWED_1000,1000,950,1,100850,PREFIX_LINEAR,BUILD,3,17200,15264
N1000_K1_SKEWED_1000,1000,950,1,100850,PREFIX_LINEAR,BUILD,4,3401,15264
N1000_K1_SKEWED_1000,1000,950,1,100850,PREFIX_LINEAR,BUILD,5,2801,15264
N1000_K1_SKEWED_1000,1000,950,1,100850,PREFIX_LINEAR,BUILD,6,2700,15264
N1000_K1_SKEWED_1000,1000,950,1,100850,PREFIX_LINEAR,BUILD,7,2799,15264
N1000_K1_SKEWED_1000,1000,950,1,100850,PREFIX_LINEAR,BUILD,8,3100,15264
N1000_K1_SKEWED_1000,1000,950,1,100850,PREFIX_LINEAR,BUILD,9,2700,15264
N1000_K1_SKEWED_1000,1000,950,1,100850,PREFIX_LINEAR,BUILD,10,17900,15264
N1000_K1_SKEWED_1000,1000,950,1,100850,PREFIX_LINEAR,BUILD,11,2900,15264
N1000_K1_SKEWED_1000,1000,950,1,100850,PREFIX_LINEAR,BUILD,12,3101,15264
N1000_K1_SKEWED_1000,1000,950,1,100850,PREFIX_LINEAR,BUILD,13,18400,15264
N1000_K1_SKEWED_1000,1000,950,1,100850,PREFIX_LINEAR,BUILD,14,2801,15264
N1000_K1_SKEWED_1000,1000,950,1,100850,PREFIX_LINEAR,BUILD,15,2700,15264
N1000_K1_SKEWED_1000,1000,950,1,100850,PREFIX_LINEAR,BUILD,16,9899,15264
N1000_K1_SKEWED_1000,1000,950,1,100850,PREFIX_LINEAR,BUILD,17,3400,15264
N1000_K1_SKEWED_1000,1000,950,1,100850,PREFIX_LINEAR,BUILD,18,3301,15264
N1000_K1_SKEWED_1000,1000,950,1,100850,PREFIX_LINEAR,BUILD,19,21299,15264
N1000_K1_SKEWED_1000,1000,950,1,100850,PREFIX_LINEAR,SELECT,0,7900,1592
N1000_K1_SKEWED_1000,1000,950,1,100850,PREFIX_LINEAR,SELECT,1,21500,1592
N1000_K1_SKEWED_1000,1000,950,1,100850,PREFIX_LINEAR,SELECT,2,11001,1592
N1000_K1_SKEWED_1000,1000,950,1,100850,PREFIX_LINEAR,SELECT,3,11900,1592
N1000_K1_SKEWED_1000,1000,950,1,100850,PREFIX_LINEAR,SELECT,4,14400,1592
N1000_K1_SKEWED_1000,1000,950,1,100850,PREFIX_LINEAR,SELECT,5,39500,1592
N1000_K1_SKEWED_1000,1000,950,1,100850,PREFIX_LINEAR,SELECT,6,11000,1592
N1000_K1_SKEWED_1000,1000,950,1,100850,PREFIX_LINEAR,SELECT,7,17300,1592
N1000_K1_SKEWED_1000,1000,950,1,100850,PREFIX_LINEAR,SELECT,8,16000,1592
N1000_K1_SKEWED_1000,1000,950,1,100850,PREFIX_LINEAR,SELECT,9,13800,1592
N1000_K1_SKEWED_1000,1000,950,1,100850,PREFIX_LINEAR,SELECT,10,16700,1592
N1000_K1_SKEWED_1000,1000,950,1,100850,PREFIX_LINEAR,SELECT,11,43600,1592
N1000_K1_SKEWED_1000,1000,950,1,100850,PREFIX_LINEAR,SELECT,12,16199,1592
N1000_K1_SKEWED_1000,1000,950,1,100850,PREFIX_LINEAR,SELECT,13,18999,1592
N1000_K1_SKEWED_1000,1000,950,1,100850,PREFIX_LINEAR,SELECT,14,17800,1592
N1000_K1_SKEWED_1000,1000,950,1,100850,PREFIX_LINEAR,SELECT,15,18001,1592
N1000_K1_SKEWED_1000,1000,950,1,100850,PREFIX_LINEAR,SELECT,16,17300,1592
N1000_K1_SKEWED_1000,1000,950,1,100850,PREFIX_LINEAR,SELECT,17,16300,1592
N1000_K1_SKEWED_1000,1000,950,1,100850,PREFIX_LINEAR,SELECT,18,10500,1592
N1000_K1_SKEWED_1000,1000,950,1,100850,PREFIX_LINEAR,SELECT,19,9800,1592
N1000_K1_SKEWED_1000,1000,950,1,100850,PREFIX_LINEAR,TOTAL,0,273800,86560
N1000_K1_SKEWED_1000,1000,950,1,100850,PREFIX_LINEAR,TOTAL,1,280400,86560
N1000_K1_SKEWED_1000,1000,950,1,100850,PREFIX_LINEAR,TOTAL,2,265100,86560
N1000_K1_SKEWED_1000,1000,950,1,100850,PREFIX_LINEAR,TOTAL,3,251001,86560
N1000_K1_SKEWED_1000,1000,950,1,100850,PREFIX_LINEAR,TOTAL,4,243499,86560
N1000_K1_SKEWED_1000,1000,950,1,100850,PREFIX_LINEAR,TOTAL,5,253199,86560
N1000_K1_SKEWED_1000,1000,950,1,100850,PREFIX_LINEAR,TOTAL,6,258000,86560
N1000_K1_SKEWED_1000,1000,950,1,100850,PREFIX_LINEAR,TOTAL,7,247600,86560
N1000_K1_SKEWED_1000,1000,950,1,100850,PREFIX_LINEAR,TOTAL,8,266400,86560
N1000_K1_SKEWED_1000,1000,950,1,100850,PREFIX_LINEAR,TOTAL,9,265499,86560
N1000_K1_SKEWED_1000,1000,950,1,100850,PREFIX_LINEAR,TOTAL,10,239399,86560
N1000_K1_SKEWED_1000,1000,950,1,100850,PREFIX_LINEAR,TOTAL,11,252100,86560
N1000_K1_SKEWED_1000,1000,950,1,100850,PREFIX_LINEAR,TOTAL,12,237100,86560
N1000_K1_SKEWED_1000,1000,950,1,100850,PREFIX_LINEAR,TOTAL,13,237500,86560
N1000_K1_SKEWED_1000,1000,950,1,100850,PREFIX_LINEAR,TOTAL,14,267800,86560
N1000_K1_SKEWED_1000,1000,950,1,100850,PREFIX_LINEAR,TOTAL,15,241801,86560
N1000_K1_SKEWED_1000,1000,950,1,100850,PREFIX_LINEAR,TOTAL,16,240199,86560
N1000_K1_SKEWED_1000,1000,950,1,100850,PREFIX_LINEAR,TOTAL,17,258200,86560
N1000_K1_SKEWED_1000,1000,950,1,100850,PREFIX_LINEAR,TOTAL,18,240200,86560
N1000_K1_SKEWED_1000,1000,950,1,100850,PREFIX_LINEAR,TOTAL,19,239301,86560
N1000_K1_SKEWED_1000,1000,950,1,100850,PREFIX_BINARY,NORMALIZE,0,232300,69704
N1000_K1_SKEWED_1000,1000,950,1,100850,PREFIX_BINARY,NORMALIZE,1,229200,69704
N1000_K1_SKEWED_1000,1000,950,1,100850,PREFIX_BINARY,NORMALIZE,2,238301,69704
N1000_K1_SKEWED_1000,1000,950,1,100850,PREFIX_BINARY,NORMALIZE,3,230500,69704
N1000_K1_SKEWED_1000,1000,950,1,100850,PREFIX_BINARY,NORMALIZE,4,227699,69704
N1000_K1_SKEWED_1000,1000,950,1,100850,PREFIX_BINARY,NORMALIZE,5,408599,69928
N1000_K1_SKEWED_1000,1000,950,1,100850,PREFIX_BINARY,NORMALIZE,6,387299,69704
N1000_K1_SKEWED_1000,1000,950,1,100850,PREFIX_BINARY,NORMALIZE,7,320400,69704
N1000_K1_SKEWED_1000,1000,950,1,100850,PREFIX_BINARY,NORMALIZE,8,316099,69704
N1000_K1_SKEWED_1000,1000,950,1,100850,PREFIX_BINARY,NORMALIZE,9,303400,69704
N1000_K1_SKEWED_1000,1000,950,1,100850,PREFIX_BINARY,NORMALIZE,10,310700,69704
N1000_K1_SKEWED_1000,1000,950,1,100850,PREFIX_BINARY,NORMALIZE,11,463000,69704
N1000_K1_SKEWED_1000,1000,950,1,100850,PREFIX_BINARY,NORMALIZE,12,379101,69704
N1000_K1_SKEWED_1000,1000,950,1,100850,PREFIX_BINARY,NORMALIZE,13,389400,69704
N1000_K1_SKEWED_1000,1000,950,1,100850,PREFIX_BINARY,NORMALIZE,14,398799,69704
N1000_K1_SKEWED_1000,1000,950,1,100850,PREFIX_BINARY,NORMALIZE,15,396101,69704
N1000_K1_SKEWED_1000,1000,950,1,100850,PREFIX_BINARY,NORMALIZE,16,400100,69704
N1000_K1_SKEWED_1000,1000,950,1,100850,PREFIX_BINARY,NORMALIZE,17,388300,69704
N1000_K1_SKEWED_1000,1000,950,1,100850,PREFIX_BINARY,NORMALIZE,18,475300,69704
N1000_K1_SKEWED_1000,1000,950,1,100850,PREFIX_BINARY,NORMALIZE,19,379501,69704
N1000_K1_SKEWED_1000,1000,950,1,100850,PREFIX_BINARY,BUILD,0,2899,15264
N1000_K1_SKEWED_1000,1000,950,1,100850,PREFIX_BINARY,BUILD,1,21700,15264
N1000_K1_SKEWED_1000,1000,950,1,100850,PREFIX_BINARY,BUILD,2,2900,15264
N1000_K1_SKEWED_1000,1000,950,1,100850,PREFIX_BINARY,BUILD,3,2600,15264
N1000_K1_SKEWED_1000,1000,950,1,100850,PREFIX_BINARY,BUILD,4,2799,15264
N1000_K1_SKEWED_1000,1000,950,1,100850,PREFIX_BINARY,BUILD,5,2900,15264
N1000_K1_SKEWED_1000,1000,950,1,100850,PREFIX_BINARY,BUILD,6,3000,15264
N1000_K1_SKEWED_1000,1000,950,1,100850,PREFIX_BINARY,BUILD,7,2700,15264
N1000_K1_SKEWED_1000,1000,950,1,100850,PREFIX_BINARY,BUILD,8,33301,15264
N1000_K1_SKEWED_1000,1000,950,1,100850,PREFIX_BINARY,BUILD,9,2900,15264
N1000_K1_SKEWED_1000,1000,950,1,100850,PREFIX_BINARY,BUILD,10,2900,15264
N1000_K1_SKEWED_1000,1000,950,1,100850,PREFIX_BINARY,BUILD,11,15900,15264
N1000_K1_SKEWED_1000,1000,950,1,100850,PREFIX_BINARY,BUILD,12,3201,15264
N1000_K1_SKEWED_1000,1000,950,1,100850,PREFIX_BINARY,BUILD,13,3401,15264
N1000_K1_SKEWED_1000,1000,950,1,100850,PREFIX_BINARY,BUILD,14,32000,15264
N1000_K1_SKEWED_1000,1000,950,1,100850,PREFIX_BINARY,BUILD,15,4000,15264
N1000_K1_SKEWED_1000,1000,950,1,100850,PREFIX_BINARY,BUILD,16,3301,15264
N1000_K1_SKEWED_1000,1000,950,1,100850,PREFIX_BINARY,BUILD,17,4899,15264
N1000_K1_SKEWED_1000,1000,950,1,100850,PREFIX_BINARY,BUILD,18,18600,15264
N1000_K1_SKEWED_1000,1000,950,1,100850,PREFIX_BINARY,BUILD,19,4199,15264
N1000_K1_SKEWED_1000,1000,950,1,100850,PREFIX_BINARY,SELECT,0,8700,1592
N1000_K1_SKEWED_1000,1000,950,1,100850,PREFIX_BINARY,SELECT,1,9900,1592
N1000_K1_SKEWED_1000,1000,950,1,100850,PREFIX_BINARY,SELECT,2,8400,1592
N1000_K1_SKEWED_1000,1000,950,1,100850,PREFIX_BINARY,SELECT,3,8500,1592
N1000_K1_SKEWED_1000,1000,950,1,100850,PREFIX_BINARY,SELECT,4,14100,1592
N1000_K1_SKEWED_1000,1000,950,1,100850,PREFIX_BINARY,SELECT,5,30900,1592
N1000_K1_SKEWED_1000,1000,950,1,100850,PREFIX_BINARY,SELECT,6,13999,1592
N1000_K1_SKEWED_1000,1000,950,1,100850,PREFIX_BINARY,SELECT,7,19799,1592
N1000_K1_SKEWED_1000,1000,950,1,100850,PREFIX_BINARY,SELECT,8,29101,1592
N1000_K1_SKEWED_1000,1000,950,1,100850,PREFIX_BINARY,SELECT,9,13599,1592
N1000_K1_SKEWED_1000,1000,950,1,100850,PREFIX_BINARY,SELECT,10,11500,1592
N1000_K1_SKEWED_1000,1000,950,1,100850,PREFIX_BINARY,SELECT,11,10100,1592
N1000_K1_SKEWED_1000,1000,950,1,100850,PREFIX_BINARY,SELECT,12,9699,1592
N1000_K1_SKEWED_1000,1000,950,1,100850,PREFIX_BINARY,SELECT,13,8300,1592
N1000_K1_SKEWED_1000,1000,950,1,100850,PREFIX_BINARY,SELECT,14,8400,1592
N1000_K1_SKEWED_1000,1000,950,1,100850,PREFIX_BINARY,SELECT,15,8199,1592
N1000_K1_SKEWED_1000,1000,950,1,100850,PREFIX_BINARY,SELECT,16,8000,1592
N1000_K1_SKEWED_1000,1000,950,1,100850,PREFIX_BINARY,SELECT,17,8499,1592
N1000_K1_SKEWED_1000,1000,950,1,100850,PREFIX_BINARY,SELECT,18,16100,1592
N1000_K1_SKEWED_1000,1000,950,1,100850,PREFIX_BINARY,SELECT,19,14100,1592
N1000_K1_SKEWED_1000,1000,950,1,100850,PREFIX_BINARY,TOTAL,0,252900,86560
N1000_K1_SKEWED_1000,1000,950,1,100850,PREFIX_BINARY,TOTAL,1,283100,86560
N1000_K1_SKEWED_1000,1000,950,1,100850,PREFIX_BINARY,TOTAL,2,254600,86560
N1000_K1_SKEWED_1000,1000,950,1,100850,PREFIX_BINARY,TOTAL,3,241099,86560
N1000_K1_SKEWED_1000,1000,950,1,100850,PREFIX_BINARY,TOTAL,4,275300,86560
N1000_K1_SKEWED_1000,1000,950,1,100850,PREFIX_BINARY,TOTAL,5,237800,86560
N1000_K1_SKEWED_1000,1000,950,1,100850,PREFIX_BINARY,TOTAL,6,237400,86560
N1000_K1_SKEWED_1000,1000,950,1,100850,PREFIX_BINARY,TOTAL,7,253801,87456
N1000_K1_SKEWED_1000,1000,950,1,100850,PREFIX_BINARY,TOTAL,8,273000,86560
N1000_K1_SKEWED_1000,1000,950,1,100850,PREFIX_BINARY,TOTAL,9,245500,86560
N1000_K1_SKEWED_1000,1000,950,1,100850,PREFIX_BINARY,TOTAL,10,299100,86560
N1000_K1_SKEWED_1000,1000,950,1,100850,PREFIX_BINARY,TOTAL,11,239400,86560
N1000_K1_SKEWED_1000,1000,950,1,100850,PREFIX_BINARY,TOTAL,12,245300,86560
N1000_K1_SKEWED_1000,1000,950,1,100850,PREFIX_BINARY,TOTAL,13,257899,86560
N1000_K1_SKEWED_1000,1000,950,1,100850,PREFIX_BINARY,TOTAL,14,273600,86560
N1000_K1_SKEWED_1000,1000,950,1,100850,PREFIX_BINARY,TOTAL,15,279700,86560
N1000_K1_SKEWED_1000,1000,950,1,100850,PREFIX_BINARY,TOTAL,16,316700,86560
N1000_K1_SKEWED_1000,1000,950,1,100850,PREFIX_BINARY,TOTAL,17,243900,86560
N1000_K1_SKEWED_1000,1000,950,1,100850,PREFIX_BINARY,TOTAL,18,274900,86560
N1000_K1_SKEWED_1000,1000,950,1,100850,PREFIX_BINARY,TOTAL,19,290500,86560
N1000_K1_SKEWED_1000,1000,950,1,100850,FENWICK,NORMALIZE,0,238201,69704
N1000_K1_SKEWED_1000,1000,950,1,100850,FENWICK,NORMALIZE,1,295700,69704
N1000_K1_SKEWED_1000,1000,950,1,100850,FENWICK,NORMALIZE,2,252900,69704
N1000_K1_SKEWED_1000,1000,950,1,100850,FENWICK,NORMALIZE,3,261801,69704
N1000_K1_SKEWED_1000,1000,950,1,100850,FENWICK,NORMALIZE,4,276600,69704
N1000_K1_SKEWED_1000,1000,950,1,100850,FENWICK,NORMALIZE,5,255400,69704
N1000_K1_SKEWED_1000,1000,950,1,100850,FENWICK,NORMALIZE,6,299200,69704
N1000_K1_SKEWED_1000,1000,950,1,100850,FENWICK,NORMALIZE,7,298500,69704
N1000_K1_SKEWED_1000,1000,950,1,100850,FENWICK,NORMALIZE,8,311200,69704
N1000_K1_SKEWED_1000,1000,950,1,100850,FENWICK,NORMALIZE,9,333800,69704
N1000_K1_SKEWED_1000,1000,950,1,100850,FENWICK,NORMALIZE,10,286601,69704
N1000_K1_SKEWED_1000,1000,950,1,100850,FENWICK,NORMALIZE,11,241600,69704
N1000_K1_SKEWED_1000,1000,950,1,100850,FENWICK,NORMALIZE,12,265601,69704
N1000_K1_SKEWED_1000,1000,950,1,100850,FENWICK,NORMALIZE,13,267999,69704
N1000_K1_SKEWED_1000,1000,950,1,100850,FENWICK,NORMALIZE,14,240201,69704
N1000_K1_SKEWED_1000,1000,950,1,100850,FENWICK,NORMALIZE,15,224401,69704
N1000_K1_SKEWED_1000,1000,950,1,100850,FENWICK,NORMALIZE,16,256100,69704
N1000_K1_SKEWED_1000,1000,950,1,100850,FENWICK,NORMALIZE,17,239100,69704
N1000_K1_SKEWED_1000,1000,950,1,100850,FENWICK,NORMALIZE,18,239300,69704
N1000_K1_SKEWED_1000,1000,950,1,100850,FENWICK,NORMALIZE,19,259001,69704
N1000_K1_SKEWED_1000,1000,950,1,100850,FENWICK,BUILD,0,8200,15336
N1000_K1_SKEWED_1000,1000,950,1,100850,FENWICK,BUILD,1,8201,15336
N1000_K1_SKEWED_1000,1000,950,1,100850,FENWICK,BUILD,2,8200,15336
N1000_K1_SKEWED_1000,1000,950,1,100850,FENWICK,BUILD,3,8300,15336
N1000_K1_SKEWED_1000,1000,950,1,100850,FENWICK,BUILD,4,21900,15336
N1000_K1_SKEWED_1000,1000,950,1,100850,FENWICK,BUILD,5,8599,15336
N1000_K1_SKEWED_1000,1000,950,1,100850,FENWICK,BUILD,6,8000,15336
N1000_K1_SKEWED_1000,1000,950,1,100850,FENWICK,BUILD,7,23300,15336
N1000_K1_SKEWED_1000,1000,950,1,100850,FENWICK,BUILD,8,8200,15336
N1000_K1_SKEWED_1000,1000,950,1,100850,FENWICK,BUILD,9,8601,15336
N1000_K1_SKEWED_1000,1000,950,1,100850,FENWICK,BUILD,10,8200,15336
N1000_K1_SKEWED_1000,1000,950,1,100850,FENWICK,BUILD,11,8400,15336
N1000_K1_SKEWED_1000,1000,950,1,100850,FENWICK,BUILD,12,8200,15336
N1000_K1_SKEWED_1000,1000,950,1,100850,FENWICK,BUILD,13,16700,15336
N1000_K1_SKEWED_1000,1000,950,1,100850,FENWICK,BUILD,14,23600,15336
N1000_K1_SKEWED_1000,1000,950,1,100850,FENWICK,BUILD,15,8201,15336
N1000_K1_SKEWED_1000,1000,950,1,100850,FENWICK,BUILD,16,8100,15336
N1000_K1_SKEWED_1000,1000,950,1,100850,FENWICK,BUILD,17,13600,15336
N1000_K1_SKEWED_1000,1000,950,1,100850,FENWICK,BUILD,18,7900,15336
N1000_K1_SKEWED_1000,1000,950,1,100850,FENWICK,BUILD,19,16800,15336
N1000_K1_SKEWED_1000,1000,950,1,100850,FENWICK,SELECT,0,8600,1592
N1000_K1_SKEWED_1000,1000,950,1,100850,FENWICK,SELECT,1,11801,1592
N1000_K1_SKEWED_1000,1000,950,1,100850,FENWICK,SELECT,2,9700,1592
N1000_K1_SKEWED_1000,1000,950,1,100850,FENWICK,SELECT,3,8500,1592
N1000_K1_SKEWED_1000,1000,950,1,100850,FENWICK,SELECT,4,8300,1592
N1000_K1_SKEWED_1000,1000,950,1,100850,FENWICK,SELECT,5,8299,1592
N1000_K1_SKEWED_1000,1000,950,1,100850,FENWICK,SELECT,6,8400,1592
N1000_K1_SKEWED_1000,1000,950,1,100850,FENWICK,SELECT,7,10799,1592
N1000_K1_SKEWED_1000,1000,950,1,100850,FENWICK,SELECT,8,8100,1592
N1000_K1_SKEWED_1000,1000,950,1,100850,FENWICK,SELECT,9,7900,1592
N1000_K1_SKEWED_1000,1000,950,1,100850,FENWICK,SELECT,10,9199,1592
N1000_K1_SKEWED_1000,1000,950,1,100850,FENWICK,SELECT,11,8701,1592
N1000_K1_SKEWED_1000,1000,950,1,100850,FENWICK,SELECT,12,22200,1592
N1000_K1_SKEWED_1000,1000,950,1,100850,FENWICK,SELECT,13,13700,1592
N1000_K1_SKEWED_1000,1000,950,1,100850,FENWICK,SELECT,14,8600,1592
N1000_K1_SKEWED_1000,1000,950,1,100850,FENWICK,SELECT,15,8300,1592
N1000_K1_SKEWED_1000,1000,950,1,100850,FENWICK,SELECT,16,19600,1592
N1000_K1_SKEWED_1000,1000,950,1,100850,FENWICK,SELECT,17,9300,1592
N1000_K1_SKEWED_1000,1000,950,1,100850,FENWICK,SELECT,18,18600,1592
N1000_K1_SKEWED_1000,1000,950,1,100850,FENWICK,SELECT,19,24799,1592
N1000_K1_SKEWED_1000,1000,950,1,100850,FENWICK,TOTAL,0,283700,86632
N1000_K1_SKEWED_1000,1000,950,1,100850,FENWICK,TOTAL,1,305100,86632
N1000_K1_SKEWED_1000,1000,950,1,100850,FENWICK,TOTAL,2,263799,86632
N1000_K1_SKEWED_1000,1000,950,1,100850,FENWICK,TOTAL,3,255800,86632
N1000_K1_SKEWED_1000,1000,950,1,100850,FENWICK,TOTAL,4,290600,86632
N1000_K1_SKEWED_1000,1000,950,1,100850,FENWICK,TOTAL,5,250401,86632
N1000_K1_SKEWED_1000,1000,950,1,100850,FENWICK,TOTAL,6,250200,86632
N1000_K1_SKEWED_1000,1000,950,1,100850,FENWICK,TOTAL,7,293300,86632
N1000_K1_SKEWED_1000,1000,950,1,100850,FENWICK,TOTAL,8,260600,86632
N1000_K1_SKEWED_1000,1000,950,1,100850,FENWICK,TOTAL,9,262901,86632
N1000_K1_SKEWED_1000,1000,950,1,100850,FENWICK,TOTAL,10,307400,86632
N1000_K1_SKEWED_1000,1000,950,1,100850,FENWICK,TOTAL,11,296600,86632
N1000_K1_SKEWED_1000,1000,950,1,100850,FENWICK,TOTAL,12,274900,86632
N1000_K1_SKEWED_1000,1000,950,1,100850,FENWICK,TOTAL,13,300200,86632
N1000_K1_SKEWED_1000,1000,950,1,100850,FENWICK,TOTAL,14,259200,86632
N1000_K1_SKEWED_1000,1000,950,1,100850,FENWICK,TOTAL,15,263001,86632
N1000_K1_SKEWED_1000,1000,950,1,100850,FENWICK,TOTAL,16,315600,86632
N1000_K1_SKEWED_1000,1000,950,1,100850,FENWICK,TOTAL,17,251600,86632
N1000_K1_SKEWED_1000,1000,950,1,100850,FENWICK,TOTAL,18,265601,86632
N1000_K1_SKEWED_1000,1000,950,1,100850,FENWICK,TOTAL,19,272401,86632
N1000_K9_SKEWED_1000,1000,950,9,100850,TICKET_ARRAY,NORMALIZE,0,222200,69704
N1000_K9_SKEWED_1000,1000,950,9,100850,TICKET_ARRAY,NORMALIZE,1,221100,69704
N1000_K9_SKEWED_1000,1000,950,9,100850,TICKET_ARRAY,NORMALIZE,2,221401,69704
N1000_K9_SKEWED_1000,1000,950,9,100850,TICKET_ARRAY,NORMALIZE,3,239600,69704
N1000_K9_SKEWED_1000,1000,950,9,100850,TICKET_ARRAY,NORMALIZE,4,229000,69704
N1000_K9_SKEWED_1000,1000,950,9,100850,TICKET_ARRAY,NORMALIZE,5,223901,69704
N1000_K9_SKEWED_1000,1000,950,9,100850,TICKET_ARRAY,NORMALIZE,6,269800,69704
N1000_K9_SKEWED_1000,1000,950,9,100850,TICKET_ARRAY,NORMALIZE,7,250699,69704
N1000_K9_SKEWED_1000,1000,950,9,100850,TICKET_ARRAY,NORMALIZE,8,458800,69704
N1000_K9_SKEWED_1000,1000,950,9,100850,TICKET_ARRAY,NORMALIZE,9,336400,69704
N1000_K9_SKEWED_1000,1000,950,9,100850,TICKET_ARRAY,NORMALIZE,10,291100,69704
N1000_K9_SKEWED_1000,1000,950,9,100850,TICKET_ARRAY,NORMALIZE,11,268300,69704
N1000_K9_SKEWED_1000,1000,950,9,100850,TICKET_ARRAY,NORMALIZE,12,247200,69704
N1000_K9_SKEWED_1000,1000,950,9,100850,TICKET_ARRAY,NORMALIZE,13,343200,69704
N1000_K9_SKEWED_1000,1000,950,9,100850,TICKET_ARRAY,NORMALIZE,14,389800,69704
N1000_K9_SKEWED_1000,1000,950,9,100850,TICKET_ARRAY,NORMALIZE,15,304000,69704
N1000_K9_SKEWED_1000,1000,950,9,100850,TICKET_ARRAY,NORMALIZE,16,269401,69704
N1000_K9_SKEWED_1000,1000,950,9,100850,TICKET_ARRAY,NORMALIZE,17,320100,69704
N1000_K9_SKEWED_1000,1000,950,9,100850,TICKET_ARRAY,NORMALIZE,18,248700,69704
N1000_K9_SKEWED_1000,1000,950,9,100850,TICKET_ARRAY,NORMALIZE,19,230999,69704
N1000_K9_SKEWED_1000,1000,950,9,100850,TICKET_ARRAY,BUILD,0,202301,403440
N1000_K9_SKEWED_1000,1000,950,9,100850,TICKET_ARRAY,BUILD,1,308101,403440
N1000_K9_SKEWED_1000,1000,950,9,100850,TICKET_ARRAY,BUILD,2,286100,403440
N1000_K9_SKEWED_1000,1000,950,9,100850,TICKET_ARRAY,BUILD,3,284301,403440
N1000_K9_SKEWED_1000,1000,950,9,100850,TICKET_ARRAY,BUILD,4,215300,403440
N1000_K9_SKEWED_1000,1000,950,9,100850,TICKET_ARRAY,BUILD,5,255000,403440
N1000_K9_SKEWED_1000,1000,950,9,100850,TICKET_ARRAY,BUILD,6,195000,403440
N1000_K9_SKEWED_1000,1000,950,9,100850,TICKET_ARRAY,BUILD,7,309800,403440
N1000_K9_SKEWED_1000,1000,950,9,100850,TICKET_ARRAY,BUILD,8,253000,403440
N1000_K9_SKEWED_1000,1000,950,9,100850,TICKET_ARRAY,BUILD,9,329301,403440
N1000_K9_SKEWED_1000,1000,950,9,100850,TICKET_ARRAY,BUILD,10,187101,403440
N1000_K9_SKEWED_1000,1000,950,9,100850,TICKET_ARRAY,BUILD,11,213900,403440
N1000_K9_SKEWED_1000,1000,950,9,100850,TICKET_ARRAY,BUILD,12,204201,403440
N1000_K9_SKEWED_1000,1000,950,9,100850,TICKET_ARRAY,BUILD,13,237600,403440
N1000_K9_SKEWED_1000,1000,950,9,100850,TICKET_ARRAY,BUILD,14,201501,403440
N1000_K9_SKEWED_1000,1000,950,9,100850,TICKET_ARRAY,BUILD,15,244400,403440
N1000_K9_SKEWED_1000,1000,950,9,100850,TICKET_ARRAY,BUILD,16,220600,403440
N1000_K9_SKEWED_1000,1000,950,9,100850,TICKET_ARRAY,BUILD,17,326300,403440
N1000_K9_SKEWED_1000,1000,950,9,100850,TICKET_ARRAY,BUILD,18,261400,403440
N1000_K9_SKEWED_1000,1000,950,9,100850,TICKET_ARRAY,BUILD,19,363000,403440
N1000_K9_SKEWED_1000,1000,950,9,100850,TICKET_ARRAY,SELECT,0,565600,2816
N1000_K9_SKEWED_1000,1000,950,9,100850,TICKET_ARRAY,SELECT,1,532401,2816
N1000_K9_SKEWED_1000,1000,950,9,100850,TICKET_ARRAY,SELECT,2,530301,2816
N1000_K9_SKEWED_1000,1000,950,9,100850,TICKET_ARRAY,SELECT,3,559300,2816
N1000_K9_SKEWED_1000,1000,950,9,100850,TICKET_ARRAY,SELECT,4,565801,2816
N1000_K9_SKEWED_1000,1000,950,9,100850,TICKET_ARRAY,SELECT,5,535700,2816
N1000_K9_SKEWED_1000,1000,950,9,100850,TICKET_ARRAY,SELECT,6,557900,2816
N1000_K9_SKEWED_1000,1000,950,9,100850,TICKET_ARRAY,SELECT,7,574400,2816
N1000_K9_SKEWED_1000,1000,950,9,100850,TICKET_ARRAY,SELECT,8,896899,2816
N1000_K9_SKEWED_1000,1000,950,9,100850,TICKET_ARRAY,SELECT,9,590200,2816
N1000_K9_SKEWED_1000,1000,950,9,100850,TICKET_ARRAY,SELECT,10,554401,2816
N1000_K9_SKEWED_1000,1000,950,9,100850,TICKET_ARRAY,SELECT,11,541599,2816
N1000_K9_SKEWED_1000,1000,950,9,100850,TICKET_ARRAY,SELECT,12,560500,2816
N1000_K9_SKEWED_1000,1000,950,9,100850,TICKET_ARRAY,SELECT,13,548700,2816
N1000_K9_SKEWED_1000,1000,950,9,100850,TICKET_ARRAY,SELECT,14,542300,2816
N1000_K9_SKEWED_1000,1000,950,9,100850,TICKET_ARRAY,SELECT,15,525401,2816
N1000_K9_SKEWED_1000,1000,950,9,100850,TICKET_ARRAY,SELECT,16,519500,2816
N1000_K9_SKEWED_1000,1000,950,9,100850,TICKET_ARRAY,SELECT,17,541101,2816
N1000_K9_SKEWED_1000,1000,950,9,100850,TICKET_ARRAY,SELECT,18,540500,2816
N1000_K9_SKEWED_1000,1000,950,9,100850,TICKET_ARRAY,SELECT,19,522799,2816
N1000_K9_SKEWED_1000,1000,950,9,100850,TICKET_ARRAY,TOTAL,0,976800,475960
N1000_K9_SKEWED_1000,1000,950,9,100850,TICKET_ARRAY,TOTAL,1,1034800,475960
N1000_K9_SKEWED_1000,1000,950,9,100850,TICKET_ARRAY,TOTAL,2,971800,475960
N1000_K9_SKEWED_1000,1000,950,9,100850,TICKET_ARRAY,TOTAL,3,2597000,475960
N1000_K9_SKEWED_1000,1000,950,9,100850,TICKET_ARRAY,TOTAL,4,947500,475960
N1000_K9_SKEWED_1000,1000,950,9,100850,TICKET_ARRAY,TOTAL,5,1050500,475960
N1000_K9_SKEWED_1000,1000,950,9,100850,TICKET_ARRAY,TOTAL,6,953201,475960
N1000_K9_SKEWED_1000,1000,950,9,100850,TICKET_ARRAY,TOTAL,7,913999,475960
N1000_K9_SKEWED_1000,1000,950,9,100850,TICKET_ARRAY,TOTAL,8,886500,475960
N1000_K9_SKEWED_1000,1000,950,9,100850,TICKET_ARRAY,TOTAL,9,959600,475960
N1000_K9_SKEWED_1000,1000,950,9,100850,TICKET_ARRAY,TOTAL,10,879000,475960
N1000_K9_SKEWED_1000,1000,950,9,100850,TICKET_ARRAY,TOTAL,11,866500,475960
N1000_K9_SKEWED_1000,1000,950,9,100850,TICKET_ARRAY,TOTAL,12,840400,475960
N1000_K9_SKEWED_1000,1000,950,9,100850,TICKET_ARRAY,TOTAL,13,841200,475960
N1000_K9_SKEWED_1000,1000,950,9,100850,TICKET_ARRAY,TOTAL,14,825000,475960
N1000_K9_SKEWED_1000,1000,950,9,100850,TICKET_ARRAY,TOTAL,15,833700,475960
N1000_K9_SKEWED_1000,1000,950,9,100850,TICKET_ARRAY,TOTAL,16,820599,475960
N1000_K9_SKEWED_1000,1000,950,9,100850,TICKET_ARRAY,TOTAL,17,833200,475960
N1000_K9_SKEWED_1000,1000,950,9,100850,TICKET_ARRAY,TOTAL,18,836600,475960
N1000_K9_SKEWED_1000,1000,950,9,100850,TICKET_ARRAY,TOTAL,19,862601,475960
N1000_K9_SKEWED_1000,1000,950,9,100850,PREFIX_LINEAR,NORMALIZE,0,225401,69704
N1000_K9_SKEWED_1000,1000,950,9,100850,PREFIX_LINEAR,NORMALIZE,1,206700,69704
N1000_K9_SKEWED_1000,1000,950,9,100850,PREFIX_LINEAR,NORMALIZE,2,203601,69704
N1000_K9_SKEWED_1000,1000,950,9,100850,PREFIX_LINEAR,NORMALIZE,3,205299,69704
N1000_K9_SKEWED_1000,1000,950,9,100850,PREFIX_LINEAR,NORMALIZE,4,214800,69704
N1000_K9_SKEWED_1000,1000,950,9,100850,PREFIX_LINEAR,NORMALIZE,5,203500,69704
N1000_K9_SKEWED_1000,1000,950,9,100850,PREFIX_LINEAR,NORMALIZE,6,203200,69704
N1000_K9_SKEWED_1000,1000,950,9,100850,PREFIX_LINEAR,NORMALIZE,7,204399,69704
N1000_K9_SKEWED_1000,1000,950,9,100850,PREFIX_LINEAR,NORMALIZE,8,203400,69704
N1000_K9_SKEWED_1000,1000,950,9,100850,PREFIX_LINEAR,NORMALIZE,9,277800,69704
N1000_K9_SKEWED_1000,1000,950,9,100850,PREFIX_LINEAR,NORMALIZE,10,207600,69704
N1000_K9_SKEWED_1000,1000,950,9,100850,PREFIX_LINEAR,NORMALIZE,11,204200,69704
N1000_K9_SKEWED_1000,1000,950,9,100850,PREFIX_LINEAR,NORMALIZE,12,202700,69704
N1000_K9_SKEWED_1000,1000,950,9,100850,PREFIX_LINEAR,NORMALIZE,13,215599,69704
N1000_K9_SKEWED_1000,1000,950,9,100850,PREFIX_LINEAR,NORMALIZE,14,253600,69704
N1000_K9_SKEWED_1000,1000,950,9,100850,PREFIX_LINEAR,NORMALIZE,15,205600,69704
N1000_K9_SKEWED_1000,1000,950,9,100850,PREFIX_LINEAR,NORMALIZE,16,205900,69704
N1000_K9_SKEWED_1000,1000,950,9,100850,PREFIX_LINEAR,NORMALIZE,17,203601,69704
N1000_K9_SKEWED_1000,1000,950,9,100850,PREFIX_LINEAR,NORMALIZE,18,203800,69704
N1000_K9_SKEWED_1000,1000,950,9,100850,PREFIX_LINEAR,NORMALIZE,19,203100,69704
N1000_K9_SKEWED_1000,1000,950,9,100850,PREFIX_LINEAR,BUILD,0,2699,15264
N1000_K9_SKEWED_1000,1000,950,9,100850,PREFIX_LINEAR,BUILD,1,2500,15264
N1000_K9_SKEWED_1000,1000,950,9,100850,PREFIX_LINEAR,BUILD,2,2500,15264
N1000_K9_SKEWED_1000,1000,950,9,100850,PREFIX_LINEAR,BUILD,3,2800,15264
N1000_K9_SKEWED_1000,1000,950,9,100850,PREFIX_LINEAR,BUILD,4,2500,15264
N1000_K9_SKEWED_1000,1000,950,9,100850,PREFIX_LINEAR,BUILD,5,2600,15264
N1000_K9_SKEWED_1000,1000,950,9,100850,PREFIX_LINEAR,BUILD,6,2501,15264
N1000_K9_SKEWED_1000,1000,950,9,100850,PREFIX_LINEAR,BUILD,7,2600,15264
N1000_K9_SKEWED_1000,1000,950,9,100850,PREFIX_LINEAR,BUILD,8,2600,15264
N1000_K9_SKEWED_1000,1000,950,9,100850,PREFIX_LINEAR,BUILD,9,2501,15264
N1000_K9_SKEWED_1000,1000,950,9,100850,PREFIX_LINEAR,BUILD,10,2600,15264
N1000_K9_SKEWED_1000,1000,950,9,100850,PREFIX_LINEAR,BUILD,11,3000,15264
N1000_K9_SKEWED_1000,1000,950,9,100850,PREFIX_LINEAR,BUILD,12,2501,15264
N1000_K9_SKEWED_1000,1000,950,9,100850,PREFIX_LINEAR,BUILD,13,2400,15264
N1000_K9_SKEWED_1000,1000,950,9,100850,PREFIX_LINEAR,BUILD,14,2800,15264
N1000_K9_SKEWED_1000,1000,950,9,100850,PREFIX_LINEAR,BUILD,15,2900,15264
N1000_K9_SKEWED_1000,1000,950,9,100850,PREFIX_LINEAR,BUILD,16,4399,15264
N1000_K9_SKEWED_1000,1000,950,9,100850,PREFIX_LINEAR,BUILD,17,2500,15264
N1000_K9_SKEWED_1000,1000,950,9,100850,PREFIX_LINEAR,BUILD,18,2599,15264
N1000_K9_SKEWED_1000,1000,950,9,100850,PREFIX_LINEAR,BUILD,19,2700,15264
N1000_K9_SKEWED_1000,1000,950,9,100850,PREFIX_LINEAR,SELECT,0,10000,2816
N1000_K9_SKEWED_1000,1000,950,9,100850,PREFIX_LINEAR,SELECT,1,12599,2816
N1000_K9_SKEWED_1000,1000,950,9,100850,PREFIX_LINEAR,SELECT,2,12100,2816
N1000_K9_SKEWED_1000,1000,950,9,100850,PREFIX_LINEAR,SELECT,3,12100,2816
N1000_K9_SKEWED_1000,1000,950,9,100850,PREFIX_LINEAR,SELECT,4,11999,2816
N1000_K9_SKEWED_1000,1000,950,9,100850,PREFIX_LINEAR,SELECT,5,11800,2816
N1000_K9_SKEWED_1000,1000,950,9,100850,PREFIX_LINEAR,SELECT,6,12099,2816
N1000_K9_SKEWED_1000,1000,950,9,100850,PREFIX_LINEAR,SELECT,7,11900,2816
N1000_K9_SKEWED_1000,1000,950,9,100850,PREFIX_LINEAR,SELECT,8,11700,2816
N1000_K9_SKEWED_1000,1000,950,9,100850,PREFIX_LINEAR,SELECT,9,11800,2816
N1000_K9_SKEWED_1000,1000,950,9,100850,PREFIX_LINEAR,SELECT,10,24300,2816
N1000_K9_SKEWED_1000,1000,950,9,100850,PREFIX_LINEAR,SELECT,11,18700,2816
N1000_K9_SKEWED_1000,1000,950,9,100850,PREFIX_LINEAR,SELECT,12,13301,2816
N1000_K9_SKEWED_1000,1000,950,9,100850,PREFIX_LINEAR,SELECT,13,49399,2816
N1000_K9_SKEWED_1000,1000,950,9,100850,PREFIX_LINEAR,SELECT,14,18100,2816
N1000_K9_SKEWED_1000,1000,950,9,100850,PREFIX_LINEAR,SELECT,15,30100,2816
N1000_K9_SKEWED_1000,1000,950,9,100850,PREFIX_LINEAR,SELECT,16,60400,2816
N1000_K9_SKEWED_1000,1000,950,9,100850,PREFIX_LINEAR,SELECT,17,63499,2816
N1000_K9_SKEWED_1000,1000,950,9,100850,PREFIX_LINEAR,SELECT,18,42300,2816
N1000_K9_SKEWED_1000,1000,950,9,100850,PREFIX_LINEAR,SELECT,19,17900,2816
N1000_K9_SKEWED_1000,1000,950,9,100850,PREFIX_LINEAR,TOTAL,0,228099,87784
N1000_K9_SKEWED_1000,1000,950,9,100850,PREFIX_LINEAR,TOTAL,1,224900,87784
N1000_K9_SKEWED_1000,1000,950,9,100850,PREFIX_LINEAR,TOTAL,2,227300,87784
N1000_K9_SKEWED_1000,1000,950,9,100850,PREFIX_LINEAR,TOTAL,3,303501,87784
N1000_K9_SKEWED_1000,1000,950,9,100850,PREFIX_LINEAR,TOTAL,4,224801,87784
N1000_K9_SKEWED_1000,1000,950,9,100850,PREFIX_LINEAR,TOTAL,5,222200,87784
N1000_K9_SKEWED_1000,1000,950,9,100850,PREFIX_LINEAR,TOTAL,6,237500,87784
N1000_K9_SKEWED_1000,1000,950,9,100850,PREFIX_LINEAR,TOTAL,7,294799,87784
N1000_K9_SKEWED_1000,1000,950,9,100850,PREFIX_LINEAR,TOTAL,8,239800,87784
N1000_K9_SKEWED_1000,1000,950,9,100850,PREFIX_LINEAR,TOTAL,9,228000,87784
N1000_K9_SKEWED_1000,1000,950,9,100850,PREFIX_LINEAR,TOTAL,10,220300,87784
N1000_K9_SKEWED_1000,1000,950,9,100850,PREFIX_LINEAR,TOTAL,11,233400,87784
N1000_K9_SKEWED_1000,1000,950,9,100850,PREFIX_LINEAR,TOTAL,12,221300,87784
N1000_K9_SKEWED_1000,1000,950,9,100850,PREFIX_LINEAR,TOTAL,13,224699,87784
N1000_K9_SKEWED_1000,1000,950,9,100850,PREFIX_LINEAR,TOTAL,14,238200,87784
N1000_K9_SKEWED_1000,1000,950,9,100850,PREFIX_LINEAR,TOTAL,15,233800,87784
N1000_K9_SKEWED_1000,1000,950,9,100850,PREFIX_LINEAR,TOTAL,16,222901,87784
N1000_K9_SKEWED_1000,1000,950,9,100850,PREFIX_LINEAR,TOTAL,17,225501,87784
N1000_K9_SKEWED_1000,1000,950,9,100850,PREFIX_LINEAR,TOTAL,18,230401,87784
N1000_K9_SKEWED_1000,1000,950,9,100850,PREFIX_LINEAR,TOTAL,19,235700,87784
N1000_K9_SKEWED_1000,1000,950,9,100850,PREFIX_BINARY,NORMALIZE,0,241400,69704
N1000_K9_SKEWED_1000,1000,950,9,100850,PREFIX_BINARY,NORMALIZE,1,222600,69704
N1000_K9_SKEWED_1000,1000,950,9,100850,PREFIX_BINARY,NORMALIZE,2,210600,69704
N1000_K9_SKEWED_1000,1000,950,9,100850,PREFIX_BINARY,NORMALIZE,3,204200,69704
N1000_K9_SKEWED_1000,1000,950,9,100850,PREFIX_BINARY,NORMALIZE,4,204000,69704
N1000_K9_SKEWED_1000,1000,950,9,100850,PREFIX_BINARY,NORMALIZE,5,215299,69704
N1000_K9_SKEWED_1000,1000,950,9,100850,PREFIX_BINARY,NORMALIZE,6,204800,69704
N1000_K9_SKEWED_1000,1000,950,9,100850,PREFIX_BINARY,NORMALIZE,7,203500,69704
N1000_K9_SKEWED_1000,1000,950,9,100850,PREFIX_BINARY,NORMALIZE,8,222600,69704
N1000_K9_SKEWED_1000,1000,950,9,100850,PREFIX_BINARY,NORMALIZE,9,211101,69704
N1000_K9_SKEWED_1000,1000,950,9,100850,PREFIX_BINARY,NORMALIZE,10,204899,69704
N1000_K9_SKEWED_1000,1000,950,9,100850,PREFIX_BINARY,NORMALIZE,11,204200,69704
N1000_K9_SKEWED_1000,1000,950,9,100850,PREFIX_BINARY,NORMALIZE,12,203400,69704
N1000_K9_SKEWED_1000,1000,950,9,100850,PREFIX_BINARY,NORMALIZE,13,210601,69704
N1000_K9_SKEWED_1000,1000,950,9,100850,PREFIX_BINARY,NORMALIZE,14,215901,69704
N1000_K9_SKEWED_1000,1000,950,9,100850,PREFIX_BINARY,NORMALIZE,15,205201,69704
N1000_K9_SKEWED_1000,1000,950,9,100850,PREFIX_BINARY,NORMALIZE,16,207700,69704
N1000_K9_SKEWED_1000,1000,950,9,100850,PREFIX_BINARY,NORMALIZE,17,206700,69704
N1000_K9_SKEWED_1000,1000,950,9,100850,PREFIX_BINARY,NORMALIZE,18,232099,69704
N1000_K9_SKEWED_1000,1000,950,9,100850,PREFIX_BINARY,NORMALIZE,19,213301,69704
N1000_K9_SKEWED_1000,1000,950,9,100850,PREFIX_BINARY,BUILD,0,2600,15264
N1000_K9_SKEWED_1000,1000,950,9,100850,PREFIX_BINARY,BUILD,1,2700,15264
N1000_K9_SKEWED_1000,1000,950,9,100850,PREFIX_BINARY,BUILD,2,2800,15264
N1000_K9_SKEWED_1000,1000,950,9,100850,PREFIX_BINARY,BUILD,3,2599,15264
N1000_K9_SKEWED_1000,1000,950,9,100850,PREFIX_BINARY,BUILD,4,2800,15264
N1000_K9_SKEWED_1000,1000,950,9,100850,PREFIX_BINARY,BUILD,5,3201,15264
N1000_K9_SKEWED_1000,1000,950,9,100850,PREFIX_BINARY,BUILD,6,2601,15264
N1000_K9_SKEWED_1000,1000,950,9,100850,PREFIX_BINARY,BUILD,7,2600,15264
N1000_K9_SKEWED_1000,1000,950,9,100850,PREFIX_BINARY,BUILD,8,2499,15264
N1000_K9_SKEWED_1000,1000,950,9,100850,PREFIX_BINARY,BUILD,9,2601,15264
N1000_K9_SKEWED_1000,1000,950,9,100850,PREFIX_BINARY,BUILD,10,2799,15264
N1000_K9_SKEWED_1000,1000,950,9,100850,PREFIX_BINARY,BUILD,11,2500,15264
N1000_K9_SKEWED_1000,1000,950,9,100850,PREFIX_BINARY,BUILD,12,2700,15264
N1000_K9_SKEWED_1000,1000,950,9,100850,PREFIX_BINARY,BUILD,13,2500,15264
N1000_K9_SKEWED_1000,1000,950,9,100850,PREFIX_BINARY,BUILD,14,2700,15264
N1000_K9_SKEWED_1000,1000,950,9,100850,PREFIX_BINARY,BUILD,15,2699,15264
N1000_K9_SKEWED_1000,1000,950,9,100850,PREFIX_BINARY,BUILD,16,2701,15264
N1000_K9_SKEWED_1000,1000,950,9,100850,PREFIX_BINARY,BUILD,17,6400,15264
N1000_K9_SKEWED_1000,1000,950,9,100850,PREFIX_BINARY,BUILD,18,2700,15264
N1000_K9_SKEWED_1000,1000,950,9,100850,PREFIX_BINARY,BUILD,19,2900,15264
N1000_K9_SKEWED_1000,1000,950,9,100850,PREFIX_BINARY,SELECT,0,10400,2816
N1000_K9_SKEWED_1000,1000,950,9,100850,PREFIX_BINARY,SELECT,1,20200,2816
N1000_K9_SKEWED_1000,1000,950,9,100850,PREFIX_BINARY,SELECT,2,12200,2816
N1000_K9_SKEWED_1000,1000,950,9,100850,PREFIX_BINARY,SELECT,3,11499,2816
N1000_K9_SKEWED_1000,1000,950,9,100850,PREFIX_BINARY,SELECT,4,10700,2816
N1000_K9_SKEWED_1000,1000,950,9,100850,PREFIX_BINARY,SELECT,5,10701,2816
N1000_K9_SKEWED_1000,1000,950,9,100850,PREFIX_BINARY,SELECT,6,12901,2816
N1000_K9_SKEWED_1000,1000,950,9,100850,PREFIX_BINARY,SELECT,7,11600,2816
N1000_K9_SKEWED_1000,1000,950,9,100850,PREFIX_BINARY,SELECT,8,10600,2816
N1000_K9_SKEWED_1000,1000,950,9,100850,PREFIX_BINARY,SELECT,9,10000,2816
N1000_K9_SKEWED_1000,1000,950,9,100850,PREFIX_BINARY,SELECT,10,13200,2816
N1000_K9_SKEWED_1000,1000,950,9,100850,PREFIX_BINARY,SELECT,11,11300,2816
N1000_K9_SKEWED_1000,1000,950,9,100850,PREFIX_BINARY,SELECT,12,10600,2816
N1000_K9_SKEWED_1000,1000,950,9,100850,PREFIX_BINARY,SELECT,13,10399,2816
N1000_K9_SKEWED_1000,1000,950,9,100850,PREFIX_BINARY,SELECT,14,12100,2816
N1000_K9_SKEWED_1000,1000,950,9,100850,PREFIX_BINARY,SELECT,15,11599,2816
N1000_K9_SKEWED_1000,1000,950,9,100850,PREFIX_BINARY,SELECT,16,10701,2816
N1000_K9_SKEWED_1000,1000,950,9,100850,PREFIX_BINARY,SELECT,17,10300,2816
N1000_K9_SKEWED_1000,1000,950,9,100850,PREFIX_BINARY,SELECT,18,10001,2816
N1000_K9_SKEWED_1000,1000,950,9,100850,PREFIX_BINARY,SELECT,19,11800,2816
N1000_K9_SKEWED_1000,1000,950,9,100850,PREFIX_BINARY,TOTAL,0,222999,87784
N1000_K9_SKEWED_1000,1000,950,9,100850,PREFIX_BINARY,TOTAL,1,228801,87784
N1000_K9_SKEWED_1000,1000,950,9,100850,PREFIX_BINARY,TOTAL,2,261600,87784
N1000_K9_SKEWED_1000,1000,950,9,100850,PREFIX_BINARY,TOTAL,3,225099,87784
N1000_K9_SKEWED_1000,1000,950,9,100850,PREFIX_BINARY,TOTAL,4,218900,87784
N1000_K9_SKEWED_1000,1000,950,9,100850,PREFIX_BINARY,TOTAL,5,240801,87784
N1000_K9_SKEWED_1000,1000,950,9,100850,PREFIX_BINARY,TOTAL,6,222600,87784
N1000_K9_SKEWED_1000,1000,950,9,100850,PREFIX_BINARY,TOTAL,7,221000,87784
N1000_K9_SKEWED_1000,1000,950,9,100850,PREFIX_BINARY,TOTAL,8,220500,87784
N1000_K9_SKEWED_1000,1000,950,9,100850,PREFIX_BINARY,TOTAL,9,344601,87784
N1000_K9_SKEWED_1000,1000,950,9,100850,PREFIX_BINARY,TOTAL,10,249800,87784
N1000_K9_SKEWED_1000,1000,950,9,100850,PREFIX_BINARY,TOTAL,11,257500,87784
N1000_K9_SKEWED_1000,1000,950,9,100850,PREFIX_BINARY,TOTAL,12,233500,87784
N1000_K9_SKEWED_1000,1000,950,9,100850,PREFIX_BINARY,TOTAL,13,237800,87784
N1000_K9_SKEWED_1000,1000,950,9,100850,PREFIX_BINARY,TOTAL,14,288400,87784
N1000_K9_SKEWED_1000,1000,950,9,100850,PREFIX_BINARY,TOTAL,15,238500,87784
N1000_K9_SKEWED_1000,1000,950,9,100850,PREFIX_BINARY,TOTAL,16,224500,87784
N1000_K9_SKEWED_1000,1000,950,9,100850,PREFIX_BINARY,TOTAL,17,267900,87784
N1000_K9_SKEWED_1000,1000,950,9,100850,PREFIX_BINARY,TOTAL,18,239000,87784
N1000_K9_SKEWED_1000,1000,950,9,100850,PREFIX_BINARY,TOTAL,19,227800,87784
N1000_K9_SKEWED_1000,1000,950,9,100850,FENWICK,NORMALIZE,0,217899,69704
N1000_K9_SKEWED_1000,1000,950,9,100850,FENWICK,NORMALIZE,1,267300,69704
N1000_K9_SKEWED_1000,1000,950,9,100850,FENWICK,NORMALIZE,2,209700,69704
N1000_K9_SKEWED_1000,1000,950,9,100850,FENWICK,NORMALIZE,3,217700,69704
N1000_K9_SKEWED_1000,1000,950,9,100850,FENWICK,NORMALIZE,4,211199,69704
N1000_K9_SKEWED_1000,1000,950,9,100850,FENWICK,NORMALIZE,5,241001,69704
N1000_K9_SKEWED_1000,1000,950,9,100850,FENWICK,NORMALIZE,6,205000,69704
N1000_K9_SKEWED_1000,1000,950,9,100850,FENWICK,NORMALIZE,7,203600,69704
N1000_K9_SKEWED_1000,1000,950,9,100850,FENWICK,NORMALIZE,8,202800,69704
N1000_K9_SKEWED_1000,1000,950,9,100850,FENWICK,NORMALIZE,9,256800,69704
N1000_K9_SKEWED_1000,1000,950,9,100850,FENWICK,NORMALIZE,10,314599,69704
N1000_K9_SKEWED_1000,1000,950,9,100850,FENWICK,NORMALIZE,11,224500,69704
N1000_K9_SKEWED_1000,1000,950,9,100850,FENWICK,NORMALIZE,12,206100,69704
N1000_K9_SKEWED_1000,1000,950,9,100850,FENWICK,NORMALIZE,13,212201,69704
N1000_K9_SKEWED_1000,1000,950,9,100850,FENWICK,NORMALIZE,14,205600,69704
N1000_K9_SKEWED_1000,1000,950,9,100850,FENWICK,NORMALIZE,15,204001,69704
N1000_K9_SKEWED_1000,1000,950,9,100850,FENWICK,NORMALIZE,16,203300,69704
N1000_K9_SKEWED_1000,1000,950,9,100850,FENWICK,NORMALIZE,17,203100,69704
N1000_K9_SKEWED_1000,1000,950,9,100850,FENWICK,NORMALIZE,18,215000,69704
N1000_K9_SKEWED_1000,1000,950,9,100850,FENWICK,NORMALIZE,19,210400,69704
N1000_K9_SKEWED_1000,1000,950,9,100850,FENWICK,BUILD,0,8100,15336
N1000_K9_SKEWED_1000,1000,950,9,100850,FENWICK,BUILD,1,8000,15336
N1000_K9_SKEWED_1000,1000,950,9,100850,FENWICK,BUILD,2,13000,15336
N1000_K9_SKEWED_1000,1000,950,9,100850,FENWICK,BUILD,3,8101,15336
N1000_K9_SKEWED_1000,1000,950,9,100850,FENWICK,BUILD,4,7700,15336
N1000_K9_SKEWED_1000,1000,950,9,100850,FENWICK,BUILD,5,9499,15336
N1000_K9_SKEWED_1000,1000,950,9,100850,FENWICK,BUILD,6,7900,15336
N1000_K9_SKEWED_1000,1000,950,9,100850,FENWICK,BUILD,7,8200,15336
N1000_K9_SKEWED_1000,1000,950,9,100850,FENWICK,BUILD,8,7800,15336
N1000_K9_SKEWED_1000,1000,950,9,100850,FENWICK,BUILD,9,8000,15336
N1000_K9_SKEWED_1000,1000,950,9,100850,FENWICK,BUILD,10,8200,15336
N1000_K9_SKEWED_1000,1000,950,9,100850,FENWICK,BUILD,11,8401,15336
N1000_K9_SKEWED_1000,1000,950,9,100850,FENWICK,BUILD,12,7899,15336
N1000_K9_SKEWED_1000,1000,950,9,100850,FENWICK,BUILD,13,8000,15336
N1000_K9_SKEWED_1000,1000,950,9,100850,FENWICK,BUILD,14,8300,15336
N1000_K9_SKEWED_1000,1000,950,9,100850,FENWICK,BUILD,15,8100,15336
N1000_K9_SKEWED_1000,1000,950,9,100850,FENWICK,BUILD,16,7900,15336
N1000_K9_SKEWED_1000,1000,950,9,100850,FENWICK,BUILD,17,8000,15336
N1000_K9_SKEWED_1000,1000,950,9,100850,FENWICK,BUILD,18,8000,15336
N1000_K9_SKEWED_1000,1000,950,9,100850,FENWICK,BUILD,19,8100,15336
N1000_K9_SKEWED_1000,1000,950,9,100850,FENWICK,SELECT,0,8801,2816
N1000_K9_SKEWED_1000,1000,950,9,100850,FENWICK,SELECT,1,9500,2816
N1000_K9_SKEWED_1000,1000,950,9,100850,FENWICK,SELECT,2,13100,2816
N1000_K9_SKEWED_1000,1000,950,9,100850,FENWICK,SELECT,3,10599,2816
N1000_K9_SKEWED_1000,1000,950,9,100850,FENWICK,SELECT,4,9399,2816
N1000_K9_SKEWED_1000,1000,950,9,100850,FENWICK,SELECT,5,13400,2816
N1000_K9_SKEWED_1000,1000,950,9,100850,FENWICK,SELECT,6,14000,2816
N1000_K9_SKEWED_1000,1000,950,9,100850,FENWICK,SELECT,7,10000,2816
N1000_K9_SKEWED_1000,1000,950,9,100850,FENWICK,SELECT,8,23101,2816
N1000_K9_SKEWED_1000,1000,950,9,100850,FENWICK,SELECT,9,14200,2816
N1000_K9_SKEWED_1000,1000,950,9,100850,FENWICK,SELECT,10,15200,2816
N1000_K9_SKEWED_1000,1000,950,9,100850,FENWICK,SELECT,11,11901,2816
N1000_K9_SKEWED_1000,1000,950,9,100850,FENWICK,SELECT,12,10100,2816
N1000_K9_SKEWED_1000,1000,950,9,100850,FENWICK,SELECT,13,11400,2816
N1000_K9_SKEWED_1000,1000,950,9,100850,FENWICK,SELECT,14,9699,2816
N1000_K9_SKEWED_1000,1000,950,9,100850,FENWICK,SELECT,15,9300,2816
N1000_K9_SKEWED_1000,1000,950,9,100850,FENWICK,SELECT,16,9100,2816
N1000_K9_SKEWED_1000,1000,950,9,100850,FENWICK,SELECT,17,9400,2816
N1000_K9_SKEWED_1000,1000,950,9,100850,FENWICK,SELECT,18,11499,2816
N1000_K9_SKEWED_1000,1000,950,9,100850,FENWICK,SELECT,19,9599,2816
N1000_K9_SKEWED_1000,1000,950,9,100850,FENWICK,TOTAL,0,253301,87856
N1000_K9_SKEWED_1000,1000,950,9,100850,FENWICK,TOTAL,1,314299,87856
N1000_K9_SKEWED_1000,1000,950,9,100850,FENWICK,TOTAL,2,283200,87856
N1000_K9_SKEWED_1000,1000,950,9,100850,FENWICK,TOTAL,3,253001,87856
N1000_K9_SKEWED_1000,1000,950,9,100850,FENWICK,TOTAL,4,231401,87856
N1000_K9_SKEWED_1000,1000,950,9,100850,FENWICK,TOTAL,5,229200,87856
N1000_K9_SKEWED_1000,1000,950,9,100850,FENWICK,TOTAL,6,231700,87856
N1000_K9_SKEWED_1000,1000,950,9,100850,FENWICK,TOTAL,7,238700,87856
N1000_K9_SKEWED_1000,1000,950,9,100850,FENWICK,TOTAL,8,228700,87856
N1000_K9_SKEWED_1000,1000,950,9,100850,FENWICK,TOTAL,9,230499,87856
N1000_K9_SKEWED_1000,1000,950,9,100850,FENWICK,TOTAL,10,230300,87856
N1000_K9_SKEWED_1000,1000,950,9,100850,FENWICK,TOTAL,11,233299,87856
N1000_K9_SKEWED_1000,1000,950,9,100850,FENWICK,TOTAL,12,223899,87856
N1000_K9_SKEWED_1000,1000,950,9,100850,FENWICK,TOTAL,13,223899,87856
N1000_K9_SKEWED_1000,1000,950,9,100850,FENWICK,TOTAL,14,228200,87856
N1000_K9_SKEWED_1000,1000,950,9,100850,FENWICK,TOTAL,15,239901,87856
N1000_K9_SKEWED_1000,1000,950,9,100850,FENWICK,TOTAL,16,228000,87856
N1000_K9_SKEWED_1000,1000,950,9,100850,FENWICK,TOTAL,17,255499,87856
N1000_K9_SKEWED_1000,1000,950,9,100850,FENWICK,TOTAL,18,239801,87856
N1000_K9_SKEWED_1000,1000,950,9,100850,FENWICK,TOTAL,19,246901,87856
N1000_K95_SKEWED_1000,1000,950,95,100850,TICKET_ARRAY,NORMALIZE,0,260000,69704
N1000_K95_SKEWED_1000,1000,950,95,100850,TICKET_ARRAY,NORMALIZE,1,208900,69704
N1000_K95_SKEWED_1000,1000,950,95,100850,TICKET_ARRAY,NORMALIZE,2,205400,69704
N1000_K95_SKEWED_1000,1000,950,95,100850,TICKET_ARRAY,NORMALIZE,3,221300,69704
N1000_K95_SKEWED_1000,1000,950,95,100850,TICKET_ARRAY,NORMALIZE,4,231000,69704
N1000_K95_SKEWED_1000,1000,950,95,100850,TICKET_ARRAY,NORMALIZE,5,208901,69704
N1000_K95_SKEWED_1000,1000,950,95,100850,TICKET_ARRAY,NORMALIZE,6,205701,69704
N1000_K95_SKEWED_1000,1000,950,95,100850,TICKET_ARRAY,NORMALIZE,7,205400,69704
N1000_K95_SKEWED_1000,1000,950,95,100850,TICKET_ARRAY,NORMALIZE,8,366800,69704
N1000_K95_SKEWED_1000,1000,950,95,100850,TICKET_ARRAY,NORMALIZE,9,333301,69704
N1000_K95_SKEWED_1000,1000,950,95,100850,TICKET_ARRAY,NORMALIZE,10,349700,69704
N1000_K95_SKEWED_1000,1000,950,95,100850,TICKET_ARRAY,NORMALIZE,11,359400,69704
N1000_K95_SKEWED_1000,1000,950,95,100850,TICKET_ARRAY,NORMALIZE,12,341500,69704
N1000_K95_SKEWED_1000,1000,950,95,100850,TICKET_ARRAY,NORMALIZE,13,297500,69704
N1000_K95_SKEWED_1000,1000,950,95,100850,TICKET_ARRAY,NORMALIZE,14,232601,69704
N1000_K95_SKEWED_1000,1000,950,95,100850,TICKET_ARRAY,NORMALIZE,15,208701,69704
N1000_K95_SKEWED_1000,1000,950,95,100850,TICKET_ARRAY,NORMALIZE,16,208001,69704
N1000_K95_SKEWED_1000,1000,950,95,100850,TICKET_ARRAY,NORMALIZE,17,213300,69704
N1000_K95_SKEWED_1000,1000,950,95,100850,TICKET_ARRAY,NORMALIZE,18,244200,69704
N1000_K95_SKEWED_1000,1000,950,95,100850,TICKET_ARRAY,NORMALIZE,19,221101,69704
N1000_K95_SKEWED_1000,1000,950,95,100850,TICKET_ARRAY,BUILD,0,89001,403440
N1000_K95_SKEWED_1000,1000,950,95,100850,TICKET_ARRAY,BUILD,1,88001,403440
N1000_K95_SKEWED_1000,1000,950,95,100850,TICKET_ARRAY,BUILD,2,90100,403440
N1000_K95_SKEWED_1000,1000,950,95,100850,TICKET_ARRAY,BUILD,3,109499,403440
N1000_K95_SKEWED_1000,1000,950,95,100850,TICKET_ARRAY,BUILD,4,90900,403440
N1000_K95_SKEWED_1000,1000,950,95,100850,TICKET_ARRAY,BUILD,5,90400,403440
N1000_K95_SKEWED_1000,1000,950,95,100850,TICKET_ARRAY,BUILD,6,93100,403440
N1000_K95_SKEWED_1000,1000,950,95,100850,TICKET_ARRAY,BUILD,7,89801,403440
N1000_K95_SKEWED_1000,1000,950,95,100850,TICKET_ARRAY,BUILD,8,92401,403440
N1000_K95_SKEWED_1000,1000,950,95,100850,TICKET_ARRAY,BUILD,9,93600,403440
N1000_K95_SKEWED_1000,1000,950,95,100850,TICKET_ARRAY,BUILD,10,94100,403440
N1000_K95_SKEWED_1000,1000,950,95,100850,TICKET_ARRAY,BUILD,11,90100,403440
N1000_K95_SKEWED_1000,1000,950,95,100850,TICKET_ARRAY,BUILD,12,95101,403440
N1000_K95_SKEWED_1000,1000,950,95,100850,TICKET_ARRAY,BUILD,13,92000,403440
N1000_K95_SKEWED_1000,1000,950,95,100850,TICKET_ARRAY,BUILD,14,94201,403440
N1000_K95_SKEWED_1000,1000,950,95,100850,TICKET_ARRAY,BUILD,15,121399,403440
N1000_K95_SKEWED_1000,1000,950,95,100850,TICKET_ARRAY,BUILD,16,96501,403440
N1000_K95_SKEWED_1000,1000,950,95,100850,TICKET_ARRAY,BUILD,17,92700,403440
N1000_K95_SKEWED_1000,1000,950,95,100850,TICKET_ARRAY,BUILD,18,221900,403440
N1000_K95_SKEWED_1000,1000,950,95,100850,TICKET_ARRAY,BUILD,19,180800,403440
N1000_K95_SKEWED_1000,1000,950,95,100850,TICKET_ARRAY,SELECT,0,3418299,17568
N1000_K95_SKEWED_1000,1000,950,95,100850,TICKET_ARRAY,SELECT,1,3184100,17568
N1000_K95_SKEWED_1000,1000,950,95,100850,TICKET_ARRAY,SELECT,2,3105400,17568
N1000_K95_SKEWED_1000,1000,950,95,100850,TICKET_ARRAY,SELECT,3,3108801,17568
N1000_K95_SKEWED_1000,1000,950,95,100850,TICKET_ARRAY,SELECT,4,3332900,17568
N1000_K95_SKEWED_1000,1000,950,95,100850,TICKET_ARRAY,SELECT,5,3117300,17568
N1000_K95_SKEWED_1000,1000,950,95,100850,TICKET_ARRAY,SELECT,6,3126900,17568
N1000_K95_SKEWED_1000,1000,950,95,100850,TICKET_ARRAY,SELECT,7,3145301,17568
N1000_K95_SKEWED_1000,1000,950,95,100850,TICKET_ARRAY,SELECT,8,3162400,17568
N1000_K95_SKEWED_1000,1000,950,95,100850,TICKET_ARRAY,SELECT,9,3344700,17568
N1000_K95_SKEWED_1000,1000,950,95,100850,TICKET_ARRAY,SELECT,10,3150899,17568
N1000_K95_SKEWED_1000,1000,950,95,100850,TICKET_ARRAY,SELECT,11,3241300,17568
N1000_K95_SKEWED_1000,1000,950,95,100850,TICKET_ARRAY,SELECT,12,3134500,17568
N1000_K95_SKEWED_1000,1000,950,95,100850,TICKET_ARRAY,SELECT,13,3416700,17568
N1000_K95_SKEWED_1000,1000,950,95,100850,TICKET_ARRAY,SELECT,14,3203100,17568
N1000_K95_SKEWED_1000,1000,950,95,100850,TICKET_ARRAY,SELECT,15,3173699,17568
N1000_K95_SKEWED_1000,1000,950,95,100850,TICKET_ARRAY,SELECT,16,3172000,17568
N1000_K95_SKEWED_1000,1000,950,95,100850,TICKET_ARRAY,SELECT,17,3286300,17568
N1000_K95_SKEWED_1000,1000,950,95,100850,TICKET_ARRAY,SELECT,18,3147500,17568
N1000_K95_SKEWED_1000,1000,950,95,100850,TICKET_ARRAY,SELECT,19,3319501,17568
N1000_K95_SKEWED_1000,1000,950,95,100850,TICKET_ARRAY,TOTAL,0,3525200,490712
N1000_K95_SKEWED_1000,1000,950,95,100850,TICKET_ARRAY,TOTAL,1,4057500,490712
N1000_K95_SKEWED_1000,1000,950,95,100850,TICKET_ARRAY,TOTAL,2,4099799,490712
N1000_K95_SKEWED_1000,1000,950,95,100850,TICKET_ARRAY,TOTAL,3,3676900,490712
N1000_K95_SKEWED_1000,1000,950,95,100850,TICKET_ARRAY,TOTAL,4,3553099,490712
N1000_K95_SKEWED_1000,1000,950,95,100850,TICKET_ARRAY,TOTAL,5,3719399,490712
N1000_K95_SKEWED_1000,1000,950,95,100850,TICKET_ARRAY,TOTAL,6,3576900,490712
N1000_K95_SKEWED_1000,1000,950,95,100850,TICKET_ARRAY,TOTAL,7,3481900,490712
N1000_K95_SKEWED_1000,1000,950,95,100850,TICKET_ARRAY,TOTAL,8,3457499,490712
N1000_K95_SKEWED_1000,1000,950,95,100850,TICKET_ARRAY,TOTAL,9,3703600,490712
N1000_K95_SKEWED_1000,1000,950,95,100850,TICKET_ARRAY,TOTAL,10,3642100,490712
N1000_K95_SKEWED_1000,1000,950,95,100850,TICKET_ARRAY,TOTAL,11,3625800,490712
N1000_K95_SKEWED_1000,1000,950,95,100850,TICKET_ARRAY,TOTAL,12,3537500,490712
N1000_K95_SKEWED_1000,1000,950,95,100850,TICKET_ARRAY,TOTAL,13,3457799,490712
N1000_K95_SKEWED_1000,1000,950,95,100850,TICKET_ARRAY,TOTAL,14,3700000,490712
N1000_K95_SKEWED_1000,1000,950,95,100850,TICKET_ARRAY,TOTAL,15,3496599,490712
N1000_K95_SKEWED_1000,1000,950,95,100850,TICKET_ARRAY,TOTAL,16,3475201,490712
N1000_K95_SKEWED_1000,1000,950,95,100850,TICKET_ARRAY,TOTAL,17,3451899,490712
N1000_K95_SKEWED_1000,1000,950,95,100850,TICKET_ARRAY,TOTAL,18,3831400,490712
N1000_K95_SKEWED_1000,1000,950,95,100850,TICKET_ARRAY,TOTAL,19,3684800,490712
N1000_K95_SKEWED_1000,1000,950,95,100850,PREFIX_LINEAR,NORMALIZE,0,224899,69704
N1000_K95_SKEWED_1000,1000,950,95,100850,PREFIX_LINEAR,NORMALIZE,1,223201,69704
N1000_K95_SKEWED_1000,1000,950,95,100850,PREFIX_LINEAR,NORMALIZE,2,208201,69704
N1000_K95_SKEWED_1000,1000,950,95,100850,PREFIX_LINEAR,NORMALIZE,3,207299,69704
N1000_K95_SKEWED_1000,1000,950,95,100850,PREFIX_LINEAR,NORMALIZE,4,238200,69704
N1000_K95_SKEWED_1000,1000,950,95,100850,PREFIX_LINEAR,NORMALIZE,5,207300,69704
N1000_K95_SKEWED_1000,1000,950,95,100850,PREFIX_LINEAR,NORMALIZE,6,250801,69704
N1000_K95_SKEWED_1000,1000,950,95,100850,PREFIX_LINEAR,NORMALIZE,7,219800,69704
N1000_K95_SKEWED_1000,1000,950,95,100850,PREFIX_LINEAR,NORMALIZE,8,222400,69704
N1000_K95_SKEWED_1000,1000,950,95,100850,PREFIX_LINEAR,NORMALIZE,9,211000,69704
N1000_K95_SKEWED_1000,1000,950,95,100850,PREFIX_LINEAR,NORMALIZE,10,206900,69704
N1000_K95_SKEWED_1000,1000,950,95,100850,PREFIX_LINEAR,NORMALIZE,11,206500,69704
N1000_K95_SKEWED_1000,1000,950,95,100850,PREFIX_LINEAR,NORMALIZE,12,204199,69704
N1000_K95_SKEWED_1000,1000,950,95,100850,PREFIX_LINEAR,NORMALIZE,13,216100,69704
N1000_K95_SKEWED_1000,1000,950,95,100850,PREFIX_LINEAR,NORMALIZE,14,205800,69704
N1000_K95_SKEWED_1000,1000,950,95,100850,PREFIX_LINEAR,NORMALIZE,15,204300,69704
N1000_K95_SKEWED_1000,1000,950,95,100850,PREFIX_LINEAR,NORMALIZE,16,210301,69704
N1000_K95_SKEWED_1000,1000,950,95,100850,PREFIX_LINEAR,NORMALIZE,17,205800,69704
N1000_K95_SKEWED_1000,1000,950,95,100850,PREFIX_LINEAR,NORMALIZE,18,211799,69704
N1000_K95_SKEWED_1000,1000,950,95,100850,PREFIX_LINEAR,NORMALIZE,19,205600,69704
N1000_K95_SKEWED_1000,1000,950,95,100850,PREFIX_LINEAR,BUILD,0,3200,15264
N1000_K95_SKEWED_1000,1000,950,95,100850,PREFIX_LINEAR,BUILD,1,2500,15264
N1000_K95_SKEWED_1000,1000,950,95,100850,PREFIX_LINEAR,BUILD,2,2600,15264
N1000_K95_SKEWED_1000,1000,950,95,100850,PREFIX_LINEAR,BUILD,3,2800,15264
N1000_K95_SKEWED_1000,1000,950,95,100850,PREFIX_LINEAR,BUILD,4,2600,15264
N1000_K95_SKEWED_1000,1000,950,95,100850,PREFIX_LINEAR,BUILD,5,2600,15264
N1000_K95_SKEWED_1000,1000,950,95,100850,PREFIX_LINEAR,BUILD,6,2700,15264
N1000_K95_SKEWED_1000,1000,950,95,100850,PREFIX_LINEAR,BUILD,7,6600,15264
N1000_K95_SKEWED_1000,1000,950,95,100850,PREFIX_LINEAR,BUILD,8,2500,15264
N1000_K95_SKEWED_1000,1000,950,95,100850,PREFIX_LINEAR,BUILD,9,2501,15264
N1000_K95_SKEWED_1000,1000,950,95,100850,PREFIX_LINEAR,BUILD,10,2400,15264
N1000_K95_SKEWED_1000,1000,950,95,100850,PREFIX_LINEAR,BUILD,11,2500,15264
N1000_K95_SKEWED_1000,1000,950,95,100850,PREFIX_LINEAR,BUILD,12,2401,15264
N1000_K95_SKEWED_1000,1000,950,95,100850,PREFIX_LINEAR,BUILD,13,2599,15264
N1000_K95_SKEWED_1000,1000,950,95,100850,PREFIX_LINEAR,BUILD,14,2500,15264
N1000_K95_SKEWED_1000,1000,950,95,100850,PREFIX_LINEAR,BUILD,15,2501,15264
N1000_K95_SKEWED_1000,1000,950,95,100850,PREFIX_LINEAR,BUILD,16,27201,15264
N1000_K95_SKEWED_1000,1000,950,95,100850,PREFIX_LINEAR,BUILD,17,2600,15264
N1000_K95_SKEWED_1000,1000,950,95,100850,PREFIX_LINEAR,BUILD,18,2401,15264
N1000_K95_SKEWED_1000,1000,950,95,100850,PREFIX_LINEAR,BUILD,19,2500,15264
N1000_K95_SKEWED_1000,1000,950,95,100850,PREFIX_LINEAR,SELECT,0,50200,17568
N1000_K95_SKEWED_1000,1000,950,95,100850,PREFIX_LINEAR,SELECT,1,53000,17568
N1000_K95_SKEWED_1000,1000,950,95,100850,PREFIX_LINEAR,SELECT,2,53100,17568
N1000_K95_SKEWED_1000,1000,950,95,100850,PREFIX_LINEAR,SELECT,3,51900,17568
N1000_K95_SKEWED_1000,1000,950,95,100850,PREFIX_LINEAR,SELECT,4,51500,17568
N1000_K95_SKEWED_1000,1000,950,95,100850,PREFIX_LINEAR,SELECT,5,53000,17568
N1000_K95_SKEWED_1000,1000,950,95,100850,PREFIX_LINEAR,SELECT,6,53000,17568
N1000_K95_SKEWED_1000,1000,950,95,100850,PREFIX_LINEAR,SELECT,7,52200,17568
N1000_K95_SKEWED_1000,1000,950,95,100850,PREFIX_LINEAR,SELECT,8,52100,17568
N1000_K95_SKEWED_1000,1000,950,95,100850,PREFIX_LINEAR,SELECT,9,63900,17568
N1000_K95_SKEWED_1000,1000,950,95,100850,PREFIX_LINEAR,SELECT,10,53600,17568
N1000_K95_SKEWED_1000,1000,950,95,100850,PREFIX_LINEAR,SELECT,11,51801,17568
N1000_K95_SKEWED_1000,1000,950,95,100850,PREFIX_LINEAR,SELECT,12,51201,17568
N1000_K95_SKEWED_1000,1000,950,95,100850,PREFIX_LINEAR,SELECT,13,51000,17568
N1000_K95_SKEWED_1000,1000,950,95,100850,PREFIX_LINEAR,SELECT,14,51500,17568
N1000_K95_SKEWED_1000,1000,950,95,100850,PREFIX_LINEAR,SELECT,15,53000,17568
N1000_K95_SKEWED_1000,1000,950,95,100850,PREFIX_LINEAR,SELECT,16,50700,17568
N1000_K95_SKEWED_1000,1000,950,95,100850,PREFIX_LINEAR,SELECT,17,51001,17568
N1000_K95_SKEWED_1000,1000,950,95,100850,PREFIX_LINEAR,SELECT,18,51200,17568
N1000_K95_SKEWED_1000,1000,950,95,100850,PREFIX_LINEAR,SELECT,19,52200,17568
N1000_K95_SKEWED_1000,1000,950,95,100850,PREFIX_LINEAR,TOTAL,0,485400,102536
N1000_K95_SKEWED_1000,1000,950,95,100850,PREFIX_LINEAR,TOTAL,1,509501,102536
N1000_K95_SKEWED_1000,1000,950,95,100850,PREFIX_LINEAR,TOTAL,2,522700,102536
N1000_K95_SKEWED_1000,1000,950,95,100850,PREFIX_LINEAR,TOTAL,3,556000,102536
N1000_K95_SKEWED_1000,1000,950,95,100850,PREFIX_LINEAR,TOTAL,4,500300,102536
N1000_K95_SKEWED_1000,1000,950,95,100850,PREFIX_LINEAR,TOTAL,5,415701,102536
N1000_K95_SKEWED_1000,1000,950,95,100850,PREFIX_LINEAR,TOTAL,6,330701,102536
N1000_K95_SKEWED_1000,1000,950,95,100850,PREFIX_LINEAR,TOTAL,7,319901,102536
N1000_K95_SKEWED_1000,1000,950,95,100850,PREFIX_LINEAR,TOTAL,8,414999,102536
N1000_K95_SKEWED_1000,1000,950,95,100850,PREFIX_LINEAR,TOTAL,9,384500,102536
N1000_K95_SKEWED_1000,1000,950,95,100850,PREFIX_LINEAR,TOTAL,10,303901,102536
N1000_K95_SKEWED_1000,1000,950,95,100850,PREFIX_LINEAR,TOTAL,11,285100,102536
N1000_K95_SKEWED_1000,1000,950,95,100850,PREFIX_LINEAR,TOTAL,12,280600,102536
N1000_K95_SKEWED_1000,1000,950,95,100850,PREFIX_LINEAR,TOTAL,13,306499,102536
N1000_K95_SKEWED_1000,1000,950,95,100850,PREFIX_LINEAR,TOTAL,14,276899,102536
N1000_K95_SKEWED_1000,1000,950,95,100850,PREFIX_LINEAR,TOTAL,15,267300,102536
N1000_K95_SKEWED_1000,1000,950,95,100850,PREFIX_LINEAR,TOTAL,16,263100,102536
N1000_K95_SKEWED_1000,1000,950,95,100850,PREFIX_LINEAR,TOTAL,17,274500,102536
N1000_K95_SKEWED_1000,1000,950,95,100850,PREFIX_LINEAR,TOTAL,18,295301,102536
N1000_K95_SKEWED_1000,1000,950,95,100850,PREFIX_LINEAR,TOTAL,19,269200,102536
N1000_K95_SKEWED_1000,1000,950,95,100850,PREFIX_BINARY,NORMALIZE,0,221400,69704
N1000_K95_SKEWED_1000,1000,950,95,100850,PREFIX_BINARY,NORMALIZE,1,207400,69704
N1000_K95_SKEWED_1000,1000,950,95,100850,PREFIX_BINARY,NORMALIZE,2,204901,69704
N1000_K95_SKEWED_1000,1000,950,95,100850,PREFIX_BINARY,NORMALIZE,3,204399,69704
N1000_K95_SKEWED_1000,1000,950,95,100850,PREFIX_BINARY,NORMALIZE,4,215900,69704
N1000_K95_SKEWED_1000,1000,950,95,100850,PREFIX_BINARY,NORMALIZE,5,205400,69704
N1000_K95_SKEWED_1000,1000,950,95,100850,PREFIX_BINARY,NORMALIZE,6,212500,69704
N1000_K95_SKEWED_1000,1000,950,95,100850,PREFIX_BINARY,NORMALIZE,7,205099,69704
N1000_K95_SKEWED_1000,1000,950,95,100850,PREFIX_BINARY,NORMALIZE,8,229500,69704
N1000_K95_SKEWED_1000,1000,950,95,100850,PREFIX_BINARY,NORMALIZE,9,207100,69704
N1000_K95_SKEWED_1000,1000,950,95,100850,PREFIX_BINARY,NORMALIZE,10,206400,69704
N1000_K95_SKEWED_1000,1000,950,95,100850,PREFIX_BINARY,NORMALIZE,11,205001,69704
N1000_K95_SKEWED_1000,1000,950,95,100850,PREFIX_BINARY,NORMALIZE,12,205800,69704
N1000_K95_SKEWED_1000,1000,950,95,100850,PREFIX_BINARY,NORMALIZE,13,240301,69704
N1000_K95_SKEWED_1000,1000,950,95,100850,PREFIX_BINARY,NORMALIZE,14,211599,69704
N1000_K95_SKEWED_1000,1000,950,95,100850,PREFIX_BINARY,NORMALIZE,15,245300,69704
N1000_K95_SKEWED_1000,1000,950,95,100850,PREFIX_BINARY,NORMALIZE,16,213300,69704
N1000_K95_SKEWED_1000,1000,950,95,100850,PREFIX_BINARY,NORMALIZE,17,251200,69704
N1000_K95_SKEWED_1000,1000,950,95,100850,PREFIX_BINARY,NORMALIZE,18,269000,69704
N1000_K95_SKEWED_1000,1000,950,95,100850,PREFIX_BINARY,NORMALIZE,19,209801,69704
N1000_K95_SKEWED_1000,1000,950,95,100850,PREFIX_BINARY,BUILD,0,3099,15264
N1000_K95_SKEWED_1000,1000,950,95,100850,PREFIX_BINARY,BUILD,1,2699,15264
N1000_K95_SKEWED_1000,1000,950,95,100850,PREFIX_BINARY,BUILD,2,2401,15264
N1000_K95_SKEWED_1000,1000,950,95,100850,PREFIX_BINARY,BUILD,3,2700,15264
N1000_K95_SKEWED_1000,1000,950,95,100850,PREFIX_BINARY,BUILD,4,2599,15264
N1000_K95_SKEWED_1000,1000,950,95,100850,PREFIX_BINARY,BUILD,5,2500,15264
N1000_K95_SKEWED_1000,1000,950,95,100850,PREFIX_BINARY,BUILD,6,4099,15264
N1000_K95_SKEWED_1000,1000,950,95,100850,PREFIX_BINARY,BUILD,7,2601,15264
N1000_K95_SKEWED_1000,1000,950,95,100850,PREFIX_BINARY,BUILD,8,5100,15264
N1000_K95_SKEWED_1000,1000,950,95,100850,PREFIX_BINARY,BUILD,9,2899,15264
N1000_K95_SKEWED_1000,1000,950,95,100850,PREFIX_BINARY,BUILD,10,2500,15264
N1000_K95_SKEWED_1000,1000,950,95,100850,PREFIX_BINARY,BUILD,11,3000,15264
N1000_K95_SKEWED_1000,1000,950,95,100850,PREFIX_BINARY,BUILD,12,2600,15264
N1000_K95_SKEWED_1000,1000,950,95,100850,PREFIX_BINARY,BUILD,13,2701,15264
N1000_K95_SKEWED_1000,1000,950,95,100850,PREFIX_BINARY,BUILD,14,2700,15264
N1000_K95_SKEWED_1000,1000,950,95,100850,PREFIX_BINARY,BUILD,15,2500,15264
N1000_K95_SKEWED_1000,1000,950,95,100850,PREFIX_BINARY,BUILD,16,2601,15264
N1000_K95_SKEWED_1000,1000,950,95,100850,PREFIX_BINARY,BUILD,17,2500,15264
N1000_K95_SKEWED_1000,1000,950,95,100850,PREFIX_BINARY,BUILD,18,2600,15264
N1000_K95_SKEWED_1000,1000,950,95,100850,PREFIX_BINARY,BUILD,19,2601,15264
N1000_K95_SKEWED_1000,1000,950,95,100850,PREFIX_BINARY,SELECT,0,39301,17568
N1000_K95_SKEWED_1000,1000,950,95,100850,PREFIX_BINARY,SELECT,1,47399,17568
N1000_K95_SKEWED_1000,1000,950,95,100850,PREFIX_BINARY,SELECT,2,47000,17568
N1000_K95_SKEWED_1000,1000,950,95,100850,PREFIX_BINARY,SELECT,3,41300,17568
N1000_K95_SKEWED_1000,1000,950,95,100850,PREFIX_BINARY,SELECT,4,49501,17568
N1000_K95_SKEWED_1000,1000,950,95,100850,PREFIX_BINARY,SELECT,5,52401,17568
N1000_K95_SKEWED_1000,1000,950,95,100850,PREFIX_BINARY,SELECT,6,47100,17568
N1000_K95_SKEWED_1000,1000,950,95,100850,PREFIX_BINARY,SELECT,7,45300,17568
N1000_K95_SKEWED_1000,1000,950,95,100850,PREFIX_BINARY,SELECT,8,46500,17568
N1000_K95_SKEWED_1000,1000,950,95,100850,PREFIX_BINARY,SELECT,9,45400,17568
N1000_K95_SKEWED_1000,1000,950,95,100850,PREFIX_BINARY,SELECT,10,51401,17568
N1000_K95_SKEWED_1000,1000,950,95,100850,PREFIX_BINARY,SELECT,11,44601,17568
N1000_K95_SKEWED_1000,1000,950,95,100850,PREFIX_BINARY,SELECT,12,45900,17568
N1000_K95_SKEWED_1000,1000,950,95,100850,PREFIX_BINARY,SELECT,13,65201,17568
N1000_K95_SKEWED_1000,1000,950,95,100850,PREFIX_BINARY,SELECT,14,48400,17568
N1000_K95_SKEWED_1000,1000,950,95,100850,PREFIX_BINARY,SELECT,15,46100,17568
N1000_K95_SKEWED_1000,1000,950,95,100850,PREFIX_BINARY,SELECT,16,46900,17568
N1000_K95_SKEWED_1000,1000,950,95,100850,PREFIX_BINARY,SELECT,17,54201,17568
N1000_K95_SKEWED_1000,1000,950,95,100850,PREFIX_BINARY,SELECT,18,46100,17568
N1000_K95_SKEWED_1000,1000,950,95,100850,PREFIX_BINARY,SELECT,19,45200,17568
N1000_K95_SKEWED_1000,1000,950,95,100850,PREFIX_BINARY,TOTAL,0,250100,102536
N1000_K95_SKEWED_1000,1000,950,95,100850,PREFIX_BINARY,TOTAL,1,284700,102536
N1000_K95_SKEWED_1000,1000,950,95,100850,PREFIX_BINARY,TOTAL,2,281500,102536
N1000_K95_SKEWED_1000,1000,950,95,100850,PREFIX_BINARY,TOTAL,3,262100,102536
N1000_K95_SKEWED_1000,1000,950,95,100850,PREFIX_BINARY,TOTAL,4,259900,102536
N1000_K95_SKEWED_1000,1000,950,95,100850,PREFIX_BINARY,TOTAL,5,268200,102536
N1000_K95_SKEWED_1000,1000,950,95,100850,PREFIX_BINARY,TOTAL,6,353200,102536
N1000_K95_SKEWED_1000,1000,950,95,100850,PREFIX_BINARY,TOTAL,7,404301,102536
N1000_K95_SKEWED_1000,1000,950,95,100850,PREFIX_BINARY,TOTAL,8,428100,102536
N1000_K95_SKEWED_1000,1000,950,95,100850,PREFIX_BINARY,TOTAL,9,362600,102536
N1000_K95_SKEWED_1000,1000,950,95,100850,PREFIX_BINARY,TOTAL,10,277500,102536
N1000_K95_SKEWED_1000,1000,950,95,100850,PREFIX_BINARY,TOTAL,11,452400,102536
N1000_K95_SKEWED_1000,1000,950,95,100850,PREFIX_BINARY,TOTAL,12,451300,102536
N1000_K95_SKEWED_1000,1000,950,95,100850,PREFIX_BINARY,TOTAL,13,413200,102536
N1000_K95_SKEWED_1000,1000,950,95,100850,PREFIX_BINARY,TOTAL,14,438200,102536
N1000_K95_SKEWED_1000,1000,950,95,100850,PREFIX_BINARY,TOTAL,15,406399,102536
N1000_K95_SKEWED_1000,1000,950,95,100850,PREFIX_BINARY,TOTAL,16,478701,102536
N1000_K95_SKEWED_1000,1000,950,95,100850,PREFIX_BINARY,TOTAL,17,404300,102536
N1000_K95_SKEWED_1000,1000,950,95,100850,PREFIX_BINARY,TOTAL,18,441700,102536
N1000_K95_SKEWED_1000,1000,950,95,100850,PREFIX_BINARY,TOTAL,19,425800,102536
N1000_K95_SKEWED_1000,1000,950,95,100850,FENWICK,NORMALIZE,0,333800,69704
N1000_K95_SKEWED_1000,1000,950,95,100850,FENWICK,NORMALIZE,1,327099,69704
N1000_K95_SKEWED_1000,1000,950,95,100850,FENWICK,NORMALIZE,2,326800,69704
N1000_K95_SKEWED_1000,1000,950,95,100850,FENWICK,NORMALIZE,3,334199,69704
N1000_K95_SKEWED_1000,1000,950,95,100850,FENWICK,NORMALIZE,4,331100,69704
N1000_K95_SKEWED_1000,1000,950,95,100850,FENWICK,NORMALIZE,5,330001,69704
N1000_K95_SKEWED_1000,1000,950,95,100850,FENWICK,NORMALIZE,6,335800,69704
N1000_K95_SKEWED_1000,1000,950,95,100850,FENWICK,NORMALIZE,7,327199,69704
N1000_K95_SKEWED_1000,1000,950,95,100850,FENWICK,NORMALIZE,8,326200,69704
N1000_K95_SKEWED_1000,1000,950,95,100850,FENWICK,NORMALIZE,9,327600,69704
N1000_K95_SKEWED_1000,1000,950,95,100850,FENWICK,NORMALIZE,10,326700,69704
N1000_K95_SKEWED_1000,1000,950,95,100850,FENWICK,NORMALIZE,11,386300,69704
N1000_K95_SKEWED_1000,1000,950,95,100850,FENWICK,NORMALIZE,12,330799,69704
N1000_K95_SKEWED_1000,1000,950,95,100850,FENWICK,NORMALIZE,13,299501,69704
N1000_K95_SKEWED_1000,1000,950,95,100850,FENWICK,NORMALIZE,14,264800,69704
N1000_K95_SKEWED_1000,1000,950,95,100850,FENWICK,NORMALIZE,15,242901,69704
N1000_K95_SKEWED_1000,1000,950,95,100850,FENWICK,NORMALIZE,16,227099,69704
N1000_K95_SKEWED_1000,1000,950,95,100850,FENWICK,NORMALIZE,17,217600,69704
N1000_K95_SKEWED_1000,1000,950,95,100850,FENWICK,NORMALIZE,18,242400,69704
N1000_K95_SKEWED_1000,1000,950,95,100850,FENWICK,NORMALIZE,19,215200,69704
N1000_K95_SKEWED_1000,1000,950,95,100850,FENWICK,BUILD,0,10499,15336
N1000_K95_SKEWED_1000,1000,950,95,100850,FENWICK,BUILD,1,9300,15336
N1000_K95_SKEWED_1000,1000,950,95,100850,FENWICK,BUILD,2,9099,15336
N1000_K95_SKEWED_1000,1000,950,95,100850,FENWICK,BUILD,3,8000,15336
N1000_K95_SKEWED_1000,1000,950,95,100850,FENWICK,BUILD,4,8600,15336
N1000_K95_SKEWED_1000,1000,950,95,100850,FENWICK,BUILD,5,10399,15336
N1000_K95_SKEWED_1000,1000,950,95,100850,FENWICK,BUILD,6,8000,15336
N1000_K95_SKEWED_1000,1000,950,95,100850,FENWICK,BUILD,7,7700,15336
N1000_K95_SKEWED_1000,1000,950,95,100850,FENWICK,BUILD,8,7900,15336
N1000_K95_SKEWED_1000,1000,950,95,100850,FENWICK,BUILD,9,8100,15336
N1000_K95_SKEWED_1000,1000,950,95,100850,FENWICK,BUILD,10,8200,15336
N1000_K95_SKEWED_1000,1000,950,95,100850,FENWICK,BUILD,11,7800,15336
N1000_K95_SKEWED_1000,1000,950,95,100850,FENWICK,BUILD,12,8000,15336
N1000_K95_SKEWED_1000,1000,950,95,100850,FENWICK,BUILD,13,7700,15336
N1000_K95_SKEWED_1000,1000,950,95,100850,FENWICK,BUILD,14,14001,15336
N1000_K95_SKEWED_1000,1000,950,95,100850,FENWICK,BUILD,15,7800,15336
N1000_K95_SKEWED_1000,1000,950,95,100850,FENWICK,BUILD,16,8499,15336
N1000_K95_SKEWED_1000,1000,950,95,100850,FENWICK,BUILD,17,8700,15336
N1000_K95_SKEWED_1000,1000,950,95,100850,FENWICK,BUILD,18,10700,15336
N1000_K95_SKEWED_1000,1000,950,95,100850,FENWICK,BUILD,19,8000,15336
N1000_K95_SKEWED_1000,1000,950,95,100850,FENWICK,SELECT,0,31800,17568
N1000_K95_SKEWED_1000,1000,950,95,100850,FENWICK,SELECT,1,31700,17568
N1000_K95_SKEWED_1000,1000,950,95,100850,FENWICK,SELECT,2,71300,17568
N1000_K95_SKEWED_1000,1000,950,95,100850,FENWICK,SELECT,3,34899,17568
N1000_K95_SKEWED_1000,1000,950,95,100850,FENWICK,SELECT,4,37199,17568
N1000_K95_SKEWED_1000,1000,950,95,100850,FENWICK,SELECT,5,34300,17568
N1000_K95_SKEWED_1000,1000,950,95,100850,FENWICK,SELECT,6,33100,17568
N1000_K95_SKEWED_1000,1000,950,95,100850,FENWICK,SELECT,7,34100,17568
N1000_K95_SKEWED_1000,1000,950,95,100850,FENWICK,SELECT,8,32000,17568
N1000_K95_SKEWED_1000,1000,950,95,100850,FENWICK,SELECT,9,32299,17568
N1000_K95_SKEWED_1000,1000,950,95,100850,FENWICK,SELECT,10,32799,17568
N1000_K95_SKEWED_1000,1000,950,95,100850,FENWICK,SELECT,11,32499,17568
N1000_K95_SKEWED_1000,1000,950,95,100850,FENWICK,SELECT,12,32600,17568
N1000_K95_SKEWED_1000,1000,950,95,100850,FENWICK,SELECT,13,31000,17568
N1000_K95_SKEWED_1000,1000,950,95,100850,FENWICK,SELECT,14,31400,17568
N1000_K95_SKEWED_1000,1000,950,95,100850,FENWICK,SELECT,15,30900,17568
N1000_K95_SKEWED_1000,1000,950,95,100850,FENWICK,SELECT,16,52300,17568
N1000_K95_SKEWED_1000,1000,950,95,100850,FENWICK,SELECT,17,32700,17568
N1000_K95_SKEWED_1000,1000,950,95,100850,FENWICK,SELECT,18,33300,17568
N1000_K95_SKEWED_1000,1000,950,95,100850,FENWICK,SELECT,19,31800,17568
N1000_K95_SKEWED_1000,1000,950,95,100850,FENWICK,TOTAL,0,250100,102608
N1000_K95_SKEWED_1000,1000,950,95,100850,FENWICK,TOTAL,1,248600,102608
N1000_K95_SKEWED_1000,1000,950,95,100850,FENWICK,TOTAL,2,248900,102608
N1000_K95_SKEWED_1000,1000,950,95,100850,FENWICK,TOTAL,3,246901,102608
N1000_K95_SKEWED_1000,1000,950,95,100850,FENWICK,TOTAL,4,252600,102608
N1000_K95_SKEWED_1000,1000,950,95,100850,FENWICK,TOTAL,5,247999,102608
N1000_K95_SKEWED_1000,1000,950,95,100850,FENWICK,TOTAL,6,246299,102608
N1000_K95_SKEWED_1000,1000,950,95,100850,FENWICK,TOTAL,7,259700,102608
N1000_K95_SKEWED_1000,1000,950,95,100850,FENWICK,TOTAL,8,249500,102608
N1000_K95_SKEWED_1000,1000,950,95,100850,FENWICK,TOTAL,9,249799,102608
N1000_K95_SKEWED_1000,1000,950,95,100850,FENWICK,TOTAL,10,319300,102608
N1000_K95_SKEWED_1000,1000,950,95,100850,FENWICK,TOTAL,11,532699,102608
N1000_K95_SKEWED_1000,1000,950,95,100850,FENWICK,TOTAL,12,423900,102608
N1000_K95_SKEWED_1000,1000,950,95,100850,FENWICK,TOTAL,13,345300,102608
N1000_K95_SKEWED_1000,1000,950,95,100850,FENWICK,TOTAL,14,423999,102608
N1000_K95_SKEWED_1000,1000,950,95,100850,FENWICK,TOTAL,15,309900,102608
N1000_K95_SKEWED_1000,1000,950,95,100850,FENWICK,TOTAL,16,270900,102608
N1000_K95_SKEWED_1000,1000,950,95,100850,FENWICK,TOTAL,17,260200,102608
N1000_K95_SKEWED_1000,1000,950,95,100850,FENWICK,TOTAL,18,252800,102608
N1000_K95_SKEWED_1000,1000,950,95,100850,FENWICK,TOTAL,19,251500,102608
N1000_K95_UNIFORM_MILLION,1000,950,95,950000000,PREFIX_LINEAR,NORMALIZE,0,215600,69704
N1000_K95_UNIFORM_MILLION,1000,950,95,950000000,PREFIX_LINEAR,NORMALIZE,1,211300,69704
N1000_K95_UNIFORM_MILLION,1000,950,95,950000000,PREFIX_LINEAR,NORMALIZE,2,210300,69704
N1000_K95_UNIFORM_MILLION,1000,950,95,950000000,PREFIX_LINEAR,NORMALIZE,3,208000,69704
N1000_K95_UNIFORM_MILLION,1000,950,95,950000000,PREFIX_LINEAR,NORMALIZE,4,205199,69704
N1000_K95_UNIFORM_MILLION,1000,950,95,950000000,PREFIX_LINEAR,NORMALIZE,5,205900,69704
N1000_K95_UNIFORM_MILLION,1000,950,95,950000000,PREFIX_LINEAR,NORMALIZE,6,208099,69704
N1000_K95_UNIFORM_MILLION,1000,950,95,950000000,PREFIX_LINEAR,NORMALIZE,7,204500,69704
N1000_K95_UNIFORM_MILLION,1000,950,95,950000000,PREFIX_LINEAR,NORMALIZE,8,331100,69704
N1000_K95_UNIFORM_MILLION,1000,950,95,950000000,PREFIX_LINEAR,NORMALIZE,9,425401,69704
N1000_K95_UNIFORM_MILLION,1000,950,95,950000000,PREFIX_LINEAR,NORMALIZE,10,304800,69704
N1000_K95_UNIFORM_MILLION,1000,950,95,950000000,PREFIX_LINEAR,NORMALIZE,11,278201,69704
N1000_K95_UNIFORM_MILLION,1000,950,95,950000000,PREFIX_LINEAR,NORMALIZE,12,237200,69704
N1000_K95_UNIFORM_MILLION,1000,950,95,950000000,PREFIX_LINEAR,NORMALIZE,13,236200,69704
N1000_K95_UNIFORM_MILLION,1000,950,95,950000000,PREFIX_LINEAR,NORMALIZE,14,213600,69704
N1000_K95_UNIFORM_MILLION,1000,950,95,950000000,PREFIX_LINEAR,NORMALIZE,15,253100,69704
N1000_K95_UNIFORM_MILLION,1000,950,95,950000000,PREFIX_LINEAR,NORMALIZE,16,209800,69704
N1000_K95_UNIFORM_MILLION,1000,950,95,950000000,PREFIX_LINEAR,NORMALIZE,17,211300,69704
N1000_K95_UNIFORM_MILLION,1000,950,95,950000000,PREFIX_LINEAR,NORMALIZE,18,207599,69704
N1000_K95_UNIFORM_MILLION,1000,950,95,950000000,PREFIX_LINEAR,NORMALIZE,19,205000,69704
N1000_K95_UNIFORM_MILLION,1000,950,95,950000000,PREFIX_LINEAR,BUILD,0,2800,15264
N1000_K95_UNIFORM_MILLION,1000,950,95,950000000,PREFIX_LINEAR,BUILD,1,2401,15264
N1000_K95_UNIFORM_MILLION,1000,950,95,950000000,PREFIX_LINEAR,BUILD,2,2499,15264
N1000_K95_UNIFORM_MILLION,1000,950,95,950000000,PREFIX_LINEAR,BUILD,3,2601,15264
N1000_K95_UNIFORM_MILLION,1000,950,95,950000000,PREFIX_LINEAR,BUILD,4,2600,15264
N1000_K95_UNIFORM_MILLION,1000,950,95,950000000,PREFIX_LINEAR,BUILD,5,2800,15264
N1000_K95_UNIFORM_MILLION,1000,950,95,950000000,PREFIX_LINEAR,BUILD,6,2700,15264
N1000_K95_UNIFORM_MILLION,1000,950,95,950000000,PREFIX_LINEAR,BUILD,7,2701,15264
N1000_K95_UNIFORM_MILLION,1000,950,95,950000000,PREFIX_LINEAR,BUILD,8,2799,15264
N1000_K95_UNIFORM_MILLION,1000,950,95,950000000,PREFIX_LINEAR,BUILD,9,2700,15264
N1000_K95_UNIFORM_MILLION,1000,950,95,950000000,PREFIX_LINEAR,BUILD,10,2799,15264
N1000_K95_UNIFORM_MILLION,1000,950,95,950000000,PREFIX_LINEAR,BUILD,11,3101,15264
N1000_K95_UNIFORM_MILLION,1000,950,95,950000000,PREFIX_LINEAR,BUILD,12,2601,15264
N1000_K95_UNIFORM_MILLION,1000,950,95,950000000,PREFIX_LINEAR,BUILD,13,2800,15264
N1000_K95_UNIFORM_MILLION,1000,950,95,950000000,PREFIX_LINEAR,BUILD,14,2500,15264
N1000_K95_UNIFORM_MILLION,1000,950,95,950000000,PREFIX_LINEAR,BUILD,15,2700,15264
N1000_K95_UNIFORM_MILLION,1000,950,95,950000000,PREFIX_LINEAR,BUILD,16,2700,15264
N1000_K95_UNIFORM_MILLION,1000,950,95,950000000,PREFIX_LINEAR,BUILD,17,2901,15264
N1000_K95_UNIFORM_MILLION,1000,950,95,950000000,PREFIX_LINEAR,BUILD,18,2701,15264
N1000_K95_UNIFORM_MILLION,1000,950,95,950000000,PREFIX_LINEAR,BUILD,19,5099,15264
N1000_K95_UNIFORM_MILLION,1000,950,95,950000000,PREFIX_LINEAR,SELECT,0,50100,17568
N1000_K95_UNIFORM_MILLION,1000,950,95,950000000,PREFIX_LINEAR,SELECT,1,60400,17568
N1000_K95_UNIFORM_MILLION,1000,950,95,950000000,PREFIX_LINEAR,SELECT,2,56300,17568
N1000_K95_UNIFORM_MILLION,1000,950,95,950000000,PREFIX_LINEAR,SELECT,3,54499,17568
N1000_K95_UNIFORM_MILLION,1000,950,95,950000000,PREFIX_LINEAR,SELECT,4,53700,17568
N1000_K95_UNIFORM_MILLION,1000,950,95,950000000,PREFIX_LINEAR,SELECT,5,51800,17568
N1000_K95_UNIFORM_MILLION,1000,950,95,950000000,PREFIX_LINEAR,SELECT,6,51500,17568
N1000_K95_UNIFORM_MILLION,1000,950,95,950000000,PREFIX_LINEAR,SELECT,7,51199,17568
N1000_K95_UNIFORM_MILLION,1000,950,95,950000000,PREFIX_LINEAR,SELECT,8,54100,17568
N1000_K95_UNIFORM_MILLION,1000,950,95,950000000,PREFIX_LINEAR,SELECT,9,51899,17568
N1000_K95_UNIFORM_MILLION,1000,950,95,950000000,PREFIX_LINEAR,SELECT,10,51201,17568
N1000_K95_UNIFORM_MILLION,1000,950,95,950000000,PREFIX_LINEAR,SELECT,11,53900,17568
N1000_K95_UNIFORM_MILLION,1000,950,95,950000000,PREFIX_LINEAR,SELECT,12,52201,17568
N1000_K95_UNIFORM_MILLION,1000,950,95,950000000,PREFIX_LINEAR,SELECT,13,53400,17568
N1000_K95_UNIFORM_MILLION,1000,950,95,950000000,PREFIX_LINEAR,SELECT,14,51301,17568
N1000_K95_UNIFORM_MILLION,1000,950,95,950000000,PREFIX_LINEAR,SELECT,15,50800,17568
N1000_K95_UNIFORM_MILLION,1000,950,95,950000000,PREFIX_LINEAR,SELECT,16,52599,17568
N1000_K95_UNIFORM_MILLION,1000,950,95,950000000,PREFIX_LINEAR,SELECT,17,51700,17568
N1000_K95_UNIFORM_MILLION,1000,950,95,950000000,PREFIX_LINEAR,SELECT,18,69900,17568
N1000_K95_UNIFORM_MILLION,1000,950,95,950000000,PREFIX_LINEAR,SELECT,19,99000,17568
N1000_K95_UNIFORM_MILLION,1000,950,95,950000000,PREFIX_LINEAR,TOTAL,0,289600,102536
N1000_K95_UNIFORM_MILLION,1000,950,95,950000000,PREFIX_LINEAR,TOTAL,1,350700,102536
N1000_K95_UNIFORM_MILLION,1000,950,95,950000000,PREFIX_LINEAR,TOTAL,2,332101,102536
N1000_K95_UNIFORM_MILLION,1000,950,95,950000000,PREFIX_LINEAR,TOTAL,3,276600,102536
N1000_K95_UNIFORM_MILLION,1000,950,95,950000000,PREFIX_LINEAR,TOTAL,4,306300,102536
N1000_K95_UNIFORM_MILLION,1000,950,95,950000000,PREFIX_LINEAR,TOTAL,5,309001,102536
N1000_K95_UNIFORM_MILLION,1000,950,95,950000000,PREFIX_LINEAR,TOTAL,6,266600,102536
N1000_K95_UNIFORM_MILLION,1000,950,95,950000000,PREFIX_LINEAR,TOTAL,7,260500,102536
N1000_K95_UNIFORM_MILLION,1000,950,95,950000000,PREFIX_LINEAR,TOTAL,8,268600,102536
N1000_K95_UNIFORM_MILLION,1000,950,95,950000000,PREFIX_LINEAR,TOTAL,9,261100,102536
N1000_K95_UNIFORM_MILLION,1000,950,95,950000000,PREFIX_LINEAR,TOTAL,10,260100,102536
N1000_K95_UNIFORM_MILLION,1000,950,95,950000000,PREFIX_LINEAR,TOTAL,11,261101,102536
N1000_K95_UNIFORM_MILLION,1000,950,95,950000000,PREFIX_LINEAR,TOTAL,12,297400,102536
N1000_K95_UNIFORM_MILLION,1000,950,95,950000000,PREFIX_LINEAR,TOTAL,13,269301,102536
N1000_K95_UNIFORM_MILLION,1000,950,95,950000000,PREFIX_LINEAR,TOTAL,14,262401,102536
N1000_K95_UNIFORM_MILLION,1000,950,95,950000000,PREFIX_LINEAR,TOTAL,15,260500,102536
N1000_K95_UNIFORM_MILLION,1000,950,95,950000000,PREFIX_LINEAR,TOTAL,16,263700,102536
N1000_K95_UNIFORM_MILLION,1000,950,95,950000000,PREFIX_LINEAR,TOTAL,17,261300,102536
N1000_K95_UNIFORM_MILLION,1000,950,95,950000000,PREFIX_LINEAR,TOTAL,18,263300,102536
N1000_K95_UNIFORM_MILLION,1000,950,95,950000000,PREFIX_LINEAR,TOTAL,19,276400,102536
N1000_K95_UNIFORM_MILLION,1000,950,95,950000000,PREFIX_BINARY,NORMALIZE,0,224299,69704
N1000_K95_UNIFORM_MILLION,1000,950,95,950000000,PREFIX_BINARY,NORMALIZE,1,230100,69704
N1000_K95_UNIFORM_MILLION,1000,950,95,950000000,PREFIX_BINARY,NORMALIZE,2,205900,69704
N1000_K95_UNIFORM_MILLION,1000,950,95,950000000,PREFIX_BINARY,NORMALIZE,3,205400,69704
N1000_K95_UNIFORM_MILLION,1000,950,95,950000000,PREFIX_BINARY,NORMALIZE,4,204001,69704
N1000_K95_UNIFORM_MILLION,1000,950,95,950000000,PREFIX_BINARY,NORMALIZE,5,204799,69704
N1000_K95_UNIFORM_MILLION,1000,950,95,950000000,PREFIX_BINARY,NORMALIZE,6,204400,69704
N1000_K95_UNIFORM_MILLION,1000,950,95,950000000,PREFIX_BINARY,NORMALIZE,7,208299,69704
N1000_K95_UNIFORM_MILLION,1000,950,95,950000000,PREFIX_BINARY,NORMALIZE,8,205300,69704
N1000_K95_UNIFORM_MILLION,1000,950,95,950000000,PREFIX_BINARY,NORMALIZE,9,205000,69704
N1000_K95_UNIFORM_MILLION,1000,950,95,950000000,PREFIX_BINARY,NORMALIZE,10,219401,69704
N1000_K95_UNIFORM_MILLION,1000,950,95,950000000,PREFIX_BINARY,NORMALIZE,11,205700,69704
N1000_K95_UNIFORM_MILLION,1000,950,95,950000000,PREFIX_BINARY,NORMALIZE,12,204300,69704
N1000_K95_UNIFORM_MILLION,1000,950,95,950000000,PREFIX_BINARY,NORMALIZE,13,208901,69704
N1000_K95_UNIFORM_MILLION,1000,950,95,950000000,PREFIX_BINARY,NORMALIZE,14,207899,69704
N1000_K95_UNIFORM_MILLION,1000,950,95,950000000,PREFIX_BINARY,NORMALIZE,15,203699,69704
N1000_K95_UNIFORM_MILLION,1000,950,95,950000000,PREFIX_BINARY,NORMALIZE,16,204000,69704
N1000_K95_UNIFORM_MILLION,1000,950,95,950000000,PREFIX_BINARY,NORMALIZE,17,203000,69704
N1000_K95_UNIFORM_MILLION,1000,950,95,950000000,PREFIX_BINARY,NORMALIZE,18,202900,69704
N1000_K95_UNIFORM_MILLION,1000,950,95,950000000,PREFIX_BINARY,NORMALIZE,19,203400,69704
N1000_K95_UNIFORM_MILLION,1000,950,95,950000000,PREFIX_BINARY,BUILD,0,5600,15264
N1000_K95_UNIFORM_MILLION,1000,950,95,950000000,PREFIX_BINARY,BUILD,1,3400,15264
N1000_K95_UNIFORM_MILLION,1000,950,95,950000000,PREFIX_BINARY,BUILD,2,3200,15264
N1000_K95_UNIFORM_MILLION,1000,950,95,950000000,PREFIX_BINARY,BUILD,3,2699,15264
N1000_K95_UNIFORM_MILLION,1000,950,95,950000000,PREFIX_BINARY,BUILD,4,2401,15264
N1000_K95_UNIFORM_MILLION,1000,950,95,950000000,PREFIX_BINARY,BUILD,5,3600,15264
N1000_K95_UNIFORM_MILLION,1000,950,95,950000000,PREFIX_BINARY,BUILD,6,2899,15264
N1000_K95_UNIFORM_MILLION,1000,950,95,950000000,PREFIX_BINARY,BUILD,7,2800,15264
N1000_K95_UNIFORM_MILLION,1000,950,95,950000000,PREFIX_BINARY,BUILD,8,2700,15264
N1000_K95_UNIFORM_MILLION,1000,950,95,950000000,PREFIX_BINARY,BUILD,9,2399,15264
N1000_K95_UNIFORM_MILLION,1000,950,95,950000000,PREFIX_BINARY,BUILD,10,2500,15264
N1000_K95_UNIFORM_MILLION,1000,950,95,950000000,PREFIX_BINARY,BUILD,11,2899,15264
N1000_K95_UNIFORM_MILLION,1000,950,95,950000000,PREFIX_BINARY,BUILD,12,2700,15264
N1000_K95_UNIFORM_MILLION,1000,950,95,950000000,PREFIX_BINARY,BUILD,13,2599,15264
N1000_K95_UNIFORM_MILLION,1000,950,95,950000000,PREFIX_BINARY,BUILD,14,4500,15264
N1000_K95_UNIFORM_MILLION,1000,950,95,950000000,PREFIX_BINARY,BUILD,15,5100,15264
N1000_K95_UNIFORM_MILLION,1000,950,95,950000000,PREFIX_BINARY,BUILD,16,2700,15264
N1000_K95_UNIFORM_MILLION,1000,950,95,950000000,PREFIX_BINARY,BUILD,17,2701,15264
N1000_K95_UNIFORM_MILLION,1000,950,95,950000000,PREFIX_BINARY,BUILD,18,5600,15264
N1000_K95_UNIFORM_MILLION,1000,950,95,950000000,PREFIX_BINARY,BUILD,19,5299,15264
N1000_K95_UNIFORM_MILLION,1000,950,95,950000000,PREFIX_BINARY,SELECT,0,41800,17568
N1000_K95_UNIFORM_MILLION,1000,950,95,950000000,PREFIX_BINARY,SELECT,1,42600,17568
N1000_K95_UNIFORM_MILLION,1000,950,95,950000000,PREFIX_BINARY,SELECT,2,40501,17568
N1000_K95_UNIFORM_MILLION,1000,950,95,950000000,PREFIX_BINARY,SELECT,3,38600,17568
N1000_K95_UNIFORM_MILLION,1000,950,95,950000000,PREFIX_BINARY,SELECT,4,38600,17568
N1000_K95_UNIFORM_MILLION,1000,950,95,950000000,PREFIX_BINARY,SELECT,5,50000,17568
N1000_K95_UNIFORM_MILLION,1000,950,95,950000000,PREFIX_BINARY,SELECT,6,47001,17568
N1000_K95_UNIFORM_MILLION,1000,950,95,950000000,PREFIX_BINARY,SELECT,7,42099,17568
N1000_K95_UNIFORM_MILLION,1000,950,95,950000000,PREFIX_BINARY,SELECT,8,41401,17568
N1000_K95_UNIFORM_MILLION,1000,950,95,950000000,PREFIX_BINARY,SELECT,9,39200,17568
N1000_K95_UNIFORM_MILLION,1000,950,95,950000000,PREFIX_BINARY,SELECT,10,39100,17568
N1000_K95_UNIFORM_MILLION,1000,950,95,950000000,PREFIX_BINARY,SELECT,11,42500,17568
N1000_K95_UNIFORM_MILLION,1000,950,95,950000000,PREFIX_BINARY,SELECT,12,43801,17568
N1000_K95_UNIFORM_MILLION,1000,950,95,950000000,PREFIX_BINARY,SELECT,13,41901,17568
N1000_K95_UNIFORM_MILLION,1000,950,95,950000000,PREFIX_BINARY,SELECT,14,39400,17568
N1000_K95_UNIFORM_MILLION,1000,950,95,950000000,PREFIX_BINARY,SELECT,15,39801,17568
N1000_K95_UNIFORM_MILLION,1000,950,95,950000000,PREFIX_BINARY,SELECT,16,46500,17568
N1000_K95_UNIFORM_MILLION,1000,950,95,950000000,PREFIX_BINARY,SELECT,17,42599,17568
N1000_K95_UNIFORM_MILLION,1000,950,95,950000000,PREFIX_BINARY,SELECT,18,40600,17568
N1000_K95_UNIFORM_MILLION,1000,950,95,950000000,PREFIX_BINARY,SELECT,19,41999,17568
N1000_K95_UNIFORM_MILLION,1000,950,95,950000000,PREFIX_BINARY,TOTAL,0,580800,102536
N1000_K95_UNIFORM_MILLION,1000,950,95,950000000,PREFIX_BINARY,TOTAL,1,571499,102536
N1000_K95_UNIFORM_MILLION,1000,950,95,950000000,PREFIX_BINARY,TOTAL,2,431300,102536
N1000_K95_UNIFORM_MILLION,1000,950,95,950000000,PREFIX_BINARY,TOTAL,3,460900,102536
N1000_K95_UNIFORM_MILLION,1000,950,95,950000000,PREFIX_BINARY,TOTAL,4,375800,102536
N1000_K95_UNIFORM_MILLION,1000,950,95,950000000,PREFIX_BINARY,TOTAL,5,360299,102536
N1000_K95_UNIFORM_MILLION,1000,950,95,950000000,PREFIX_BINARY,TOTAL,6,349699,102536
N1000_K95_UNIFORM_MILLION,1000,950,95,950000000,PREFIX_BINARY,TOTAL,7,313300,102536
N1000_K95_UNIFORM_MILLION,1000,950,95,950000000,PREFIX_BINARY,TOTAL,8,294000,102536
N1000_K95_UNIFORM_MILLION,1000,950,95,950000000,PREFIX_BINARY,TOTAL,9,350500,102536
N1000_K95_UNIFORM_MILLION,1000,950,95,950000000,PREFIX_BINARY,TOTAL,10,272500,102536
N1000_K95_UNIFORM_MILLION,1000,950,95,950000000,PREFIX_BINARY,TOTAL,11,413201,102536
N1000_K95_UNIFORM_MILLION,1000,950,95,950000000,PREFIX_BINARY,TOTAL,12,485100,102536
N1000_K95_UNIFORM_MILLION,1000,950,95,950000000,PREFIX_BINARY,TOTAL,13,364900,102536
N1000_K95_UNIFORM_MILLION,1000,950,95,950000000,PREFIX_BINARY,TOTAL,14,354601,102536
N1000_K95_UNIFORM_MILLION,1000,950,95,950000000,PREFIX_BINARY,TOTAL,15,375400,102536
N1000_K95_UNIFORM_MILLION,1000,950,95,950000000,PREFIX_BINARY,TOTAL,16,341600,102536
N1000_K95_UNIFORM_MILLION,1000,950,95,950000000,PREFIX_BINARY,TOTAL,17,288800,102536
N1000_K95_UNIFORM_MILLION,1000,950,95,950000000,PREFIX_BINARY,TOTAL,18,337500,102536
N1000_K95_UNIFORM_MILLION,1000,950,95,950000000,PREFIX_BINARY,TOTAL,19,284400,102536
N1000_K95_UNIFORM_MILLION,1000,950,95,950000000,FENWICK,NORMALIZE,0,204400,69704
N1000_K95_UNIFORM_MILLION,1000,950,95,950000000,FENWICK,NORMALIZE,1,205599,69704
N1000_K95_UNIFORM_MILLION,1000,950,95,950000000,FENWICK,NORMALIZE,2,204000,69704
N1000_K95_UNIFORM_MILLION,1000,950,95,950000000,FENWICK,NORMALIZE,3,221300,69704
N1000_K95_UNIFORM_MILLION,1000,950,95,950000000,FENWICK,NORMALIZE,4,215499,69704
N1000_K95_UNIFORM_MILLION,1000,950,95,950000000,FENWICK,NORMALIZE,5,221400,69704
N1000_K95_UNIFORM_MILLION,1000,950,95,950000000,FENWICK,NORMALIZE,6,206300,69704
N1000_K95_UNIFORM_MILLION,1000,950,95,950000000,FENWICK,NORMALIZE,7,216199,69704
N1000_K95_UNIFORM_MILLION,1000,950,95,950000000,FENWICK,NORMALIZE,8,207100,69704
N1000_K95_UNIFORM_MILLION,1000,950,95,950000000,FENWICK,NORMALIZE,9,205199,69704
N1000_K95_UNIFORM_MILLION,1000,950,95,950000000,FENWICK,NORMALIZE,10,203299,69704
N1000_K95_UNIFORM_MILLION,1000,950,95,950000000,FENWICK,NORMALIZE,11,204000,69704
N1000_K95_UNIFORM_MILLION,1000,950,95,950000000,FENWICK,NORMALIZE,12,227600,69704
N1000_K95_UNIFORM_MILLION,1000,950,95,950000000,FENWICK,NORMALIZE,13,204999,69704
N1000_K95_UNIFORM_MILLION,1000,950,95,950000000,FENWICK,NORMALIZE,14,204100,69704
N1000_K95_UNIFORM_MILLION,1000,950,95,950000000,FENWICK,NORMALIZE,15,221900,69704
N1000_K95_UNIFORM_MILLION,1000,950,95,950000000,FENWICK,NORMALIZE,16,230000,69704
N1000_K95_UNIFORM_MILLION,1000,950,95,950000000,FENWICK,NORMALIZE,17,267400,69704
N1000_K95_UNIFORM_MILLION,1000,950,95,950000000,FENWICK,NORMALIZE,18,337700,69704
N1000_K95_UNIFORM_MILLION,1000,950,95,950000000,FENWICK,NORMALIZE,19,328400,69704
N1000_K95_UNIFORM_MILLION,1000,950,95,950000000,FENWICK,BUILD,0,12800,15336
N1000_K95_UNIFORM_MILLION,1000,950,95,950000000,FENWICK,BUILD,1,10201,15336
N1000_K95_UNIFORM_MILLION,1000,950,95,950000000,FENWICK,BUILD,2,9100,15336
N1000_K95_UNIFORM_MILLION,1000,950,95,950000000,FENWICK,BUILD,3,14100,15336
N1000_K95_UNIFORM_MILLION,1000,950,95,950000000,FENWICK,BUILD,4,13600,15336
N1000_K95_UNIFORM_MILLION,1000,950,95,950000000,FENWICK,BUILD,5,39799,15336
N1000_K95_UNIFORM_MILLION,1000,950,95,950000000,FENWICK,BUILD,6,8700,15336
N1000_K95_UNIFORM_MILLION,1000,950,95,950000000,FENWICK,BUILD,7,8399,15336
N1000_K95_UNIFORM_MILLION,1000,950,95,950000000,FENWICK,BUILD,8,9200,15336
N1000_K95_UNIFORM_MILLION,1000,950,95,950000000,FENWICK,BUILD,9,8100,15336
N1000_K95_UNIFORM_MILLION,1000,950,95,950000000,FENWICK,BUILD,10,7900,15336
N1000_K95_UNIFORM_MILLION,1000,950,95,950000000,FENWICK,BUILD,11,9100,15336
N1000_K95_UNIFORM_MILLION,1000,950,95,950000000,FENWICK,BUILD,12,8600,15336
N1000_K95_UNIFORM_MILLION,1000,950,95,950000000,FENWICK,BUILD,13,8000,15336
N1000_K95_UNIFORM_MILLION,1000,950,95,950000000,FENWICK,BUILD,14,8800,15336
N1000_K95_UNIFORM_MILLION,1000,950,95,950000000,FENWICK,BUILD,15,12699,15336
N1000_K95_UNIFORM_MILLION,1000,950,95,950000000,FENWICK,BUILD,16,9901,15336
N1000_K95_UNIFORM_MILLION,1000,950,95,950000000,FENWICK,BUILD,17,20501,15336
N1000_K95_UNIFORM_MILLION,1000,950,95,950000000,FENWICK,BUILD,18,8599,15336
N1000_K95_UNIFORM_MILLION,1000,950,95,950000000,FENWICK,BUILD,19,8300,15336
N1000_K95_UNIFORM_MILLION,1000,950,95,950000000,FENWICK,SELECT,0,31000,17568
N1000_K95_UNIFORM_MILLION,1000,950,95,950000000,FENWICK,SELECT,1,33401,17568
N1000_K95_UNIFORM_MILLION,1000,950,95,950000000,FENWICK,SELECT,2,51600,17568
N1000_K95_UNIFORM_MILLION,1000,950,95,950000000,FENWICK,SELECT,3,33201,17568
N1000_K95_UNIFORM_MILLION,1000,950,95,950000000,FENWICK,SELECT,4,34900,17568
N1000_K95_UNIFORM_MILLION,1000,950,95,950000000,FENWICK,SELECT,5,38900,17568
N1000_K95_UNIFORM_MILLION,1000,950,95,950000000,FENWICK,SELECT,6,32000,17568
N1000_K95_UNIFORM_MILLION,1000,950,95,950000000,FENWICK,SELECT,7,66500,17568
N1000_K95_UNIFORM_MILLION,1000,950,95,950000000,FENWICK,SELECT,8,69599,17568
N1000_K95_UNIFORM_MILLION,1000,950,95,950000000,FENWICK,SELECT,9,66900,17568
N1000_K95_UNIFORM_MILLION,1000,950,95,950000000,FENWICK,SELECT,10,63499,17568
N1000_K95_UNIFORM_MILLION,1000,950,95,950000000,FENWICK,SELECT,11,44100,17568
N1000_K95_UNIFORM_MILLION,1000,950,95,950000000,FENWICK,SELECT,12,52700,17568
N1000_K95_UNIFORM_MILLION,1000,950,95,950000000,FENWICK,SELECT,13,69400,17568
N1000_K95_UNIFORM_MILLION,1000,950,95,950000000,FENWICK,SELECT,14,64800,17568
N1000_K95_UNIFORM_MILLION,1000,950,95,950000000,FENWICK,SELECT,15,37500,17568
N1000_K95_UNIFORM_MILLION,1000,950,95,950000000,FENWICK,SELECT,16,33900,17568
N1000_K95_UNIFORM_MILLION,1000,950,95,950000000,FENWICK,SELECT,17,32000,17568
N1000_K95_UNIFORM_MILLION,1000,950,95,950000000,FENWICK,SELECT,18,31400,17568
N1000_K95_UNIFORM_MILLION,1000,950,95,950000000,FENWICK,SELECT,19,67801,17568
N1000_K95_UNIFORM_MILLION,1000,950,95,950000000,FENWICK,TOTAL,0,321000,102608
N1000_K95_UNIFORM_MILLION,1000,950,95,950000000,FENWICK,TOTAL,1,270700,102608
N1000_K95_UNIFORM_MILLION,1000,950,95,950000000,FENWICK,TOTAL,2,356500,102608
N1000_K95_UNIFORM_MILLION,1000,950,95,950000000,FENWICK,TOTAL,3,254799,102608
N1000_K95_UNIFORM_MILLION,1000,950,95,950000000,FENWICK,TOTAL,4,245700,102608
N1000_K95_UNIFORM_MILLION,1000,950,95,950000000,FENWICK,TOTAL,5,249699,102608
N1000_K95_UNIFORM_MILLION,1000,950,95,950000000,FENWICK,TOTAL,6,243900,102608
N1000_K95_UNIFORM_MILLION,1000,950,95,950000000,FENWICK,TOTAL,7,243399,102608
N1000_K95_UNIFORM_MILLION,1000,950,95,950000000,FENWICK,TOTAL,8,261000,102608
N1000_K95_UNIFORM_MILLION,1000,950,95,950000000,FENWICK,TOTAL,9,245600,102608
N1000_K95_UNIFORM_MILLION,1000,950,95,950000000,FENWICK,TOTAL,10,274001,102608
N1000_K95_UNIFORM_MILLION,1000,950,95,950000000,FENWICK,TOTAL,11,253100,102608
N1000_K95_UNIFORM_MILLION,1000,950,95,950000000,FENWICK,TOTAL,12,246800,102608
N1000_K95_UNIFORM_MILLION,1000,950,95,950000000,FENWICK,TOTAL,13,244099,102608
N1000_K95_UNIFORM_MILLION,1000,950,95,950000000,FENWICK,TOTAL,14,245000,102608
N1000_K95_UNIFORM_MILLION,1000,950,95,950000000,FENWICK,TOTAL,15,266400,102608
N1000_K95_UNIFORM_MILLION,1000,950,95,950000000,FENWICK,TOTAL,16,322900,102608
N1000_K95_UNIFORM_MILLION,1000,950,95,950000000,FENWICK,TOTAL,17,250500,102608
N1000_K95_UNIFORM_MILLION,1000,950,95,950000000,FENWICK,TOTAL,18,247401,102608
N1000_K95_UNIFORM_MILLION,1000,950,95,950000000,FENWICK,TOTAL,19,246001,102608
N10000_K1_UNIFORM_1,10000,9500,1,9500,TICKET_ARRAY,NORMALIZE,0,6814200,689264
N10000_K1_UNIFORM_1,10000,9500,1,9500,TICKET_ARRAY,NORMALIZE,1,5522201,689264
N10000_K1_UNIFORM_1,10000,9500,1,9500,TICKET_ARRAY,NORMALIZE,2,5153600,689264
N10000_K1_UNIFORM_1,10000,9500,1,9500,TICKET_ARRAY,NORMALIZE,3,4812300,689264
N10000_K1_UNIFORM_1,10000,9500,1,9500,TICKET_ARRAY,NORMALIZE,4,4440700,689264
N10000_K1_UNIFORM_1,10000,9500,1,9500,TICKET_ARRAY,NORMALIZE,5,4551399,689264
N10000_K1_UNIFORM_1,10000,9500,1,9500,TICKET_ARRAY,NORMALIZE,6,4846901,689264
N10000_K1_UNIFORM_1,10000,9500,1,9500,TICKET_ARRAY,NORMALIZE,7,4342900,689264
N10000_K1_UNIFORM_1,10000,9500,1,9500,TICKET_ARRAY,NORMALIZE,8,3853999,689264
N10000_K1_UNIFORM_1,10000,9500,1,9500,TICKET_ARRAY,NORMALIZE,9,3988400,689264
N10000_K1_UNIFORM_1,10000,9500,1,9500,TICKET_ARRAY,NORMALIZE,10,3745900,689264
N10000_K1_UNIFORM_1,10000,9500,1,9500,TICKET_ARRAY,NORMALIZE,11,3751400,689264
N10000_K1_UNIFORM_1,10000,9500,1,9500,TICKET_ARRAY,NORMALIZE,12,3624100,689264
N10000_K1_UNIFORM_1,10000,9500,1,9500,TICKET_ARRAY,NORMALIZE,13,4131200,689264
N10000_K1_UNIFORM_1,10000,9500,1,9500,TICKET_ARRAY,NORMALIZE,14,3701100,689264
N10000_K1_UNIFORM_1,10000,9500,1,9500,TICKET_ARRAY,NORMALIZE,15,3730700,689264
N10000_K1_UNIFORM_1,10000,9500,1,9500,TICKET_ARRAY,NORMALIZE,16,3624800,689264
N10000_K1_UNIFORM_1,10000,9500,1,9500,TICKET_ARRAY,NORMALIZE,17,4427701,689264
N10000_K1_UNIFORM_1,10000,9500,1,9500,TICKET_ARRAY,NORMALIZE,18,4426300,689264
N10000_K1_UNIFORM_1,10000,9500,1,9500,TICKET_ARRAY,NORMALIZE,19,3714000,689264
N10000_K1_UNIFORM_1,10000,9500,1,9500,TICKET_ARRAY,BUILD,0,83099,38040
N10000_K1_UNIFORM_1,10000,9500,1,9500,TICKET_ARRAY,BUILD,1,79601,38040
N10000_K1_UNIFORM_1,10000,9500,1,9500,TICKET_ARRAY,BUILD,2,80300,38040
N10000_K1_UNIFORM_1,10000,9500,1,9500,TICKET_ARRAY,BUILD,3,103700,38040
N10000_K1_UNIFORM_1,10000,9500,1,9500,TICKET_ARRAY,BUILD,4,101399,38040
N10000_K1_UNIFORM_1,10000,9500,1,9500,TICKET_ARRAY,BUILD,5,83500,38040
N10000_K1_UNIFORM_1,10000,9500,1,9500,TICKET_ARRAY,BUILD,6,93399,38040
N10000_K1_UNIFORM_1,10000,9500,1,9500,TICKET_ARRAY,BUILD,7,89300,38040
N10000_K1_UNIFORM_1,10000,9500,1,9500,TICKET_ARRAY,BUILD,8,79700,38040
N10000_K1_UNIFORM_1,10000,9500,1,9500,TICKET_ARRAY,BUILD,9,79199,38040
N10000_K1_UNIFORM_1,10000,9500,1,9500,TICKET_ARRAY,BUILD,10,78200,38040
N10000_K1_UNIFORM_1,10000,9500,1,9500,TICKET_ARRAY,BUILD,11,276600,38040
N10000_K1_UNIFORM_1,10000,9500,1,9500,TICKET_ARRAY,BUILD,12,142401,38040
N10000_K1_UNIFORM_1,10000,9500,1,9500,TICKET_ARRAY,BUILD,13,138100,38040
N10000_K1_UNIFORM_1,10000,9500,1,9500,TICKET_ARRAY,BUILD,14,116499,38040
N10000_K1_UNIFORM_1,10000,9500,1,9500,TICKET_ARRAY,BUILD,15,90400,38040
N10000_K1_UNIFORM_1,10000,9500,1,9500,TICKET_ARRAY,BUILD,16,202300,38040
N10000_K1_UNIFORM_1,10000,9500,1,9500,TICKET_ARRAY,BUILD,17,124800,38040
N10000_K1_UNIFORM_1,10000,9500,1,9500,TICKET_ARRAY,BUILD,18,164401,38040
N10000_K1_UNIFORM_1,10000,9500,1,9500,TICKET_ARRAY,BUILD,19,86201,38040
N10000_K1_UNIFORM_1,10000,9500,1,9500,TICKET_ARRAY,SELECT,0,63799,1592
N10000_K1_UNIFORM_1,10000,9500,1,9500,TICKET_ARRAY,SELECT,1,71700,1592
N10000_K1_UNIFORM_1,10000,9500,1,9500,TICKET_ARRAY,SELECT,2,71901,1592
N10000_K1_UNIFORM_1,10000,9500,1,9500,TICKET_ARRAY,SELECT,3,75200,1592
N10000_K1_UNIFORM_1,10000,9500,1,9500,TICKET_ARRAY,SELECT,4,67400,1592
N10000_K1_UNIFORM_1,10000,9500,1,9500,TICKET_ARRAY,SELECT,5,53600,1592
N10000_K1_UNIFORM_1,10000,9500,1,9500,TICKET_ARRAY,SELECT,6,54600,1592
N10000_K1_UNIFORM_1,10000,9500,1,9500,TICKET_ARRAY,SELECT,7,58499,1592
N10000_K1_UNIFORM_1,10000,9500,1,9500,TICKET_ARRAY,SELECT,8,52900,1592
N10000_K1_UNIFORM_1,10000,9500,1,9500,TICKET_ARRAY,SELECT,9,53600,1592
N10000_K1_UNIFORM_1,10000,9500,1,9500,TICKET_ARRAY,SELECT,10,54100,1592
N10000_K1_UNIFORM_1,10000,9500,1,9500,TICKET_ARRAY,SELECT,11,51899,1592
N10000_K1_UNIFORM_1,10000,9500,1,9500,TICKET_ARRAY,SELECT,12,62699,1592
N10000_K1_UNIFORM_1,10000,9500,1,9500,TICKET_ARRAY,SELECT,13,61100,1592
N10000_K1_UNIFORM_1,10000,9500,1,9500,TICKET_ARRAY,SELECT,14,61600,1592
N10000_K1_UNIFORM_1,10000,9500,1,9500,TICKET_ARRAY,SELECT,15,72199,1592
N10000_K1_UNIFORM_1,10000,9500,1,9500,TICKET_ARRAY,SELECT,16,61300,1592
N10000_K1_UNIFORM_1,10000,9500,1,9500,TICKET_ARRAY,SELECT,17,53400,1592
N10000_K1_UNIFORM_1,10000,9500,1,9500,TICKET_ARRAY,SELECT,18,62600,1592
N10000_K1_UNIFORM_1,10000,9500,1,9500,TICKET_ARRAY,SELECT,19,62600,1592
N10000_K1_UNIFORM_1,10000,9500,1,9500,TICKET_ARRAY,TOTAL,0,5903900,728896
N10000_K1_UNIFORM_1,10000,9500,1,9500,TICKET_ARRAY,TOTAL,1,4003400,728896
N10000_K1_UNIFORM_1,10000,9500,1,9500,TICKET_ARRAY,TOTAL,2,4072400,728896
N10000_K1_UNIFORM_1,10000,9500,1,9500,TICKET_ARRAY,TOTAL,3,3930899,728896
N10000_K1_UNIFORM_1,10000,9500,1,9500,TICKET_ARRAY,TOTAL,4,4763499,728896
N10000_K1_UNIFORM_1,10000,9500,1,9500,TICKET_ARRAY,TOTAL,5,5973400,728896
N10000_K1_UNIFORM_1,10000,9500,1,9500,TICKET_ARRAY,TOTAL,6,5310099,728896
N10000_K1_UNIFORM_1,10000,9500,1,9500,TICKET_ARRAY,TOTAL,7,5823699,728896
N10000_K1_UNIFORM_1,10000,9500,1,9500,TICKET_ARRAY,TOTAL,8,6020401,728896
N10000_K1_UNIFORM_1,10000,9500,1,9500,TICKET_ARRAY,TOTAL,9,6080801,728896
N10000_K1_UNIFORM_1,10000,9500,1,9500,TICKET_ARRAY,TOTAL,10,5818099,728896
N10000_K1_UNIFORM_1,10000,9500,1,9500,TICKET_ARRAY,TOTAL,11,5759599,728896
N10000_K1_UNIFORM_1,10000,9500,1,9500,TICKET_ARRAY,TOTAL,12,3979001,728896
N10000_K1_UNIFORM_1,10000,9500,1,9500,TICKET_ARRAY,TOTAL,13,3821399,728896
N10000_K1_UNIFORM_1,10000,9500,1,9500,TICKET_ARRAY,TOTAL,14,4917901,728896
N10000_K1_UNIFORM_1,10000,9500,1,9500,TICKET_ARRAY,TOTAL,15,5047800,728896
N10000_K1_UNIFORM_1,10000,9500,1,9500,TICKET_ARRAY,TOTAL,16,5837300,728896
N10000_K1_UNIFORM_1,10000,9500,1,9500,TICKET_ARRAY,TOTAL,17,5847700,728896
N10000_K1_UNIFORM_1,10000,9500,1,9500,TICKET_ARRAY,TOTAL,18,5101301,728896
N10000_K1_UNIFORM_1,10000,9500,1,9500,TICKET_ARRAY,TOTAL,19,5851399,728896
N10000_K1_UNIFORM_1,10000,9500,1,9500,PREFIX_LINEAR,NORMALIZE,0,5367600,689264
N10000_K1_UNIFORM_1,10000,9500,1,9500,PREFIX_LINEAR,NORMALIZE,1,5383701,689264
N10000_K1_UNIFORM_1,10000,9500,1,9500,PREFIX_LINEAR,NORMALIZE,2,5511100,689264
N10000_K1_UNIFORM_1,10000,9500,1,9500,PREFIX_LINEAR,NORMALIZE,3,5668301,689264
N10000_K1_UNIFORM_1,10000,9500,1,9500,PREFIX_LINEAR,NORMALIZE,4,5321000,689264
N10000_K1_UNIFORM_1,10000,9500,1,9500,PREFIX_LINEAR,NORMALIZE,5,4613600,689264
N10000_K1_UNIFORM_1,10000,9500,1,9500,PREFIX_LINEAR,NORMALIZE,6,4462900,689264
N10000_K1_UNIFORM_1,10000,9500,1,9500,PREFIX_LINEAR,NORMALIZE,7,5783000,689264
N10000_K1_UNIFORM_1,10000,9500,1,9500,PREFIX_LINEAR,NORMALIZE,8,4338600,689264
N10000_K1_UNIFORM_1,10000,9500,1,9500,PREFIX_LINEAR,NORMALIZE,9,3726200,689264
N10000_K1_UNIFORM_1,10000,9500,1,9500,PREFIX_LINEAR,NORMALIZE,10,3653200,689264
N10000_K1_UNIFORM_1,10000,9500,1,9500,PREFIX_LINEAR,NORMALIZE,11,4457901,689264
N10000_K1_UNIFORM_1,10000,9500,1,9500,PREFIX_LINEAR,NORMALIZE,12,3765000,689264
N10000_K1_UNIFORM_1,10000,9500,1,9500,PREFIX_LINEAR,NORMALIZE,13,5387300,689264
N10000_K1_UNIFORM_1,10000,9500,1,9500,PREFIX_LINEAR,NORMALIZE,14,5246500,689264
N10000_K1_UNIFORM_1,10000,9500,1,9500,PREFIX_LINEAR,NORMALIZE,15,4645101,689264
N10000_K1_UNIFORM_1,10000,9500,1,9500,PREFIX_LINEAR,NORMALIZE,16,4165399,689264
N10000_K1_UNIFORM_1,10000,9500,1,9500,PREFIX_LINEAR,NORMALIZE,17,4746300,689264
N10000_K1_UNIFORM_1,10000,9500,1,9500,PREFIX_LINEAR,NORMALIZE,18,4243701,689264
N10000_K1_UNIFORM_1,10000,9500,1,9500,PREFIX_LINEAR,NORMALIZE,19,5592801,689264
N10000_K1_UNIFORM_1,10000,9500,1,9500,PREFIX_LINEAR,BUILD,0,59700,152064
N10000_K1_UNIFORM_1,10000,9500,1,9500,PREFIX_LINEAR,BUILD,1,50701,152064
N10000_K1_UNIFORM_1,10000,9500,1,9500,PREFIX_LINEAR,BUILD,2,53200,152064
N10000_K1_UNIFORM_1,10000,9500,1,9500,PREFIX_LINEAR,BUILD,3,64099,152064
N10000_K1_UNIFORM_1,10000,9500,1,9500,PREFIX_LINEAR,BUILD,4,113299,152064
N10000_K1_UNIFORM_1,10000,9500,1,9500,PREFIX_LINEAR,BUILD,5,50500,152064
N10000_K1_UNIFORM_1,10000,9500,1,9500,PREFIX_LINEAR,BUILD,6,37300,152064
N10000_K1_UNIFORM_1,10000,9500,1,9500,PREFIX_LINEAR,BUILD,7,37100,152064
N10000_K1_UNIFORM_1,10000,9500,1,9500,PREFIX_LINEAR,BUILD,8,35301,152064
N10000_K1_UNIFORM_1,10000,9500,1,9500,PREFIX_LINEAR,BUILD,9,54400,152064
N10000_K1_UNIFORM_1,10000,9500,1,9500,PREFIX_LINEAR,BUILD,10,37400,152064
N10000_K1_UNIFORM_1,10000,9500,1,9500,PREFIX_LINEAR,BUILD,11,35999,152064
N10000_K1_UNIFORM_1,10000,9500,1,9500,PREFIX_LINEAR,BUILD,12,52700,152064
N10000_K1_UNIFORM_1,10000,9500,1,9500,PREFIX_LINEAR,BUILD,13,56400,152064
N10000_K1_UNIFORM_1,10000,9500,1,9500,PREFIX_LINEAR,BUILD,14,96900,152064
N10000_K1_UNIFORM_1,10000,9500,1,9500,PREFIX_LINEAR,BUILD,15,53100,152064
N10000_K1_UNIFORM_1,10000,9500,1,9500,PREFIX_LINEAR,BUILD,16,40100,152064
N10000_K1_UNIFORM_1,10000,9500,1,9500,PREFIX_LINEAR,BUILD,17,35699,152064
N10000_K1_UNIFORM_1,10000,9500,1,9500,PREFIX_LINEAR,BUILD,18,67099,152064
N10000_K1_UNIFORM_1,10000,9500,1,9500,PREFIX_LINEAR,BUILD,19,116699,152064
N10000_K1_UNIFORM_1,10000,9500,1,9500,PREFIX_LINEAR,SELECT,0,68200,1592
N10000_K1_UNIFORM_1,10000,9500,1,9500,PREFIX_LINEAR,SELECT,1,79900,1592
N10000_K1_UNIFORM_1,10000,9500,1,9500,PREFIX_LINEAR,SELECT,2,56799,1592
N10000_K1_UNIFORM_1,10000,9500,1,9500,PREFIX_LINEAR,SELECT,3,53100,1592
N10000_K1_UNIFORM_1,10000,9500,1,9500,PREFIX_LINEAR,SELECT,4,128501,1592
N10000_K1_UNIFORM_1,10000,9500,1,9500,PREFIX_LINEAR,SELECT,5,88500,1592
N10000_K1_UNIFORM_1,10000,9500,1,9500,PREFIX_LINEAR,SELECT,6,56300,1592
N10000_K1_UNIFORM_1,10000,9500,1,9500,PREFIX_LINEAR,SELECT,7,52299,1592
N10000_K1_UNIFORM_1,10000,9500,1,9500,PREFIX_LINEAR,SELECT,8,57900,1592
N10000_K1_UNIFORM_1,10000,9500,1,9500,PREFIX_LINEAR,SELECT,9,42400,1592
N10000_K1_UNIFORM_1,10000,9500,1,9500,PREFIX_LINEAR,SELECT,10,50400,1592
N10000_K1_UNIFORM_1,10000,9500,1,9500,PREFIX_LINEAR,SELECT,11,64599,1592
N10000_K1_UNIFORM_1,10000,9500,1,9500,PREFIX_LINEAR,SELECT,12,45000,1592
N10000_K1_UNIFORM_1,10000,9500,1,9500,PREFIX_LINEAR,SELECT,13,49100,1592
N10000_K1_UNIFORM_1,10000,9500,1,9500,PREFIX_LINEAR,SELECT,14,55901,1592
N10000_K1_UNIFORM_1,10000,9500,1,9500,PREFIX_LINEAR,SELECT,15,49400,1592
N10000_K1_UNIFORM_1,10000,9500,1,9500,PREFIX_LINEAR,SELECT,16,61699,1592
N10000_K1_UNIFORM_1,10000,9500,1,9500,PREFIX_LINEAR,SELECT,17,57400,1592
N10000_K1_UNIFORM_1,10000,9500,1,9500,PREFIX_LINEAR,SELECT,18,34199,1592
N10000_K1_UNIFORM_1,10000,9500,1,9500,PREFIX_LINEAR,SELECT,19,18099,1592
N10000_K1_UNIFORM_1,10000,9500,1,9500,PREFIX_LINEAR,TOTAL,0,4272500,842920
N10000_K1_UNIFORM_1,10000,9500,1,9500,PREFIX_LINEAR,TOTAL,1,5718400,842920
N10000_K1_UNIFORM_1,10000,9500,1,9500,PREFIX_LINEAR,TOTAL,2,5696900,842920
N10000_K1_UNIFORM_1,10000,9500,1,9500,PREFIX_LINEAR,TOTAL,3,5714801,842920
N10000_K1_UNIFORM_1,10000,9500,1,9500,PREFIX_LINEAR,TOTAL,4,6044101,842920
N10000_K1_UNIFORM_1,10000,9500,1,9500,PREFIX_LINEAR,TOTAL,5,5781000,842920
N10000_K1_UNIFORM_1,10000,9500,1,9500,PREFIX_LINEAR,TOTAL,6,5621501,842920
N10000_K1_UNIFORM_1,10000,9500,1,9500,PREFIX_LINEAR,TOTAL,7,5771700,842920
N10000_K1_UNIFORM_1,10000,9500,1,9500,PREFIX_LINEAR,TOTAL,8,5697100,842920
N10000_K1_UNIFORM_1,10000,9500,1,9500,PREFIX_LINEAR,TOTAL,9,5241301,842920
N10000_K1_UNIFORM_1,10000,9500,1,9500,PREFIX_LINEAR,TOTAL,10,5653199,842920
N10000_K1_UNIFORM_1,10000,9500,1,9500,PREFIX_LINEAR,TOTAL,11,5714799,842920
N10000_K1_UNIFORM_1,10000,9500,1,9500,PREFIX_LINEAR,TOTAL,12,5754200,842920
N10000_K1_UNIFORM_1,10000,9500,1,9500,PREFIX_LINEAR,TOTAL,13,5742000,842920
N10000_K1_UNIFORM_1,10000,9500,1,9500,PREFIX_LINEAR,TOTAL,14,5568000,842920
N10000_K1_UNIFORM_1,10000,9500,1,9500,PREFIX_LINEAR,TOTAL,15,4359200,842920
N10000_K1_UNIFORM_1,10000,9500,1,9500,PREFIX_LINEAR,TOTAL,16,3888800,842920
N10000_K1_UNIFORM_1,10000,9500,1,9500,PREFIX_LINEAR,TOTAL,17,4001500,842920
N10000_K1_UNIFORM_1,10000,9500,1,9500,PREFIX_LINEAR,TOTAL,18,3773501,842920
N10000_K1_UNIFORM_1,10000,9500,1,9500,PREFIX_LINEAR,TOTAL,19,3887300,842920
N10000_K1_UNIFORM_1,10000,9500,1,9500,PREFIX_BINARY,NORMALIZE,0,5396000,689264
N10000_K1_UNIFORM_1,10000,9500,1,9500,PREFIX_BINARY,NORMALIZE,1,5683899,689264
N10000_K1_UNIFORM_1,10000,9500,1,9500,PREFIX_BINARY,NORMALIZE,2,5720000,689264
N10000_K1_UNIFORM_1,10000,9500,1,9500,PREFIX_BINARY,NORMALIZE,3,5547000,689264
N10000_K1_UNIFORM_1,10000,9500,1,9500,PREFIX_BINARY,NORMALIZE,4,5611500,689264
N10000_K1_UNIFORM_1,10000,9500,1,9500,PREFIX_BINARY,NORMALIZE,5,5689700,689264
N10000_K1_UNIFORM_1,10000,9500,1,9500,PREFIX_BINARY,NORMALIZE,6,5641300,689264
N10000_K1_UNIFORM_1,10000,9500,1,9500,PREFIX_BINARY,NORMALIZE,7,5291999,689264
N10000_K1_UNIFORM_1,10000,9500,1,9500,PREFIX_BINARY,NORMALIZE,8,5641600,689264
N10000_K1_UNIFORM_1,10000,9500,1,9500,PREFIX_BINARY,NORMALIZE,9,5618700,689264
N10000_K1_UNIFORM_1,10000,9500,1,9500,PREFIX_BINARY,NORMALIZE,10,5602600,689264
N10000_K1_UNIFORM_1,10000,9500,1,9500,PREFIX_BINARY,NORMALIZE,11,5800300,689264
N10000_K1_UNIFORM_1,10000,9500,1,9500,PREFIX_BINARY,NORMALIZE,12,3735199,689264
N10000_K1_UNIFORM_1,10000,9500,1,9500,PREFIX_BINARY,NORMALIZE,13,3774200,689264
N10000_K1_UNIFORM_1,10000,9500,1,9500,PREFIX_BINARY,NORMALIZE,14,3807900,689264
N10000_K1_UNIFORM_1,10000,9500,1,9500,PREFIX_BINARY,NORMALIZE,15,4077899,689264
N10000_K1_UNIFORM_1,10000,9500,1,9500,PREFIX_BINARY,NORMALIZE,16,4982600,689264
N10000_K1_UNIFORM_1,10000,9500,1,9500,PREFIX_BINARY,NORMALIZE,17,5585700,689264
N10000_K1_UNIFORM_1,10000,9500,1,9500,PREFIX_BINARY,NORMALIZE,18,5776301,689264
N10000_K1_UNIFORM_1,10000,9500,1,9500,PREFIX_BINARY,NORMALIZE,19,5497300,689264
N10000_K1_UNIFORM_1,10000,9500,1,9500,PREFIX_BINARY,BUILD,0,53200,152064
N10000_K1_UNIFORM_1,10000,9500,1,9500,PREFIX_BINARY,BUILD,1,62101,152064
N10000_K1_UNIFORM_1,10000,9500,1,9500,PREFIX_BINARY,BUILD,2,52199,152064
N10000_K1_UNIFORM_1,10000,9500,1,9500,PREFIX_BINARY,BUILD,3,37500,152064
N10000_K1_UNIFORM_1,10000,9500,1,9500,PREFIX_BINARY,BUILD,4,54000,152064
N10000_K1_UNIFORM_1,10000,9500,1,9500,PREFIX_BINARY,BUILD,5,68301,152064
N10000_K1_UNIFORM_1,10000,9500,1,9500,PREFIX_BINARY,BUILD,6,47900,152064
N10000_K1_UNIFORM_1,10000,9500,1,9500,PREFIX_BINARY,BUILD,7,77701,152064
N10000_K1_UNIFORM_1,10000,9500,1,9500,PREFIX_BINARY,BUILD,8,55599,152064
N10000_K1_UNIFORM_1,10000,9500,1,9500,PREFIX_BINARY,BUILD,9,57900,152064
N10000_K1_UNIFORM_1,10000,9500,1,9500,PREFIX_BINARY,BUILD,10,51600,152064
N10000_K1_UNIFORM_1,10000,9500,1,9500,PREFIX_BINARY,BUILD,11,57200,152064
N10000_K1_UNIFORM_1,10000,9500,1,9500,PREFIX_BINARY,BUILD,12,92800,152064
N10000_K1_UNIFORM_1,10000,9500,1,9500,PREFIX_BINARY,BUILD,13,52300,152064
N10000_K1_UNIFORM_1,10000,9500,1,9500,PREFIX_BINARY,BUILD,14,59100,152064
N10000_K1_UNIFORM_1,10000,9500,1,9500,PREFIX_BINARY,BUILD,15,55001,152064
N10000_K1_UNIFORM_1,10000,9500,1,9500,PREFIX_BINARY,BUILD,16,56099,152064
N10000_K1_UNIFORM_1,10000,9500,1,9500,PREFIX_BINARY,BUILD,17,62500,152064
N10000_K1_UNIFORM_1,10000,9500,1,9500,PREFIX_BINARY,BUILD,18,52500,152064
N10000_K1_UNIFORM_1,10000,9500,1,9500,PREFIX_BINARY,BUILD,19,55199,152064
N10000_K1_UNIFORM_1,10000,9500,1,9500,PREFIX_BINARY,SELECT,0,57700,1592
N10000_K1_UNIFORM_1,10000,9500,1,9500,PREFIX_BINARY,SELECT,1,52401,1592
N10000_K1_UNIFORM_1,10000,9500,1,9500,PREFIX_BINARY,SELECT,2,47000,1592
N10000_K1_UNIFORM_1,10000,9500,1,9500,PREFIX_BINARY,SELECT,3,59800,1592
N10000_K1_UNIFORM_1,10000,9500,1,9500,PREFIX_BINARY,SELECT,4,65701,1592
N10000_K1_UNIFORM_1,10000,9500,1,9500,PREFIX_BINARY,SELECT,5,42300,1592
N10000_K1_UNIFORM_1,10000,9500,1,9500,PREFIX_BINARY,SELECT,6,60700,1592
N10000_K1_UNIFORM_1,10000,9500,1,9500,PREFIX_BINARY,SELECT,7,48000,1592
N10000_K1_UNIFORM_1,10000,9500,1,9500,PREFIX_BINARY,SELECT,8,53300,1592
N10000_K1_UNIFORM_1,10000,9500,1,9500,PREFIX_BINARY,SELECT,9,70700,1592
N10000_K1_UNIFORM_1,10000,9500,1,9500,PREFIX_BINARY,SELECT,10,48100,1592
N10000_K1_UNIFORM_1,10000,9500,1,9500,PREFIX_BINARY,SELECT,11,44300,1592
N10000_K1_UNIFORM_1,10000,9500,1,9500,PREFIX_BINARY,SELECT,12,55100,1592
N10000_K1_UNIFORM_1,10000,9500,1,9500,PREFIX_BINARY,SELECT,13,44501,1592
N10000_K1_UNIFORM_1,10000,9500,1,9500,PREFIX_BINARY,SELECT,14,42200,1592
N10000_K1_UNIFORM_1,10000,9500,1,9500,PREFIX_BINARY,SELECT,15,58500,1592
N10000_K1_UNIFORM_1,10000,9500,1,9500,PREFIX_BINARY,SELECT,16,43301,1592
N10000_K1_UNIFORM_1,10000,9500,1,9500,PREFIX_BINARY,SELECT,17,52500,1592
N10000_K1_UNIFORM_1,10000,9500,1,9500,PREFIX_BINARY,SELECT,18,53800,1592
N10000_K1_UNIFORM_1,10000,9500,1,9500,PREFIX_BINARY,SELECT,19,57901,1592
N10000_K1_UNIFORM_1,10000,9500,1,9500,PREFIX_BINARY,TOTAL,0,5855500,842920
N10000_K1_UNIFORM_1,10000,9500,1,9500,PREFIX_BINARY,TOTAL,1,5833099,842920
N10000_K1_UNIFORM_1,10000,9500,1,9500,PREFIX_BINARY,TOTAL,2,5847100,842920
N10000_K1_UNIFORM_1,10000,9500,1,9500,PREFIX_BINARY,TOTAL,3,5855600,842920
N10000_K1_UNIFORM_1,10000,9500,1,9500,PREFIX_BINARY,TOTAL,4,5999001,842920
N10000_K1_UNIFORM_1,10000,9500,1,9500,PREFIX_BINARY,TOTAL,5,5701700,842920
N10000_K1_UNIFORM_1,10000,9500,1,9500,PREFIX_BINARY,TOTAL,6,4132100,842920
N10000_K1_UNIFORM_1,10000,9500,1,9500,PREFIX_BINARY,TOTAL,7,4501200,842920
N10000_K1_UNIFORM_1,10000,9500,1,9500,PREFIX_BINARY,TOTAL,8,5731801,842920
N10000_K1_UNIFORM_1,10000,9500,1,9500,PREFIX_BINARY,TOTAL,9,5944900,842920
N10000_K1_UNIFORM_1,10000,9500,1,9500,PREFIX_BINARY,TOTAL,10,5628899,842920
N10000_K1_UNIFORM_1,10000,9500,1,9500,PREFIX_BINARY,TOTAL,11,5230600,842920
N10000_K1_UNIFORM_1,10000,9500,1,9500,PREFIX_BINARY,TOTAL,12,5588900,842920
N10000_K1_UNIFORM_1,10000,9500,1,9500,PREFIX_BINARY,TOTAL,13,5450901,842920
N10000_K1_UNIFORM_1,10000,9500,1,9500,PREFIX_BINARY,TOTAL,14,5493699,842920
N10000_K1_UNIFORM_1,10000,9500,1,9500,PREFIX_BINARY,TOTAL,15,5867401,842920
N10000_K1_UNIFORM_1,10000,9500,1,9500,PREFIX_BINARY,TOTAL,16,5631699,842920
N10000_K1_UNIFORM_1,10000,9500,1,9500,PREFIX_BINARY,TOTAL,17,5659901,842920
N10000_K1_UNIFORM_1,10000,9500,1,9500,PREFIX_BINARY,TOTAL,18,5741900,842920
N10000_K1_UNIFORM_1,10000,9500,1,9500,PREFIX_BINARY,TOTAL,19,5737600,842920
N10000_K1_UNIFORM_1,10000,9500,1,9500,FENWICK,NORMALIZE,0,5411600,689264
N10000_K1_UNIFORM_1,10000,9500,1,9500,FENWICK,NORMALIZE,1,5523700,689264
N10000_K1_UNIFORM_1,10000,9500,1,9500,FENWICK,NORMALIZE,2,5324000,689264
N10000_K1_UNIFORM_1,10000,9500,1,9500,FENWICK,NORMALIZE,3,5710600,689264
N10000_K1_UNIFORM_1,10000,9500,1,9500,FENWICK,NORMALIZE,4,5580300,689264
N10000_K1_UNIFORM_1,10000,9500,1,9500,FENWICK,NORMALIZE,5,4900600,689264
N10000_K1_UNIFORM_1,10000,9500,1,9500,FENWICK,NORMALIZE,6,5080999,689264
N10000_K1_UNIFORM_1,10000,9500,1,9500,FENWICK,NORMALIZE,7,5684199,689264
N10000_K1_UNIFORM_1,10000,9500,1,9500,FENWICK,NORMALIZE,8,5595900,689264
N10000_K1_UNIFORM_1,10000,9500,1,9500,FENWICK,NORMALIZE,9,5930400,689264
N10000_K1_UNIFORM_1,10000,9500,1,9500,FENWICK,NORMALIZE,10,5583099,689264
N10000_K1_UNIFORM_1,10000,9500,1,9500,FENWICK,NORMALIZE,11,5611100,689264
N10000_K1_UNIFORM_1,10000,9500,1,9500,FENWICK,NORMALIZE,12,5602100,689264
N10000_K1_UNIFORM_1,10000,9500,1,9500,FENWICK,NORMALIZE,13,5622399,689264
N10000_K1_UNIFORM_1,10000,9500,1,9500,FENWICK,NORMALIZE,14,5591200,689264
N10000_K1_UNIFORM_1,10000,9500,1,9500,FENWICK,NORMALIZE,15,4300801,689264
N10000_K1_UNIFORM_1,10000,9500,1,9500,FENWICK,NORMALIZE,16,3700500,689264
N10000_K1_UNIFORM_1,10000,9500,1,9500,FENWICK,NORMALIZE,17,3977701,689264
N10000_K1_UNIFORM_1,10000,9500,1,9500,FENWICK,NORMALIZE,18,5381100,689264
N10000_K1_UNIFORM_1,10000,9500,1,9500,FENWICK,NORMALIZE,19,3798301,689264
N10000_K1_UNIFORM_1,10000,9500,1,9500,FENWICK,BUILD,0,152800,152136
N10000_K1_UNIFORM_1,10000,9500,1,9500,FENWICK,BUILD,1,92700,152136
N10000_K1_UNIFORM_1,10000,9500,1,9500,FENWICK,BUILD,2,155999,152136
N10000_K1_UNIFORM_1,10000,9500,1,9500,FENWICK,BUILD,3,153600,152136
N10000_K1_UNIFORM_1,10000,9500,1,9500,FENWICK,BUILD,4,192901,152136
N10000_K1_UNIFORM_1,10000,9500,1,9500,FENWICK,BUILD,5,152100,152136
N10000_K1_UNIFORM_1,10000,9500,1,9500,FENWICK,BUILD,6,186499,152136
N10000_K1_UNIFORM_1,10000,9500,1,9500,FENWICK,BUILD,7,160000,152136
N10000_K1_UNIFORM_1,10000,9500,1,9500,FENWICK,BUILD,8,169500,152136
N10000_K1_UNIFORM_1,10000,9500,1,9500,FENWICK,BUILD,9,154899,152136
N10000_K1_UNIFORM_1,10000,9500,1,9500,FENWICK,BUILD,10,152600,152136
N10000_K1_UNIFORM_1,10000,9500,1,9500,FENWICK,BUILD,11,157000,152136
N10000_K1_UNIFORM_1,10000,9500,1,9500,FENWICK,BUILD,12,159301,152136
N10000_K1_UNIFORM_1,10000,9500,1,9500,FENWICK,BUILD,13,191600,152136
N10000_K1_UNIFORM_1,10000,9500,1,9500,FENWICK,BUILD,14,146100,152136
N10000_K1_UNIFORM_1,10000,9500,1,9500,FENWICK,BUILD,15,154200,152136
N10000_K1_UNIFORM_1,10000,9500,1,9500,FENWICK,BUILD,16,149200,152136
N10000_K1_UNIFORM_1,10000,9500,1,9500,FENWICK,BUILD,17,99000,152136
N10000_K1_UNIFORM_1,10000,9500,1,9500,FENWICK,BUILD,18,88599,152136
N10000_K1_UNIFORM_1,10000,9500,1,9500,FENWICK,BUILD,19,181400,152136
N10000_K1_UNIFORM_1,10000,9500,1,9500,FENWICK,SELECT,0,49500,1592
N10000_K1_UNIFORM_1,10000,9500,1,9500,FENWICK,SELECT,1,45500,1592
N10000_K1_UNIFORM_1,10000,9500,1,9500,FENWICK,SELECT,2,44600,1592
N10000_K1_UNIFORM_1,10000,9500,1,9500,FENWICK,SELECT,3,45300,1592
N10000_K1_UNIFORM_1,10000,9500,1,9500,FENWICK,SELECT,4,60800,1592
N10000_K1_UNIFORM_1,10000,9500,1,9500,FENWICK,SELECT,5,44601,1592
N10000_K1_UNIFORM_1,10000,9500,1,9500,FENWICK,SELECT,6,38000,1592
N10000_K1_UNIFORM_1,10000,9500,1,9500,FENWICK,SELECT,7,58400,1592
N10000_K1_UNIFORM_1,10000,9500,1,9500,FENWICK,SELECT,8,49399,1592
N10000_K1_UNIFORM_1,10000,9500,1,9500,FENWICK,SELECT,9,70500,1592
N10000_K1_UNIFORM_1,10000,9500,1,9500,FENWICK,SELECT,10,43101,1592
N10000_K1_UNIFORM_1,10000,9500,1,9500,FENWICK,SELECT,11,59301,1592
N10000_K1_UNIFORM_1,10000,9500,1,9500,FENWICK,SELECT,12,49099,1592
N10000_K1_UNIFORM_1,10000,9500,1,9500,FENWICK,SELECT,13,111300,1592
N10000_K1_UNIFORM_1,10000,9500,1,9500,FENWICK,SELECT,14,49300,1592
N10000_K1_UNIFORM_1,10000,9500,1,9500,FENWICK,SELECT,15,76200,1592
N10000_K1_UNIFORM_1,10000,9500,1,9500,FENWICK,SELECT,16,107500,1592
N10000_K1_UNIFORM_1,10000,9500,1,9500,FENWICK,SELECT,17,48401,1592
N10000_K1_UNIFORM_1,10000,9500,1,9500,FENWICK,SELECT,18,70499,1592
N10000_K1_UNIFORM_1,10000,9500,1,9500,FENWICK,SELECT,19,66300,1592
N10000_K1_UNIFORM_1,10000,9500,1,9500,FENWICK,TOTAL,0,5648800,842992
N10000_K1_UNIFORM_1,10000,9500,1,9500,FENWICK,TOTAL,1,5330901,842992
N10000_K1_UNIFORM_1,10000,9500,1,9500,FENWICK,TOTAL,2,4086301,842992
N10000_K1_UNIFORM_1,10000,9500,1,9500,FENWICK,TOTAL,3,5377200,842992
N10000_K1_UNIFORM_1,10000,9500,1,9500,FENWICK,TOTAL,4,5487600,842992
N10000_K1_UNIFORM_1,10000,9500,1,9500,FENWICK,TOTAL,5,5752700,842992
N10000_K1_UNIFORM_1,10000,9500,1,9500,FENWICK,TOTAL,6,5821701,842992
N10000_K1_UNIFORM_1,10000,9500,1,9500,FENWICK,TOTAL,7,5780100,842992
N10000_K1_UNIFORM_1,10000,9500,1,9500,FENWICK,TOTAL,8,5758901,842992
N10000_K1_UNIFORM_1,10000,9500,1,9500,FENWICK,TOTAL,9,5830800,842992
N10000_K1_UNIFORM_1,10000,9500,1,9500,FENWICK,TOTAL,10,5811499,842992
N10000_K1_UNIFORM_1,10000,9500,1,9500,FENWICK,TOTAL,11,6201899,842992
N10000_K1_UNIFORM_1,10000,9500,1,9500,FENWICK,TOTAL,12,5946100,842992
N10000_K1_UNIFORM_1,10000,9500,1,9500,FENWICK,TOTAL,13,5740200,842992
N10000_K1_UNIFORM_1,10000,9500,1,9500,FENWICK,TOTAL,14,5854100,842992
N10000_K1_UNIFORM_1,10000,9500,1,9500,FENWICK,TOTAL,15,5714600,842992
N10000_K1_UNIFORM_1,10000,9500,1,9500,FENWICK,TOTAL,16,6142500,842992
N10000_K1_UNIFORM_1,10000,9500,1,9500,FENWICK,TOTAL,17,5781500,842992
N10000_K1_UNIFORM_1,10000,9500,1,9500,FENWICK,TOTAL,18,5952500,842992
N10000_K1_UNIFORM_1,10000,9500,1,9500,FENWICK,TOTAL,19,6580201,842992
N10000_K95_UNIFORM_1,10000,9500,95,9500,TICKET_ARRAY,NORMALIZE,0,5522501,689264
N10000_K95_UNIFORM_1,10000,9500,95,9500,TICKET_ARRAY,NORMALIZE,1,5469700,689264
N10000_K95_UNIFORM_1,10000,9500,95,9500,TICKET_ARRAY,NORMALIZE,2,5094700,689264
N10000_K95_UNIFORM_1,10000,9500,95,9500,TICKET_ARRAY,NORMALIZE,3,5158700,689264
N10000_K95_UNIFORM_1,10000,9500,95,9500,TICKET_ARRAY,NORMALIZE,4,5665100,689264
N10000_K95_UNIFORM_1,10000,9500,95,9500,TICKET_ARRAY,NORMALIZE,5,5620699,689264
N10000_K95_UNIFORM_1,10000,9500,95,9500,TICKET_ARRAY,NORMALIZE,6,5419000,689264
N10000_K95_UNIFORM_1,10000,9500,95,9500,TICKET_ARRAY,NORMALIZE,7,5028301,689264
N10000_K95_UNIFORM_1,10000,9500,95,9500,TICKET_ARRAY,NORMALIZE,8,5545500,689264
N10000_K95_UNIFORM_1,10000,9500,95,9500,TICKET_ARRAY,NORMALIZE,9,4402300,689264
N10000_K95_UNIFORM_1,10000,9500,95,9500,TICKET_ARRAY,NORMALIZE,10,5548199,689264
N10000_K95_UNIFORM_1,10000,9500,95,9500,TICKET_ARRAY,NORMALIZE,11,3855501,689264
N10000_K95_UNIFORM_1,10000,9500,95,9500,TICKET_ARRAY,NORMALIZE,12,4149401,689264
N10000_K95_UNIFORM_1,10000,9500,95,9500,TICKET_ARRAY,NORMALIZE,13,5492300,689264
N10000_K95_UNIFORM_1,10000,9500,95,9500,TICKET_ARRAY,NORMALIZE,14,5444800,689264
N10000_K95_UNIFORM_1,10000,9500,95,9500,TICKET_ARRAY,NORMALIZE,15,5011400,689264
N10000_K95_UNIFORM_1,10000,9500,95,9500,TICKET_ARRAY,NORMALIZE,16,4303300,689264
N10000_K95_UNIFORM_1,10000,9500,95,9500,TICKET_ARRAY,NORMALIZE,17,3836600,689264
N10000_K95_UNIFORM_1,10000,9500,95,9500,TICKET_ARRAY,NORMALIZE,18,3744001,689264
N10000_K95_UNIFORM_1,10000,9500,95,9500,TICKET_ARRAY,NORMALIZE,19,3632100,689264
N10000_K95_UNIFORM_1,10000,9500,95,9500,TICKET_ARRAY,BUILD,0,88400,38040
N10000_K95_UNIFORM_1,10000,9500,95,9500,TICKET_ARRAY,BUILD,1,136301,38040
N10000_K95_UNIFORM_1,10000,9500,95,9500,TICKET_ARRAY,BUILD,2,139899,38040
N10000_K95_UNIFORM_1,10000,9500,95,9500,TICKET_ARRAY,BUILD,3,135000,38040
N10000_K95_UNIFORM_1,10000,9500,95,9500,TICKET_ARRAY,BUILD,4,104201,38040
N10000_K95_UNIFORM_1,10000,9500,95,9500,TICKET_ARRAY,BUILD,5,82401,38040
N10000_K95_UNIFORM_1,10000,9500,95,9500,TICKET_ARRAY,BUILD,6,139100,38040
N10000_K95_UNIFORM_1,10000,9500,95,9500,TICKET_ARRAY,BUILD,7,82700,38040
N10000_K95_UNIFORM_1,10000,9500,95,9500,TICKET_ARRAY,BUILD,8,146100,38040
N10000_K95_UNIFORM_1,10000,9500,95,9500,TICKET_ARRAY,BUILD,9,90500,38040
N10000_K95_UNIFORM_1,10000,9500,95,9500,TICKET_ARRAY,BUILD,10,89299,38040
N10000_K95_UNIFORM_1,10000,9500,95,9500,TICKET_ARRAY,BUILD,11,82400,38040
N10000_K95_UNIFORM_1,10000,9500,95,9500,TICKET_ARRAY,BUILD,12,98500,38040
N10000_K95_UNIFORM_1,10000,9500,95,9500,TICKET_ARRAY,BUILD,13,102000,38040
N10000_K95_UNIFORM_1,10000,9500,95,9500,TICKET_ARRAY,BUILD,14,96999,38040
N10000_K95_UNIFORM_1,10000,9500,95,9500,TICKET_ARRAY,BUILD,15,138200,38040
N10000_K95_UNIFORM_1,10000,9500,95,9500,TICKET_ARRAY,BUILD,16,150000,38040
N10000_K95_UNIFORM_1,10000,9500,95,9500,TICKET_ARRAY,BUILD,17,106800,38040
N10000_K95_UNIFORM_1,10000,9500,95,9500,TICKET_ARRAY,BUILD,18,133400,38040
N10000_K95_UNIFORM_1,10000,9500,95,9500,TICKET_ARRAY,BUILD,19,146701,38040
N10000_K95_UNIFORM_1,10000,9500,95,9500,TICKET_ARRAY,SELECT,0,1063300,17568
N10000_K95_UNIFORM_1,10000,9500,95,9500,TICKET_ARRAY,SELECT,1,607601,17568
N10000_K95_UNIFORM_1,10000,9500,95,9500,TICKET_ARRAY,SELECT,2,1095300,17568
N10000_K95_UNIFORM_1,10000,9500,95,9500,TICKET_ARRAY,SELECT,3,1130599,17568
N10000_K95_UNIFORM_1,10000,9500,95,9500,TICKET_ARRAY,SELECT,4,619200,17568
N10000_K95_UNIFORM_1,10000,9500,95,9500,TICKET_ARRAY,SELECT,5,564300,17568
N10000_K95_UNIFORM_1,10000,9500,95,9500,TICKET_ARRAY,SELECT,6,566899,17568
N10000_K95_UNIFORM_1,10000,9500,95,9500,TICKET_ARRAY,SELECT,7,596600,17568
N10000_K95_UNIFORM_1,10000,9500,95,9500,TICKET_ARRAY,SELECT,8,1087300,17568
N10000_K95_UNIFORM_1,10000,9500,95,9500,TICKET_ARRAY,SELECT,9,1166400,17568
N10000_K95_UNIFORM_1,10000,9500,95,9500,TICKET_ARRAY,SELECT,10,1098700,17568
N10000_K95_UNIFORM_1,10000,9500,95,9500,TICKET_ARRAY,SELECT,11,1171699,17568
N10000_K95_UNIFORM_1,10000,9500,95,9500,TICKET_ARRAY,SELECT,12,1106900,17568
N10000_K95_UNIFORM_1,10000,9500,95,9500,TICKET_ARRAY,SELECT,13,1205599,17568
N10000_K95_UNIFORM_1,10000,9500,95,9500,TICKET_ARRAY,SELECT,14,616300,17568
N10000_K95_UNIFORM_1,10000,9500,95,9500,TICKET_ARRAY,SELECT,15,1068101,17568
N10000_K95_UNIFORM_1,10000,9500,95,9500,TICKET_ARRAY,SELECT,16,1059600,17568
N10000_K95_UNIFORM_1,10000,9500,95,9500,TICKET_ARRAY,SELECT,17,1145599,17568
N10000_K95_UNIFORM_1,10000,9500,95,9500,TICKET_ARRAY,SELECT,18,1035400,17568
N10000_K95_UNIFORM_1,10000,9500,95,9500,TICKET_ARRAY,SELECT,19,1106700,17568
N10000_K95_UNIFORM_1,10000,9500,95,9500,TICKET_ARRAY,TOTAL,0,6860801,744872
N10000_K95_UNIFORM_1,10000,9500,95,9500,TICKET_ARRAY,TOTAL,1,6505900,744872
N10000_K95_UNIFORM_1,10000,9500,95,9500,TICKET_ARRAY,TOTAL,2,7057299,744872
N10000_K95_UNIFORM_1,10000,9500,95,9500,TICKET_ARRAY,TOTAL,3,7005201,744872
N10000_K95_UNIFORM_1,10000,9500,95,9500,TICKET_ARRAY,TOTAL,4,6865500,744872
N10000_K95_UNIFORM_1,10000,9500,95,9500,TICKET_ARRAY,TOTAL,5,6562600,744872
N10000_K95_UNIFORM_1,10000,9500,95,9500,TICKET_ARRAY,TOTAL,6,6042000,744872
N10000_K95_UNIFORM_1,10000,9500,95,9500,TICKET_ARRAY,TOTAL,7,4689800,744872
N10000_K95_UNIFORM_1,10000,9500,95,9500,TICKET_ARRAY,TOTAL,8,6806101,744872
N10000_K95_UNIFORM_1,10000,9500,95,9500,TICKET_ARRAY,TOTAL,9,6545700,744872
N10000_K95_UNIFORM_1,10000,9500,95,9500,TICKET_ARRAY,TOTAL,10,6709899,744872
N10000_K95_UNIFORM_1,10000,9500,95,9500,TICKET_ARRAY,TOTAL,11,6539301,744872
N10000_K95_UNIFORM_1,10000,9500,95,9500,TICKET_ARRAY,TOTAL,12,6642200,744872
N10000_K95_UNIFORM_1,10000,9500,95,9500,TICKET_ARRAY,TOTAL,13,6410300,744872
N10000_K95_UNIFORM_1,10000,9500,95,9500,TICKET_ARRAY,TOTAL,14,6948300,744872
N10000_K95_UNIFORM_1,10000,9500,95,9500,TICKET_ARRAY,TOTAL,15,6344000,744872
N10000_K95_UNIFORM_1,10000,9500,95,9500,TICKET_ARRAY,TOTAL,16,6125800,744872
N10000_K95_UNIFORM_1,10000,9500,95,9500,TICKET_ARRAY,TOTAL,17,5585401,744872
N10000_K95_UNIFORM_1,10000,9500,95,9500,TICKET_ARRAY,TOTAL,18,4456900,744872
N10000_K95_UNIFORM_1,10000,9500,95,9500,TICKET_ARRAY,TOTAL,19,4835799,744872
N10000_K95_UNIFORM_1,10000,9500,95,9500,PREFIX_LINEAR,NORMALIZE,0,5812300,689264
N10000_K95_UNIFORM_1,10000,9500,95,9500,PREFIX_LINEAR,NORMALIZE,1,5523501,689264
N10000_K95_UNIFORM_1,10000,9500,95,9500,PREFIX_LINEAR,NORMALIZE,2,5651101,689264
N10000_K95_UNIFORM_1,10000,9500,95,9500,PREFIX_LINEAR,NORMALIZE,3,5555000,689264
N10000_K95_UNIFORM_1,10000,9500,95,9500,PREFIX_LINEAR,NORMALIZE,4,4998399,689264
N10000_K95_UNIFORM_1,10000,9500,95,9500,PREFIX_LINEAR,NORMALIZE,5,5685700,689264
N10000_K95_UNIFORM_1,10000,9500,95,9500,PREFIX_LINEAR,NORMALIZE,6,5544501,689264
N10000_K95_UNIFORM_1,10000,9500,95,9500,PREFIX_LINEAR,NORMALIZE,7,5610101,689264
N10000_K95_UNIFORM_1,10000,9500,95,9500,PREFIX_LINEAR,NORMALIZE,8,5348399,689264
N10000_K95_UNIFORM_1,10000,9500,95,9500,PREFIX_LINEAR,NORMALIZE,9,5556800,689264
N10000_K95_UNIFORM_1,10000,9500,95,9500,PREFIX_LINEAR,NORMALIZE,10,5762000,689264
N10000_K95_UNIFORM_1,10000,9500,95,9500,PREFIX_LINEAR,NORMALIZE,11,5568700,689264
N10000_K95_UNIFORM_1,10000,9500,95,9500,PREFIX_LINEAR,NORMALIZE,12,5452400,689264
N10000_K95_UNIFORM_1,10000,9500,95,9500,PREFIX_LINEAR,NORMALIZE,13,5501299,689264
N10000_K95_UNIFORM_1,10000,9500,95,9500,PREFIX_LINEAR,NORMALIZE,14,5580601,689264
N10000_K95_UNIFORM_1,10000,9500,95,9500,PREFIX_LINEAR,NORMALIZE,15,5714601,689264
N10000_K95_UNIFORM_1,10000,9500,95,9500,PREFIX_LINEAR,NORMALIZE,16,4942401,689264
N10000_K95_UNIFORM_1,10000,9500,95,9500,PREFIX_LINEAR,NORMALIZE,17,5128700,689264
N10000_K95_UNIFORM_1,10000,9500,95,9500,PREFIX_LINEAR,NORMALIZE,18,5616800,689264
N10000_K95_UNIFORM_1,10000,9500,95,9500,PREFIX_LINEAR,NORMALIZE,19,5598399,689264
N10000_K95_UNIFORM_1,10000,9500,95,9500,PREFIX_LINEAR,BUILD,0,60400,152064
N10000_K95_UNIFORM_1,10000,9500,95,9500,PREFIX_LINEAR,BUILD,1,54400,152064
N10000_K95_UNIFORM_1,10000,9500,95,9500,PREFIX_LINEAR,BUILD,2,77600,152064
N10000_K95_UNIFORM_1,10000,9500,95,9500,PREFIX_LINEAR,BUILD,3,73801,152064
N10000_K95_UNIFORM_1,10000,9500,95,9500,PREFIX_LINEAR,BUILD,4,39699,152064
N10000_K95_UNIFORM_1,10000,9500,95,9500,PREFIX_LINEAR,BUILD,5,43200,152064
N10000_K95_UNIFORM_1,10000,9500,95,9500,PREFIX_LINEAR,BUILD,6,37500,152064
N10000_K95_UNIFORM_1,10000,9500,95,9500,PREFIX_LINEAR,BUILD,7,37700,152064
N10000_K95_UNIFORM_1,10000,9500,95,9500,PREFIX_LINEAR,BUILD,8,68800,152064
N10000_K95_UNIFORM_1,10000,9500,95,9500,PREFIX_LINEAR,BUILD,9,46100,152064
N10000_K95_UNIFORM_1,10000,9500,95,9500,PREFIX_LINEAR,BUILD,10,46400,152064
N10000_K95_UNIFORM_1,10000,9500,95,9500,PREFIX_LINEAR,BUILD,11,54800,152064
N10000_K95_UNIFORM_1,10000,9500,95,9500,PREFIX_LINEAR,BUILD,12,55801,152064
N10000_K95_UNIFORM_1,10000,9500,95,9500,PREFIX_LINEAR,BUILD,13,78100,152064
N10000_K95_UNIFORM_1,10000,9500,95,9500,PREFIX_LINEAR,BUILD,14,39600,152064
N10000_K95_UNIFORM_1,10000,9500,95,9500,PREFIX_LINEAR,BUILD,15,67499,152064
N10000_K95_UNIFORM_1,10000,9500,95,9500,PREFIX_LINEAR,BUILD,16,51299,152064
N10000_K95_UNIFORM_1,10000,9500,95,9500,PREFIX_LINEAR,BUILD,17,56801,152064
N10000_K95_UNIFORM_1,10000,9500,95,9500,PREFIX_LINEAR,BUILD,18,68100,152064
N10000_K95_UNIFORM_1,10000,9500,95,9500,PREFIX_LINEAR,BUILD,19,51301,152064
N10000_K95_UNIFORM_1,10000,9500,95,9500,PREFIX_LINEAR,SELECT,0,602901,17568
N10000_K95_UNIFORM_1,10000,9500,95,9500,PREFIX_LINEAR,SELECT,1,618600,17568
N10000_K95_UNIFORM_1,10000,9500,95,9500,PREFIX_LINEAR,SELECT,2,622100,17568
N10000_K95_UNIFORM_1,10000,9500,95,9500,PREFIX_LINEAR,SELECT,3,301199,17568
N10000_K95_UNIFORM_1,10000,9500,95,9500,PREFIX_LINEAR,SELECT,4,586600,17568
N10000_K95_UNIFORM_1,10000,9500,95,9500,PREFIX_LINEAR,SELECT,5,555300,17568
N10000_K95_UNIFORM_1,10000,9500,95,9500,PREFIX_LINEAR,SELECT,6,544099,17568
N10000_K95_UNIFORM_1,10000,9500,95,9500,PREFIX_LINEAR,SELECT,7,587000,17568
N10000_K95_UNIFORM_1,10000,9500,95,9500,PREFIX_LINEAR,SELECT,8,546999,17568
N10000_K95_UNIFORM_1,10000,9500,95,9500,PREFIX_LINEAR,SELECT,9,545200,17568
N10000_K95_UNIFORM_1,10000,9500,95,9500,PREFIX_LINEAR,SELECT,10,583500,17568
N10000_K95_UNIFORM_1,10000,9500,95,9500,PREFIX_LINEAR,SELECT,11,295200,17568
N10000_K95_UNIFORM_1,10000,9500,95,9500,PREFIX_LINEAR,SELECT,12,597100,17568
N10000_K95_UNIFORM_1,10000,9500,95,9500,PREFIX_LINEAR,SELECT,13,594300,17568
N10000_K95_UNIFORM_1,10000,9500,95,9500,PREFIX_LINEAR,SELECT,14,583600,17568
N10000_K95_UNIFORM_1,10000,9500,95,9500,PREFIX_LINEAR,SELECT,15,323500,17568
N10000_K95_UNIFORM_1,10000,9500,95,9500,PREFIX_LINEAR,SELECT,16,302399,17568
N10000_K95_UNIFORM_1,10000,9500,95,9500,PREFIX_LINEAR,SELECT,17,583700,17568
N10000_K95_UNIFORM_1,10000,9500,95,9500,PREFIX_LINEAR,SELECT,18,573600,17568
N10000_K95_UNIFORM_1,10000,9500,95,9500,PREFIX_LINEAR,SELECT,19,309701,17568
N10000_K95_UNIFORM_1,10000,9500,95,9500,PREFIX_LINEAR,TOTAL,0,5272301,858896
N10000_K95_UNIFORM_1,10000,9500,95,9500,PREFIX_LINEAR,TOTAL,1,4457600,858896
N10000_K95_UNIFORM_1,10000,9500,95,9500,PREFIX_LINEAR,TOTAL,2,5850301,858896
N10000_K95_UNIFORM_1,10000,9500,95,9500,PREFIX_LINEAR,TOTAL,3,5207300,858896
N10000_K95_UNIFORM_1,10000,9500,95,9500,PREFIX_LINEAR,TOTAL,4,4048999,858896
N10000_K95_UNIFORM_1,10000,9500,95,9500,PREFIX_LINEAR,TOTAL,5,5237100,858896
N10000_K95_UNIFORM_1,10000,9500,95,9500,PREFIX_LINEAR,TOTAL,6,5749100,858896
N10000_K95_UNIFORM_1,10000,9500,95,9500,PREFIX_LINEAR,TOTAL,7,5627999,858896
N10000_K95_UNIFORM_1,10000,9500,95,9500,PREFIX_LINEAR,TOTAL,8,5705401,858896
N10000_K95_UNIFORM_1,10000,9500,95,9500,PREFIX_LINEAR,TOTAL,9,5693100,858896
N10000_K95_UNIFORM_1,10000,9500,95,9500,PREFIX_LINEAR,TOTAL,10,5717500,858896
N10000_K95_UNIFORM_1,10000,9500,95,9500,PREFIX_LINEAR,TOTAL,11,5553400,858896
N10000_K95_UNIFORM_1,10000,9500,95,9500,PREFIX_LINEAR,TOTAL,12,5748699,858896
N10000_K95_UNIFORM_1,10000,9500,95,9500,PREFIX_LINEAR,TOTAL,13,4357200,858896
N10000_K95_UNIFORM_1,10000,9500,95,9500,PREFIX_LINEAR,TOTAL,14,4796399,858896
N10000_K95_UNIFORM_1,10000,9500,95,9500,PREFIX_LINEAR,TOTAL,15,4998099,858896
N10000_K95_UNIFORM_1,10000,9500,95,9500,PREFIX_LINEAR,TOTAL,16,4301600,858896
N10000_K95_UNIFORM_1,10000,9500,95,9500,PREFIX_LINEAR,TOTAL,17,3944200,858896
N10000_K95_UNIFORM_1,10000,9500,95,9500,PREFIX_LINEAR,TOTAL,18,5122500,858896
N10000_K95_UNIFORM_1,10000,9500,95,9500,PREFIX_LINEAR,TOTAL,19,5380600,858896
N10000_K95_UNIFORM_1,10000,9500,95,9500,PREFIX_BINARY,NORMALIZE,0,4986099,689264
N10000_K95_UNIFORM_1,10000,9500,95,9500,PREFIX_BINARY,NORMALIZE,1,5061500,689264
N10000_K95_UNIFORM_1,10000,9500,95,9500,PREFIX_BINARY,NORMALIZE,2,4931100,689264
N10000_K95_UNIFORM_1,10000,9500,95,9500,PREFIX_BINARY,NORMALIZE,3,4974399,689264
N10000_K95_UNIFORM_1,10000,9500,95,9500,PREFIX_BINARY,NORMALIZE,4,5428900,689264
N10000_K95_UNIFORM_1,10000,9500,95,9500,PREFIX_BINARY,NORMALIZE,5,5068000,689264
N10000_K95_UNIFORM_1,10000,9500,95,9500,PREFIX_BINARY,NORMALIZE,6,5372801,689264
N10000_K95_UNIFORM_1,10000,9500,95,9500,PREFIX_BINARY,NORMALIZE,7,5576201,689264
N10000_K95_UNIFORM_1,10000,9500,95,9500,PREFIX_BINARY,NORMALIZE,8,4899000,689264
N10000_K95_UNIFORM_1,10000,9500,95,9500,PREFIX_BINARY,NORMALIZE,9,5435200,689264
N10000_K95_UNIFORM_1,10000,9500,95,9500,PREFIX_BINARY,NORMALIZE,10,6124200,689264
N10000_K95_UNIFORM_1,10000,9500,95,9500,PREFIX_BINARY,NORMALIZE,11,5304499,689264
N10000_K95_UNIFORM_1,10000,9500,95,9500,PREFIX_BINARY,NORMALIZE,12,5249399,689264
N10000_K95_UNIFORM_1,10000,9500,95,9500,PREFIX_BINARY,NORMALIZE,13,5209500,689264
N10000_K95_UNIFORM_1,10000,9500,95,9500,PREFIX_BINARY,NORMALIZE,14,5057499,689264
N10000_K95_UNIFORM_1,10000,9500,95,9500,PREFIX_BINARY,NORMALIZE,15,4541000,689264
N10000_K95_UNIFORM_1,10000,9500,95,9500,PREFIX_BINARY,NORMALIZE,16,5390900,689264
N10000_K95_UNIFORM_1,10000,9500,95,9500,PREFIX_BINARY,NORMALIZE,17,4744200,689264
N10000_K95_UNIFORM_1,10000,9500,95,9500,PREFIX_BINARY,NORMALIZE,18,5348700,689264
N10000_K95_UNIFORM_1,10000,9500,95,9500,PREFIX_BINARY,NORMALIZE,19,5549100,689264
N10000_K95_UNIFORM_1,10000,9500,95,9500,PREFIX_BINARY,BUILD,0,53700,152064
N10000_K95_UNIFORM_1,10000,9500,95,9500,PREFIX_BINARY,BUILD,1,51201,152064
N10000_K95_UNIFORM_1,10000,9500,95,9500,PREFIX_BINARY,BUILD,2,57500,152064
N10000_K95_UNIFORM_1,10000,9500,95,9500,PREFIX_BINARY,BUILD,3,52200,152064
N10000_K95_UNIFORM_1,10000,9500,95,9500,PREFIX_BINARY,BUILD,4,53199,152064
N10000_K95_UNIFORM_1,10000,9500,95,9500,PREFIX_BINARY,BUILD,5,48499,152064
N10000_K95_UNIFORM_1,10000,9500,95,9500,PREFIX_BINARY,BUILD,6,51000,152064
N10000_K95_UNIFORM_1,10000,9500,95,9500,PREFIX_BINARY,BUILD,7,52100,152064
N10000_K95_UNIFORM_1,10000,9500,95,9500,PREFIX_BINARY,BUILD,8,50900,152064
N10000_K95_UNIFORM_1,10000,9500,95,9500,PREFIX_BINARY,BUILD,9,47600,152064
N10000_K95_UNIFORM_1,10000,9500,95,9500,PREFIX_BINARY,BUILD,10,59900,152064
N10000_K95_UNIFORM_1,10000,9500,95,9500,PREFIX_BINARY,BUILD,11,50900,152064
N10000_K95_UNIFORM_1,10000,9500,95,9500,PREFIX_BINARY,BUILD,12,53900,152064
N10000_K95_UNIFORM_1,10000,9500,95,9500,PREFIX_BINARY,BUILD,13,40700,152064
N10000_K95_UNIFORM_1,10000,9500,95,9500,PREFIX_BINARY,BUILD,14,51801,152064
N10000_K95_UNIFORM_1,10000,9500,95,9500,PREFIX_BINARY,BUILD,15,38600,152064
N10000_K95_UNIFORM_1,10000,9500,95,9500,PREFIX_BINARY,BUILD,16,37700,152064
N10000_K95_UNIFORM_1,10000,9500,95,9500,PREFIX_BINARY,BUILD,17,36599,152064
N10000_K95_UNIFORM_1,10000,9500,95,9500,PREFIX_BINARY,BUILD,18,1860099,152064
N10000_K95_UNIFORM_1,10000,9500,95,9500,PREFIX_BINARY,BUILD,19,50599,152064
N10000_K95_UNIFORM_1,10000,9500,95,9500,PREFIX_BINARY,SELECT,0,136500,17568
N10000_K95_UNIFORM_1,10000,9500,95,9500,PREFIX_BINARY,SELECT,1,175400,17568
N10000_K95_UNIFORM_1,10000,9500,95,9500,PREFIX_BINARY,SELECT,2,213200,17568
N10000_K95_UNIFORM_1,10000,9500,95,9500,PREFIX_BINARY,SELECT,3,157800,17568
N10000_K95_UNIFORM_1,10000,9500,95,9500,PREFIX_BINARY,SELECT,4,213099,17568
N10000_K95_UNIFORM_1,10000,9500,95,9500,PREFIX_BINARY,SELECT,5,203101,17568
N10000_K95_UNIFORM_1,10000,9500,95,9500,PREFIX_BINARY,SELECT,6,193899,17568
N10000_K95_UNIFORM_1,10000,9500,95,9500,PREFIX_BINARY,SELECT,7,252700,17568
N10000_K95_UNIFORM_1,10000,9500,95,9500,PREFIX_BINARY,SELECT,8,211100,17568
N10000_K95_UNIFORM_1,10000,9500,95,9500,PREFIX_BINARY,SELECT,9,204799,17568
N10000_K95_UNIFORM_1,10000,9500,95,9500,PREFIX_BINARY,SELECT,10,193101,17568
N10000_K95_UNIFORM_1,10000,9500,95,9500,PREFIX_BINARY,SELECT,11,218900,17568
N10000_K95_UNIFORM_1,10000,9500,95,9500,PREFIX_BINARY,SELECT,12,232700,17568
N10000_K95_UNIFORM_1,10000,9500,95,9500,PREFIX_BINARY,SELECT,13,234799,17568
N10000_K95_UNIFORM_1,10000,9500,95,9500,PREFIX_BINARY,SELECT,14,201400,17568
N10000_K95_UNIFORM_1,10000,9500,95,9500,PREFIX_BINARY,SELECT,15,193301,17568
N10000_K95_UNIFORM_1,10000,9500,95,9500,PREFIX_BINARY,SELECT,16,211100,17568
N10000_K95_UNIFORM_1,10000,9500,95,9500,PREFIX_BINARY,SELECT,17,201500,17568
N10000_K95_UNIFORM_1,10000,9500,95,9500,PREFIX_BINARY,SELECT,18,156600,17568
N10000_K95_UNIFORM_1,10000,9500,95,9500,PREFIX_BINARY,SELECT,19,224800,17568
N10000_K95_UNIFORM_1,10000,9500,95,9500,PREFIX_BINARY,TOTAL,0,4932501,858896
N10000_K95_UNIFORM_1,10000,9500,95,9500,PREFIX_BINARY,TOTAL,1,4740499,858896
N10000_K95_UNIFORM_1,10000,9500,95,9500,PREFIX_BINARY,TOTAL,2,5729400,858896
N10000_K95_UNIFORM_1,10000,9500,95,9500,PREFIX_BINARY,TOTAL,3,5578400,858896
N10000_K95_UNIFORM_1,10000,9500,95,9500,PREFIX_BINARY,TOTAL,4,5061001,858896
N10000_K95_UNIFORM_1,10000,9500,95,9500,PREFIX_BINARY,TOTAL,5,5656600,858896
N10000_K95_UNIFORM_1,10000,9500,95,9500,PREFIX_BINARY,TOTAL,6,5835201,858896
N10000_K95_UNIFORM_1,10000,9500,95,9500,PREFIX_BINARY,TOTAL,7,5742200,858896
N10000_K95_UNIFORM_1,10000,9500,95,9500,PREFIX_BINARY,TOTAL,8,5375101,858896
N10000_K95_UNIFORM_1,10000,9500,95,9500,PREFIX_BINARY,TOTAL,9,5376501,858896
N10000_K95_UNIFORM_1,10000,9500,95,9500,PREFIX_BINARY,TOTAL,10,5650100,858896
N10000_K95_UNIFORM_1,10000,9500,95,9500,PREFIX_BINARY,TOTAL,11,5123300,858896
N10000_K95_UNIFORM_1,10000,9500,95,9500,PREFIX_BINARY,TOTAL,12,4765300,858896
N10000_K95_UNIFORM_1,10000,9500,95,9500,PREFIX_BINARY,TOTAL,13,5870700,858896
N10000_K95_UNIFORM_1,10000,9500,95,9500,PREFIX_BINARY,TOTAL,14,5620800,858896
N10000_K95_UNIFORM_1,10000,9500,95,9500,PREFIX_BINARY,TOTAL,15,5473300,858896
N10000_K95_UNIFORM_1,10000,9500,95,9500,PREFIX_BINARY,TOTAL,16,5495300,858896
N10000_K95_UNIFORM_1,10000,9500,95,9500,PREFIX_BINARY,TOTAL,17,5703600,858896
N10000_K95_UNIFORM_1,10000,9500,95,9500,PREFIX_BINARY,TOTAL,18,5872900,858896
N10000_K95_UNIFORM_1,10000,9500,95,9500,PREFIX_BINARY,TOTAL,19,5822199,858896
N10000_K95_UNIFORM_1,10000,9500,95,9500,FENWICK,NORMALIZE,0,5241600,689264
N10000_K95_UNIFORM_1,10000,9500,95,9500,FENWICK,NORMALIZE,1,5347199,689264
N10000_K95_UNIFORM_1,10000,9500,95,9500,FENWICK,NORMALIZE,2,5086400,689264
N10000_K95_UNIFORM_1,10000,9500,95,9500,FENWICK,NORMALIZE,3,5757800,689264
N10000_K95_UNIFORM_1,10000,9500,95,9500,FENWICK,NORMALIZE,4,5272900,689264
N10000_K95_UNIFORM_1,10000,9500,95,9500,FENWICK,NORMALIZE,5,4653899,689264
N10000_K95_UNIFORM_1,10000,9500,95,9500,FENWICK,NORMALIZE,6,4223900,689264
N10000_K95_UNIFORM_1,10000,9500,95,9500,FENWICK,NORMALIZE,7,4991100,689264
N10000_K95_UNIFORM_1,10000,9500,95,9500,FENWICK,NORMALIZE,8,5500499,689264
N10000_K95_UNIFORM_1,10000,9500,95,9500,FENWICK,NORMALIZE,9,5001101,689264
N10000_K95_UNIFORM_1,10000,9500,95,9500,FENWICK,NORMALIZE,10,4617100,689264
N10000_K95_UNIFORM_1,10000,9500,95,9500,FENWICK,NORMALIZE,11,4453601,689264
N10000_K95_UNIFORM_1,10000,9500,95,9500,FENWICK,NORMALIZE,12,5023701,689264
N10000_K95_UNIFORM_1,10000,9500,95,9500,FENWICK,NORMALIZE,13,4458301,689264
N10000_K95_UNIFORM_1,10000,9500,95,9500,FENWICK,NORMALIZE,14,4798300,689264
N10000_K95_UNIFORM_1,10000,9500,95,9500,FENWICK,NORMALIZE,15,5599500,689264
N10000_K95_UNIFORM_1,10000,9500,95,9500,FENWICK,NORMALIZE,16,5471600,689264
N10000_K95_UNIFORM_1,10000,9500,95,9500,FENWICK,NORMALIZE,17,5542300,689264
N10000_K95_UNIFORM_1,10000,9500,95,9500,FENWICK,NORMALIZE,18,5292699,689264
N10000_K95_UNIFORM_1,10000,9500,95,9500,FENWICK,NORMALIZE,19,5275800,689264
N10000_K95_UNIFORM_1,10000,9500,95,9500,FENWICK,BUILD,0,153900,152136
N10000_K95_UNIFORM_1,10000,9500,95,9500,FENWICK,BUILD,1,152600,152136
N10000_K95_UNIFORM_1,10000,9500,95,9500,FENWICK,BUILD,2,161100,152136
N10000_K95_UNIFORM_1,10000,9500,95,9500,FENWICK,BUILD,3,155399,152136
N10000_K95_UNIFORM_1,10000,9500,95,9500,FENWICK,BUILD,4,148400,152136
N10000_K95_UNIFORM_1,10000,9500,95,9500,FENWICK,BUILD,5,153600,152136
N10000_K95_UNIFORM_1,10000,9500,95,9500,FENWICK,BUILD,6,156200,152136
N10000_K95_UNIFORM_1,10000,9500,95,9500,FENWICK,BUILD,7,160300,152136
N10000_K95_UNIFORM_1,10000,9500,95,9500,FENWICK,BUILD,8,153100,152136
N10000_K95_UNIFORM_1,10000,9500,95,9500,FENWICK,BUILD,9,138100,152136
N10000_K95_UNIFORM_1,10000,9500,95,9500,FENWICK,BUILD,10,152199,152136
N10000_K95_UNIFORM_1,10000,9500,95,9500,FENWICK,BUILD,11,151800,152136
N10000_K95_UNIFORM_1,10000,9500,95,9500,FENWICK,BUILD,12,102700,152136
N10000_K95_UNIFORM_1,10000,9500,95,9500,FENWICK,BUILD,13,85200,152136
N10000_K95_UNIFORM_1,10000,9500,95,9500,FENWICK,BUILD,14,151500,152136
N10000_K95_UNIFORM_1,10000,9500,95,9500,FENWICK,BUILD,15,180200,152136
N10000_K95_UNIFORM_1,10000,9500,95,9500,FENWICK,BUILD,16,195301,152136
N10000_K95_UNIFORM_1,10000,9500,95,9500,FENWICK,BUILD,17,200499,152136
N10000_K95_UNIFORM_1,10000,9500,95,9500,FENWICK,BUILD,18,153000,152136
N10000_K95_UNIFORM_1,10000,9500,95,9500,FENWICK,BUILD,19,149999,152136
N10000_K95_UNIFORM_1,10000,9500,95,9500,FENWICK,SELECT,0,95000,17568
N10000_K95_UNIFORM_1,10000,9500,95,9500,FENWICK,SELECT,1,117500,17568
N10000_K95_UNIFORM_1,10000,9500,95,9500,FENWICK,SELECT,2,140099,17568
N10000_K95_UNIFORM_1,10000,9500,95,9500,FENWICK,SELECT,3,81000,17568
N10000_K95_UNIFORM_1,10000,9500,95,9500,FENWICK,SELECT,4,102999,17568
N10000_K95_UNIFORM_1,10000,9500,95,9500,FENWICK,SELECT,5,107500,17568
N10000_K95_UNIFORM_1,10000,9500,95,9500,FENWICK,SELECT,6,106700,17568
N10000_K95_UNIFORM_1,10000,9500,95,9500,FENWICK,SELECT,7,114700,17568
N10000_K95_UNIFORM_1,10000,9500,95,9500,FENWICK,SELECT,8,91100,17568
N10000_K95_UNIFORM_1,10000,9500,95,9500,FENWICK,SELECT,9,110300,17568
N10000_K95_UNIFORM_1,10000,9500,95,9500,FENWICK,SELECT,10,126700,17568
N10000_K95_UNIFORM_1,10000,9500,95,9500,FENWICK,SELECT,11,114199,17568
N10000_K95_UNIFORM_1,10000,9500,95,9500,FENWICK,SELECT,12,110900,17568
N10000_K95_UNIFORM_1,10000,9500,95,9500,FENWICK,SELECT,13,116600,17568
N10000_K95_UNIFORM_1,10000,9500,95,9500,FENWICK,SELECT,14,110099,17568
N10000_K95_UNIFORM_1,10000,9500,95,9500,FENWICK,SELECT,15,106700,17568
N10000_K95_UNIFORM_1,10000,9500,95,9500,FENWICK,SELECT,16,100099,17568
N10000_K95_UNIFORM_1,10000,9500,95,9500,FENWICK,SELECT,17,123900,17568
N10000_K95_UNIFORM_1,10000,9500,95,9500,FENWICK,SELECT,18,166300,17568
N10000_K95_UNIFORM_1,10000,9500,95,9500,FENWICK,SELECT,19,109401,17568
N10000_K95_UNIFORM_1,10000,9500,95,9500,FENWICK,TOTAL,0,5342300,858968
N10000_K95_UNIFORM_1,10000,9500,95,9500,FENWICK,TOTAL,1,4940499,858968
N10000_K95_UNIFORM_1,10000,9500,95,9500,FENWICK,TOTAL,2,5445101,858968
N10000_K95_UNIFORM_1,10000,9500,95,9500,FENWICK,TOTAL,3,6026999,858968
N10000_K95_UNIFORM_1,10000,9500,95,9500,FENWICK,TOTAL,4,5772000,858968
N10000_K95_UNIFORM_1,10000,9500,95,9500,FENWICK,TOTAL,5,5802700,858968
N10000_K95_UNIFORM_1,10000,9500,95,9500,FENWICK,TOTAL,6,4814800,858968
N10000_K95_UNIFORM_1,10000,9500,95,9500,FENWICK,TOTAL,7,3830599,858968
N10000_K95_UNIFORM_1,10000,9500,95,9500,FENWICK,TOTAL,8,3821900,858968
N10000_K95_UNIFORM_1,10000,9500,95,9500,FENWICK,TOTAL,9,4955300,858968
N10000_K95_UNIFORM_1,10000,9500,95,9500,FENWICK,TOTAL,10,5482300,858968
N10000_K95_UNIFORM_1,10000,9500,95,9500,FENWICK,TOTAL,11,5851201,858968
N10000_K95_UNIFORM_1,10000,9500,95,9500,FENWICK,TOTAL,12,5243100,858968
N10000_K95_UNIFORM_1,10000,9500,95,9500,FENWICK,TOTAL,13,5377700,858968
N10000_K95_UNIFORM_1,10000,9500,95,9500,FENWICK,TOTAL,14,5834601,858968
N10000_K95_UNIFORM_1,10000,9500,95,9500,FENWICK,TOTAL,15,5661600,858968
N10000_K95_UNIFORM_1,10000,9500,95,9500,FENWICK,TOTAL,16,4735500,858968
N10000_K95_UNIFORM_1,10000,9500,95,9500,FENWICK,TOTAL,17,4525700,858968
N10000_K95_UNIFORM_1,10000,9500,95,9500,FENWICK,TOTAL,18,4490100,858968
N10000_K95_UNIFORM_1,10000,9500,95,9500,FENWICK,TOTAL,19,5543899,858968
N10000_K950_UNIFORM_1,10000,9500,950,9500,TICKET_ARRAY,NORMALIZE,0,5280401,689264
N10000_K950_UNIFORM_1,10000,9500,950,9500,TICKET_ARRAY,NORMALIZE,1,4848699,689264
N10000_K950_UNIFORM_1,10000,9500,950,9500,TICKET_ARRAY,NORMALIZE,2,4243599,689264
N10000_K950_UNIFORM_1,10000,9500,950,9500,TICKET_ARRAY,NORMALIZE,3,5305500,689264
N10000_K950_UNIFORM_1,10000,9500,950,9500,TICKET_ARRAY,NORMALIZE,4,3890800,689264
N10000_K950_UNIFORM_1,10000,9500,950,9500,TICKET_ARRAY,NORMALIZE,5,4238399,689264
N10000_K950_UNIFORM_1,10000,9500,950,9500,TICKET_ARRAY,NORMALIZE,6,4698700,689264
N10000_K950_UNIFORM_1,10000,9500,950,9500,TICKET_ARRAY,NORMALIZE,7,4630300,689264
N10000_K950_UNIFORM_1,10000,9500,950,9500,TICKET_ARRAY,NORMALIZE,8,5361600,689264
N10000_K950_UNIFORM_1,10000,9500,950,9500,TICKET_ARRAY,NORMALIZE,9,5595100,689264
N10000_K950_UNIFORM_1,10000,9500,950,9500,TICKET_ARRAY,NORMALIZE,10,5499100,689264
N10000_K950_UNIFORM_1,10000,9500,950,9500,TICKET_ARRAY,NORMALIZE,11,5571500,689264
N10000_K950_UNIFORM_1,10000,9500,950,9500,TICKET_ARRAY,NORMALIZE,12,5806801,689264
N10000_K950_UNIFORM_1,10000,9500,950,9500,TICKET_ARRAY,NORMALIZE,13,5085500,689264
N10000_K950_UNIFORM_1,10000,9500,950,9500,TICKET_ARRAY,NORMALIZE,14,3823100,689264
N10000_K950_UNIFORM_1,10000,9500,950,9500,TICKET_ARRAY,NORMALIZE,15,4872299,689264
N10000_K950_UNIFORM_1,10000,9500,950,9500,TICKET_ARRAY,NORMALIZE,16,5523300,689264
N10000_K950_UNIFORM_1,10000,9500,950,9500,TICKET_ARRAY,NORMALIZE,17,5499401,689264
N10000_K950_UNIFORM_1,10000,9500,950,9500,TICKET_ARRAY,NORMALIZE,18,5195300,689264
N10000_K950_UNIFORM_1,10000,9500,950,9500,TICKET_ARRAY,NORMALIZE,19,5543600,689264
N10000_K950_UNIFORM_1,10000,9500,950,9500,TICKET_ARRAY,BUILD,0,135800,38040
N10000_K950_UNIFORM_1,10000,9500,950,9500,TICKET_ARRAY,BUILD,1,89001,38040
N10000_K950_UNIFORM_1,10000,9500,950,9500,TICKET_ARRAY,BUILD,2,139800,38040
N10000_K950_UNIFORM_1,10000,9500,950,9500,TICKET_ARRAY,BUILD,3,208599,38040
N10000_K950_UNIFORM_1,10000,9500,950,9500,TICKET_ARRAY,BUILD,4,137800,38040
N10000_K950_UNIFORM_1,10000,9500,950,9500,TICKET_ARRAY,BUILD,5,139901,38040
N10000_K950_UNIFORM_1,10000,9500,950,9500,TICKET_ARRAY,BUILD,6,139499,38040
N10000_K950_UNIFORM_1,10000,9500,950,9500,TICKET_ARRAY,BUILD,7,187900,38040
N10000_K950_UNIFORM_1,10000,9500,950,9500,TICKET_ARRAY,BUILD,8,134000,38040
N10000_K950_UNIFORM_1,10000,9500,950,9500,TICKET_ARRAY,BUILD,9,138000,38040
N10000_K950_UNIFORM_1,10000,9500,950,9500,TICKET_ARRAY,BUILD,10,140799,38040
N10000_K950_UNIFORM_1,10000,9500,950,9500,TICKET_ARRAY,BUILD,11,86200,38040
N10000_K950_UNIFORM_1,10000,9500,950,9500,TICKET_ARRAY,BUILD,12,85800,38040
N10000_K950_UNIFORM_1,10000,9500,950,9500,TICKET_ARRAY,BUILD,13,139300,38040
N10000_K950_UNIFORM_1,10000,9500,950,9500,TICKET_ARRAY,BUILD,14,139300,38040
N10000_K950_UNIFORM_1,10000,9500,950,9500,TICKET_ARRAY,BUILD,15,158199,38040
N10000_K950_UNIFORM_1,10000,9500,950,9500,TICKET_ARRAY,BUILD,16,141600,38040
N10000_K950_UNIFORM_1,10000,9500,950,9500,TICKET_ARRAY,BUILD,17,137100,38040
N10000_K950_UNIFORM_1,10000,9500,950,9500,TICKET_ARRAY,BUILD,18,134101,38040
N10000_K950_UNIFORM_1,10000,9500,950,9500,TICKET_ARRAY,BUILD,19,140400,38040
N10000_K950_UNIFORM_1,10000,9500,950,9500,TICKET_ARRAY,SELECT,0,10242499,189840
N10000_K950_UNIFORM_1,10000,9500,950,9500,TICKET_ARRAY,SELECT,1,9360901,189840
N10000_K950_UNIFORM_1,10000,9500,950,9500,TICKET_ARRAY,SELECT,2,8772600,189840
N10000_K950_UNIFORM_1,10000,9500,950,9500,TICKET_ARRAY,SELECT,3,5953400,189840
N10000_K950_UNIFORM_1,10000,9500,950,9500,TICKET_ARRAY,SELECT,4,8094800,189840
N10000_K950_UNIFORM_1,10000,9500,950,9500,TICKET_ARRAY,SELECT,5,9927699,189840
N10000_K950_UNIFORM_1,10000,9500,950,9500,TICKET_ARRAY,SELECT,6,8003200,189840
N10000_K950_UNIFORM_1,10000,9500,950,9500,TICKET_ARRAY,SELECT,7,7202700,189840
N10000_K950_UNIFORM_1,10000,9500,950,9500,TICKET_ARRAY,SELECT,8,10250200,189840
N10000_K950_UNIFORM_1,10000,9500,950,9500,TICKET_ARRAY,SELECT,9,10340500,189840
N10000_K950_UNIFORM_1,10000,9500,950,9500,TICKET_ARRAY,SELECT,10,9932901,189840
N10000_K950_UNIFORM_1,10000,9500,950,9500,TICKET_ARRAY,SELECT,11,10355700,189840
N10000_K950_UNIFORM_1,10000,9500,950,9500,TICKET_ARRAY,SELECT,12,9352499,189840
N10000_K950_UNIFORM_1,10000,9500,950,9500,TICKET_ARRAY,SELECT,13,10182100,189840
N10000_K950_UNIFORM_1,10000,9500,950,9500,TICKET_ARRAY,SELECT,14,10181400,189840
N10000_K950_UNIFORM_1,10000,9500,950,9500,TICKET_ARRAY,SELECT,15,9681199,189840
N10000_K950_UNIFORM_1,10000,9500,950,9500,TICKET_ARRAY,SELECT,16,10181500,189840
N10000_K950_UNIFORM_1,10000,9500,950,9500,TICKET_ARRAY,SELECT,17,10376001,189840
N10000_K950_UNIFORM_1,10000,9500,950,9500,TICKET_ARRAY,SELECT,18,10477799,189840
N10000_K950_UNIFORM_1,10000,9500,950,9500,TICKET_ARRAY,SELECT,19,10022600,189840
N10000_K950_UNIFORM_1,10000,9500,950,9500,TICKET_ARRAY,TOTAL,0,14862600,917144
N10000_K950_UNIFORM_1,10000,9500,950,9500,TICKET_ARRAY,TOTAL,1,15029500,917144
N10000_K950_UNIFORM_1,10000,9500,950,9500,TICKET_ARRAY,TOTAL,2,15040900,917144
N10000_K950_UNIFORM_1,10000,9500,950,9500,TICKET_ARRAY,TOTAL,3,15582300,917144
N10000_K950_UNIFORM_1,10000,9500,950,9500,TICKET_ARRAY,TOTAL,4,15026500,917144
N10000_K950_UNIFORM_1,10000,9500,950,9500,TICKET_ARRAY,TOTAL,5,15775299,917144
N10000_K950_UNIFORM_1,10000,9500,950,9500,TICKET_ARRAY,TOTAL,6,15880501,917144
N10000_K950_UNIFORM_1,10000,9500,950,9500,TICKET_ARRAY,TOTAL,7,16190501,917144
N10000_K950_UNIFORM_1,10000,9500,950,9500,TICKET_ARRAY,TOTAL,8,15121901,917144
N10000_K950_UNIFORM_1,10000,9500,950,9500,TICKET_ARRAY,TOTAL,9,12705300,917144
N10000_K950_UNIFORM_1,10000,9500,950,9500,TICKET_ARRAY,TOTAL,10,16114900,917144
N10000_K950_UNIFORM_1,10000,9500,950,9500,TICKET_ARRAY,TOTAL,11,16343700,917144
N10000_K950_UNIFORM_1,10000,9500,950,9500,TICKET_ARRAY,TOTAL,12,11978800,917144
N10000_K950_UNIFORM_1,10000,9500,950,9500,TICKET_ARRAY,TOTAL,13,11386401,917144
N10000_K950_UNIFORM_1,10000,9500,950,9500,TICKET_ARRAY,TOTAL,14,13407700,917144
N10000_K950_UNIFORM_1,10000,9500,950,9500,TICKET_ARRAY,TOTAL,15,15386200,917144
N10000_K950_UNIFORM_1,10000,9500,950,9500,TICKET_ARRAY,TOTAL,16,14315501,917144
N10000_K950_UNIFORM_1,10000,9500,950,9500,TICKET_ARRAY,TOTAL,17,11931900,917144
N10000_K950_UNIFORM_1,10000,9500,950,9500,TICKET_ARRAY,TOTAL,18,10206200,917144
N10000_K950_UNIFORM_1,10000,9500,950,9500,TICKET_ARRAY,TOTAL,19,10325100,917144
N10000_K950_UNIFORM_1,10000,9500,950,9500,PREFIX_LINEAR,NORMALIZE,0,5612500,689264
N10000_K950_UNIFORM_1,10000,9500,950,9500,PREFIX_LINEAR,NORMALIZE,1,5042699,689264
N10000_K950_UNIFORM_1,10000,9500,950,9500,PREFIX_LINEAR,NORMALIZE,2,4078000,689264
N10000_K950_UNIFORM_1,10000,9500,950,9500,PREFIX_LINEAR,NORMALIZE,3,3683499,689264
N10000_K950_UNIFORM_1,10000,9500,950,9500,PREFIX_LINEAR,NORMALIZE,4,3580599,689264
N10000_K950_UNIFORM_1,10000,9500,950,9500,PREFIX_LINEAR,NORMALIZE,5,4023700,689264
N10000_K950_UNIFORM_1,10000,9500,950,9500,PREFIX_LINEAR,NORMALIZE,6,5167700,689264
N10000_K950_UNIFORM_1,10000,9500,950,9500,PREFIX_LINEAR,NORMALIZE,7,5535800,689264
N10000_K950_UNIFORM_1,10000,9500,950,9500,PREFIX_LINEAR,NORMALIZE,8,5732300,689264
N10000_K950_UNIFORM_1,10000,9500,950,9500,PREFIX_LINEAR,NORMALIZE,9,5419800,689264
N10000_K950_UNIFORM_1,10000,9500,950,9500,PREFIX_LINEAR,NORMALIZE,10,5619500,689264
N10000_K950_UNIFORM_1,10000,9500,950,9500,PREFIX_LINEAR,NORMALIZE,11,5681799,689264
N10000_K950_UNIFORM_1,10000,9500,950,9500,PREFIX_LINEAR,NORMALIZE,12,5755600,689264
N10000_K950_UNIFORM_1,10000,9500,950,9500,PREFIX_LINEAR,NORMALIZE,13,5643901,689264
N10000_K950_UNIFORM_1,10000,9500,950,9500,PREFIX_LINEAR,NORMALIZE,14,4834700,689264
N10000_K950_UNIFORM_1,10000,9500,950,9500,PREFIX_LINEAR,NORMALIZE,15,4942999,689264
N10000_K950_UNIFORM_1,10000,9500,950,9500,PREFIX_LINEAR,NORMALIZE,16,5741100,689264
N10000_K950_UNIFORM_1,10000,9500,950,9500,PREFIX_LINEAR,NORMALIZE,17,5657300,689264
N10000_K950_UNIFORM_1,10000,9500,950,9500,PREFIX_LINEAR,NORMALIZE,18,5388900,689264
N10000_K950_UNIFORM_1,10000,9500,950,9500,PREFIX_LINEAR,NORMALIZE,19,5397900,689264
N10000_K950_UNIFORM_1,10000,9500,950,9500,PREFIX_LINEAR,BUILD,0,41400,152064
N10000_K950_UNIFORM_1,10000,9500,950,9500,PREFIX_LINEAR,BUILD,1,40899,152064
N10000_K950_UNIFORM_1,10000,9500,950,9500,PREFIX_LINEAR,BUILD,2,36100,152064
N10000_K950_UNIFORM_1,10000,9500,950,9500,PREFIX_LINEAR,BUILD,3,38300,152064
N10000_K950_UNIFORM_1,10000,9500,950,9500,PREFIX_LINEAR,BUILD,4,35501,152064
N10000_K950_UNIFORM_1,10000,9500,950,9500,PREFIX_LINEAR,BUILD,5,57001,152064
N10000_K950_UNIFORM_1,10000,9500,950,9500,PREFIX_LINEAR,BUILD,6,50300,152064
N10000_K950_UNIFORM_1,10000,9500,950,9500,PREFIX_LINEAR,BUILD,7,50300,152064
N10000_K950_UNIFORM_1,10000,9500,950,9500,PREFIX_LINEAR,BUILD,8,64000,152064
N10000_K950_UNIFORM_1,10000,9500,950,9500,PREFIX_LINEAR,BUILD,9,51701,152064
N10000_K950_UNIFORM_1,10000,9500,950,9500,PREFIX_LINEAR,BUILD,10,51200,152064
N10000_K950_UNIFORM_1,10000,9500,950,9500,PREFIX_LINEAR,BUILD,11,49400,152064
N10000_K950_UNIFORM_1,10000,9500,950,9500,PREFIX_LINEAR,BUILD,12,35101,152064
N10000_K950_UNIFORM_1,10000,9500,950,9500,PREFIX_LINEAR,BUILD,13,58099,152064
N10000_K950_UNIFORM_1,10000,9500,950,9500,PREFIX_LINEAR,BUILD,14,35400,152064
N10000_K950_UNIFORM_1,10000,9500,950,9500,PREFIX_LINEAR,BUILD,15,53400,152064
N10000_K950_UNIFORM_1,10000,9500,950,9500,PREFIX_LINEAR,BUILD,16,34101,152064
N10000_K950_UNIFORM_1,10000,9500,950,9500,PREFIX_LINEAR,BUILD,17,34200,152064
N10000_K950_UNIFORM_1,10000,9500,950,9500,PREFIX_LINEAR,BUILD,18,47300,152064
N10000_K950_UNIFORM_1,10000,9500,950,9500,PREFIX_LINEAR,BUILD,19,50500,152064
N10000_K950_UNIFORM_1,10000,9500,950,9500,PREFIX_LINEAR,SELECT,0,5407000,189840
N10000_K950_UNIFORM_1,10000,9500,950,9500,PREFIX_LINEAR,SELECT,1,3960501,189840
N10000_K950_UNIFORM_1,10000,9500,950,9500,PREFIX_LINEAR,SELECT,2,3274900,189840
N10000_K950_UNIFORM_1,10000,9500,950,9500,PREFIX_LINEAR,SELECT,3,4647000,189840
N10000_K950_UNIFORM_1,10000,9500,950,9500,PREFIX_LINEAR,SELECT,4,5116800,189840
N10000_K950_UNIFORM_1,10000,9500,950,9500,PREFIX_LINEAR,SELECT,5,2944700,189840
N10000_K950_UNIFORM_1,10000,9500,950,9500,PREFIX_LINEAR,SELECT,6,5467801,189840
N10000_K950_UNIFORM_1,10000,9500,950,9500,PREFIX_LINEAR,SELECT,7,5415700,189840
N10000_K950_UNIFORM_1,10000,9500,950,9500,PREFIX_LINEAR,SELECT,8,5567900,189840
N10000_K950_UNIFORM_1,10000,9500,950,9500,PREFIX_LINEAR,SELECT,9,5437400,189840
N10000_K950_UNIFORM_1,10000,9500,950,9500,PREFIX_LINEAR,SELECT,10,4149800,189840
N10000_K950_UNIFORM_1,10000,9500,950,9500,PREFIX_LINEAR,SELECT,11,2997200,189840
N10000_K950_UNIFORM_1,10000,9500,950,9500,PREFIX_LINEAR,SELECT,12,3046900,189840
N10000_K950_UNIFORM_1,10000,9500,950,9500,PREFIX_LINEAR,SELECT,13,4523900,189840
N10000_K950_UNIFORM_1,10000,9500,950,9500,PREFIX_LINEAR,SELECT,14,5464300,189840
N10000_K950_UNIFORM_1,10000,9500,950,9500,PREFIX_LINEAR,SELECT,15,5573500,189840
N10000_K950_UNIFORM_1,10000,9500,950,9500,PREFIX_LINEAR,SELECT,16,3902800,189840
N10000_K950_UNIFORM_1,10000,9500,950,9500,PREFIX_LINEAR,SELECT,17,5459200,189840
N10000_K950_UNIFORM_1,10000,9500,950,9500,PREFIX_LINEAR,SELECT,18,5563699,189840
N10000_K950_UNIFORM_1,10000,9500,950,9500,PREFIX_LINEAR,SELECT,19,5249100,189840
N10000_K950_UNIFORM_1,10000,9500,950,9500,PREFIX_LINEAR,TOTAL,0,10170900,1031168
N10000_K950_UNIFORM_1,10000,9500,950,9500,PREFIX_LINEAR,TOTAL,1,9049199,1031168
N10000_K950_UNIFORM_1,10000,9500,950,9500,PREFIX_LINEAR,TOTAL,2,8391899,1031168
N10000_K950_UNIFORM_1,10000,9500,950,9500,PREFIX_LINEAR,TOTAL,3,10189999,1031168
N10000_K950_UNIFORM_1,10000,9500,950,9500,PREFIX_LINEAR,TOTAL,4,10832200,1031168
N10000_K950_UNIFORM_1,10000,9500,950,9500,PREFIX_LINEAR,TOTAL,5,9963700,1031168
N10000_K950_UNIFORM_1,10000,9500,950,9500,PREFIX_LINEAR,TOTAL,6,11019301,1031168
N10000_K950_UNIFORM_1,10000,9500,950,9500,PREFIX_LINEAR,TOTAL,7,11202099,1031168
N10000_K950_UNIFORM_1,10000,9500,950,9500,PREFIX_LINEAR,TOTAL,8,11141800,1031168
N10000_K950_UNIFORM_1,10000,9500,950,9500,PREFIX_LINEAR,TOTAL,9,10163401,1031168
N10000_K950_UNIFORM_1,10000,9500,950,9500,PREFIX_LINEAR,TOTAL,10,8709800,1031168
N10000_K950_UNIFORM_1,10000,9500,950,9500,PREFIX_LINEAR,TOTAL,11,11096199,1031168
N10000_K950_UNIFORM_1,10000,9500,950,9500,PREFIX_LINEAR,TOTAL,12,9127800,1031168
N10000_K950_UNIFORM_1,10000,9500,950,9500,PREFIX_LINEAR,TOTAL,13,7240000,1031168
N10000_K950_UNIFORM_1,10000,9500,950,9500,PREFIX_LINEAR,TOTAL,14,6247799,1031168
N10000_K950_UNIFORM_1,10000,9500,950,9500,PREFIX_LINEAR,TOTAL,15,8225000,1031168
N10000_K950_UNIFORM_1,10000,9500,950,9500,PREFIX_LINEAR,TOTAL,16,9549801,1031168
N10000_K950_UNIFORM_1,10000,9500,950,9500,PREFIX_LINEAR,TOTAL,17,9670900,1031168
N10000_K950_UNIFORM_1,10000,9500,950,9500,PREFIX_LINEAR,TOTAL,18,10155800,1031168
N10000_K950_UNIFORM_1,10000,9500,950,9500,PREFIX_LINEAR,TOTAL,19,10997500,1031168
N10000_K950_UNIFORM_1,10000,9500,950,9500,PREFIX_BINARY,NORMALIZE,0,5351000,689264
N10000_K950_UNIFORM_1,10000,9500,950,9500,PREFIX_BINARY,NORMALIZE,1,3837800,689264
N10000_K950_UNIFORM_1,10000,9500,950,9500,PREFIX_BINARY,NORMALIZE,2,3608100,689264
N10000_K950_UNIFORM_1,10000,9500,950,9500,PREFIX_BINARY,NORMALIZE,3,5162200,689264
N10000_K950_UNIFORM_1,10000,9500,950,9500,PREFIX_BINARY,NORMALIZE,4,5572099,689264
N10000_K950_UNIFORM_1,10000,9500,950,9500,PREFIX_BINARY,NORMALIZE,5,5404600,689264
N10000_K950_UNIFORM_1,10000,9500,950,9500,PREFIX_BINARY,NORMALIZE,6,5012299,689264
N10000_K950_UNIFORM_1,10000,9500,950,9500,PREFIX_BINARY,NORMALIZE,7,5605501,689264
N10000_K950_UNIFORM_1,10000,9500,950,9500,PREFIX_BINARY,NORMALIZE,8,5632900,689264
N10000_K950_UNIFORM_1,10000,9500,950,9500,PREFIX_BINARY,NORMALIZE,9,5492899,689264
N10000_K950_UNIFORM_1,10000,9500,950,9500,PREFIX_BINARY,NORMALIZE,10,4820299,689264
N10000_K950_UNIFORM_1,10000,9500,950,9500,PREFIX_BINARY,NORMALIZE,11,5577600,689264
N10000_K950_UNIFORM_1,10000,9500,950,9500,PREFIX_BINARY,NORMALIZE,12,5178100,689264
N10000_K950_UNIFORM_1,10000,9500,950,9500,PREFIX_BINARY,NORMALIZE,13,3858499,689264
N10000_K950_UNIFORM_1,10000,9500,950,9500,PREFIX_BINARY,NORMALIZE,14,3623700,689264
N10000_K950_UNIFORM_1,10000,9500,950,9500,PREFIX_BINARY,NORMALIZE,15,3786300,689264
N10000_K950_UNIFORM_1,10000,9500,950,9500,PREFIX_BINARY,NORMALIZE,16,8072800,689264
N10000_K950_UNIFORM_1,10000,9500,950,9500,PREFIX_BINARY,NORMALIZE,17,5616501,689264
N10000_K950_UNIFORM_1,10000,9500,950,9500,PREFIX_BINARY,NORMALIZE,18,5641400,689264
N10000_K950_UNIFORM_1,10000,9500,950,9500,PREFIX_BINARY,NORMALIZE,19,5773100,689264
N10000_K950_UNIFORM_1,10000,9500,950,9500,PREFIX_BINARY,BUILD,0,54400,152064
N10000_K950_UNIFORM_1,10000,9500,950,9500,PREFIX_BINARY,BUILD,1,64300,152064
N10000_K950_UNIFORM_1,10000,9500,950,9500,PREFIX_BINARY,BUILD,2,37500,152064
N10000_K950_UNIFORM_1,10000,9500,950,9500,PREFIX_BINARY,BUILD,3,59300,152064
N10000_K950_UNIFORM_1,10000,9500,950,9500,PREFIX_BINARY,BUILD,4,67201,152064
N10000_K950_UNIFORM_1,10000,9500,950,9500,PREFIX_BINARY,BUILD,5,56400,152064
N10000_K950_UNIFORM_1,10000,9500,950,9500,PREFIX_BINARY,BUILD,6,91100,152064
N10000_K950_UNIFORM_1,10000,9500,950,9500,PREFIX_BINARY,BUILD,7,59700,152064
N10000_K950_UNIFORM_1,10000,9500,950,9500,PREFIX_BINARY,BUILD,8,37201,152064
N10000_K950_UNIFORM_1,10000,9500,950,9500,PREFIX_BINARY,BUILD,9,69900,152064
N10000_K950_UNIFORM_1,10000,9500,950,9500,PREFIX_BINARY,BUILD,10,52599,152064
N10000_K950_UNIFORM_1,10000,9500,950,9500,PREFIX_BINARY,BUILD,11,52400,152064
N10000_K950_UNIFORM_1,10000,9500,950,9500,PREFIX_BINARY,BUILD,12,57700,152064
N10000_K950_UNIFORM_1,10000,9500,950,9500,PREFIX_BINARY,BUILD,13,57801,152064
N10000_K950_UNIFORM_1,10000,9500,950,9500,PREFIX_BINARY,BUILD,14,53299,152064
N10000_K950_UNIFORM_1,10000,9500,950,9500,PREFIX_BINARY,BUILD,15,40699,152064
N10000_K950_UNIFORM_1,10000,9500,950,9500,PREFIX_BINARY,BUILD,16,76000,152064
N10000_K950_UNIFORM_1,10000,9500,950,9500,PREFIX_BINARY,BUILD,17,62401,152064
N10000_K950_UNIFORM_1,10000,9500,950,9500,PREFIX_BINARY,BUILD,18,49300,152064
N10000_K950_UNIFORM_1,10000,9500,950,9500,PREFIX_BINARY,BUILD,19,59999,152064
N10000_K950_UNIFORM_1,10000,9500,950,9500,PREFIX_BINARY,SELECT,0,1806000,189840
N10000_K950_UNIFORM_1,10000,9500,950,9500,PREFIX_BINARY,SELECT,1,1736699,189840
N10000_K950_UNIFORM_1,10000,9500,950,9500,PREFIX_BINARY,SELECT,2,1824199,189840
N10000_K950_UNIFORM_1,10000,9500,950,9500,PREFIX_BINARY,SELECT,3,1784401,189840
N10000_K950_UNIFORM_1,10000,9500,950,9500,PREFIX_BINARY,SELECT,4,1777700,189840
N10000_K950_UNIFORM_1,10000,9500,950,9500,PREFIX_BINARY,SELECT,5,1243499,189840
N10000_K950_UNIFORM_1,10000,9500,950,9500,PREFIX_BINARY,SELECT,6,1781800,189840
N10000_K950_UNIFORM_1,10000,9500,950,9500,PREFIX_BINARY,SELECT,7,1784100,189840
N10000_K950_UNIFORM_1,10000,9500,950,9500,PREFIX_BINARY,SELECT,8,1364700,189840
N10000_K950_UNIFORM_1,10000,9500,950,9500,PREFIX_BINARY,SELECT,9,1803000,189840
N10000_K950_UNIFORM_1,10000,9500,950,9500,PREFIX_BINARY,SELECT,10,1778800,189840
N10000_K950_UNIFORM_1,10000,9500,950,9500,PREFIX_BINARY,SELECT,11,1249600,189840
N10000_K950_UNIFORM_1,10000,9500,950,9500,PREFIX_BINARY,SELECT,12,1583800,189840
N10000_K950_UNIFORM_1,10000,9500,950,9500,PREFIX_BINARY,SELECT,13,1140700,189840
N10000_K950_UNIFORM_1,10000,9500,950,9500,PREFIX_BINARY,SELECT,14,1759900,189840
N10000_K950_UNIFORM_1,10000,9500,950,9500,PREFIX_BINARY,SELECT,15,1581900,189840
N10000_K950_UNIFORM_1,10000,9500,950,9500,PREFIX_BINARY,SELECT,16,1370200,189840
N10000_K950_UNIFORM_1,10000,9500,950,9500,PREFIX_BINARY,SELECT,17,1800400,189840
N10000_K950_UNIFORM_1,10000,9500,950,9500,PREFIX_BINARY,SELECT,18,1731200,189840
N10000_K950_UNIFORM_1,10000,9500,950,9500,PREFIX_BINARY,SELECT,19,1667700,189840
N10000_K950_UNIFORM_1,10000,9500,950,9500,PREFIX_BINARY,TOTAL,0,6483900,1031168
N10000_K950_UNIFORM_1,10000,9500,950,9500,PREFIX_BINARY,TOTAL,1,7005400,1031168
N10000_K950_UNIFORM_1,10000,9500,950,9500,PREFIX_BINARY,TOTAL,2,7349300,1031168
N10000_K950_UNIFORM_1,10000,9500,950,9500,PREFIX_BINARY,TOTAL,3,7295100,1031168
N10000_K950_UNIFORM_1,10000,9500,950,9500,PREFIX_BINARY,TOTAL,4,7347400,1031168
N10000_K950_UNIFORM_1,10000,9500,950,9500,PREFIX_BINARY,TOTAL,5,7173501,1031168
N10000_K950_UNIFORM_1,10000,9500,950,9500,PREFIX_BINARY,TOTAL,6,7239400,1031168
N10000_K950_UNIFORM_1,10000,9500,950,9500,PREFIX_BINARY,TOTAL,7,4884800,1031168
N10000_K950_UNIFORM_1,10000,9500,950,9500,PREFIX_BINARY,TOTAL,8,5746099,1031168
N10000_K950_UNIFORM_1,10000,9500,950,9500,PREFIX_BINARY,TOTAL,9,5557000,1031168
N10000_K950_UNIFORM_1,10000,9500,950,9500,PREFIX_BINARY,TOTAL,10,6840900,1031168
N10000_K950_UNIFORM_1,10000,9500,950,9500,PREFIX_BINARY,TOTAL,11,5004700,1031168
N10000_K950_UNIFORM_1,10000,9500,950,9500,PREFIX_BINARY,TOTAL,12,6085300,1031168
N10000_K950_UNIFORM_1,10000,9500,950,9500,PREFIX_BINARY,TOTAL,13,7300800,1031168
N10000_K950_UNIFORM_1,10000,9500,950,9500,PREFIX_BINARY,TOTAL,14,7384900,1031168
N10000_K950_UNIFORM_1,10000,9500,950,9500,PREFIX_BINARY,TOTAL,15,6140300,1031168
N10000_K950_UNIFORM_1,10000,9500,950,9500,PREFIX_BINARY,TOTAL,16,6970900,1031168
N10000_K950_UNIFORM_1,10000,9500,950,9500,PREFIX_BINARY,TOTAL,17,4873800,1031168
N10000_K950_UNIFORM_1,10000,9500,950,9500,PREFIX_BINARY,TOTAL,18,4740100,1031168
N10000_K950_UNIFORM_1,10000,9500,950,9500,PREFIX_BINARY,TOTAL,19,4713500,1031168
N10000_K950_UNIFORM_1,10000,9500,950,9500,FENWICK,NORMALIZE,0,5349499,689264
N10000_K950_UNIFORM_1,10000,9500,950,9500,FENWICK,NORMALIZE,1,5185801,689264
N10000_K950_UNIFORM_1,10000,9500,950,9500,FENWICK,NORMALIZE,2,5641899,689264
N10000_K950_UNIFORM_1,10000,9500,950,9500,FENWICK,NORMALIZE,3,5620799,689264
N10000_K950_UNIFORM_1,10000,9500,950,9500,FENWICK,NORMALIZE,4,5470601,689264
N10000_K950_UNIFORM_1,10000,9500,950,9500,FENWICK,NORMALIZE,5,4700200,689264
N10000_K950_UNIFORM_1,10000,9500,950,9500,FENWICK,NORMALIZE,6,5288600,689264
N10000_K950_UNIFORM_1,10000,9500,950,9500,FENWICK,NORMALIZE,7,5551799,689264
N10000_K950_UNIFORM_1,10000,9500,950,9500,FENWICK,NORMALIZE,8,5590999,689264
N10000_K950_UNIFORM_1,10000,9500,950,9500,FENWICK,NORMALIZE,9,5493200,689264
N10000_K950_UNIFORM_1,10000,9500,950,9500,FENWICK,NORMALIZE,10,5438101,689264
N10000_K950_UNIFORM_1,10000,9500,950,9500,FENWICK,NORMALIZE,11,5804501,689264
N10000_K950_UNIFORM_1,10000,9500,950,9500,FENWICK,NORMALIZE,12,5726601,689264
N10000_K950_UNIFORM_1,10000,9500,950,9500,FENWICK,NORMALIZE,13,5906200,689264
N10000_K950_UNIFORM_1,10000,9500,950,9500,FENWICK,NORMALIZE,14,5712600,689264
N10000_K950_UNIFORM_1,10000,9500,950,9500,FENWICK,NORMALIZE,15,5323100,689264
N10000_K950_UNIFORM_1,10000,9500,950,9500,FENWICK,NORMALIZE,16,5625200,689264
N10000_K950_UNIFORM_1,10000,9500,950,9500,FENWICK,NORMALIZE,17,5683599,689264
N10000_K950_UNIFORM_1,10000,9500,950,9500,FENWICK,NORMALIZE,18,5134201,689264
N10000_K950_UNIFORM_1,10000,9500,950,9500,FENWICK,NORMALIZE,19,5483901,689264
N10000_K950_UNIFORM_1,10000,9500,950,9500,FENWICK,BUILD,0,147400,152136
N10000_K950_UNIFORM_1,10000,9500,950,9500,FENWICK,BUILD,1,152900,152136
N10000_K950_UNIFORM_1,10000,9500,950,9500,FENWICK,BUILD,2,151301,152136
N10000_K950_UNIFORM_1,10000,9500,950,9500,FENWICK,BUILD,3,102000,152136
N10000_K950_UNIFORM_1,10000,9500,950,9500,FENWICK,BUILD,4,108799,152136
N10000_K950_UNIFORM_1,10000,9500,950,9500,FENWICK,BUILD,5,201100,152136
N10000_K950_UNIFORM_1,10000,9500,950,9500,FENWICK,BUILD,6,163600,152136
N10000_K950_UNIFORM_1,10000,9500,950,9500,FENWICK,BUILD,7,155800,152136
N10000_K950_UNIFORM_1,10000,9500,950,9500,FENWICK,BUILD,8,157600,152136
N10000_K950_UNIFORM_1,10000,9500,950,9500,FENWICK,BUILD,9,154400,152136
N10000_K950_UNIFORM_1,10000,9500,950,9500,FENWICK,BUILD,10,150099,152136
N10000_K950_UNIFORM_1,10000,9500,950,9500,FENWICK,BUILD,11,166900,152136
N10000_K950_UNIFORM_1,10000,9500,950,9500,FENWICK,BUILD,12,150901,152136
N10000_K950_UNIFORM_1,10000,9500,950,9500,FENWICK,BUILD,13,178700,152136
N10000_K950_UNIFORM_1,10000,9500,950,9500,FENWICK,BUILD,14,154801,152136
N10000_K950_UNIFORM_1,10000,9500,950,9500,FENWICK,BUILD,15,153200,152136
N10000_K950_UNIFORM_1,10000,9500,950,9500,FENWICK,BUILD,16,150700,152136
N10000_K950_UNIFORM_1,10000,9500,950,9500,FENWICK,BUILD,17,152800,152136
N10000_K950_UNIFORM_1,10000,9500,950,9500,FENWICK,BUILD,18,148801,152136
N10000_K950_UNIFORM_1,10000,9500,950,9500,FENWICK,BUILD,19,93600,152136
N10000_K950_UNIFORM_1,10000,9500,950,9500,FENWICK,SELECT,0,450300,189840
N10000_K950_UNIFORM_1,10000,9500,950,9500,FENWICK,SELECT,1,667000,189840
N10000_K950_UNIFORM_1,10000,9500,950,9500,FENWICK,SELECT,2,668800,189840
N10000_K950_UNIFORM_1,10000,9500,950,9500,FENWICK,SELECT,3,717900,189840
N10000_K950_UNIFORM_1,10000,9500,950,9500,FENWICK,SELECT,4,732899,189840
N10000_K950_UNIFORM_1,10000,9500,950,9500,FENWICK,SELECT,5,473200,189840
N10000_K950_UNIFORM_1,10000,9500,950,9500,FENWICK,SELECT,6,704000,189840
N10000_K950_UNIFORM_1,10000,9500,950,9500,FENWICK,SELECT,7,453800,189840
N10000_K950_UNIFORM_1,10000,9500,950,9500,FENWICK,SELECT,8,492400,189840
N10000_K950_UNIFORM_1,10000,9500,950,9500,FENWICK,SELECT,9,466899,189840
N10000_K950_UNIFORM_1,10000,9500,950,9500,FENWICK,SELECT,10,443900,189840
N10000_K950_UNIFORM_1,10000,9500,950,9500,FENWICK,SELECT,11,626200,189840
N10000_K950_UNIFORM_1,10000,9500,950,9500,FENWICK,SELECT,12,619100,189840
N10000_K950_UNIFORM_1,10000,9500,950,9500,FENWICK,SELECT,13,657000,189840
N10000_K950_UNIFORM_1,10000,9500,950,9500,FENWICK,SELECT,14,805901,189840
N10000_K950_UNIFORM_1,10000,9500,950,9500,FENWICK,SELECT,15,728101,189840
N10000_K950_UNIFORM_1,10000,9500,950,9500,FENWICK,SELECT,16,497500,189840
N10000_K950_UNIFORM_1,10000,9500,950,9500,FENWICK,SELECT,17,656301,189840
N10000_K950_UNIFORM_1,10000,9500,950,9500,FENWICK,SELECT,18,675600,189840
N10000_K950_UNIFORM_1,10000,9500,950,9500,FENWICK,SELECT,19,694199,189840
N10000_K950_UNIFORM_1,10000,9500,950,9500,FENWICK,TOTAL,0,6455499,1031240
N10000_K950_UNIFORM_1,10000,9500,950,9500,FENWICK,TOTAL,1,6150200,1031240
N10000_K950_UNIFORM_1,10000,9500,950,9500,FENWICK,TOTAL,2,5757001,1031240
N10000_K950_UNIFORM_1,10000,9500,950,9500,FENWICK,TOTAL,3,6481400,1031240
N10000_K950_UNIFORM_1,10000,9500,950,9500,FENWICK,TOTAL,4,6608700,1031240
N10000_K950_UNIFORM_1,10000,9500,950,9500,FENWICK,TOTAL,5,6418800,1031240
N10000_K950_UNIFORM_1,10000,9500,950,9500,FENWICK,TOTAL,6,6045700,1031240
N10000_K950_UNIFORM_1,10000,9500,950,9500,FENWICK,TOTAL,7,6361301,1031240
N10000_K950_UNIFORM_1,10000,9500,950,9500,FENWICK,TOTAL,8,6520000,1031240
N10000_K950_UNIFORM_1,10000,9500,950,9500,FENWICK,TOTAL,9,6286600,1031240
N10000_K950_UNIFORM_1,10000,9500,950,9500,FENWICK,TOTAL,10,6502900,1031240
N10000_K950_UNIFORM_1,10000,9500,950,9500,FENWICK,TOTAL,11,5899500,1031240
N10000_K950_UNIFORM_1,10000,9500,950,9500,FENWICK,TOTAL,12,5629001,1031240
N10000_K950_UNIFORM_1,10000,9500,950,9500,FENWICK,TOTAL,13,6061900,1031240
N10000_K950_UNIFORM_1,10000,9500,950,9500,FENWICK,TOTAL,14,4297999,1031240
N10000_K950_UNIFORM_1,10000,9500,950,9500,FENWICK,TOTAL,15,4457800,1031240
N10000_K950_UNIFORM_1,10000,9500,950,9500,FENWICK,TOTAL,16,6392001,1031240
N10000_K950_UNIFORM_1,10000,9500,950,9500,FENWICK,TOTAL,17,5197001,1031240
N10000_K950_UNIFORM_1,10000,9500,950,9500,FENWICK,TOTAL,18,5919801,1031240
N10000_K950_UNIFORM_1,10000,9500,950,9500,FENWICK,TOTAL,19,6432000,1031240
N10000_K1_UNIFORM_100,10000,9500,1,950000,TICKET_ARRAY,NORMALIZE,0,5158900,689264
N10000_K1_UNIFORM_100,10000,9500,1,950000,TICKET_ARRAY,NORMALIZE,1,5637101,689264
N10000_K1_UNIFORM_100,10000,9500,1,950000,TICKET_ARRAY,NORMALIZE,2,5621600,689264
N10000_K1_UNIFORM_100,10000,9500,1,950000,TICKET_ARRAY,NORMALIZE,3,5631800,689264
N10000_K1_UNIFORM_100,10000,9500,1,950000,TICKET_ARRAY,NORMALIZE,4,5593599,689264
N10000_K1_UNIFORM_100,10000,9500,1,950000,TICKET_ARRAY,NORMALIZE,5,5707700,689264
N10000_K1_UNIFORM_100,10000,9500,1,950000,TICKET_ARRAY,NORMALIZE,6,5462300,689264
N10000_K1_UNIFORM_100,10000,9500,1,950000,TICKET_ARRAY,NORMALIZE,7,5377501,689264
N10000_K1_UNIFORM_100,10000,9500,1,950000,TICKET_ARRAY,NORMALIZE,8,5169499,689264
N10000_K1_UNIFORM_100,10000,9500,1,950000,TICKET_ARRAY,NORMALIZE,9,5460801,689264
N10000_K1_UNIFORM_100,10000,9500,1,950000,TICKET_ARRAY,NORMALIZE,10,5161700,689264
N10000_K1_UNIFORM_100,10000,9500,1,950000,TICKET_ARRAY,NORMALIZE,11,5091300,689264
N10000_K1_UNIFORM_100,10000,9500,1,950000,TICKET_ARRAY,NORMALIZE,12,5653900,689264
N10000_K1_UNIFORM_100,10000,9500,1,950000,TICKET_ARRAY,NORMALIZE,13,5510701,689264
N10000_K1_UNIFORM_100,10000,9500,1,950000,TICKET_ARRAY,NORMALIZE,14,4628799,689264
N10000_K1_UNIFORM_100,10000,9500,1,950000,TICKET_ARRAY,NORMALIZE,15,3713200,689264
N10000_K1_UNIFORM_100,10000,9500,1,950000,TICKET_ARRAY,NORMALIZE,16,5215300,689264
N10000_K1_UNIFORM_100,10000,9500,1,950000,TICKET_ARRAY,NORMALIZE,17,5413899,689264
N10000_K1_UNIFORM_100,10000,9500,1,950000,TICKET_ARRAY,NORMALIZE,18,5587700,689264
N10000_K1_UNIFORM_100,10000,9500,1,950000,TICKET_ARRAY,NORMALIZE,19,5464500,689264
N10000_K1_UNIFORM_100,10000,9500,1,950000,TICKET_ARRAY,BUILD,0,2743100,3800040
N10000_K1_UNIFORM_100,10000,9500,1,950000,TICKET_ARRAY,BUILD,1,2851300,3800040
N10000_K1_UNIFORM_100,10000,9500,1,950000,TICKET_ARRAY,BUILD,2,2905200,3800040
N10000_K1_UNIFORM_100,10000,9500,1,950000,TICKET_ARRAY,BUILD,3,2490701,3800040
N10000_K1_UNIFORM_100,10000,9500,1,950000,TICKET_ARRAY,BUILD,4,2741200,3800040
N10000_K1_UNIFORM_100,10000,9500,1,950000,TICKET_ARRAY,BUILD,5,2983999,3800040
N10000_K1_UNIFORM_100,10000,9500,1,950000,TICKET_ARRAY,BUILD,6,2565600,3800040
N10000_K1_UNIFORM_100,10000,9500,1,950000,TICKET_ARRAY,BUILD,7,3188700,3800040
N10000_K1_UNIFORM_100,10000,9500,1,950000,TICKET_ARRAY,BUILD,8,2540201,3800040
N10000_K1_UNIFORM_100,10000,9500,1,950000,TICKET_ARRAY,BUILD,9,2730800,3800040
N10000_K1_UNIFORM_100,10000,9500,1,950000,TICKET_ARRAY,BUILD,10,3550200,3800040
N10000_K1_UNIFORM_100,10000,9500,1,950000,TICKET_ARRAY,BUILD,11,3206200,3800040
N10000_K1_UNIFORM_100,10000,9500,1,950000,TICKET_ARRAY,BUILD,12,2310801,3800040
N10000_K1_UNIFORM_100,10000,9500,1,950000,TICKET_ARRAY,BUILD,13,3483699,3800040
N10000_K1_UNIFORM_100,10000,9500,1,950000,TICKET_ARRAY,BUILD,14,3045800,3800040
N10000_K1_UNIFORM_100,10000,9500,1,950000,TICKET_ARRAY,BUILD,15,4208800,3800040
N10000_K1_UNIFORM_100,10000,9500,1,950000,TICKET_ARRAY,BUILD,16,3301400,3800040
N10000_K1_UNIFORM_100,10000,9500,1,950000,TICKET_ARRAY,BUILD,17,3558100,3800040
N10000_K1_UNIFORM_100,10000,9500,1,950000,TICKET_ARRAY,BUILD,18,2622000,3800040
N10000_K1_UNIFORM_100,10000,9500,1,950000,TICKET_ARRAY,BUILD,19,2173600,3800040
N10000_K1_UNIFORM_100,10000,9500,1,950000,TICKET_ARRAY,SELECT,0,963600,1592
N10000_K1_UNIFORM_100,10000,9500,1,950000,TICKET_ARRAY,SELECT,1,631501,1592
N10000_K1_UNIFORM_100,10000,9500,1,950000,TICKET_ARRAY,SELECT,2,969300,1592
N10000_K1_UNIFORM_100,10000,9500,1,950000,TICKET_ARRAY,SELECT,3,1019800,2720
N10000_K1_UNIFORM_100,10000,9500,1,950000,TICKET_ARRAY,SELECT,4,1094300,1592
N10000_K1_UNIFORM_100,10000,9500,1,950000,TICKET_ARRAY,SELECT,5,1047300,1592
N10000_K1_UNIFORM_100,10000,9500,1,950000,TICKET_ARRAY,SELECT,6,1031399,1592
N10000_K1_UNIFORM_100,10000,9500,1,950000,TICKET_ARRAY,SELECT,7,622200,1592
N10000_K1_UNIFORM_100,10000,9500,1,950000,TICKET_ARRAY,SELECT,8,599100,1592
N10000_K1_UNIFORM_100,10000,9500,1,950000,TICKET_ARRAY,SELECT,9,981100,1592
N10000_K1_UNIFORM_100,10000,9500,1,950000,TICKET_ARRAY,SELECT,10,996700,1592
N10000_K1_UNIFORM_100,10000,9500,1,950000,TICKET_ARRAY,SELECT,11,1004200,1592
N10000_K1_UNIFORM_100,10000,9500,1,950000,TICKET_ARRAY,SELECT,12,940600,1592
N10000_K1_UNIFORM_100,10000,9500,1,950000,TICKET_ARRAY,SELECT,13,982401,1592
N10000_K1_UNIFORM_100,10000,9500,1,950000,TICKET_ARRAY,SELECT,14,958800,1592
N10000_K1_UNIFORM_100,10000,9500,1,950000,TICKET_ARRAY,SELECT,15,944901,1592
N10000_K1_UNIFORM_100,10000,9500,1,950000,TICKET_ARRAY,SELECT,16,1010701,1592
N10000_K1_UNIFORM_100,10000,9500,1,950000,TICKET_ARRAY,SELECT,17,605699,1592
N10000_K1_UNIFORM_100,10000,9500,1,950000,TICKET_ARRAY,SELECT,18,963800,1592
N10000_K1_UNIFORM_100,10000,9500,1,950000,TICKET_ARRAY,SELECT,19,955001,1592
N10000_K1_UNIFORM_100,10000,9500,1,950000,TICKET_ARRAY,TOTAL,0,5780400,4490896
N10000_K1_UNIFORM_100,10000,9500,1,950000,TICKET_ARRAY,TOTAL,1,6415200,4490896
N10000_K1_UNIFORM_100,10000,9500,1,950000,TICKET_ARRAY,TOTAL,2,7122900,4490896
N10000_K1_UNIFORM_100,10000,9500,1,950000,TICKET_ARRAY,TOTAL,3,8279300,4490896
N10000_K1_UNIFORM_100,10000,9500,1,950000,TICKET_ARRAY,TOTAL,4,8298199,4490896
N10000_K1_UNIFORM_100,10000,9500,1,950000,TICKET_ARRAY,TOTAL,5,7927500,4490896
N10000_K1_UNIFORM_100,10000,9500,1,950000,TICKET_ARRAY,TOTAL,6,8622500,4490896
N10000_K1_UNIFORM_100,10000,9500,1,950000,TICKET_ARRAY,TOTAL,7,8384099,4490896
N10000_K1_UNIFORM_100,10000,9500,1,950000,TICKET_ARRAY,TOTAL,8,7879100,4490896
N10000_K1_UNIFORM_100,10000,9500,1,950000,TICKET_ARRAY,TOTAL,9,8384100,4490896
N10000_K1_UNIFORM_100,10000,9500,1,950000,TICKET_ARRAY,TOTAL,10,6465900,4490896
N10000_K1_UNIFORM_100,10000,9500,1,950000,TICKET_ARRAY,TOTAL,11,7262700,4490896
N10000_K1_UNIFORM_100,10000,9500,1,950000,TICKET_ARRAY,TOTAL,12,7866200,4490896
N10000_K1_UNIFORM_100,10000,9500,1,950000,TICKET_ARRAY,TOTAL,13,7517901,4490896
N10000_K1_UNIFORM_100,10000,9500,1,950000,TICKET_ARRAY,TOTAL,14,8046700,4490896
N10000_K1_UNIFORM_100,10000,9500,1,950000,TICKET_ARRAY,TOTAL,15,8526001,4490896
N10000_K1_UNIFORM_100,10000,9500,1,950000,TICKET_ARRAY,TOTAL,16,8419900,4490896
N10000_K1_UNIFORM_100,10000,9500,1,950000,TICKET_ARRAY,TOTAL,17,8369100,4490896
N10000_K1_UNIFORM_100,10000,9500,1,950000,TICKET_ARRAY,TOTAL,18,8629900,4490896
N10000_K1_UNIFORM_100,10000,9500,1,950000,TICKET_ARRAY,TOTAL,19,8346900,4490896
N10000_K1_UNIFORM_100,10000,9500,1,950000,PREFIX_LINEAR,NORMALIZE,0,4805101,689264
N10000_K1_UNIFORM_100,10000,9500,1,950000,PREFIX_LINEAR,NORMALIZE,1,5405800,689264
N10000_K1_UNIFORM_100,10000,9500,1,950000,PREFIX_LINEAR,NORMALIZE,2,5578800,689264
N10000_K1_UNIFORM_100,10000,9500,1,950000,PREFIX_LINEAR,NORMALIZE,3,5595400,689264
N10000_K1_UNIFORM_100,10000,9500,1,950000,PREFIX_LINEAR,NORMALIZE,4,5420601,689264
N10000_K1_UNIFORM_100,10000,9500,1,950000,PREFIX_LINEAR,NORMALIZE,5,5530900,689264
N10000_K1_UNIFORM_100,10000,9500,1,950000,PREFIX_LINEAR,NORMALIZE,6,5537000,689264
N10000_K1_UNIFORM_100,10000,9500,1,950000,PREFIX_LINEAR,NORMALIZE,7,5519501,689264
N10000_K1_UNIFORM_100,10000,9500,1,950000,PREFIX_LINEAR,NORMALIZE,8,5699299,689264
N10000_K1_UNIFORM_100,10000,9500,1,950000,PREFIX_LINEAR,NORMALIZE,9,5534000,689264
N10000_K1_UNIFORM_100,10000,9500,1,950000,PREFIX_LINEAR,NORMALIZE,10,5575000,689264
N10000_K1_UNIFORM_100,10000,9500,1,950000,PREFIX_LINEAR,NORMALIZE,11,5265400,689264
N10000_K1_UNIFORM_100,10000,9500,1,950000,PREFIX_LINEAR,NORMALIZE,12,4501600,689264
N10000_K1_UNIFORM_100,10000,9500,1,950000,PREFIX_LINEAR,NORMALIZE,13,5168100,689264
N10000_K1_UNIFORM_100,10000,9500,1,950000,PREFIX_LINEAR,NORMALIZE,14,5494601,689264
N10000_K1_UNIFORM_100,10000,9500,1,950000,PREFIX_LINEAR,NORMALIZE,15,5531900,689264
N10000_K1_UNIFORM_100,10000,9500,1,950000,PREFIX_LINEAR,NORMALIZE,16,5541200,689264
N10000_K1_UNIFORM_100,10000,9500,1,950000,PREFIX_LINEAR,NORMALIZE,17,5567500,689264
N10000_K1_UNIFORM_100,10000,9500,1,950000,PREFIX_LINEAR,NORMALIZE,18,5575200,689264
N10000_K1_UNIFORM_100,10000,9500,1,950000,PREFIX_LINEAR,NORMALIZE,19,5427300,689264
N10000_K1_UNIFORM_100,10000,9500,1,950000,PREFIX_LINEAR,BUILD,0,53100,152064
N10000_K1_UNIFORM_100,10000,9500,1,950000,PREFIX_LINEAR,BUILD,1,54000,152064
N10000_K1_UNIFORM_100,10000,9500,1,950000,PREFIX_LINEAR,BUILD,2,51900,152064
N10000_K1_UNIFORM_100,10000,9500,1,950000,PREFIX_LINEAR,BUILD,3,82901,152064
N10000_K1_UNIFORM_100,10000,9500,1,950000,PREFIX_LINEAR,BUILD,4,62899,152064
N10000_K1_UNIFORM_100,10000,9500,1,950000,PREFIX_LINEAR,BUILD,5,52401,152064
N10000_K1_UNIFORM_100,10000,9500,1,950000,PREFIX_LINEAR,BUILD,6,55500,152064
N10000_K1_UNIFORM_100,10000,9500,1,950000,PREFIX_LINEAR,BUILD,7,59001,152064
N10000_K1_UNIFORM_100,10000,9500,1,950000,PREFIX_LINEAR,BUILD,8,82899,152064
N10000_K1_UNIFORM_100,10000,9500,1,950000,PREFIX_LINEAR,BUILD,9,56201,152064
N10000_K1_UNIFORM_100,10000,9500,1,950000,PREFIX_LINEAR,BUILD,10,38100,152064
N10000_K1_UNIFORM_100,10000,9500,1,950000,PREFIX_LINEAR,BUILD,11,54600,152064
N10000_K1_UNIFORM_100,10000,9500,1,950000,PREFIX_LINEAR,BUILD,12,52900,152064
N10000_K1_UNIFORM_100,10000,9500,1,950000,PREFIX_LINEAR,BUILD,13,54100,152064
N10000_K1_UNIFORM_100,10000,9500,1,950000,PREFIX_LINEAR,BUILD,14,51800,152064
N10000_K1_UNIFORM_100,10000,9500,1,950000,PREFIX_LINEAR,BUILD,15,50500,152064
N10000_K1_UNIFORM_100,10000,9500,1,950000,PREFIX_LINEAR,BUILD,16,59301,152064
N10000_K1_UNIFORM_100,10000,9500,1,950000,PREFIX_LINEAR,BUILD,17,36500,152064
N10000_K1_UNIFORM_100,10000,9500,1,950000,PREFIX_LINEAR,BUILD,18,52001,152064
N10000_K1_UNIFORM_100,10000,9500,1,950000,PREFIX_LINEAR,BUILD,19,64100,152064
N10000_K1_UNIFORM_100,10000,9500,1,950000,PREFIX_LINEAR,SELECT,0,42499,1592
N10000_K1_UNIFORM_100,10000,9500,1,950000,PREFIX_LINEAR,SELECT,1,51600,1592
N10000_K1_UNIFORM_100,10000,9500,1,950000,PREFIX_LINEAR,SELECT,2,52300,1592
N10000_K1_UNIFORM_100,10000,9500,1,950000,PREFIX_LINEAR,SELECT,3,35901,1592
N10000_K1_UNIFORM_100,10000,9500,1,950000,PREFIX_LINEAR,SELECT,4,52500,1592
N10000_K1_UNIFORM_100,10000,9500,1,950000,PREFIX_LINEAR,SELECT,5,29700,1592
N10000_K1_UNIFORM_100,10000,9500,1,950000,PREFIX_LINEAR,SELECT,6,49699,1592
N10000_K1_UNIFORM_100,10000,9500,1,950000,PREFIX_LINEAR,SELECT,7,53500,1592
N10000_K1_UNIFORM_100,10000,9500,1,950000,PREFIX_LINEAR,SELECT,8,160600,2000
N10000_K1_UNIFORM_100,10000,9500,1,950000,PREFIX_LINEAR,SELECT,9,39700,1592
N10000_K1_UNIFORM_100,10000,9500,1,950000,PREFIX_LINEAR,SELECT,10,109901,1592
N10000_K1_UNIFORM_100,10000,9500,1,950000,PREFIX_LINEAR,SELECT,11,38600,1592
N10000_K1_UNIFORM_100,10000,9500,1,950000,PREFIX_LINEAR,SELECT,12,41201,1592
N10000_K1_UNIFORM_100,10000,9500,1,950000,PREFIX_LINEAR,SELECT,13,55700,1592
N10000_K1_UNIFORM_100,10000,9500,1,950000,PREFIX_LINEAR,SELECT,14,38800,1592
N10000_K1_UNIFORM_100,10000,9500,1,950000,PREFIX_LINEAR,SELECT,15,104500,1664
N10000_K1_UNIFORM_100,10000,9500,1,950000,PREFIX_LINEAR,SELECT,16,49900,1592
N10000_K1_UNIFORM_100,10000,9500,1,950000,PREFIX_LINEAR,SELECT,17,125000,1592
N10000_K1_UNIFORM_100,10000,9500,1,950000,PREFIX_LINEAR,SELECT,18,72701,1592
N10000_K1_UNIFORM_100,10000,9500,1,950000,PREFIX_LINEAR,SELECT,19,45900,1592
N10000_K1_UNIFORM_100,10000,9500,1,950000,PREFIX_LINEAR,TOTAL,0,5642300,842920
N10000_K1_UNIFORM_100,10000,9500,1,950000,PREFIX_LINEAR,TOTAL,1,5857701,842920
N10000_K1_UNIFORM_100,10000,9500,1,950000,PREFIX_LINEAR,TOTAL,2,5303699,842920
N10000_K1_UNIFORM_100,10000,9500,1,950000,PREFIX_LINEAR,TOTAL,3,5769401,842920
N10000_K1_UNIFORM_100,10000,9500,1,950000,PREFIX_LINEAR,TOTAL,4,5812499,842920
N10000_K1_UNIFORM_100,10000,9500,1,950000,PREFIX_LINEAR,TOTAL,5,3909700,842920
N10000_K1_UNIFORM_100,10000,9500,1,950000,PREFIX_LINEAR,TOTAL,6,3730100,842920
N10000_K1_UNIFORM_100,10000,9500,1,950000,PREFIX_LINEAR,TOTAL,7,3693500,842920
N10000_K1_UNIFORM_100,10000,9500,1,950000,PREFIX_LINEAR,TOTAL,8,3750500,842920
N10000_K1_UNIFORM_100,10000,9500,1,950000,PREFIX_LINEAR,TOTAL,9,5760401,842920
N10000_K1_UNIFORM_100,10000,9500,1,950000,PREFIX_LINEAR,TOTAL,10,5780199,842920
N10000_K1_UNIFORM_100,10000,9500,1,950000,PREFIX_LINEAR,TOTAL,11,5773900,842920
N10000_K1_UNIFORM_100,10000,9500,1,950000,PREFIX_LINEAR,TOTAL,12,5646801,842920
N10000_K1_UNIFORM_100,10000,9500,1,950000,PREFIX_LINEAR,TOTAL,13,5629200,842920
N10000_K1_UNIFORM_100,10000,9500,1,950000,PREFIX_LINEAR,TOTAL,14,5711900,842920
N10000_K1_UNIFORM_100,10000,9500,1,950000,PREFIX_LINEAR,TOTAL,15,5609700,842920
N10000_K1_UNIFORM_100,10000,9500,1,950000,PREFIX_LINEAR,TOTAL,16,5622800,842920
N10000_K1_UNIFORM_100,10000,9500,1,950000,PREFIX_LINEAR,TOTAL,17,5332001,842920
N10000_K1_UNIFORM_100,10000,9500,1,950000,PREFIX_LINEAR,TOTAL,18,5417700,842920
N10000_K1_UNIFORM_100,10000,9500,1,950000,PREFIX_LINEAR,TOTAL,19,5592400,842920
N10000_K1_UNIFORM_100,10000,9500,1,950000,PREFIX_BINARY,NORMALIZE,0,5582200,689264
N10000_K1_UNIFORM_100,10000,9500,1,950000,PREFIX_BINARY,NORMALIZE,1,5520100,689264
N10000_K1_UNIFORM_100,10000,9500,1,950000,PREFIX_BINARY,NORMALIZE,2,5268500,689264
N10000_K1_UNIFORM_100,10000,9500,1,950000,PREFIX_BINARY,NORMALIZE,3,5436999,689264
N10000_K1_UNIFORM_100,10000,9500,1,950000,PREFIX_BINARY,NORMALIZE,4,5647200,689264
N10000_K1_UNIFORM_100,10000,9500,1,950000,PREFIX_BINARY,NORMALIZE,5,5765000,689264
N10000_K1_UNIFORM_100,10000,9500,1,950000,PREFIX_BINARY,NORMALIZE,6,4862500,689264
N10000_K1_UNIFORM_100,10000,9500,1,950000,PREFIX_BINARY,NORMALIZE,7,4898300,689264
N10000_K1_UNIFORM_100,10000,9500,1,950000,PREFIX_BINARY,NORMALIZE,8,3763200,689264
N10000_K1_UNIFORM_100,10000,9500,1,950000,PREFIX_BINARY,NORMALIZE,9,3623600,689264
N10000_K1_UNIFORM_100,10000,9500,1,950000,PREFIX_BINARY,NORMALIZE,10,4101000,689264
N10000_K1_UNIFORM_100,10000,9500,1,950000,PREFIX_BINARY,NORMALIZE,11,5580000,689264
N10000_K1_UNIFORM_100,10000,9500,1,950000,PREFIX_BINARY,NORMALIZE,12,5285000,689264
N10000_K1_UNIFORM_100,10000,9500,1,950000,PREFIX_BINARY,NORMALIZE,13,5477900,689264
N10000_K1_UNIFORM_100,10000,9500,1,950000,PREFIX_BINARY,NORMALIZE,14,5067700,689264
N10000_K1_UNIFORM_100,10000,9500,1,950000,PREFIX_BINARY,NORMALIZE,15,5555700,689264
N10000_K1_UNIFORM_100,10000,9500,1,950000,PREFIX_BINARY,NORMALIZE,16,5458499,689264
N10000_K1_UNIFORM_100,10000,9500,1,950000,PREFIX_BINARY,NORMALIZE,17,5744600,689264
N10000_K1_UNIFORM_100,10000,9500,1,950000,PREFIX_BINARY,NORMALIZE,18,5436900,689264
N10000_K1_UNIFORM_100,10000,9500,1,950000,PREFIX_BINARY,NORMALIZE,19,5481700,689264
N10000_K1_UNIFORM_100,10000,9500,1,950000,PREFIX_BINARY,BUILD,0,51001,152064
N10000_K1_UNIFORM_100,10000,9500,1,950000,PREFIX_BINARY,BUILD,1,86901,152064
N10000_K1_UNIFORM_100,10000,9500,1,950000,PREFIX_BINARY,BUILD,2,54599,152064
N10000_K1_UNIFORM_100,10000,9500,1,950000,PREFIX_BINARY,BUILD,3,52900,152064
N10000_K1_UNIFORM_100,10000,9500,1,950000,PREFIX_BINARY,BUILD,4,68800,152064
N10000_K1_UNIFORM_100,10000,9500,1,950000,PREFIX_BINARY,BUILD,5,37700,152064
N10000_K1_UNIFORM_100,10000,9500,1,950000,PREFIX_BINARY,BUILD,6,60400,152064
N10000_K1_UNIFORM_100,10000,9500,1,950000,PREFIX_BINARY,BUILD,7,54000,152064
N10000_K1_UNIFORM_100,10000,9500,1,950000,PREFIX_BINARY,BUILD,8,36600,152064
N10000_K1_UNIFORM_100,10000,9500,1,950000,PREFIX_BINARY,BUILD,9,67501,152064
N10000_K1_UNIFORM_100,10000,9500,1,950000,PREFIX_BINARY,BUILD,10,38100,152064
N10000_K1_UNIFORM_100,10000,9500,1,950000,PREFIX_BINARY,BUILD,11,60900,152064
N10000_K1_UNIFORM_100,10000,9500,1,950000,PREFIX_BINARY,BUILD,12,62199,152064
N10000_K1_UNIFORM_100,10000,9500,1,950000,PREFIX_BINARY,BUILD,13,46699,152064
N10000_K1_UNIFORM_100,10000,9500,1,950000,PREFIX_BINARY,BUILD,14,70900,152064
N10000_K1_UNIFORM_100,10000,9500,1,950000,PREFIX_BINARY,BUILD,15,51100,152064
N10000_K1_UNIFORM_100,10000,9500,1,950000,PREFIX_BINARY,BUILD,16,60900,152064
N10000_K1_UNIFORM_100,10000,9500,1,950000,PREFIX_BINARY,BUILD,17,57601,152064
N10000_K1_UNIFORM_100,10000,9500,1,950000,PREFIX_BINARY,BUILD,18,57801,152064
N10000_K1_UNIFORM_100,10000,9500,1,950000,PREFIX_BINARY,BUILD,19,69000,152064
N10000_K1_UNIFORM_100,10000,9500,1,950000,PREFIX_BINARY,SELECT,0,32299,1592
N10000_K1_UNIFORM_100,10000,9500,1,950000,PREFIX_BINARY,SELECT,1,50400,1592
N10000_K1_UNIFORM_100,10000,9500,1,950000,PREFIX_BINARY,SELECT,2,62901,1592
N10000_K1_UNIFORM_100,10000,9500,1,950000,PREFIX_BINARY,SELECT,3,44600,1592
N10000_K1_UNIFORM_100,10000,9500,1,950000,PREFIX_BINARY,SELECT,4,66300,1592
N10000_K1_UNIFORM_100,10000,9500,1,950000,PREFIX_BINARY,SELECT,5,49001,1592
N10000_K1_UNIFORM_100,10000,9500,1,950000,PREFIX_BINARY,SELECT,6,51300,1592
N10000_K1_UNIFORM_100,10000,9500,1,950000,PREFIX_BINARY,SELECT,7,47600,1592
N10000_K1_UNIFORM_100,10000,9500,1,950000,PREFIX_BINARY,SELECT,8,53300,1592
N10000_K1_UNIFORM_100,10000,9500,1,950000,PREFIX_BINARY,SELECT,9,45500,1592
N10000_K1_UNIFORM_100,10000,9500,1,950000,PREFIX_BINARY,SELECT,10,52399,1592
N10000_K1_UNIFORM_100,10000,9500,1,950000,PREFIX_BINARY,SELECT,11,58801,1592
N10000_K1_UNIFORM_100,10000,9500,1,950000,PREFIX_BINARY,SELECT,12,44199,1592
N10000_K1_UNIFORM_100,10000,9500,1,950000,PREFIX_BINARY,SELECT,13,59399,1592
N10000_K1_UNIFORM_100,10000,9500,1,950000,PREFIX_BINARY,SELECT,14,52099,1592
N10000_K1_UNIFORM_100,10000,9500,1,950000,PREFIX_BINARY,SELECT,15,53399,1592
N10000_K1_UNIFORM_100,10000,9500,1,950000,PREFIX_BINARY,SELECT,16,61500,1592
N10000_K1_UNIFORM_100,10000,9500,1,950000,PREFIX_BINARY,SELECT,17,51199,1592
N10000_K1_UNIFORM_100,10000,9500,1,950000,PREFIX_BINARY,SELECT,18,58100,1592
N10000_K1_UNIFORM_100,10000,9500,1,950000,PREFIX_BINARY,SELECT,19,51900,1592
N10000_K1_UNIFORM_100,10000,9500,1,950000,PREFIX_BINARY,TOTAL,0,5538199,842904
N10000_K1_UNIFORM_100,10000,9500,1,950000,PREFIX_BINARY,TOTAL,1,5513099,842904
N10000_K1_UNIFORM_100,10000,9500,1,950000,PREFIX_BINARY,TOTAL,2,4890301,842904
N10000_K1_UNIFORM_100,10000,9500,1,950000,PREFIX_BINARY,TOTAL,3,5648300,843288
N10000_K1_UNIFORM_100,10000,9500,1,950000,PREFIX_BINARY,TOTAL,4,5589101,842904
N10000_K1_UNIFORM_100,10000,9500,1,950000,PREFIX_BINARY,TOTAL,5,5333200,842904
N10000_K1_UNIFORM_100,10000,9500,1,950000,PREFIX_BINARY,TOTAL,6,5765600,842904
N10000_K1_UNIFORM_100,10000,9500,1,950000,PREFIX_BINARY,TOTAL,7,5231400,842904
N10000_K1_UNIFORM_100,10000,9500,1,950000,PREFIX_BINARY,TOTAL,8,5617500,842904
N10000_K1_UNIFORM_100,10000,9500,1,950000,PREFIX_BINARY,TOTAL,9,5602300,842904
N10000_K1_UNIFORM_100,10000,9500,1,950000,PREFIX_BINARY,TOTAL,10,6270900,842904
N10000_K1_UNIFORM_100,10000,9500,1,950000,PREFIX_BINARY,TOTAL,11,5328200,842904
N10000_K1_UNIFORM_100,10000,9500,1,950000,PREFIX_BINARY,TOTAL,12,5766201,842904
N10000_K1_UNIFORM_100,10000,9500,1,950000,PREFIX_BINARY,TOTAL,13,5543501,842904
N10000_K1_UNIFORM_100,10000,9500,1,950000,PREFIX_BINARY,TOTAL,14,5384800,842904
N10000_K1_UNIFORM_100,10000,9500,1,950000,PREFIX_BINARY,TOTAL,15,5546601,842904
N10000_K1_UNIFORM_100,10000,9500,1,950000,PREFIX_BINARY,TOTAL,16,5833600,842904
N10000_K1_UNIFORM_100,10000,9500,1,950000,PREFIX_BINARY,TOTAL,17,5705000,842904
N10000_K1_UNIFORM_100,10000,9500,1,950000,PREFIX_BINARY,TOTAL,18,5621101,842904
N10000_K1_UNIFORM_100,10000,9500,1,950000,PREFIX_BINARY,TOTAL,19,5719900,842904
N10000_K1_UNIFORM_100,10000,9500,1,950000,FENWICK,NORMALIZE,0,4917001,689248
N10000_K1_UNIFORM_100,10000,9500,1,950000,FENWICK,NORMALIZE,1,5306300,689248
N10000_K1_UNIFORM_100,10000,9500,1,950000,FENWICK,NORMALIZE,2,4726200,689248
N10000_K1_UNIFORM_100,10000,9500,1,950000,FENWICK,NORMALIZE,3,5118300,689248
N10000_K1_UNIFORM_100,10000,9500,1,950000,FENWICK,NORMALIZE,4,3992201,689248
N10000_K1_UNIFORM_100,10000,9500,1,950000,FENWICK,NORMALIZE,5,5474100,689248
N10000_K1_UNIFORM_100,10000,9500,1,950000,FENWICK,NORMALIZE,6,4964000,689248
N10000_K1_UNIFORM_100,10000,9500,1,950000,FENWICK,NORMALIZE,7,5515201,689248
N10000_K1_UNIFORM_100,10000,9500,1,950000,FENWICK,NORMALIZE,8,5887800,689248
N10000_K1_UNIFORM_100,10000,9500,1,950000,FENWICK,NORMALIZE,9,5597301,689248
N10000_K1_UNIFORM_100,10000,9500,1,950000,FENWICK,NORMALIZE,10,5542701,689248
N10000_K1_UNIFORM_100,10000,9500,1,950000,FENWICK,NORMALIZE,11,5491701,689248
N10000_K1_UNIFORM_100,10000,9500,1,950000,FENWICK,NORMALIZE,12,5743799,689248
N10000_K1_UNIFORM_100,10000,9500,1,950000,FENWICK,NORMALIZE,13,5486000,689248
N10000_K1_UNIFORM_100,10000,9500,1,950000,FENWICK,NORMALIZE,14,5387301,689248
N10000_K1_UNIFORM_100,10000,9500,1,950000,FENWICK,NORMALIZE,15,5570800,689248
N10000_K1_UNIFORM_100,10000,9500,1,950000,FENWICK,NORMALIZE,16,5535201,689248
N10000_K1_UNIFORM_100,10000,9500,1,950000,FENWICK,NORMALIZE,17,5436199,689248
N10000_K1_UNIFORM_100,10000,9500,1,950000,FENWICK,NORMALIZE,18,4863800,689248
N10000_K1_UNIFORM_100,10000,9500,1,950000,FENWICK,NORMALIZE,19,5102200,689248
N10000_K1_UNIFORM_100,10000,9500,1,950000,FENWICK,BUILD,0,213100,152136
N10000_K1_UNIFORM_100,10000,9500,1,950000,FENWICK,BUILD,1,149400,152136
N10000_K1_UNIFORM_100,10000,9500,1,950000,FENWICK,BUILD,2,90400,152136
N10000_K1_UNIFORM_100,10000,9500,1,950000,FENWICK,BUILD,3,87901,152136
N10000_K1_UNIFORM_100,10000,9500,1,950000,FENWICK,BUILD,4,166101,152136
N10000_K1_UNIFORM_100,10000,9500,1,950000,FENWICK,BUILD,5,165899,152136
N10000_K1_UNIFORM_100,10000,9500,1,950000,FENWICK,BUILD,6,155699,152136
N10000_K1_UNIFORM_100,10000,9500,1,950000,FENWICK,BUILD,7,153200,152136
N10000_K1_UNIFORM_100,10000,9500,1,950000,FENWICK,BUILD,8,168200,152136
N10000_K1_UNIFORM_100,10000,9500,1,950000,FENWICK,BUILD,9,148600,152136
N10000_K1_UNIFORM_100,10000,9500,1,950000,FENWICK,BUILD,10,211899,152136
N10000_K1_UNIFORM_100,10000,9500,1,950000,FENWICK,BUILD,11,92200,152136
N10000_K1_UNIFORM_100,10000,9500,1,950000,FENWICK,BUILD,12,97200,152136
N10000_K1_UNIFORM_100,10000,9500,1,950000,FENWICK,BUILD,13,151799,152136
N10000_K1_UNIFORM_100,10000,9500,1,950000,FENWICK,BUILD,14,91600,152136
N10000_K1_UNIFORM_100,10000,9500,1,950000,FENWICK,BUILD,15,100200,152136
N10000_K1_UNIFORM_100,10000,9500,1,950000,FENWICK,BUILD,16,145300,152136
N10000_K1_UNIFORM_100,10000,9500,1,950000,FENWICK,BUILD,17,112800,152136
N10000_K1_UNIFORM_100,10000,9500,1,950000,FENWICK,BUILD,18,173600,152136
N10000_K1_UNIFORM_100,10000,9500,1,950000,FENWICK,BUILD,19,147500,152136
N10000_K1_UNIFORM_100,10000,9500,1,950000,FENWICK,SELECT,0,26501,1592
N10000_K1_UNIFORM_100,10000,9500,1,950000,FENWICK,SELECT,1,26099,1592
N10000_K1_UNIFORM_100,10000,9500,1,950000,FENWICK,SELECT,2,28700,1592
N10000_K1_UNIFORM_100,10000,9500,1,950000,FENWICK,SELECT,3,27100,1592
N10000_K1_UNIFORM_100,10000,9500,1,950000,FENWICK,SELECT,4,30300,1592
N10000_K1_UNIFORM_100,10000,9500,1,950000,FENWICK,SELECT,5,26999,1592
N10000_K1_UNIFORM_100,10000,9500,1,950000,FENWICK,SELECT,6,30500,1592
N10000_K1_UNIFORM_100,10000,9500,1,950000,FENWICK,SELECT,7,35699,1592
N10000_K1_UNIFORM_100,10000,9500,1,950000,FENWICK,SELECT,8,32399,1592
N10000_K1_UNIFORM_100,10000,9500,1,950000,FENWICK,SELECT,9,9100,1592
N10000_K1_UNIFORM_100,10000,9500,1,950000,FENWICK,SELECT,10,17399,1592
N10000_K1_UNIFORM_100,10000,9500,1,950000,FENWICK,SELECT,11,29900,1592
N10000_K1_UNIFORM_100,10000,9500,1,950000,FENWICK,SELECT,12,12799,1592
N10000_K1_UNIFORM_100,10000,9500,1,950000,FENWICK,SELECT,13,25000,1592
N10000_K1_UNIFORM_100,10000,9500,1,950000,FENWICK,SELECT,14,48199,1592
N10000_K1_UNIFORM_100,10000,9500,1,950000,FENWICK,SELECT,15,27999,1592
N10000_K1_UNIFORM_100,10000,9500,1,950000,FENWICK,SELECT,16,32701,1592
N10000_K1_UNIFORM_100,10000,9500,1,950000,FENWICK,SELECT,17,21401,1592
N10000_K1_UNIFORM_100,10000,9500,1,950000,FENWICK,SELECT,18,33000,1592
N10000_K1_UNIFORM_100,10000,9500,1,950000,FENWICK,SELECT,19,29100,1592
N10000_K1_UNIFORM_100,10000,9500,1,950000,FENWICK,TOTAL,0,5770500,842976
N10000_K1_UNIFORM_100,10000,9500,1,950000,FENWICK,TOTAL,1,5540001,842976
N10000_K1_UNIFORM_100,10000,9500,1,950000,FENWICK,TOTAL,2,5816300,842976
N10000_K1_UNIFORM_100,10000,9500,1,950000,FENWICK,TOTAL,3,5868100,842976
N10000_K1_UNIFORM_100,10000,9500,1,950000,FENWICK,TOTAL,4,5825600,842976
N10000_K1_UNIFORM_100,10000,9500,1,950000,FENWICK,TOTAL,5,5501400,842976
N10000_K1_UNIFORM_100,10000,9500,1,950000,FENWICK,TOTAL,6,4312400,842976
N10000_K1_UNIFORM_100,10000,9500,1,950000,FENWICK,TOTAL,7,5604301,842976
N10000_K1_UNIFORM_100,10000,9500,1,950000,FENWICK,TOTAL,8,5782801,842976
N10000_K1_UNIFORM_100,10000,9500,1,950000,FENWICK,TOTAL,9,4665500,842976
N10000_K1_UNIFORM_100,10000,9500,1,950000,FENWICK,TOTAL,10,5255899,842976
N10000_K1_UNIFORM_100,10000,9500,1,950000,FENWICK,TOTAL,11,5827399,842976
N10000_K1_UNIFORM_100,10000,9500,1,950000,FENWICK,TOTAL,12,5772299,842976
N10000_K1_UNIFORM_100,10000,9500,1,950000,FENWICK,TOTAL,13,5824100,842976
N10000_K1_UNIFORM_100,10000,9500,1,950000,FENWICK,TOTAL,14,5082900,842976
N10000_K1_UNIFORM_100,10000,9500,1,950000,FENWICK,TOTAL,15,4789799,842976
N10000_K1_UNIFORM_100,10000,9500,1,950000,FENWICK,TOTAL,16,5929499,842976
N10000_K1_UNIFORM_100,10000,9500,1,950000,FENWICK,TOTAL,17,5881101,842976
N10000_K1_UNIFORM_100,10000,9500,1,950000,FENWICK,TOTAL,18,5716599,842976
N10000_K1_UNIFORM_100,10000,9500,1,950000,FENWICK,TOTAL,19,5823400,842976
N10000_K95_UNIFORM_100,10000,9500,95,950000,TICKET_ARRAY,NORMALIZE,0,4995700,689248
N10000_K95_UNIFORM_100,10000,9500,95,950000,TICKET_ARRAY,NORMALIZE,1,5585199,689248
N10000_K95_UNIFORM_100,10000,9500,95,950000,TICKET_ARRAY,NORMALIZE,2,5468201,689248
N10000_K95_UNIFORM_100,10000,9500,95,950000,TICKET_ARRAY,NORMALIZE,3,5083800,689248
N10000_K95_UNIFORM_100,10000,9500,95,950000,TICKET_ARRAY,NORMALIZE,4,5455300,689248
N10000_K95_UNIFORM_100,10000,9500,95,950000,TICKET_ARRAY,NORMALIZE,5,5397300,689248
N10000_K95_UNIFORM_100,10000,9500,95,950000,TICKET_ARRAY,NORMALIZE,6,4279700,689248
N10000_K95_UNIFORM_100,10000,9500,95,950000,TICKET_ARRAY,NORMALIZE,7,4405299,689248
N10000_K95_UNIFORM_100,10000,9500,95,950000,TICKET_ARRAY,NORMALIZE,8,5156900,689248
N10000_K95_UNIFORM_100,10000,9500,95,950000,TICKET_ARRAY,NORMALIZE,9,5558800,689248
N10000_K95_UNIFORM_100,10000,9500,95,950000,TICKET_ARRAY,NORMALIZE,10,5536199,689248
N10000_K95_UNIFORM_100,10000,9500,95,950000,TICKET_ARRAY,NORMALIZE,11,5633299,689248
N10000_K95_UNIFORM_100,10000,9500,95,950000,TICKET_ARRAY,NORMALIZE,12,5199499,689248
N10000_K95_UNIFORM_100,10000,9500,95,950000,TICKET_ARRAY,NORMALIZE,13,5355099,689248
N10000_K95_UNIFORM_100,10000,9500,95,950000,TICKET_ARRAY,NORMALIZE,14,5317301,689248
N10000_K95_UNIFORM_100,10000,9500,95,950000,TICKET_ARRAY,NORMALIZE,15,5924300,689248
N10000_K95_UNIFORM_100,10000,9500,95,950000,TICKET_ARRAY,NORMALIZE,16,5542700,689248
N10000_K95_UNIFORM_100,10000,9500,95,950000,TICKET_ARRAY,NORMALIZE,17,5624701,689248
N10000_K95_UNIFORM_100,10000,9500,95,950000,TICKET_ARRAY,NORMALIZE,18,5111199,689248
N10000_K95_UNIFORM_100,10000,9500,95,950000,TICKET_ARRAY,NORMALIZE,19,5583200,689248
N10000_K95_UNIFORM_100,10000,9500,95,950000,TICKET_ARRAY,BUILD,0,1709300,3800040
N10000_K95_UNIFORM_100,10000,9500,95,950000,TICKET_ARRAY,BUILD,1,1710901,3800040
N10000_K95_UNIFORM_100,10000,9500,95,950000,TICKET_ARRAY,BUILD,2,1808601,3800040
N10000_K95_UNIFORM_100,10000,9500,95,950000,TICKET_ARRAY,BUILD,3,1868001,3800040
N10000_K95_UNIFORM_100,10000,9500,95,950000,TICKET_ARRAY,BUILD,4,1856000,3800040
N10000_K95_UNIFORM_100,10000,9500,95,950000,TICKET_ARRAY,BUILD,5,1795600,3800040
N10000_K95_UNIFORM_100,10000,9500,95,950000,TICKET_ARRAY,BUILD,6,1826700,3800040
N10000_K95_UNIFORM_100,10000,9500,95,950000,TICKET_ARRAY,BUILD,7,1771900,3800040
N10000_K95_UNIFORM_100,10000,9500,95,950000,TICKET_ARRAY,BUILD,8,1733399,3800040
N10000_K95_UNIFORM_100,10000,9500,95,950000,TICKET_ARRAY,BUILD,9,1735600,3800040
N10000_K95_UNIFORM_100,10000,9500,95,950000,TICKET_ARRAY,BUILD,10,1833600,3800040
N10000_K95_UNIFORM_100,10000,9500,95,950000,TICKET_ARRAY,BUILD,11,1898101,3800040
N10000_K95_UNIFORM_100,10000,9500,95,950000,TICKET_ARRAY,BUILD,12,1358800,3800040
N10000_K95_UNIFORM_100,10000,9500,95,950000,TICKET_ARRAY,BUILD,13,1813201,3800040
N10000_K95_UNIFORM_100,10000,9500,95,950000,TICKET_ARRAY,BUILD,14,1285900,3800040
N10000_K95_UNIFORM_100,10000,9500,95,950000,TICKET_ARRAY,BUILD,15,1825801,3800040
N10000_K95_UNIFORM_100,10000,9500,95,950000,TICKET_ARRAY,BUILD,16,1701299,3800040
N10000_K95_UNIFORM_100,10000,9500,95,950000,TICKET_ARRAY,BUILD,17,1830499,3800040
N10000_K95_UNIFORM_100,10000,9500,95,950000,TICKET_ARRAY,BUILD,18,1430900,3800040
N10000_K95_UNIFORM_100,10000,9500,95,950000,TICKET_ARRAY,BUILD,19,1443600,3800040
N10000_K95_UNIFORM_100,10000,9500,95,950000,TICKET_ARRAY,SELECT,0,85831400,17568
N10000_K95_UNIFORM_100,10000,9500,95,950000,TICKET_ARRAY,SELECT,1,90204700,17568
N10000_K95_UNIFORM_100,10000,9500,95,950000,TICKET_ARRAY,SELECT,2,75398700,17568
N10000_K95_UNIFORM_100,10000,9500,95,950000,TICKET_ARRAY,SELECT,3,72662599,17568
N10000_K95_UNIFORM_100,10000,9500,95,950000,TICKET_ARRAY,SELECT,4,80321100,17568
N10000_K95_UNIFORM_100,10000,9500,95,950000,TICKET_ARRAY,SELECT,5,78240201,17568
N10000_K95_UNIFORM_100,10000,9500,95,950000,TICKET_ARRAY,SELECT,6,79221799,17568
N10000_K95_UNIFORM_100,10000,9500,95,950000,TICKET_ARRAY,SELECT,7,83722701,17568
N10000_K95_UNIFORM_100,10000,9500,95,950000,TICKET_ARRAY,SELECT,8,83720500,17568
N10000_K95_UNIFORM_100,10000,9500,95,950000,TICKET_ARRAY,SELECT,9,77754101,17568
N10000_K95_UNIFORM_100,10000,9500,95,950000,TICKET_ARRAY,SELECT,10,83565801,17568
N10000_K95_UNIFORM_100,10000,9500,95,950000,TICKET_ARRAY,SELECT,11,80319700,17568
N10000_K95_UNIFORM_100,10000,9500,95,950000,TICKET_ARRAY,SELECT,12,79825200,17568
N10000_K95_UNIFORM_100,10000,9500,95,950000,TICKET_ARRAY,SELECT,13,70729999,17568
N10000_K95_UNIFORM_100,10000,9500,95,950000,TICKET_ARRAY,SELECT,14,77479400,17568
N10000_K95_UNIFORM_100,10000,9500,95,950000,TICKET_ARRAY,SELECT,15,82866800,17568
N10000_K95_UNIFORM_100,10000,9500,95,950000,TICKET_ARRAY,SELECT,16,78543701,17568
N10000_K95_UNIFORM_100,10000,9500,95,950000,TICKET_ARRAY,SELECT,17,79181400,17568
N10000_K95_UNIFORM_100,10000,9500,95,950000,TICKET_ARRAY,SELECT,18,81540101,17568
N10000_K95_UNIFORM_100,10000,9500,95,950000,TICKET_ARRAY,SELECT,19,84099601,17568
N10000_K95_UNIFORM_100,10000,9500,95,950000,TICKET_ARRAY,TOTAL,0,85339299,4506856
N10000_K95_UNIFORM_100,10000,9500,95,950000,TICKET_ARRAY,TOTAL,1,95173000,4506856
N10000_K95_UNIFORM_100,10000,9500,95,950000,TICKET_ARRAY,TOTAL,2,90709899,4506856
N10000_K95_UNIFORM_100,10000,9500,95,950000,TICKET_ARRAY,TOTAL,3,78572101,4506856
N10000_K95_UNIFORM_100,10000,9500,95,950000,TICKET_ARRAY,TOTAL,4,91302100,4506856
N10000_K95_UNIFORM_100,10000,9500,95,950000,TICKET_ARRAY,TOTAL,5,90416400,4506856
N10000_K95_UNIFORM_100,10000,9500,95,950000,TICKET_ARRAY,TOTAL,6,92303299,4506856
N10000_K95_UNIFORM_100,10000,9500,95,950000,TICKET_ARRAY,TOTAL,7,93670200,4506856
N10000_K95_UNIFORM_100,10000,9500,95,950000,TICKET_ARRAY,TOTAL,8,88350200,4506856
N10000_K95_UNIFORM_100,10000,9500,95,950000,TICKET_ARRAY,TOTAL,9,85621200,4506856
N10000_K95_UNIFORM_100,10000,9500,95,950000,TICKET_ARRAY,TOTAL,10,89494601,4506856
N10000_K95_UNIFORM_100,10000,9500,95,950000,TICKET_ARRAY,TOTAL,11,84958500,4506856
N10000_K95_UNIFORM_100,10000,9500,95,950000,TICKET_ARRAY,TOTAL,12,77786500,4506856
N10000_K95_UNIFORM_100,10000,9500,95,950000,TICKET_ARRAY,TOTAL,13,87157299,4506856
N10000_K95_UNIFORM_100,10000,9500,95,950000,TICKET_ARRAY,TOTAL,14,90497200,4506856
N10000_K95_UNIFORM_100,10000,9500,95,950000,TICKET_ARRAY,TOTAL,15,83529500,4506856
N10000_K95_UNIFORM_100,10000,9500,95,950000,TICKET_ARRAY,TOTAL,16,86032000,4506856
N10000_K95_UNIFORM_100,10000,9500,95,950000,TICKET_ARRAY,TOTAL,17,87846400,4506856
N10000_K95_UNIFORM_100,10000,9500,95,950000,TICKET_ARRAY,TOTAL,18,83022900,4506856
N10000_K95_UNIFORM_100,10000,9500,95,950000,TICKET_ARRAY,TOTAL,19,87030600,4506856
N10000_K95_UNIFORM_100,10000,9500,95,950000,PREFIX_LINEAR,NORMALIZE,0,5709400,689248
N10000_K95_UNIFORM_100,10000,9500,95,950000,PREFIX_LINEAR,NORMALIZE,1,5473700,689248
N10000_K95_UNIFORM_100,10000,9500,95,950000,PREFIX_LINEAR,NORMALIZE,2,5517700,689248
N10000_K95_UNIFORM_100,10000,9500,95,950000,PREFIX_LINEAR,NORMALIZE,3,5783599,689248
N10000_K95_UNIFORM_100,10000,9500,95,950000,PREFIX_LINEAR,NORMALIZE,4,4814999,689248
N10000_K95_UNIFORM_100,10000,9500,95,950000,PREFIX_LINEAR,NORMALIZE,5,3607100,689248
N10000_K95_UNIFORM_100,10000,9500,95,950000,PREFIX_LINEAR,NORMALIZE,6,5380500,689248
N10000_K95_UNIFORM_100,10000,9500,95,950000,PREFIX_LINEAR,NORMALIZE,7,5386699,689248
N10000_K95_UNIFORM_100,10000,9500,95,950000,PREFIX_LINEAR,NORMALIZE,8,4574599,689248
N10000_K95_UNIFORM_100,10000,9500,95,950000,PREFIX_LINEAR,NORMALIZE,9,4412400,689248
N10000_K95_UNIFORM_100,10000,9500,95,950000,PREFIX_LINEAR,NORMALIZE,10,4694801,689248
N10000_K95_UNIFORM_100,10000,9500,95,950000,PREFIX_LINEAR,NORMALIZE,11,5466600,689248
N10000_K95_UNIFORM_100,10000,9500,95,950000,PREFIX_LINEAR,NORMALIZE,12,5251100,689248
N10000_K95_UNIFORM_100,10000,9500,95,950000,PREFIX_LINEAR,NORMALIZE,13,5526500,689248
N10000_K95_UNIFORM_100,10000,9500,95,950000,PREFIX_LINEAR,NORMALIZE,14,5525700,689248
N10000_K95_UNIFORM_100,10000,9500,95,950000,PREFIX_LINEAR,NORMALIZE,15,5664000,689248
N10000_K95_UNIFORM_100,10000,9500,95,950000,PREFIX_LINEAR,NORMALIZE,16,5818001,689248
N10000_K95_UNIFORM_100,10000,9500,95,950000,PREFIX_LINEAR,NORMALIZE,17,5222099,689248
N10000_K95_UNIFORM_100,10000,9500,95,950000,PREFIX_LINEAR,NORMALIZE,18,5150501,689248
N10000_K95_UNIFORM_100,10000,9500,95,950000,PREFIX_LINEAR,NORMALIZE,19,5153700,689248
N10000_K95_UNIFORM_100,10000,9500,95,950000,PREFIX_LINEAR,BUILD,0,50699,152064
N10000_K95_UNIFORM_100,10000,9500,95,950000,PREFIX_LINEAR,BUILD,1,55800,152064
N10000_K95_UNIFORM_100,10000,9500,95,950000,PREFIX_LINEAR,BUILD,2,89399,152064
N10000_K95_UNIFORM_100,10000,9500,95,950000,PREFIX_LINEAR,BUILD,3,51501,152064
N10000_K95_UNIFORM_100,10000,9500,95,950000,PREFIX_LINEAR,BUILD,4,55401,152064
N10000_K95_UNIFORM_100,10000,9500,95,950000,PREFIX_LINEAR,BUILD,5,55599,152064
N10000_K95_UNIFORM_100,10000,9500,95,950000,PREFIX_LINEAR,BUILD,6,71100,152064
N10000_K95_UNIFORM_100,10000,9500,95,950000,PREFIX_LINEAR,BUILD,7,45600,152064
N10000_K95_UNIFORM_100,10000,9500,95,950000,PREFIX_LINEAR,BUILD,8,50301,152064
N10000_K95_UNIFORM_100,10000,9500,95,950000,PREFIX_LINEAR,BUILD,9,55700,152064
N10000_K95_UNIFORM_100,10000,9500,95,950000,PREFIX_LINEAR,BUILD,10,48901,152064
N10000_K95_UNIFORM_100,10000,9500,95,950000,PREFIX_LINEAR,BUILD,11,51599,152064
N10000_K95_UNIFORM_100,10000,9500,95,950000,PREFIX_LINEAR,BUILD,12,89400,152064
N10000_K95_UNIFORM_100,10000,9500,95,950000,PREFIX_LINEAR,BUILD,13,63600,152064
N10000_K95_UNIFORM_100,10000,9500,95,950000,PREFIX_LINEAR,BUILD,14,37200,152064
N10000_K95_UNIFORM_100,10000,9500,95,950000,PREFIX_LINEAR,BUILD,15,52101,152064
N10000_K95_UNIFORM_100,10000,9500,95,950000,PREFIX_LINEAR,BUILD,16,38900,152064
N10000_K95_UNIFORM_100,10000,9500,95,950000,PREFIX_LINEAR,BUILD,17,58301,152064
N10000_K95_UNIFORM_100,10000,9500,95,950000,PREFIX_LINEAR,BUILD,18,50800,152064
N10000_K95_UNIFORM_100,10000,9500,95,950000,PREFIX_LINEAR,BUILD,19,52700,152064
N10000_K95_UNIFORM_100,10000,9500,95,950000,PREFIX_LINEAR,SELECT,0,255100,17568
N10000_K95_UNIFORM_100,10000,9500,95,950000,PREFIX_LINEAR,SELECT,1,325199,17568
N10000_K95_UNIFORM_100,10000,9500,95,950000,PREFIX_LINEAR,SELECT,2,538200,17568
N10000_K95_UNIFORM_100,10000,9500,95,950000,PREFIX_LINEAR,SELECT,3,280900,17568
N10000_K95_UNIFORM_100,10000,9500,95,950000,PREFIX_LINEAR,SELECT,4,531200,17568
N10000_K95_UNIFORM_100,10000,9500,95,950000,PREFIX_LINEAR,SELECT,5,263501,17568
N10000_K95_UNIFORM_100,10000,9500,95,950000,PREFIX_LINEAR,SELECT,6,268600,17568
N10000_K95_UNIFORM_100,10000,9500,95,950000,PREFIX_LINEAR,SELECT,7,255001,17568
N10000_K95_UNIFORM_100,10000,9500,95,950000,PREFIX_LINEAR,SELECT,8,508201,17568
N10000_K95_UNIFORM_100,10000,9500,95,950000,PREFIX_LINEAR,SELECT,9,476600,17568
N10000_K95_UNIFORM_100,10000,9500,95,950000,PREFIX_LINEAR,SELECT,10,462899,17568
N10000_K95_UNIFORM_100,10000,9500,95,950000,PREFIX_LINEAR,SELECT,11,487900,17568
N10000_K95_UNIFORM_100,10000,9500,95,950000,PREFIX_LINEAR,SELECT,12,485200,17568
N10000_K95_UNIFORM_100,10000,9500,95,950000,PREFIX_LINEAR,SELECT,13,458500,17568
N10000_K95_UNIFORM_100,10000,9500,95,950000,PREFIX_LINEAR,SELECT,14,268700,17568
N10000_K95_UNIFORM_100,10000,9500,95,950000,PREFIX_LINEAR,SELECT,15,544200,17568
N10000_K95_UNIFORM_100,10000,9500,95,950000,PREFIX_LINEAR,SELECT,16,564900,17568
N10000_K95_UNIFORM_100,10000,9500,95,950000,PREFIX_LINEAR,SELECT,17,256500,17568
N10000_K95_UNIFORM_100,10000,9500,95,950000,PREFIX_LINEAR,SELECT,18,508200,17568
N10000_K95_UNIFORM_100,10000,9500,95,950000,PREFIX_LINEAR,SELECT,19,535500,17568
N10000_K95_UNIFORM_100,10000,9500,95,950000,PREFIX_LINEAR,TOTAL,0,4680200,858880
N10000_K95_UNIFORM_100,10000,9500,95,950000,PREFIX_LINEAR,TOTAL,1,5596901,858880
N10000_K95_UNIFORM_100,10000,9500,95,950000,PREFIX_LINEAR,TOTAL,2,6161000,858880
N10000_K95_UNIFORM_100,10000,9500,95,950000,PREFIX_LINEAR,TOTAL,3,4909301,858880
N10000_K95_UNIFORM_100,10000,9500,95,950000,PREFIX_LINEAR,TOTAL,4,3909100,858880
N10000_K95_UNIFORM_100,10000,9500,95,950000,PREFIX_LINEAR,TOTAL,5,3876900,858880
N10000_K95_UNIFORM_100,10000,9500,95,950000,PREFIX_LINEAR,TOTAL,6,4550600,858880
N10000_K95_UNIFORM_100,10000,9500,95,950000,PREFIX_LINEAR,TOTAL,7,4435601,858880
N10000_K95_UNIFORM_100,10000,9500,95,950000,PREFIX_LINEAR,TOTAL,8,4585500,858880
N10000_K95_UNIFORM_100,10000,9500,95,950000,PREFIX_LINEAR,TOTAL,9,5892900,858880
N10000_K95_UNIFORM_100,10000,9500,95,950000,PREFIX_LINEAR,TOTAL,10,5911500,858880
N10000_K95_UNIFORM_100,10000,9500,95,950000,PREFIX_LINEAR,TOTAL,11,5761201,858880
N10000_K95_UNIFORM_100,10000,9500,95,950000,PREFIX_LINEAR,TOTAL,12,6122700,858880
N10000_K95_UNIFORM_100,10000,9500,95,950000,PREFIX_LINEAR,TOTAL,13,6025200,858880
N10000_K95_UNIFORM_100,10000,9500,95,950000,PREFIX_LINEAR,TOTAL,14,5203700,858880
N10000_K95_UNIFORM_100,10000,9500,95,950000,PREFIX_LINEAR,TOTAL,15,5517700,858880
N10000_K95_UNIFORM_100,10000,9500,95,950000,PREFIX_LINEAR,TOTAL,16,5468601,858880
N10000_K95_UNIFORM_100,10000,9500,95,950000,PREFIX_LINEAR,TOTAL,17,5923599,858880
N10000_K95_UNIFORM_100,10000,9500,95,950000,PREFIX_LINEAR,TOTAL,18,5619300,858880
N10000_K95_UNIFORM_100,10000,9500,95,950000,PREFIX_LINEAR,TOTAL,19,5918100,858880
N10000_K95_UNIFORM_100,10000,9500,95,950000,PREFIX_BINARY,NORMALIZE,0,5567100,689248
N10000_K95_UNIFORM_100,10000,9500,95,950000,PREFIX_BINARY,NORMALIZE,1,5449200,689248
N10000_K95_UNIFORM_100,10000,9500,95,950000,PREFIX_BINARY,NORMALIZE,2,5447901,689248
N10000_K95_UNIFORM_100,10000,9500,95,950000,PREFIX_BINARY,NORMALIZE,3,5687900,689248
N10000_K95_UNIFORM_100,10000,9500,95,950000,PREFIX_BINARY,NORMALIZE,4,5659600,689248
N10000_K95_UNIFORM_100,10000,9500,95,950000,PREFIX_BINARY,NORMALIZE,5,5188700,689248
N10000_K95_UNIFORM_100,10000,9500,95,950000,PREFIX_BINARY,NORMALIZE,6,5515100,689248
N10000_K95_UNIFORM_100,10000,9500,95,950000,PREFIX_BINARY,NORMALIZE,7,5686600,689248
N10000_K95_UNIFORM_100,10000,9500,95,950000,PREFIX_BINARY,NORMALIZE,8,5611000,689248
N10000_K95_UNIFORM_100,10000,9500,95,950000,PREFIX_BINARY,NORMALIZE,9,5512700,689248
N10000_K95_UNIFORM_100,10000,9500,95,950000,PREFIX_BINARY,NORMALIZE,10,5569399,689248
N10000_K95_UNIFORM_100,10000,9500,95,950000,PREFIX_BINARY,NORMALIZE,11,5601299,689248
N10000_K95_UNIFORM_100,10000,9500,95,950000,PREFIX_BINARY,NORMALIZE,12,5505700,689248
N10000_K95_UNIFORM_100,10000,9500,95,950000,PREFIX_BINARY,NORMALIZE,13,4300400,689248
N10000_K95_UNIFORM_100,10000,9500,95,950000,PREFIX_BINARY,NORMALIZE,14,5455600,689248
N10000_K95_UNIFORM_100,10000,9500,95,950000,PREFIX_BINARY,NORMALIZE,15,5062801,689248
N10000_K95_UNIFORM_100,10000,9500,95,950000,PREFIX_BINARY,NORMALIZE,16,5543600,689248
N10000_K95_UNIFORM_100,10000,9500,95,950000,PREFIX_BINARY,NORMALIZE,17,5529900,689248
N10000_K95_UNIFORM_100,10000,9500,95,950000,PREFIX_BINARY,NORMALIZE,18,5498499,689248
N10000_K95_UNIFORM_100,10000,9500,95,950000,PREFIX_BINARY,NORMALIZE,19,5432300,689248
N10000_K95_UNIFORM_100,10000,9500,95,950000,PREFIX_BINARY,BUILD,0,52800,152064
N10000_K95_UNIFORM_100,10000,9500,95,950000,PREFIX_BINARY,BUILD,1,82901,152064
N10000_K95_UNIFORM_100,10000,9500,95,950000,PREFIX_BINARY,BUILD,2,47701,152064
N10000_K95_UNIFORM_100,10000,9500,95,950000,PREFIX_BINARY,BUILD,3,52200,152064
N10000_K95_UNIFORM_100,10000,9500,95,950000,PREFIX_BINARY,BUILD,4,63000,152064
N10000_K95_UNIFORM_100,10000,9500,95,950000,PREFIX_BINARY,BUILD,5,38000,152064
N10000_K95_UNIFORM_100,10000,9500,95,950000,PREFIX_BINARY,BUILD,6,42500,152064
N10000_K95_UNIFORM_100,10000,9500,95,950000,PREFIX_BINARY,BUILD,7,35901,152064
N10000_K95_UNIFORM_100,10000,9500,95,950000,PREFIX_BINARY,BUILD,8,33600,152064
N10000_K95_UNIFORM_100,10000,9500,95,950000,PREFIX_BINARY,BUILD,9,62400,152064
N10000_K95_UNIFORM_100,10000,9500,95,950000,PREFIX_BINARY,BUILD,10,47901,152064
N10000_K95_UNIFORM_100,10000,9500,95,950000,PREFIX_BINARY,BUILD,11,53400,152064
N10000_K95_UNIFORM_100,10000,9500,95,950000,PREFIX_BINARY,BUILD,12,48701,152064
N10000_K95_UNIFORM_100,10000,9500,95,950000,PREFIX_BINARY,BUILD,13,88200,152064
N10000_K95_UNIFORM_100,10000,9500,95,950000,PREFIX_BINARY,BUILD,14,64200,152064
N10000_K95_UNIFORM_100,10000,9500,95,950000,PREFIX_BINARY,BUILD,15,34099,152064
N10000_K95_UNIFORM_100,10000,9500,95,950000,PREFIX_BINARY,BUILD,16,51901,152064
N10000_K95_UNIFORM_100,10000,9500,95,950000,PREFIX_BINARY,BUILD,17,51600,152064
N10000_K95_UNIFORM_100,10000,9500,95,950000,PREFIX_BINARY,BUILD,18,53600,152064
N10000_K95_UNIFORM_100,10000,9500,95,950000,PREFIX_BINARY,BUILD,19,99000,152064
N10000_K95_UNIFORM_100,10000,9500,95,950000,PREFIX_BINARY,SELECT,0,175900,17568
N10000_K95_UNIFORM_100,10000,9500,95,950000,PREFIX_BINARY,SELECT,1,212201,17568
N10000_K95_UNIFORM_100,10000,9500,95,950000,PREFIX_BINARY,SELECT,2,225100,17568
N10000_K95_UNIFORM_100,10000,9500,95,950000,PREFIX_BINARY,SELECT,3,225001,17568
N10000_K95_UNIFORM_100,10000,9500,95,950000,PREFIX_BINARY,SELECT,4,210201,17568
N10000_K95_UNIFORM_100,10000,9500,95,950000,PREFIX_BINARY,SELECT,5,215299,17568
N10000_K95_UNIFORM_100,10000,9500,95,950000,PREFIX_BINARY,SELECT,6,247500,17568
N10000_K95_UNIFORM_100,10000,9500,95,950000,PREFIX_BINARY,SELECT,7,156799,17568
N10000_K95_UNIFORM_100,10000,9500,95,950000,PREFIX_BINARY,SELECT,8,130000,17568
N10000_K95_UNIFORM_100,10000,9500,95,950000,PREFIX_BINARY,SELECT,9,132100,17568
N10000_K95_UNIFORM_100,10000,9500,95,950000,PREFIX_BINARY,SELECT,10,208901,17568
N10000_K95_UNIFORM_100,10000,9500,95,950000,PREFIX_BINARY,SELECT,11,213300,17568
N10000_K95_UNIFORM_100,10000,9500,95,950000,PREFIX_BINARY,SELECT,12,227800,17568
N10000_K95_UNIFORM_100,10000,9500,95,950000,PREFIX_BINARY,SELECT,13,222900,17568
N10000_K95_UNIFORM_100,10000,9500,95,950000,PREFIX_BINARY,SELECT,14,232999,17568
N10000_K95_UNIFORM_100,10000,9500,95,950000,PREFIX_BINARY,SELECT,15,191300,17568
N10000_K95_UNIFORM_100,10000,9500,95,950000,PREFIX_BINARY,SELECT,16,274800,17568
N10000_K95_UNIFORM_100,10000,9500,95,950000,PREFIX_BINARY,SELECT,17,239800,17568
N10000_K95_UNIFORM_100,10000,9500,95,950000,PREFIX_BINARY,SELECT,18,209900,17568
N10000_K95_UNIFORM_100,10000,9500,95,950000,PREFIX_BINARY,SELECT,19,224599,17568
N10000_K95_UNIFORM_100,10000,9500,95,950000,PREFIX_BINARY,TOTAL,0,5571299,858880
N10000_K95_UNIFORM_100,10000,9500,95,950000,PREFIX_BINARY,TOTAL,1,4103000,858880
N10000_K95_UNIFORM_100,10000,9500,95,950000,PREFIX_BINARY,TOTAL,2,3833100,858880
N10000_K95_UNIFORM_100,10000,9500,95,950000,PREFIX_BINARY,TOTAL,3,5120800,858880
N10000_K95_UNIFORM_100,10000,9500,95,950000,PREFIX_BINARY,TOTAL,4,5929899,858880
N10000_K95_UNIFORM_100,10000,9500,95,950000,PREFIX_BINARY,TOTAL,5,5624599,858880
N10000_K95_UNIFORM_100,10000,9500,95,950000,PREFIX_BINARY,TOTAL,6,5872101,858880
N10000_K95_UNIFORM_100,10000,9500,95,950000,PREFIX_BINARY,TOTAL,7,5727000,858880
N10000_K95_UNIFORM_100,10000,9500,95,950000,PREFIX_BINARY,TOTAL,8,5918501,858880
N10000_K95_UNIFORM_100,10000,9500,95,950000,PREFIX_BINARY,TOTAL,9,5785400,858880
N10000_K95_UNIFORM_100,10000,9500,95,950000,PREFIX_BINARY,TOTAL,10,5765501,858880
N10000_K95_UNIFORM_100,10000,9500,95,950000,PREFIX_BINARY,TOTAL,11,4889901,858880
N10000_K95_UNIFORM_100,10000,9500,95,950000,PREFIX_BINARY,TOTAL,12,3897401,858880
N10000_K95_UNIFORM_100,10000,9500,95,950000,PREFIX_BINARY,TOTAL,13,5866299,858880
N10000_K95_UNIFORM_100,10000,9500,95,950000,PREFIX_BINARY,TOTAL,14,5542500,858880
N10000_K95_UNIFORM_100,10000,9500,95,950000,PREFIX_BINARY,TOTAL,15,5661200,858880
N10000_K95_UNIFORM_100,10000,9500,95,950000,PREFIX_BINARY,TOTAL,16,5645601,858880
N10000_K95_UNIFORM_100,10000,9500,95,950000,PREFIX_BINARY,TOTAL,17,5594501,858880
N10000_K95_UNIFORM_100,10000,9500,95,950000,PREFIX_BINARY,TOTAL,18,5505200,858880
N10000_K95_UNIFORM_100,10000,9500,95,950000,PREFIX_BINARY,TOTAL,19,5869700,858880
N10000_K95_UNIFORM_100,10000,9500,95,950000,FENWICK,NORMALIZE,0,4883000,689248
N10000_K95_UNIFORM_100,10000,9500,95,950000,FENWICK,NORMALIZE,1,5473700,689248
N10000_K95_UNIFORM_100,10000,9500,95,950000,FENWICK,NORMALIZE,2,5457200,689248
N10000_K95_UNIFORM_100,10000,9500,95,950000,FENWICK,NORMALIZE,3,5519000,689248
N10000_K95_UNIFORM_100,10000,9500,95,950000,FENWICK,NORMALIZE,4,5559200,689248
N10000_K95_UNIFORM_100,10000,9500,95,950000,FENWICK,NORMALIZE,5,5565300,689248
N10000_K95_UNIFORM_100,10000,9500,95,950000,FENWICK,NORMALIZE,6,5358500,689248
N10000_K95_UNIFORM_100,10000,9500,95,950000,FENWICK,NORMALIZE,7,5526301,689248
N10000_K95_UNIFORM_100,10000,9500,95,950000,FENWICK,NORMALIZE,8,5607799,689248
N10000_K95_UNIFORM_100,10000,9500,95,950000,FENWICK,NORMALIZE,9,5614700,689248
N10000_K95_UNIFORM_100,10000,9500,95,950000,FENWICK,NORMALIZE,10,5509901,689248
N10000_K95_UNIFORM_100,10000,9500,95,950000,FENWICK,NORMALIZE,11,5593801,689248
N10000_K95_UNIFORM_100,10000,9500,95,950000,FENWICK,NORMALIZE,12,5572600,689248
N10000_K95_UNIFORM_100,10000,9500,95,950000,FENWICK,NORMALIZE,13,5448801,689248
N10000_K95_UNIFORM_100,10000,9500,95,950000,FENWICK,NORMALIZE,14,5693500,689248
N10000_K95_UNIFORM_100,10000,9500,95,950000,FENWICK,NORMALIZE,15,5695300,689248
N10000_K95_UNIFORM_100,10000,9500,95,950000,FENWICK,NORMALIZE,16,5542400,689248
N10000_K95_UNIFORM_100,10000,9500,95,950000,FENWICK,NORMALIZE,17,5609400,689248
N10000_K95_UNIFORM_100,10000,9500,95,950000,FENWICK,NORMALIZE,18,5592200,689248
N10000_K95_UNIFORM_100,10000,9500,95,950000,FENWICK,NORMALIZE,19,5404900,689248
N10000_K95_UNIFORM_100,10000,9500,95,950000,FENWICK,BUILD,0,149400,152136
N10000_K95_UNIFORM_100,10000,9500,95,950000,FENWICK,BUILD,1,108100,152136
N10000_K95_UNIFORM_100,10000,9500,95,950000,FENWICK,BUILD,2,197199,152136
N10000_K95_UNIFORM_100,10000,9500,95,950000,FENWICK,BUILD,3,139300,152136
N10000_K95_UNIFORM_100,10000,9500,95,950000,FENWICK,BUILD,4,137200,152136
N10000_K95_UNIFORM_100,10000,9500,95,950000,FENWICK,BUILD,5,86400,152136
N10000_K95_UNIFORM_100,10000,9500,95,950000,FENWICK,BUILD,6,175300,152136
N10000_K95_UNIFORM_100,10000,9500,95,950000,FENWICK,BUILD,7,87500,152136
N10000_K95_UNIFORM_100,10000,9500,95,950000,FENWICK,BUILD,8,147099,152136
N10000_K95_UNIFORM_100,10000,9500,95,950000,FENWICK,BUILD,9,153900,152136
N10000_K95_UNIFORM_100,10000,9500,95,950000,FENWICK,BUILD,10,147500,152136
N10000_K95_UNIFORM_100,10000,9500,95,950000,FENWICK,BUILD,11,103200,152136
N10000_K95_UNIFORM_100,10000,9500,95,950000,FENWICK,BUILD,12,152200,152136
N10000_K95_UNIFORM_100,10000,9500,95,950000,FENWICK,BUILD,13,154600,152136
N10000_K95_UNIFORM_100,10000,9500,95,950000,FENWICK,BUILD,14,153700,152136
N10000_K95_UNIFORM_100,10000,9500,95,950000,FENWICK,BUILD,15,154000,152136
N10000_K95_UNIFORM_100,10000,9500,95,950000,FENWICK,BUILD,16,156000,152136
N10000_K95_UNIFORM_100,10000,9500,95,950000,FENWICK,BUILD,17,154600,152136
N10000_K95_UNIFORM_100,10000,9500,95,950000,FENWICK,BUILD,18,190700,152136
N10000_K95_UNIFORM_100,10000,9500,95,950000,FENWICK,BUILD,19,159500,152136
N10000_K95_UNIFORM_100,10000,9500,95,950000,FENWICK,SELECT,0,93100,17568
N10000_K95_UNIFORM_100,10000,9500,95,950000,FENWICK,SELECT,1,90201,17568
N10000_K95_UNIFORM_100,10000,9500,95,950000,FENWICK,SELECT,2,87200,17568
N10000_K95_UNIFORM_100,10000,9500,95,950000,FENWICK,SELECT,3,90400,17568
N10000_K95_UNIFORM_100,10000,9500,95,950000,FENWICK,SELECT,4,93299,17568
N10000_K95_UNIFORM_100,10000,9500,95,950000,FENWICK,SELECT,5,124000,17568
N10000_K95_UNIFORM_100,10000,9500,95,950000,FENWICK,SELECT,6,88899,17568
N10000_K95_UNIFORM_100,10000,9500,95,950000,FENWICK,SELECT,7,96900,17568
N10000_K95_UNIFORM_100,10000,9500,95,950000,FENWICK,SELECT,8,90300,17568
N10000_K95_UNIFORM_100,10000,9500,95,950000,FENWICK,SELECT,9,104500,17568
N10000_K95_UNIFORM_100,10000,9500,95,950000,FENWICK,SELECT,10,91200,17568
N10000_K95_UNIFORM_100,10000,9500,95,950000,FENWICK,SELECT,11,69500,17568
N10000_K95_UNIFORM_100,10000,9500,95,950000,FENWICK,SELECT,12,68500,17568
N10000_K95_UNIFORM_100,10000,9500,95,950000,FENWICK,SELECT,13,66299,17568
N10000_K95_UNIFORM_100,10000,9500,95,950000,FENWICK,SELECT,14,92499,17568
N10000_K95_UNIFORM_100,10000,9500,95,950000,FENWICK,SELECT,15,92600,17568
N10000_K95_UNIFORM_100,10000,9500,95,950000,FENWICK,SELECT,16,90501,17568
N10000_K95_UNIFORM_100,10000,9500,95,950000,FENWICK,SELECT,17,91900,17568
N10000_K95_UNIFORM_100,10000,9500,95,950000,FENWICK,SELECT,18,135200,17568
N10000_K95_UNIFORM_100,10000,9500,95,950000,FENWICK,SELECT,19,132399,17568
N10000_K95_UNIFORM_100,10000,9500,95,950000,FENWICK,TOTAL,0,5241399,858952
N10000_K95_UNIFORM_100,10000,9500,95,950000,FENWICK,TOTAL,1,5821200,858952
N10000_K95_UNIFORM_100,10000,9500,95,950000,FENWICK,TOTAL,2,5859100,858952
N10000_K95_UNIFORM_100,10000,9500,95,950000,FENWICK,TOTAL,3,5745799,858952
N10000_K95_UNIFORM_100,10000,9500,95,950000,FENWICK,TOTAL,4,6061001,858952
N10000_K95_UNIFORM_100,10000,9500,95,950000,FENWICK,TOTAL,5,5954900,858952
N10000_K95_UNIFORM_100,10000,9500,95,950000,FENWICK,TOTAL,6,5192300,858952
N10000_K95_UNIFORM_100,10000,9500,95,950000,FENWICK,TOTAL,7,5642800,858952
N10000_K95_UNIFORM_100,10000,9500,95,950000,FENWICK,TOTAL,8,5898301,858952
N10000_K95_UNIFORM_100,10000,9500,95,950000,FENWICK,TOTAL,9,5829801,858952
N10000_K95_UNIFORM_100,10000,9500,95,950000,FENWICK,TOTAL,10,5943701,858952
N10000_K95_UNIFORM_100,10000,9500,95,950000,FENWICK,TOTAL,11,5767900,858952
N10000_K95_UNIFORM_100,10000,9500,95,950000,FENWICK,TOTAL,12,5406199,858952
N10000_K95_UNIFORM_100,10000,9500,95,950000,FENWICK,TOTAL,13,5932000,858952
N10000_K95_UNIFORM_100,10000,9500,95,950000,FENWICK,TOTAL,14,5785400,858952
N10000_K95_UNIFORM_100,10000,9500,95,950000,FENWICK,TOTAL,15,5864400,858952
N10000_K95_UNIFORM_100,10000,9500,95,950000,FENWICK,TOTAL,16,5567199,858952
N10000_K95_UNIFORM_100,10000,9500,95,950000,FENWICK,TOTAL,17,5736201,858952
N10000_K95_UNIFORM_100,10000,9500,95,950000,FENWICK,TOTAL,18,6086900,858952
N10000_K95_UNIFORM_100,10000,9500,95,950000,FENWICK,TOTAL,19,5782200,858952
N10000_K950_UNIFORM_100,10000,9500,950,950000,TICKET_ARRAY,NORMALIZE,0,5275500,689248
N10000_K950_UNIFORM_100,10000,9500,950,950000,TICKET_ARRAY,NORMALIZE,1,4806000,689248
N10000_K950_UNIFORM_100,10000,9500,950,950000,TICKET_ARRAY,NORMALIZE,2,3831400,689248
N10000_K950_UNIFORM_100,10000,9500,950,950000,TICKET_ARRAY,NORMALIZE,3,3655500,689248
N10000_K950_UNIFORM_100,10000,9500,950,950000,TICKET_ARRAY,NORMALIZE,4,4832200,689248
N10000_K950_UNIFORM_100,10000,9500,950,950000,TICKET_ARRAY,NORMALIZE,5,4406400,689248
N10000_K950_UNIFORM_100,10000,9500,950,950000,TICKET_ARRAY,NORMALIZE,6,5185200,689248
N10000_K950_UNIFORM_100,10000,9500,950,950000,TICKET_ARRAY,NORMALIZE,7,4637900,689248
N10000_K950_UNIFORM_100,10000,9500,950,950000,TICKET_ARRAY,NORMALIZE,8,3923800,689248
N10000_K950_UNIFORM_100,10000,9500,950,950000,TICKET_ARRAY,NORMALIZE,9,3948199,689248
N10000_K950_UNIFORM_100,10000,9500,950,950000,TICKET_ARRAY,NORMALIZE,10,3909000,689248
N10000_K950_UNIFORM_100,10000,9500,950,950000,TICKET_ARRAY,NORMALIZE,11,4842801,689248
N10000_K950_UNIFORM_100,10000,9500,950,950000,TICKET_ARRAY,NORMALIZE,12,5342600,689248
N10000_K950_UNIFORM_100,10000,9500,950,950000,TICKET_ARRAY,NORMALIZE,13,5384499,689248
N10000_K950_UNIFORM_100,10000,9500,950,950000,TICKET_ARRAY,NORMALIZE,14,5352799,689248
N10000_K950_UNIFORM_100,10000,9500,950,950000,TICKET_ARRAY,NORMALIZE,15,5079399,689248
N10000_K950_UNIFORM_100,10000,9500,950,950000,TICKET_ARRAY,NORMALIZE,16,5766301,689248
N10000_K950_UNIFORM_100,10000,9500,950,950000,TICKET_ARRAY,NORMALIZE,17,5423399,689248
N10000_K950_UNIFORM_100,10000,9500,950,950000,TICKET_ARRAY,NORMALIZE,18,5743000,689248
N10000_K950_UNIFORM_100,10000,9500,950,950000,TICKET_ARRAY,NORMALIZE,19,5597500,689248
N10000_K950_UNIFORM_100,10000,9500,950,950000,TICKET_ARRAY,BUILD,0,1708999,3800040
N10000_K950_UNIFORM_100,10000,9500,950,950000,TICKET_ARRAY,BUILD,1,1749100,3800040
N10000_K950_UNIFORM_100,10000,9500,950,950000,TICKET_ARRAY,BUILD,2,1096101,3800040
N10000_K950_UNIFORM_100,10000,9500,950,950000,TICKET_ARRAY,BUILD,3,1820200,3800040
N10000_K950_UNIFORM_100,10000,9500,950,950000,TICKET_ARRAY,BUILD,4,3428000,3800040
N10000_K950_UNIFORM_100,10000,9500,950,950000,TICKET_ARRAY,BUILD,5,1136001,3800040
N10000_K950_UNIFORM_100,10000,9500,950,950000,TICKET_ARRAY,BUILD,6,1347199,3800040
N10000_K950_UNIFORM_100,10000,9500,950,950000,TICKET_ARRAY,BUILD,7,1825100,3800040
N10000_K950_UNIFORM_100,10000,9500,950,950000,TICKET_ARRAY,BUILD,8,1815500,3800040
N10000_K950_UNIFORM_100,10000,9500,950,950000,TICKET_ARRAY,BUILD,9,1087900,3800040
N10000_K950_UNIFORM_100,10000,9500,950,950000,TICKET_ARRAY,BUILD,10,1779799,3800040
N10000_K950_UNIFORM_100,10000,9500,950,950000,TICKET_ARRAY,BUILD,11,1512600,3800040
N10000_K950_UNIFORM_100,10000,9500,950,950000,TICKET_ARRAY,BUILD,12,1022900,3800040
N10000_K950_UNIFORM_100,10000,9500,950,950000,TICKET_ARRAY,BUILD,13,1735600,3800040
N10000_K950_UNIFORM_100,10000,9500,950,950000,TICKET_ARRAY,BUILD,14,1150599,3800040
N10000_K950_UNIFORM_100,10000,9500,950,950000,TICKET_ARRAY,BUILD,15,1042299,3800040
N10000_K950_UNIFORM_100,10000,9500,950,950000,TICKET_ARRAY,BUILD,16,1208400,3800040
N10000_K950_UNIFORM_100,10000,9500,950,950000,TICKET_ARRAY,BUILD,17,1753901,3800040
N10000_K950_UNIFORM_100,10000,9500,950,950000,TICKET_ARRAY,BUILD,18,1817400,3800040
N10000_K950_UNIFORM_100,10000,9500,950,950000,TICKET_ARRAY,BUILD,19,1321300,3800040
N10000_K950_UNIFORM_100,10000,9500,950,950000,TICKET_ARRAY,SELECT,0,762193400,189840
N10000_K950_UNIFORM_100,10000,9500,950,950000,TICKET_ARRAY,SELECT,1,763620400,189840
N10000_K950_UNIFORM_100,10000,9500,950,950000,TICKET_ARRAY,SELECT,2,756610100,189840
N10000_K950_UNIFORM_100,10000,9500,950,950000,TICKET_ARRAY,SELECT,3,756739500,189840
N10000_K950_UNIFORM_100,10000,9500,950,950000,TICKET_ARRAY,SELECT,4,764025000,189840
N10000_K950_UNIFORM_100,10000,9500,950,950000,TICKET_ARRAY,SELECT,5,787376501,189840
N10000_K950_UNIFORM_100,10000,9500,950,950000,TICKET_ARRAY,SELECT,6,790193700,189840
N10000_K950_UNIFORM_100,10000,9500,950,950000,TICKET_ARRAY,SELECT,7,766978300,189840
N10000_K950_UNIFORM_100,10000,9500,950,950000,TICKET_ARRAY,SELECT,8,742738700,189840
N10000_K950_UNIFORM_100,10000,9500,950,950000,TICKET_ARRAY,SELECT,9,749296600,189840
N10000_K950_UNIFORM_100,10000,9500,950,950000,TICKET_ARRAY,SELECT,10,756256901,189840
N10000_K950_UNIFORM_100,10000,9500,950,950000,TICKET_ARRAY,SELECT,11,763205400,189840
N10000_K950_UNIFORM_100,10000,9500,950,950000,TICKET_ARRAY,SELECT,12,755322999,189840
N10000_K950_UNIFORM_100,10000,9500,950,950000,TICKET_ARRAY,SELECT,13,760208500,189840
N10000_K950_UNIFORM_100,10000,9500,950,950000,TICKET_ARRAY,SELECT,14,759639600,189840
N10000_K950_UNIFORM_100,10000,9500,950,950000,TICKET_ARRAY,SELECT,15,771340400,189840
N10000_K950_UNIFORM_100,10000,9500,950,950000,TICKET_ARRAY,SELECT,16,750555000,189840
N10000_K950_UNIFORM_100,10000,9500,950,950000,TICKET_ARRAY,SELECT,17,764090400,189840
N10000_K950_UNIFORM_100,10000,9500,950,950000,TICKET_ARRAY,SELECT,18,779506300,189840
N10000_K950_UNIFORM_100,10000,9500,950,950000,TICKET_ARRAY,SELECT,19,737157899,189840
N10000_K950_UNIFORM_100,10000,9500,950,950000,TICKET_ARRAY,TOTAL,0,768475700,4679128
N10000_K950_UNIFORM_100,10000,9500,950,950000,TICKET_ARRAY,TOTAL,1,785689799,4679128
N10000_K950_UNIFORM_100,10000,9500,950,950000,TICKET_ARRAY,TOTAL,2,732338701,4679128
N10000_K950_UNIFORM_100,10000,9500,950,950000,TICKET_ARRAY,TOTAL,3,744866700,4679128
N10000_K950_UNIFORM_100,10000,9500,950,950000,TICKET_ARRAY,TOTAL,4,735069000,4679128
N10000_K950_UNIFORM_100,10000,9500,950,950000,TICKET_ARRAY,TOTAL,5,765692000,4679128
N10000_K950_UNIFORM_100,10000,9500,950,950000,TICKET_ARRAY,TOTAL,6,800524400,4679128
N10000_K950_UNIFORM_100,10000,9500,950,950000,TICKET_ARRAY,TOTAL,7,775585700,4679128
N10000_K950_UNIFORM_100,10000,9500,950,950000,TICKET_ARRAY,TOTAL,8,770141700,4679128
N10000_K950_UNIFORM_100,10000,9500,950,950000,TICKET_ARRAY,TOTAL,9,788656900,4679128
N10000_K950_UNIFORM_100,10000,9500,950,950000,TICKET_ARRAY,TOTAL,10,770854000,4679128
N10000_K950_UNIFORM_100,10000,9500,950,950000,TICKET_ARRAY,TOTAL,11,774484400,4679128
N10000_K950_UNIFORM_100,10000,9500,950,950000,TICKET_ARRAY,TOTAL,12,768207100,4679128
N10000_K950_UNIFORM_100,10000,9500,950,950000,TICKET_ARRAY,TOTAL,13,767085100,4679128
N10000_K950_UNIFORM_100,10000,9500,950,950000,TICKET_ARRAY,TOTAL,14,771473900,4679128
N10000_K950_UNIFORM_100,10000,9500,950,950000,TICKET_ARRAY,TOTAL,15,795741001,4679128
N10000_K950_UNIFORM_100,10000,9500,950,950000,TICKET_ARRAY,TOTAL,16,795952900,4679128
N10000_K950_UNIFORM_100,10000,9500,950,950000,TICKET_ARRAY,TOTAL,17,778563500,4679128
N10000_K950_UNIFORM_100,10000,9500,950,950000,TICKET_ARRAY,TOTAL,18,755467801,4679128
N10000_K950_UNIFORM_100,10000,9500,950,950000,TICKET_ARRAY,TOTAL,19,767241700,4679128
N10000_K950_UNIFORM_100,10000,9500,950,950000,PREFIX_LINEAR,NORMALIZE,0,5641300,689248
N10000_K950_UNIFORM_100,10000,9500,950,950000,PREFIX_LINEAR,NORMALIZE,1,5640800,689248
N10000_K950_UNIFORM_100,10000,9500,950,950000,PREFIX_LINEAR,NORMALIZE,2,5513399,689248
N10000_K950_UNIFORM_100,10000,9500,950,950000,PREFIX_LINEAR,NORMALIZE,3,5269400,689248
N10000_K950_UNIFORM_100,10000,9500,950,950000,PREFIX_LINEAR,NORMALIZE,4,4791400,689248
N10000_K950_UNIFORM_100,10000,9500,950,950000,PREFIX_LINEAR,NORMALIZE,5,4313101,689248
N10000_K950_UNIFORM_100,10000,9500,950,950000,PREFIX_LINEAR,NORMALIZE,6,5268701,689248
N10000_K950_UNIFORM_100,10000,9500,950,950000,PREFIX_LINEAR,NORMALIZE,7,5051199,689248
N10000_K950_UNIFORM_100,10000,9500,950,950000,PREFIX_LINEAR,NORMALIZE,8,5316400,689248
N10000_K950_UNIFORM_100,10000,9500,950,950000,PREFIX_LINEAR,NORMALIZE,9,5542900,689248
N10000_K950_UNIFORM_100,10000,9500,950,950000,PREFIX_LINEAR,NORMALIZE,10,5432800,689248
N10000_K950_UNIFORM_100,10000,9500,950,950000,PREFIX_LINEAR,NORMALIZE,11,4897800,689248
N10000_K950_UNIFORM_100,10000,9500,950,950000,PREFIX_LINEAR,NORMALIZE,12,5154800,689248
N10000_K950_UNIFORM_100,10000,9500,950,950000,PREFIX_LINEAR,NORMALIZE,13,5538000,689248
N10000_K950_UNIFORM_100,10000,9500,950,950000,PREFIX_LINEAR,NORMALIZE,14,3837400,689248
N10000_K950_UNIFORM_100,10000,9500,950,950000,PREFIX_LINEAR,NORMALIZE,15,5341100,689248
N10000_K950_UNIFORM_100,10000,9500,950,950000,PREFIX_LINEAR,NORMALIZE,16,5439100,689248
N10000_K950_UNIFORM_100,10000,9500,950,950000,PREFIX_LINEAR,NORMALIZE,17,5771100,689248
N10000_K950_UNIFORM_100,10000,9500,950,950000,PREFIX_LINEAR,NORMALIZE,18,5616100,689248
N10000_K950_UNIFORM_100,10000,9500,950,950000,PREFIX_LINEAR,NORMALIZE,19,5497800,689248
N10000_K950_UNIFORM_100,10000,9500,950,950000,PREFIX_LINEAR,BUILD,0,69100,152064
N10000_K950_UNIFORM_100,10000,9500,950,950000,PREFIX_LINEAR,BUILD,1,40500,152064
N10000_K950_UNIFORM_100,10000,9500,950,950000,PREFIX_LINEAR,BUILD,2,58900,152064
N10000_K950_UNIFORM_100,10000,9500,950,950000,PREFIX_LINEAR,BUILD,3,50500,152064
N10000_K950_UNIFORM_100,10000,9500,950,950000,PREFIX_LINEAR,BUILD,4,51599,152064
N10000_K950_UNIFORM_100,10000,9500,950,950000,PREFIX_LINEAR,BUILD,5,65300,152064
N10000_K950_UNIFORM_100,10000,9500,950,950000,PREFIX_LINEAR,BUILD,6,51299,152064
N10000_K950_UNIFORM_100,10000,9500,950,950000,PREFIX_LINEAR,BUILD,7,52500,152064
N10000_K950_UNIFORM_100,10000,9500,950,950000,PREFIX_LINEAR,BUILD,8,50401,152064
N10000_K950_UNIFORM_100,10000,9500,950,950000,PREFIX_LINEAR,BUILD,9,55700,152064
N10000_K950_UNIFORM_100,10000,9500,950,950000,PREFIX_LINEAR,BUILD,10,62399,152064
N10000_K950_UNIFORM_100,10000,9500,950,950000,PREFIX_LINEAR,BUILD,11,49400,152064
N10000_K950_UNIFORM_100,10000,9500,950,950000,PREFIX_LINEAR,BUILD,12,56799,152064
N10000_K950_UNIFORM_100,10000,9500,950,950000,PREFIX_LINEAR,BUILD,13,52400,152064
N10000_K950_UNIFORM_100,10000,9500,950,950000,PREFIX_LINEAR,BUILD,14,48599,152064
N10000_K950_UNIFORM_100,10000,9500,950,950000,PREFIX_LINEAR,BUILD,15,135899,152064
N10000_K950_UNIFORM_100,10000,9500,950,950000,PREFIX_LINEAR,BUILD,16,52201,152064
N10000_K950_UNIFORM_100,10000,9500,950,950000,PREFIX_LINEAR,BUILD,17,54300,152064
N10000_K950_UNIFORM_100,10000,9500,950,950000,PREFIX_LINEAR,BUILD,18,61700,152064
N10000_K950_UNIFORM_100,10000,9500,950,950000,PREFIX_LINEAR,BUILD,19,34600,152064
N10000_K950_UNIFORM_100,10000,9500,950,950000,PREFIX_LINEAR,SELECT,0,5218500,189840
N10000_K950_UNIFORM_100,10000,9500,950,950000,PREFIX_LINEAR,SELECT,1,5499900,189840
N10000_K950_UNIFORM_100,10000,9500,950,950000,PREFIX_LINEAR,SELECT,2,5481300,189840
N10000_K950_UNIFORM_100,10000,9500,950,950000,PREFIX_LINEAR,SELECT,3,4604300,189840
N10000_K950_UNIFORM_100,10000,9500,950,950000,PREFIX_LINEAR,SELECT,4,3891600,189840
N10000_K950_UNIFORM_100,10000,9500,950,950000,PREFIX_LINEAR,SELECT,5,2790000,189840
N10000_K950_UNIFORM_100,10000,9500,950,950000,PREFIX_LINEAR,SELECT,6,5507700,189840
N10000_K950_UNIFORM_100,10000,9500,950,950000,PREFIX_LINEAR,SELECT,7,3549399,189840
N10000_K950_UNIFORM_100,10000,9500,950,950000,PREFIX_LINEAR,SELECT,8,5587600,189840
N10000_K950_UNIFORM_100,10000,9500,950,950000,PREFIX_LINEAR,SELECT,9,3161699,189840
N10000_K950_UNIFORM_100,10000,9500,950,950000,PREFIX_LINEAR,SELECT,10,5498900,189840
N10000_K950_UNIFORM_100,10000,9500,950,950000,PREFIX_LINEAR,SELECT,11,4980300,189840
N10000_K950_UNIFORM_100,10000,9500,950,950000,PREFIX_LINEAR,SELECT,12,5578001,189840
N10000_K950_UNIFORM_100,10000,9500,950,950000,PREFIX_LINEAR,SELECT,13,4555201,189840
N10000_K950_UNIFORM_100,10000,9500,950,950000,PREFIX_LINEAR,SELECT,14,4890000,189840
N10000_K950_UNIFORM_100,10000,9500,950,950000,PREFIX_LINEAR,SELECT,15,2528800,189840
N10000_K950_UNIFORM_100,10000,9500,950,950000,PREFIX_LINEAR,SELECT,16,5266700,189840
N10000_K950_UNIFORM_100,10000,9500,950,950000,PREFIX_LINEAR,SELECT,17,5259300,189840
N10000_K950_UNIFORM_100,10000,9500,950,950000,PREFIX_LINEAR,SELECT,18,5457700,189840
N10000_K950_UNIFORM_100,10000,9500,950,950000,PREFIX_LINEAR,SELECT,19,5367200,189840
N10000_K950_UNIFORM_100,10000,9500,950,950000,PREFIX_LINEAR,TOTAL,0,10980800,1031152
N10000_K950_UNIFORM_100,10000,9500,950,950000,PREFIX_LINEAR,TOTAL,1,10771700,1031152
N10000_K950_UNIFORM_100,10000,9500,950,950000,PREFIX_LINEAR,TOTAL,2,10518000,1031152
N10000_K950_UNIFORM_100,10000,9500,950,950000,PREFIX_LINEAR,TOTAL,3,9712100,1031152
N10000_K950_UNIFORM_100,10000,9500,950,950000,PREFIX_LINEAR,TOTAL,4,11037300,1031152
N10000_K950_UNIFORM_100,10000,9500,950,950000,PREFIX_LINEAR,TOTAL,5,11201001,1031152
N10000_K950_UNIFORM_100,10000,9500,950,950000,PREFIX_LINEAR,TOTAL,6,9629401,1031152
N10000_K950_UNIFORM_100,10000,9500,950,950000,PREFIX_LINEAR,TOTAL,7,9057700,1031152
N10000_K950_UNIFORM_100,10000,9500,950,950000,PREFIX_LINEAR,TOTAL,8,8643700,1031152
N10000_K950_UNIFORM_100,10000,9500,950,950000,PREFIX_LINEAR,TOTAL,9,11170401,1031152
N10000_K950_UNIFORM_100,10000,9500,950,950000,PREFIX_LINEAR,TOTAL,10,10144800,1031152
N10000_K950_UNIFORM_100,10000,9500,950,950000,PREFIX_LINEAR,TOTAL,11,11108800,1031152
N10000_K950_UNIFORM_100,10000,9500,950,950000,PREFIX_LINEAR,TOTAL,12,10582401,1031152
N10000_K950_UNIFORM_100,10000,9500,950,950000,PREFIX_LINEAR,TOTAL,13,9232900,1031152
N10000_K950_UNIFORM_100,10000,9500,950,950000,PREFIX_LINEAR,TOTAL,14,11197900,1031152
N10000_K950_UNIFORM_100,10000,9500,950,950000,PREFIX_LINEAR,TOTAL,15,9910401,1031152
N10000_K950_UNIFORM_100,10000,9500,950,950000,PREFIX_LINEAR,TOTAL,16,8808301,1031152
N10000_K950_UNIFORM_100,10000,9500,950,950000,PREFIX_LINEAR,TOTAL,17,10499199,1031152
N10000_K950_UNIFORM_100,10000,9500,950,950000,PREFIX_LINEAR,TOTAL,18,10632400,1031152
N10000_K950_UNIFORM_100,10000,9500,950,950000,PREFIX_LINEAR,TOTAL,19,10238000,1031152
N10000_K950_UNIFORM_100,10000,9500,950,950000,PREFIX_BINARY,NORMALIZE,0,5426301,689248
N10000_K950_UNIFORM_100,10000,9500,950,950000,PREFIX_BINARY,NORMALIZE,1,5589100,689248
N10000_K950_UNIFORM_100,10000,9500,950,950000,PREFIX_BINARY,NORMALIZE,2,5582901,689248
N10000_K950_UNIFORM_100,10000,9500,950,950000,PREFIX_BINARY,NORMALIZE,3,5508200,689248
N10000_K950_UNIFORM_100,10000,9500,950,950000,PREFIX_BINARY,NORMALIZE,4,5581200,689248
N10000_K950_UNIFORM_100,10000,9500,950,950000,PREFIX_BINARY,NORMALIZE,5,5582300,689248
N10000_K950_UNIFORM_100,10000,9500,950,950000,PREFIX_BINARY,NORMALIZE,6,4867500,689248
N10000_K950_UNIFORM_100,10000,9500,950,950000,PREFIX_BINARY,NORMALIZE,7,5527100,689248
N10000_K950_UNIFORM_100,10000,9500,950,950000,PREFIX_BINARY,NORMALIZE,8,4742200,689248
N10000_K950_UNIFORM_100,10000,9500,950,950000,PREFIX_BINARY,NORMALIZE,9,5534600,689248
N10000_K950_UNIFORM_100,10000,9500,950,950000,PREFIX_BINARY,NORMALIZE,10,5680400,689248
N10000_K950_UNIFORM_100,10000,9500,950,950000,PREFIX_BINARY,NORMALIZE,11,4207600,689248
N10000_K950_UNIFORM_100,10000,9500,950,950000,PREFIX_BINARY,NORMALIZE,12,4218901,689248
N10000_K950_UNIFORM_100,10000,9500,950,950000,PREFIX_BINARY,NORMALIZE,13,4143000,689248
N10000_K950_UNIFORM_100,10000,9500,950,950000,PREFIX_BINARY,NORMALIZE,14,5165901,689248
N10000_K950_UNIFORM_100,10000,9500,950,950000,PREFIX_BINARY,NORMALIZE,15,5074499,689248
N10000_K950_UNIFORM_100,10000,9500,950,950000,PREFIX_BINARY,NORMALIZE,16,5662200,689248
N10000_K950_UNIFORM_100,10000,9500,950,950000,PREFIX_BINARY,NORMALIZE,17,5522900,689248
N10000_K950_UNIFORM_100,10000,9500,950,950000,PREFIX_BINARY,NORMALIZE,18,5426600,689248
N10000_K950_UNIFORM_100,10000,9500,950,950000,PREFIX_BINARY,NORMALIZE,19,5562499,689248
N10000_K950_UNIFORM_100,10000,9500,950,950000,PREFIX_BINARY,BUILD,0,56599,152064
N10000_K950_UNIFORM_100,10000,9500,950,950000,PREFIX_BINARY,BUILD,1,70100,152064
N10000_K950_UNIFORM_100,10000,9500,950,950000,PREFIX_BINARY,BUILD,2,55999,152064
N10000_K950_UNIFORM_100,10000,9500,950,950000,PREFIX_BINARY,BUILD,3,67700,152064
N10000_K950_UNIFORM_100,10000,9500,950,950000,PREFIX_BINARY,BUILD,4,56900,152064
N10000_K950_UNIFORM_100,10000,9500,950,950000,PREFIX_BINARY,BUILD,5,57100,152064
N10000_K950_UNIFORM_100,10000,9500,950,950000,PREFIX_BINARY,BUILD,6,63100,152064
N10000_K950_UNIFORM_100,10000,9500,950,950000,PREFIX_BINARY,BUILD,7,104700,152064
N10000_K950_UNIFORM_100,10000,9500,950,950000,PREFIX_BINARY,BUILD,8,43300,152064
N10000_K950_UNIFORM_100,10000,9500,950,950000,PREFIX_BINARY,BUILD,9,62301,152064
N10000_K950_UNIFORM_100,10000,9500,950,950000,PREFIX_BINARY,BUILD,10,59900,152064
N10000_K950_UNIFORM_100,10000,9500,950,950000,PREFIX_BINARY,BUILD,11,41400,152064
N10000_K950_UNIFORM_100,10000,9500,950,950000,PREFIX_BINARY,BUILD,12,49400,152064
N10000_K950_UNIFORM_100,10000,9500,950,950000,PREFIX_BINARY,BUILD,13,56300,152064
N10000_K950_UNIFORM_100,10000,9500,950,950000,PREFIX_BINARY,BUILD,14,64900,152064
N10000_K950_UNIFORM_100,10000,9500,950,950000,PREFIX_BINARY,BUILD,15,59299,152064
N10000_K950_UNIFORM_100,10000,9500,950,950000,PREFIX_BINARY,BUILD,16,42600,152064
N10000_K950_UNIFORM_100,10000,9500,950,950000,PREFIX_BINARY,BUILD,17,50200,152064
N10000_K950_UNIFORM_100,10000,9500,950,950000,PREFIX_BINARY,BUILD,18,123901,152064
N10000_K950_UNIFORM_100,10000,9500,950,950000,PREFIX_BINARY,BUILD,19,66100,152064
N10000_K950_UNIFORM_100,10000,9500,950,950000,PREFIX_BINARY,SELECT,0,1709900,189840
N10000_K950_UNIFORM_100,10000,9500,950,950000,PREFIX_BINARY,SELECT,1,1560400,189840
N10000_K950_UNIFORM_100,10000,9500,950,950000,PREFIX_BINARY,SELECT,2,1807900,189840
N10000_K950_UNIFORM_100,10000,9500,950,950000,PREFIX_BINARY,SELECT,3,1691700,189840
N10000_K950_UNIFORM_100,10000,9500,950,950000,PREFIX_BINARY,SELECT,4,1735900,189840
N10000_K950_UNIFORM_100,10000,9500,950,950000,PREFIX_BINARY,SELECT,5,1698699,189840
N10000_K950_UNIFORM_100,10000,9500,950,950000,PREFIX_BINARY,SELECT,6,1677000,189840
N10000_K950_UNIFORM_100,10000,9500,950,950000,PREFIX_BINARY,SELECT,7,1695701,189840
N10000_K950_UNIFORM_100,10000,9500,950,950000,PREFIX_BINARY,SELECT,8,1781800,189840
N10000_K950_UNIFORM_100,10000,9500,950,950000,PREFIX_BINARY,SELECT,9,1650900,189840
N10000_K950_UNIFORM_100,10000,9500,950,950000,PREFIX_BINARY,SELECT,10,1581201,189840
N10000_K950_UNIFORM_100,10000,9500,950,950000,PREFIX_BINARY,SELECT,11,1867401,189840
N10000_K950_UNIFORM_100,10000,9500,950,950000,PREFIX_BINARY,SELECT,12,1658200,189840
N10000_K950_UNIFORM_100,10000,9500,950,950000,PREFIX_BINARY,SELECT,13,1796800,189840
N10000_K950_UNIFORM_100,10000,9500,950,950000,PREFIX_BINARY,SELECT,14,1342599,189840
N10000_K950_UNIFORM_100,10000,9500,950,950000,PREFIX_BINARY,SELECT,15,1763700,189840
N10000_K950_UNIFORM_100,10000,9500,950,950000,PREFIX_BINARY,SELECT,16,1750899,189840
N10000_K950_UNIFORM_100,10000,9500,950,950000,PREFIX_BINARY,SELECT,17,1785799,189840
N10000_K950_UNIFORM_100,10000,9500,950,950000,PREFIX_BINARY,SELECT,18,1744899,189840
N10000_K950_UNIFORM_100,10000,9500,950,950000,PREFIX_BINARY,SELECT,19,1744500,189840
N10000_K950_UNIFORM_100,10000,9500,950,950000,PREFIX_BINARY,TOTAL,0,7380199,1031152
N10000_K950_UNIFORM_100,10000,9500,950,950000,PREFIX_BINARY,TOTAL,1,7201000,1031152
N10000_K950_UNIFORM_100,10000,9500,950,950000,PREFIX_BINARY,TOTAL,2,6343800,1031152
N10000_K950_UNIFORM_100,10000,9500,950,950000,PREFIX_BINARY,TOTAL,3,7307399,1031152
N10000_K950_UNIFORM_100,10000,9500,950,950000,PREFIX_BINARY,TOTAL,4,7333900,1031152
N10000_K950_UNIFORM_100,10000,9500,950,950000,PREFIX_BINARY,TOTAL,5,7473000,1031152
N10000_K950_UNIFORM_100,10000,9500,950,950000,PREFIX_BINARY,TOTAL,6,7336001,1031152
N10000_K950_UNIFORM_100,10000,9500,950,950000,PREFIX_BINARY,TOTAL,7,7387301,1031152
N10000_K950_UNIFORM_100,10000,9500,950,950000,PREFIX_BINARY,TOTAL,8,6804100,1031152
N10000_K950_UNIFORM_100,10000,9500,950,950000,PREFIX_BINARY,TOTAL,9,7236701,1031152
N10000_K950_UNIFORM_100,10000,9500,950,950000,PREFIX_BINARY,TOTAL,10,7313300,1031152
N10000_K950_UNIFORM_100,10000,9500,950,950000,PREFIX_BINARY,TOTAL,11,7166699,1031152
N10000_K950_UNIFORM_100,10000,9500,950,950000,PREFIX_BINARY,TOTAL,12,7257600,1031152
N10000_K950_UNIFORM_100,10000,9500,950,950000,PREFIX_BINARY,TOTAL,13,5794600,1031152
N10000_K950_UNIFORM_100,10000,9500,950,950000,PREFIX_BINARY,TOTAL,14,4884600,1031152
N10000_K950_UNIFORM_100,10000,9500,950,950000,PREFIX_BINARY,TOTAL,15,5245000,1031152
N10000_K950_UNIFORM_100,10000,9500,950,950000,PREFIX_BINARY,TOTAL,16,6024800,1031152
N10000_K950_UNIFORM_100,10000,9500,950,950000,PREFIX_BINARY,TOTAL,17,7468100,1031152
N10000_K950_UNIFORM_100,10000,9500,950,950000,PREFIX_BINARY,TOTAL,18,7680601,1031152
N10000_K950_UNIFORM_100,10000,9500,950,950000,PREFIX_BINARY,TOTAL,19,7176600,1031152
N10000_K950_UNIFORM_100,10000,9500,950,950000,FENWICK,NORMALIZE,0,5535500,689248
N10000_K950_UNIFORM_100,10000,9500,950,950000,FENWICK,NORMALIZE,1,5185600,689248
N10000_K950_UNIFORM_100,10000,9500,950,950000,FENWICK,NORMALIZE,2,5564600,689248
N10000_K950_UNIFORM_100,10000,9500,950,950000,FENWICK,NORMALIZE,3,5533199,689248
N10000_K950_UNIFORM_100,10000,9500,950,950000,FENWICK,NORMALIZE,4,5589100,689248
N10000_K950_UNIFORM_100,10000,9500,950,950000,FENWICK,NORMALIZE,5,5550599,689248
N10000_K950_UNIFORM_100,10000,9500,950,950000,FENWICK,NORMALIZE,6,5515299,689248
N10000_K950_UNIFORM_100,10000,9500,950,950000,FENWICK,NORMALIZE,7,5037400,689248
N10000_K950_UNIFORM_100,10000,9500,950,950000,FENWICK,NORMALIZE,8,5562101,689248
N10000_K950_UNIFORM_100,10000,9500,950,950000,FENWICK,NORMALIZE,9,5490500,689248
N10000_K950_UNIFORM_100,10000,9500,950,950000,FENWICK,NORMALIZE,10,4862800,689248
N10000_K950_UNIFORM_100,10000,9500,950,950000,FENWICK,NORMALIZE,11,4340000,689248
N10000_K950_UNIFORM_100,10000,9500,950,950000,FENWICK,NORMALIZE,12,4957101,689248
N10000_K950_UNIFORM_100,10000,9500,950,950000,FENWICK,NORMALIZE,13,4979000,689248
N10000_K950_UNIFORM_100,10000,9500,950,950000,FENWICK,NORMALIZE,14,4518800,689248
N10000_K950_UNIFORM_100,10000,9500,950,950000,FENWICK,NORMALIZE,15,5442400,689248
N10000_K950_UNIFORM_100,10000,9500,950,950000,FENWICK,NORMALIZE,16,5668000,689248
N10000_K950_UNIFORM_100,10000,9500,950,950000,FENWICK,NORMALIZE,17,5470999,689248
N10000_K950_UNIFORM_100,10000,9500,950,950000,FENWICK,NORMALIZE,18,5696601,689248
N10000_K950_UNIFORM_100,10000,9500,950,950000,FENWICK,NORMALIZE,19,5155999,689248
N10000_K950_UNIFORM_100,10000,9500,950,950000,FENWICK,BUILD,0,141300,152136
N10000_K950_UNIFORM_100,10000,9500,950,950000,FENWICK,BUILD,1,153000,152136
N10000_K950_UNIFORM_100,10000,9500,950,950000,FENWICK,BUILD,2,146899,152136
N10000_K950_UNIFORM_100,10000,9500,950,950000,FENWICK,BUILD,3,179101,152136
N10000_K950_UNIFORM_100,10000,9500,950,950000,FENWICK,BUILD,4,146399,152136
N10000_K950_UNIFORM_100,10000,9500,950,950000,FENWICK,BUILD,5,157000,152136
N10000_K950_UNIFORM_100,10000,9500,950,950000,FENWICK,BUILD,6,89301,152136
N10000_K950_UNIFORM_100,10000,9500,950,950000,FENWICK,BUILD,7,219399,152136
N10000_K950_UNIFORM_100,10000,9500,950,950000,FENWICK,BUILD,8,153601,152136
N10000_K950_UNIFORM_100,10000,9500,950,950000,FENWICK,BUILD,9,153800,152136
N10000_K950_UNIFORM_100,10000,9500,950,950000,FENWICK,BUILD,10,96800,152136
N10000_K950_UNIFORM_100,10000,9500,950,950000,FENWICK,BUILD,11,149999,152136
N10000_K950_UNIFORM_100,10000,9500,950,950000,FENWICK,BUILD,12,89699,152136
N10000_K950_UNIFORM_100,10000,9500,950,950000,FENWICK,BUILD,13,151500,152136
N10000_K950_UNIFORM_100,10000,9500,950,950000,FENWICK,BUILD,14,153401,152136
N10000_K950_UNIFORM_100,10000,9500,950,950000,FENWICK,BUILD,15,152100,152136
N10000_K950_UNIFORM_100,10000,9500,950,950000,FENWICK,BUILD,16,150800,152136
N10000_K950_UNIFORM_100,10000,9500,950,950000,FENWICK,BUILD,17,163200,152136
N10000_K950_UNIFORM_100,10000,9500,950,950000,FENWICK,BUILD,18,184000,152136
N10000_K950_UNIFORM_100,10000,9500,950,950000,FENWICK,BUILD,19,156401,152136
N10000_K950_UNIFORM_100,10000,9500,950,950000,FENWICK,SELECT,0,681201,189840
N10000_K950_UNIFORM_100,10000,9500,950,950000,FENWICK,SELECT,1,674199,189840
N10000_K950_UNIFORM_100,10000,9500,950,950000,FENWICK,SELECT,2,677800,189840
N10000_K950_UNIFORM_100,10000,9500,950,950000,FENWICK,SELECT,3,672000,189840
N10000_K950_UNIFORM_100,10000,9500,950,950000,FENWICK,SELECT,4,683100,189840
N10000_K950_UNIFORM_100,10000,9500,950,950000,FENWICK,SELECT,5,710500,189840
N10000_K950_UNIFORM_100,10000,9500,950,950000,FENWICK,SELECT,6,445800,189840
N10000_K950_UNIFORM_100,10000,9500,950,950000,FENWICK,SELECT,7,611000,189840
N10000_K950_UNIFORM_100,10000,9500,950,950000,FENWICK,SELECT,8,561599,189840
N10000_K950_UNIFORM_100,10000,9500,950,950000,FENWICK,SELECT,9,662399,189840
N10000_K950_UNIFORM_100,10000,9500,950,950000,FENWICK,SELECT,10,645100,189840
N10000_K950_UNIFORM_100,10000,9500,950,950000,FENWICK,SELECT,11,698201,189840
N10000_K950_UNIFORM_100,10000,9500,950,950000,FENWICK,SELECT,12,661500,189840
N10000_K950_UNIFORM_100,10000,9500,950,950000,FENWICK,SELECT,13,684601,189840
N10000_K950_UNIFORM_100,10000,9500,950,950000,FENWICK,SELECT,14,716999,189840
N10000_K950_UNIFORM_100,10000,9500,950,950000,FENWICK,SELECT,15,701900,189840
N10000_K950_UNIFORM_100,10000,9500,950,950000,FENWICK,SELECT,16,747101,189840
N10000_K950_UNIFORM_100,10000,9500,950,950000,FENWICK,SELECT,17,626800,189840
N10000_K950_UNIFORM_100,10000,9500,950,950000,FENWICK,SELECT,18,661399,189840
N10000_K950_UNIFORM_100,10000,9500,950,950000,FENWICK,SELECT,19,687800,189840
N10000_K950_UNIFORM_100,10000,9500,950,950000,FENWICK,TOTAL,0,6127400,1031224
N10000_K950_UNIFORM_100,10000,9500,950,950000,FENWICK,TOTAL,1,6331000,1031224
N10000_K950_UNIFORM_100,10000,9500,950,950000,FENWICK,TOTAL,2,6645600,1031224
N10000_K950_UNIFORM_100,10000,9500,950,950000,FENWICK,TOTAL,3,6420400,1031224
N10000_K950_UNIFORM_100,10000,9500,950,950000,FENWICK,TOTAL,4,4311000,1031224
N10000_K950_UNIFORM_100,10000,9500,950,950000,FENWICK,TOTAL,5,4430100,1031224
N10000_K950_UNIFORM_100,10000,9500,950,950000,FENWICK,TOTAL,6,4191600,1031224
N10000_K950_UNIFORM_100,10000,9500,950,950000,FENWICK,TOTAL,7,6039800,1031224
N10000_K950_UNIFORM_100,10000,9500,950,950000,FENWICK,TOTAL,8,4275299,1031224
N10000_K950_UNIFORM_100,10000,9500,950,950000,FENWICK,TOTAL,9,4190601,1031224
N10000_K950_UNIFORM_100,10000,9500,950,950000,FENWICK,TOTAL,10,4308900,1031224
N10000_K950_UNIFORM_100,10000,9500,950,950000,FENWICK,TOTAL,11,5621800,1031224
N10000_K950_UNIFORM_100,10000,9500,950,950000,FENWICK,TOTAL,12,6092900,1031224
N10000_K950_UNIFORM_100,10000,9500,950,950000,FENWICK,TOTAL,13,5893700,1031224
N10000_K950_UNIFORM_100,10000,9500,950,950000,FENWICK,TOTAL,14,4155600,1031224
N10000_K950_UNIFORM_100,10000,9500,950,950000,FENWICK,TOTAL,15,4124399,1031224
N10000_K950_UNIFORM_100,10000,9500,950,950000,FENWICK,TOTAL,16,4119400,1031224
N10000_K950_UNIFORM_100,10000,9500,950,950000,FENWICK,TOTAL,17,6406500,1031224
N10000_K950_UNIFORM_100,10000,9500,950,950000,FENWICK,TOTAL,18,6278301,1031224
N10000_K950_UNIFORM_100,10000,9500,950,950000,FENWICK,TOTAL,19,6105800,1031224
N10000_K1_SKEWED_1000,10000,9500,1,1008500,PREFIX_LINEAR,NORMALIZE,0,4940500,689248
N10000_K1_SKEWED_1000,10000,9500,1,1008500,PREFIX_LINEAR,NORMALIZE,1,4519201,689248
N10000_K1_SKEWED_1000,10000,9500,1,1008500,PREFIX_LINEAR,NORMALIZE,2,3638900,689248
N10000_K1_SKEWED_1000,10000,9500,1,1008500,PREFIX_LINEAR,NORMALIZE,3,3976801,689248
N10000_K1_SKEWED_1000,10000,9500,1,1008500,PREFIX_LINEAR,NORMALIZE,4,4152600,689248
N10000_K1_SKEWED_1000,10000,9500,1,1008500,PREFIX_LINEAR,NORMALIZE,5,4880899,689248
N10000_K1_SKEWED_1000,10000,9500,1,1008500,PREFIX_LINEAR,NORMALIZE,6,4870800,689248
N10000_K1_SKEWED_1000,10000,9500,1,1008500,PREFIX_LINEAR,NORMALIZE,7,4997301,689248
N10000_K1_SKEWED_1000,10000,9500,1,1008500,PREFIX_LINEAR,NORMALIZE,8,4793400,689248
N10000_K1_SKEWED_1000,10000,9500,1,1008500,PREFIX_LINEAR,NORMALIZE,9,4649299,689248
N10000_K1_SKEWED_1000,10000,9500,1,1008500,PREFIX_LINEAR,NORMALIZE,10,5252300,689248
N10000_K1_SKEWED_1000,10000,9500,1,1008500,PREFIX_LINEAR,NORMALIZE,11,5480300,689248
N10000_K1_SKEWED_1000,10000,9500,1,1008500,PREFIX_LINEAR,NORMALIZE,12,5624800,689248
N10000_K1_SKEWED_1000,10000,9500,1,1008500,PREFIX_LINEAR,NORMALIZE,13,5209601,689248
N10000_K1_SKEWED_1000,10000,9500,1,1008500,PREFIX_LINEAR,NORMALIZE,14,5418100,689248
N10000_K1_SKEWED_1000,10000,9500,1,1008500,PREFIX_LINEAR,NORMALIZE,15,5382200,689248
N10000_K1_SKEWED_1000,10000,9500,1,1008500,PREFIX_LINEAR,NORMALIZE,16,4992500,689248
N10000_K1_SKEWED_1000,10000,9500,1,1008500,PREFIX_LINEAR,NORMALIZE,17,3667501,689248
N10000_K1_SKEWED_1000,10000,9500,1,1008500,PREFIX_LINEAR,NORMALIZE,18,3617301,689248
N10000_K1_SKEWED_1000,10000,9500,1,1008500,PREFIX_LINEAR,NORMALIZE,19,3565300,689248
N10000_K1_SKEWED_1000,10000,9500,1,1008500,PREFIX_LINEAR,BUILD,0,67700,152064
N10000_K1_SKEWED_1000,10000,9500,1,1008500,PREFIX_LINEAR,BUILD,1,48900,152064
N10000_K1_SKEWED_1000,10000,9500,1,1008500,PREFIX_LINEAR,BUILD,2,49899,152064
N10000_K1_SKEWED_1000,10000,9500,1,1008500,PREFIX_LINEAR,BUILD,3,61900,152064
N10000_K1_SKEWED_1000,10000,9500,1,1008500,PREFIX_LINEAR,BUILD,4,36701,152064
N10000_K1_SKEWED_1000,10000,9500,1,1008500,PREFIX_LINEAR,BUILD,5,54300,152064
N10000_K1_SKEWED_1000,10000,9500,1,1008500,PREFIX_LINEAR,BUILD,6,49501,152064
N10000_K1_SKEWED_1000,10000,9500,1,1008500,PREFIX_LINEAR,BUILD,7,49899,152064
N10000_K1_SKEWED_1000,10000,9500,1,1008500,PREFIX_LINEAR,BUILD,8,55999,152064
N10000_K1_SKEWED_1000,10000,9500,1,1008500,PREFIX_LINEAR,BUILD,9,53400,152064
N10000_K1_SKEWED_1000,10000,9500,1,1008500,PREFIX_LINEAR,BUILD,10,58100,152064
N10000_K1_SKEWED_1000,10000,9500,1,1008500,PREFIX_LINEAR,BUILD,11,80099,152064
N10000_K1_SKEWED_1000,10000,9500,1,1008500,PREFIX_LINEAR,BUILD,12,50901,152064
N10000_K1_SKEWED_1000,10000,9500,1,1008500,PREFIX_LINEAR,BUILD,13,40499,152064
N10000_K1_SKEWED_1000,10000,9500,1,1008500,PREFIX_LINEAR,BUILD,14,35600,152064
N10000_K1_SKEWED_1000,10000,9500,1,1008500,PREFIX_LINEAR,BUILD,15,35000,152064
N10000_K1_SKEWED_1000,10000,9500,1,1008500,PREFIX_LINEAR,BUILD,16,36199,152064
N10000_K1_SKEWED_1000,10000,9500,1,1008500,PREFIX_LINEAR,BUILD,17,51499,152064
N10000_K1_SKEWED_1000,10000,9500,1,1008500,PREFIX_LINEAR,BUILD,18,57900,152064
N10000_K1_SKEWED_1000,10000,9500,1,1008500,PREFIX_LINEAR,BUILD,19,48800,152064
N10000_K1_SKEWED_1000,10000,9500,1,1008500,PREFIX_LINEAR,SELECT,0,42300,1592
N10000_K1_SKEWED_1000,10000,9500,1,1008500,PREFIX_LINEAR,SELECT,1,36299,1592
N10000_K1_SKEWED_1000,10000,9500,1,1008500,PREFIX_LINEAR,SELECT,2,32099,1592
N10000_K1_SKEWED_1000,10000,9500,1,1008500,PREFIX_LINEAR,SELECT,3,33201,1592
N10000_K1_SKEWED_1000,10000,9500,1,1008500,PREFIX_LINEAR,SELECT,4,20800,1592
N10000_K1_SKEWED_1000,10000,9500,1,1008500,PREFIX_LINEAR,SELECT,5,43801,1592
N10000_K1_SKEWED_1000,10000,9500,1,1008500,PREFIX_LINEAR,SELECT,6,32200,1592
N10000_K1_SKEWED_1000,10000,9500,1,1008500,PREFIX_LINEAR,SELECT,7,40600,1592
N10000_K1_SKEWED_1000,10000,9500,1,1008500,PREFIX_LINEAR,SELECT,8,66800,1592
N10000_K1_SKEWED_1000,10000,9500,1,1008500,PREFIX_LINEAR,SELECT,9,35200,1592
N10000_K1_SKEWED_1000,10000,9500,1,1008500,PREFIX_LINEAR,SELECT,10,36800,1592
N10000_K1_SKEWED_1000,10000,9500,1,1008500,PREFIX_LINEAR,SELECT,11,32699,1592
N10000_K1_SKEWED_1000,10000,9500,1,1008500,PREFIX_LINEAR,SELECT,12,52801,1592
N10000_K1_SKEWED_1000,10000,9500,1,1008500,PREFIX_LINEAR,SELECT,13,48499,1592
N10000_K1_SKEWED_1000,10000,9500,1,1008500,PREFIX_LINEAR,SELECT,14,51199,1592
N10000_K1_SKEWED_1000,10000,9500,1,1008500,PREFIX_LINEAR,SELECT,15,46699,1592
N10000_K1_SKEWED_1000,10000,9500,1,1008500,PREFIX_LINEAR,SELECT,16,40299,1592
N10000_K1_SKEWED_1000,10000,9500,1,1008500,PREFIX_LINEAR,SELECT,17,39099,1592
N10000_K1_SKEWED_1000,10000,9500,1,1008500,PREFIX_LINEAR,SELECT,18,22300,1592
N10000_K1_SKEWED_1000,10000,9500,1,1008500,PREFIX_LINEAR,SELECT,19,15500,1592
N10000_K1_SKEWED_1000,10000,9500,1,1008500,PREFIX_LINEAR,TOTAL,0,4776500,842904
N10000_K1_SKEWED_1000,10000,9500,1,1008500,PREFIX_LINEAR,TOTAL,1,5459500,842904
N10000_K1_SKEWED_1000,10000,9500,1,1008500,PREFIX_LINEAR,TOTAL,2,5704999,842904
N10000_K1_SKEWED_1000,10000,9500,1,1008500,PREFIX_LINEAR,TOTAL,3,4787200,842904
N10000_K1_SKEWED_1000,10000,9500,1,1008500,PREFIX_LINEAR,TOTAL,4,5667600,842904
N10000_K1_SKEWED_1000,10000,9500,1,1008500,PREFIX_LINEAR,TOTAL,5,5578001,842904
N10000_K1_SKEWED_1000,10000,9500,1,1008500,PREFIX_LINEAR,TOTAL,6,5487300,842904
N10000_K1_SKEWED_1000,10000,9500,1,1008500,PREFIX_LINEAR,TOTAL,7,5673699,842904
N10000_K1_SKEWED_1000,10000,9500,1,1008500,PREFIX_LINEAR,TOTAL,8,5822599,842904
N10000_K1_SKEWED_1000,10000,9500,1,1008500,PREFIX_LINEAR,TOTAL,9,5333599,842904
N10000_K1_SKEWED_1000,10000,9500,1,1008500,PREFIX_LINEAR,TOTAL,10,4464000,842904
N10000_K1_SKEWED_1000,10000,9500,1,1008500,PREFIX_LINEAR,TOTAL,11,4882000,842904
N10000_K1_SKEWED_1000,10000,9500,1,1008500,PREFIX_LINEAR,TOTAL,12,5312600,842904
N10000_K1_SKEWED_1000,10000,9500,1,1008500,PREFIX_LINEAR,TOTAL,13,5670699,842904
N10000_K1_SKEWED_1000,10000,9500,1,1008500,PREFIX_LINEAR,TOTAL,14,5434700,842904
N10000_K1_SKEWED_1000,10000,9500,1,1008500,PREFIX_LINEAR,TOTAL,15,5782300,842904
N10000_K1_SKEWED_1000,10000,9500,1,1008500,PREFIX_LINEAR,TOTAL,16,5615100,842904
N10000_K1_SKEWED_1000,10000,9500,1,1008500,PREFIX_LINEAR,TOTAL,17,5268400,842904
N10000_K1_SKEWED_1000,10000,9500,1,1008500,PREFIX_LINEAR,TOTAL,18,5210001,842904
N10000_K1_SKEWED_1000,10000,9500,1,1008500,PREFIX_LINEAR,TOTAL,19,5587200,842904
N10000_K1_SKEWED_1000,10000,9500,1,1008500,PREFIX_BINARY,NORMALIZE,0,5482100,689248
N10000_K1_SKEWED_1000,10000,9500,1,1008500,PREFIX_BINARY,NORMALIZE,1,5439299,689248
N10000_K1_SKEWED_1000,10000,9500,1,1008500,PREFIX_BINARY,NORMALIZE,2,5702500,689248
N10000_K1_SKEWED_1000,10000,9500,1,1008500,PREFIX_BINARY,NORMALIZE,3,5658101,689248
N10000_K1_SKEWED_1000,10000,9500,1,1008500,PREFIX_BINARY,NORMALIZE,4,5561200,689248
N10000_K1_SKEWED_1000,10000,9500,1,1008500,PREFIX_BINARY,NORMALIZE,5,5563900,689248
N10000_K1_SKEWED_1000,10000,9500,1,1008500,PREFIX_BINARY,NORMALIZE,6,5364200,689248
N10000_K1_SKEWED_1000,10000,9500,1,1008500,PREFIX_BINARY,NORMALIZE,7,5547799,689248
N10000_K1_SKEWED_1000,10000,9500,1,1008500,PREFIX_BINARY,NORMALIZE,8,5570100,689248
N10000_K1_SKEWED_1000,10000,9500,1,1008500,PREFIX_BINARY,NORMALIZE,9,5473100,689248
N10000_K1_SKEWED_1000,10000,9500,1,1008500,PREFIX_BINARY,NORMALIZE,10,5789300,689248
N10000_K1_SKEWED_1000,10000,9500,1,1008500,PREFIX_BINARY,NORMALIZE,11,5344301,689248
N10000_K1_SKEWED_1000,10000,9500,1,1008500,PREFIX_BINARY,NORMALIZE,12,5520800,689248
N10000_K1_SKEWED_1000,10000,9500,1,1008500,PREFIX_BINARY,NORMALIZE,13,5527200,689248
N10000_K1_SKEWED_1000,10000,9500,1,1008500,PREFIX_BINARY,NORMALIZE,14,5636099,689248
N10000_K1_SKEWED_1000,10000,9500,1,1008500,PREFIX_BINARY,NORMALIZE,15,5513799,689248
N10000_K1_SKEWED_1000,10000,9500,1,1008500,PREFIX_BINARY,NORMALIZE,16,5438600,689248
N10000_K1_SKEWED_1000,10000,9500,1,1008500,PREFIX_BINARY,NORMALIZE,17,4953700,689248
N10000_K1_SKEWED_1000,10000,9500,1,1008500,PREFIX_BINARY,NORMALIZE,18,5519200,689248
N10000_K1_SKEWED_1000,10000,9500,1,1008500,PREFIX_BINARY,NORMALIZE,19,5514099,689248
N10000_K1_SKEWED_1000,10000,9500,1,1008500,PREFIX_BINARY,BUILD,0,69400,152064
N10000_K1_SKEWED_1000,10000,9500,1,1008500,PREFIX_BINARY,BUILD,1,64400,152064
N10000_K1_SKEWED_1000,10000,9500,1,1008500,PREFIX_BINARY,BUILD,2,50699,152064
N10000_K1_SKEWED_1000,10000,9500,1,1008500,PREFIX_BINARY,BUILD,3,46800,152064
N10000_K1_SKEWED_1000,10000,9500,1,1008500,PREFIX_BINARY,BUILD,4,50000,152064
N10000_K1_SKEWED_1000,10000,9500,1,1008500,PREFIX_BINARY,BUILD,5,50301,152064
N10000_K1_SKEWED_1000,10000,9500,1,1008500,PREFIX_BINARY,BUILD,6,65400,152064
N10000_K1_SKEWED_1000,10000,9500,1,1008500,PREFIX_BINARY,BUILD,7,50000,152064
N10000_K1_SKEWED_1000,10000,9500,1,1008500,PREFIX_BINARY,BUILD,8,94300,152064
N10000_K1_SKEWED_1000,10000,9500,1,1008500,PREFIX_BINARY,BUILD,9,50699,152064
N10000_K1_SKEWED_1000,10000,9500,1,1008500,PREFIX_BINARY,BUILD,10,50699,152064
N10000_K1_SKEWED_1000,10000,9500,1,1008500,PREFIX_BINARY,BUILD,11,60900,152064
N10000_K1_SKEWED_1000,10000,9500,1,1008500,PREFIX_BINARY,BUILD,12,35799,152064
N10000_K1_SKEWED_1000,10000,9500,1,1008500,PREFIX_BINARY,BUILD,13,37200,152064
N10000_K1_SKEWED_1000,10000,9500,1,1008500,PREFIX_BINARY,BUILD,14,54799,152064
N10000_K1_SKEWED_1000,10000,9500,1,1008500,PREFIX_BINARY,BUILD,15,41100,152064
N10000_K1_SKEWED_1000,10000,9500,1,1008500,PREFIX_BINARY,BUILD,16,64701,152064
N10000_K1_SKEWED_1000,10000,9500,1,1008500,PREFIX_BINARY,BUILD,17,56701,152064
N10000_K1_SKEWED_1000,10000,9500,1,1008500,PREFIX_BINARY,BUILD,18,57201,152064
N10000_K1_SKEWED_1000,10000,9500,1,1008500,PREFIX_BINARY,BUILD,19,63501,152064
N10000_K1_SKEWED_1000,10000,9500,1,1008500,PREFIX_BINARY,SELECT,0,52900,1592
N10000_K1_SKEWED_1000,10000,9500,1,1008500,PREFIX_BINARY,SELECT,1,35501,1592
N10000_K1_SKEWED_1000,10000,9500,1,1008500,PREFIX_BINARY,SELECT,2,36300,1592
N10000_K1_SKEWED_1000,10000,9500,1,1008500,PREFIX_BINARY,SELECT,3,18400,1592
N10000_K1_SKEWED_1000,10000,9500,1,1008500,PREFIX_BINARY,SELECT,4,19300,1592
N10000_K1_SKEWED_1000,10000,9500,1,1008500,PREFIX_BINARY,SELECT,5,27900,1592
N10000_K1_SKEWED_1000,10000,9500,1,1008500,PREFIX_BINARY,SELECT,6,29300,1592
N10000_K1_SKEWED_1000,10000,9500,1,1008500,PREFIX_BINARY,SELECT,7,41600,1592
N10000_K1_SKEWED_1000,10000,9500,1,1008500,PREFIX_BINARY,SELECT,8,34700,1592
N10000_K1_SKEWED_1000,10000,9500,1,1008500,PREFIX_BINARY,SELECT,9,38500,1592
N10000_K1_SKEWED_1000,10000,9500,1,1008500,PREFIX_BINARY,SELECT,10,31400,1592
N10000_K1_SKEWED_1000,10000,9500,1,1008500,PREFIX_BINARY,SELECT,11,35600,1592
N10000_K1_SKEWED_1000,10000,9500,1,1008500,PREFIX_BINARY,SELECT,12,33400,1592
N10000_K1_SKEWED_1000,10000,9500,1,1008500,PREFIX_BINARY,SELECT,13,35100,1592
N10000_K1_SKEWED_1000,10000,9500,1,1008500,PREFIX_BINARY,SELECT,14,37500,1592
N10000_K1_SKEWED_1000,10000,9500,1,1008500,PREFIX_BINARY,SELECT,15,37300,1592
N10000_K1_SKEWED_1000,10000,9500,1,1008500,PREFIX_BINARY,SELECT,16,40700,1592
N10000_K1_SKEWED_1000,10000,9500,1,1008500,PREFIX_BINARY,SELECT,17,43201,1592
N10000_K1_SKEWED_1000,10000,9500,1,1008500,PREFIX_BINARY,SELECT,18,33800,1592
N10000_K1_SKEWED_1000,10000,9500,1,1008500,PREFIX_BINARY,SELECT,19,43799,1592
N10000_K1_SKEWED_1000,10000,9500,1,1008500,PREFIX_BINARY,TOTAL,0,5596400,842904
N10000_K1_SKEWED_1000,10000,9500,1,1008500,PREFIX_BINARY,TOTAL,1,5660801,842904
N10000_K1_SKEWED_1000,10000,9500,1,1008500,PREFIX_BINARY,TOTAL,2,5765200,842904
N10000_K1_SKEWED_1000,10000,9500,1,1008500,PREFIX_BINARY,TOTAL,3,5878101,842904
N10000_K1_SKEWED_1000,10000,9500,1,1008500,PREFIX_BINARY,TOTAL,4,5639599,842904
N10000_K1_SKEWED_1000,10000,9500,1,1008500,PREFIX_BINARY,TOTAL,5,5720501,842904
N10000_K1_SKEWED_1000,10000,9500,1,1008500,PREFIX_BINARY,TOTAL,6,4653700,842904
N10000_K1_SKEWED_1000,10000,9500,1,1008500,PREFIX_BINARY,TOTAL,7,3741300,842904
N10000_K1_SKEWED_1000,10000,9500,1,1008500,PREFIX_BINARY,TOTAL,8,3702000,842904
N10000_K1_SKEWED_1000,10000,9500,1,1008500,PREFIX_BINARY,TOTAL,9,3696901,842904
N10000_K1_SKEWED_1000,10000,9500,1,1008500,PREFIX_BINARY,TOTAL,10,4880901,842904
N10000_K1_SKEWED_1000,10000,9500,1,1008500,PREFIX_BINARY,TOTAL,11,5527000,842904
N10000_K1_SKEWED_1000,10000,9500,1,1008500,PREFIX_BINARY,TOTAL,12,5707799,842904
N10000_K1_SKEWED_1000,10000,9500,1,1008500,PREFIX_BINARY,TOTAL,13,4109500,842904
N10000_K1_SKEWED_1000,10000,9500,1,1008500,PREFIX_BINARY,TOTAL,14,3743201,842904
N10000_K1_SKEWED_1000,10000,9500,1,1008500,PREFIX_BINARY,TOTAL,15,5493500,842904
N10000_K1_SKEWED_1000,10000,9500,1,1008500,PREFIX_BINARY,TOTAL,16,5559800,842904
N10000_K1_SKEWED_1000,10000,9500,1,1008500,PREFIX_BINARY,TOTAL,17,5472700,842904
N10000_K1_SKEWED_1000,10000,9500,1,1008500,PREFIX_BINARY,TOTAL,18,5507800,842904
N10000_K1_SKEWED_1000,10000,9500,1,1008500,PREFIX_BINARY,TOTAL,19,4636101,842904
N10000_K1_SKEWED_1000,10000,9500,1,1008500,FENWICK,NORMALIZE,0,4710500,689248
N10000_K1_SKEWED_1000,10000,9500,1,1008500,FENWICK,NORMALIZE,1,5485701,689248
N10000_K1_SKEWED_1000,10000,9500,1,1008500,FENWICK,NORMALIZE,2,5680000,689248
N10000_K1_SKEWED_1000,10000,9500,1,1008500,FENWICK,NORMALIZE,3,5471600,689248
N10000_K1_SKEWED_1000,10000,9500,1,1008500,FENWICK,NORMALIZE,4,6273700,689248
N10000_K1_SKEWED_1000,10000,9500,1,1008500,FENWICK,NORMALIZE,5,5504400,689248
N10000_K1_SKEWED_1000,10000,9500,1,1008500,FENWICK,NORMALIZE,6,5396500,689248
N10000_K1_SKEWED_1000,10000,9500,1,1008500,FENWICK,NORMALIZE,7,5752399,689248
N10000_K1_SKEWED_1000,10000,9500,1,1008500,FENWICK,NORMALIZE,8,5570799,689248
N10000_K1_SKEWED_1000,10000,9500,1,1008500,FENWICK,NORMALIZE,9,5561101,689248
N10000_K1_SKEWED_1000,10000,9500,1,1008500,FENWICK,NORMALIZE,10,5020801,689248
N10000_K1_SKEWED_1000,10000,9500,1,1008500,FENWICK,NORMALIZE,11,5568500,689248
N10000_K1_SKEWED_1000,10000,9500,1,1008500,FENWICK,NORMALIZE,12,5522300,689248
N10000_K1_SKEWED_1000,10000,9500,1,1008500,FENWICK,NORMALIZE,13,5652399,689248
N10000_K1_SKEWED_1000,10000,9500,1,1008500,FENWICK,NORMALIZE,14,5431801,689248
N10000_K1_SKEWED_1000,10000,9500,1,1008500,FENWICK,NORMALIZE,15,5375701,689248
N10000_K1_SKEWED_1000,10000,9500,1,1008500,FENWICK,NORMALIZE,16,5434800,689248
N10000_K1_SKEWED_1000,10000,9500,1,1008500,FENWICK,NORMALIZE,17,5522801,689248
N10000_K1_SKEWED_1000,10000,9500,1,1008500,FENWICK,NORMALIZE,18,5288101,689248
N10000_K1_SKEWED_1000,10000,9500,1,1008500,FENWICK,NORMALIZE,19,5256500,689248
N10000_K1_SKEWED_1000,10000,9500,1,1008500,FENWICK,BUILD,0,152100,152136
N10000_K1_SKEWED_1000,10000,9500,1,1008500,FENWICK,BUILD,1,146500,152136
N10000_K1_SKEWED_1000,10000,9500,1,1008500,FENWICK,BUILD,2,156300,152136
N10000_K1_SKEWED_1000,10000,9500,1,1008500,FENWICK,BUILD,3,149700,152136
N10000_K1_SKEWED_1000,10000,9500,1,1008500,FENWICK,BUILD,4,160600,152136
N10000_K1_SKEWED_1000,10000,9500,1,1008500,FENWICK,BUILD,5,95701,152136
N10000_K1_SKEWED_1000,10000,9500,1,1008500,FENWICK,BUILD,6,146400,152136
N10000_K1_SKEWED_1000,10000,9500,1,1008500,FENWICK,BUILD,7,154900,152136
N10000_K1_SKEWED_1000,10000,9500,1,1008500,FENWICK,BUILD,8,149301,152136
N10000_K1_SKEWED_1000,10000,9500,1,1008500,FENWICK,BUILD,9,93700,152136
N10000_K1_SKEWED_1000,10000,9500,1,1008500,FENWICK,BUILD,10,150899,152136
N10000_K1_SKEWED_1000,10000,9500,1,1008500,FENWICK,BUILD,11,92400,152136
N10000_K1_SKEWED_1000,10000,9500,1,1008500,FENWICK,BUILD,12,159100,152136
N10000_K1_SKEWED_1000,10000,9500,1,1008500,FENWICK,BUILD,13,155400,152136
N10000_K1_SKEWED_1000,10000,9500,1,1008500,FENWICK,BUILD,14,115701,152136
N10000_K1_SKEWED_1000,10000,9500,1,1008500,FENWICK,BUILD,15,93200,152136
N10000_K1_SKEWED_1000,10000,9500,1,1008500,FENWICK,BUILD,16,151200,152136
N10000_K1_SKEWED_1000,10000,9500,1,1008500,FENWICK,BUILD,17,105301,152136
N10000_K1_SKEWED_1000,10000,9500,1,1008500,FENWICK,BUILD,18,104501,152136
N10000_K1_SKEWED_1000,10000,9500,1,1008500,FENWICK,BUILD,19,91200,152136
N10000_K1_SKEWED_1000,10000,9500,1,1008500,FENWICK,SELECT,0,24699,1592
N10000_K1_SKEWED_1000,10000,9500,1,1008500,FENWICK,SELECT,1,16800,1592
N10000_K1_SKEWED_1000,10000,9500,1,1008500,FENWICK,SELECT,2,24200,1592
N10000_K1_SKEWED_1000,10000,9500,1,1008500,FENWICK,SELECT,3,16401,1592
N10000_K1_SKEWED_1000,10000,9500,1,1008500,FENWICK,SELECT,4,20200,1592
N10000_K1_SKEWED_1000,10000,9500,1,1008500,FENWICK,SELECT,5,33500,1592
N10000_K1_SKEWED_1000,10000,9500,1,1008500,FENWICK,SELECT,6,24800,1592
N10000_K1_SKEWED_1000,10000,9500,1,1008500,FENWICK,SELECT,7,27799,1592
N10000_K1_SKEWED_1000,10000,9500,1,1008500,FENWICK,SELECT,8,57899,1592
N10000_K1_SKEWED_1000,10000,9500,1,1008500,FENWICK,SELECT,9,31100,1592
N10000_K1_SKEWED_1000,10000,9500,1,1008500,FENWICK,SELECT,10,29401,1592
N10000_K1_SKEWED_1000,10000,9500,1,1008500,FENWICK,SELECT,11,38600,1592
N10000_K1_SKEWED_1000,10000,9500,1,1008500,FENWICK,SELECT,12,27000,1592
N10000_K1_SKEWED_1000,10000,9500,1,1008500,FENWICK,SELECT,13,16300,1592
N10000_K1_SKEWED_1000,10000,9500,1,1008500,FENWICK,SELECT,14,20700,1592
N10000_K1_SKEWED_1000,10000,9500,1,1008500,FENWICK,SELECT,15,44599,1592
N10000_K1_SKEWED_1000,10000,9500,1,1008500,FENWICK,SELECT,16,55600,1592
N10000_K1_SKEWED_1000,10000,9500,1,1008500,FENWICK,SELECT,17,48200,1592
N10000_K1_SKEWED_1000,10000,9500,1,1008500,FENWICK,SELECT,18,32201,1592
N10000_K1_SKEWED_1000,10000,9500,1,1008500,FENWICK,SELECT,19,29900,1592
N10000_K1_SKEWED_1000,10000,9500,1,1008500,FENWICK,TOTAL,0,5634200,842976
N10000_K1_SKEWED_1000,10000,9500,1,1008500,FENWICK,TOTAL,1,5559700,842976
N10000_K1_SKEWED_1000,10000,9500,1,1008500,FENWICK,TOTAL,2,4803500,842976
N10000_K1_SKEWED_1000,10000,9500,1,1008500,FENWICK,TOTAL,3,5624800,842976
N10000_K1_SKEWED_1000,10000,9500,1,1008500,FENWICK,TOTAL,4,5879300,842976
N10000_K1_SKEWED_1000,10000,9500,1,1008500,FENWICK,TOTAL,5,5979099,842976
N10000_K1_SKEWED_1000,10000,9500,1,1008500,FENWICK,TOTAL,6,5709300,842976
N10000_K1_SKEWED_1000,10000,9500,1,1008500,FENWICK,TOTAL,7,5520100,842976
N10000_K1_SKEWED_1000,10000,9500,1,1008500,FENWICK,TOTAL,8,4171301,842976
N10000_K1_SKEWED_1000,10000,9500,1,1008500,FENWICK,TOTAL,9,4930200,842976
N10000_K1_SKEWED_1000,10000,9500,1,1008500,FENWICK,TOTAL,10,5752900,842976
N10000_K1_SKEWED_1000,10000,9500,1,1008500,FENWICK,TOTAL,11,4283800,842976
N10000_K1_SKEWED_1000,10000,9500,1,1008500,FENWICK,TOTAL,12,4742700,842976
N10000_K1_SKEWED_1000,10000,9500,1,1008500,FENWICK,TOTAL,13,5708099,842976
N10000_K1_SKEWED_1000,10000,9500,1,1008500,FENWICK,TOTAL,14,5789000,842976
N10000_K1_SKEWED_1000,10000,9500,1,1008500,FENWICK,TOTAL,15,5703300,842976
N10000_K1_SKEWED_1000,10000,9500,1,1008500,FENWICK,TOTAL,16,5871800,842976
N10000_K1_SKEWED_1000,10000,9500,1,1008500,FENWICK,TOTAL,17,5791900,842976
N10000_K1_SKEWED_1000,10000,9500,1,1008500,FENWICK,TOTAL,18,5165000,842976
N10000_K1_SKEWED_1000,10000,9500,1,1008500,FENWICK,TOTAL,19,5519200,842976
N10000_K95_SKEWED_1000,10000,9500,95,1008500,PREFIX_LINEAR,NORMALIZE,0,5608899,689248
N10000_K95_SKEWED_1000,10000,9500,95,1008500,PREFIX_LINEAR,NORMALIZE,1,5004800,689248
N10000_K95_SKEWED_1000,10000,9500,95,1008500,PREFIX_LINEAR,NORMALIZE,2,5116700,689248
N10000_K95_SKEWED_1000,10000,9500,95,1008500,PREFIX_LINEAR,NORMALIZE,3,5641800,689248
N10000_K95_SKEWED_1000,10000,9500,95,1008500,PREFIX_LINEAR,NORMALIZE,4,4021100,689248
N10000_K95_SKEWED_1000,10000,9500,95,1008500,PREFIX_LINEAR,NORMALIZE,5,3647300,689248
N10000_K95_SKEWED_1000,10000,9500,95,1008500,PREFIX_LINEAR,NORMALIZE,6,3839599,689248
N10000_K95_SKEWED_1000,10000,9500,95,1008500,PREFIX_LINEAR,NORMALIZE,7,4446699,689248
N10000_K95_SKEWED_1000,10000,9500,95,1008500,PREFIX_LINEAR,NORMALIZE,8,5461400,689248
N10000_K95_SKEWED_1000,10000,9500,95,1008500,PREFIX_LINEAR,NORMALIZE,9,5649600,689248
N10000_K95_SKEWED_1000,10000,9500,95,1008500,PREFIX_LINEAR,NORMALIZE,10,5146400,689248
N10000_K95_SKEWED_1000,10000,9500,95,1008500,PREFIX_LINEAR,NORMALIZE,11,4330800,689248
N10000_K95_SKEWED_1000,10000,9500,95,1008500,PREFIX_LINEAR,NORMALIZE,12,3679200,689248
N10000_K95_SKEWED_1000,10000,9500,95,1008500,PREFIX_LINEAR,NORMALIZE,13,4200899,689248
N10000_K95_SKEWED_1000,10000,9500,95,1008500,PREFIX_LINEAR,NORMALIZE,14,4788900,689248
N10000_K95_SKEWED_1000,10000,9500,95,1008500,PREFIX_LINEAR,NORMALIZE,15,4570500,689248
N10000_K95_SKEWED_1000,10000,9500,95,1008500,PREFIX_LINEAR,NORMALIZE,16,4316300,689248
N10000_K95_SKEWED_1000,10000,9500,95,1008500,PREFIX_LINEAR,NORMALIZE,17,5480600,689248
N10000_K95_SKEWED_1000,10000,9500,95,1008500,PREFIX_LINEAR,NORMALIZE,18,4957500,689248
N10000_K95_SKEWED_1000,10000,9500,95,1008500,PREFIX_LINEAR,NORMALIZE,19,4743800,689248
N10000_K95_SKEWED_1000,10000,9500,95,1008500,PREFIX_LINEAR,BUILD,0,61700,152064
N10000_K95_SKEWED_1000,10000,9500,95,1008500,PREFIX_LINEAR,BUILD,1,111300,152064
N10000_K95_SKEWED_1000,10000,9500,95,1008500,PREFIX_LINEAR,BUILD,2,58601,152064
N10000_K95_SKEWED_1000,10000,9500,95,1008500,PREFIX_LINEAR,BUILD,3,37100,152064
N10000_K95_SKEWED_1000,10000,9500,95,1008500,PREFIX_LINEAR,BUILD,4,50101,152064
N10000_K95_SKEWED_1000,10000,9500,95,1008500,PREFIX_LINEAR,BUILD,5,63999,152064
N10000_K95_SKEWED_1000,10000,9500,95,1008500,PREFIX_LINEAR,BUILD,6,87400,152064
N10000_K95_SKEWED_1000,10000,9500,95,1008500,PREFIX_LINEAR,BUILD,7,60300,152064
N10000_K95_SKEWED_1000,10000,9500,95,1008500,PREFIX_LINEAR,BUILD,8,49999,152064
N10000_K95_SKEWED_1000,10000,9500,95,1008500,PREFIX_LINEAR,BUILD,9,49000,152064
N10000_K95_SKEWED_1000,10000,9500,95,1008500,PREFIX_LINEAR,BUILD,10,71700,152064
N10000_K95_SKEWED_1000,10000,9500,95,1008500,PREFIX_LINEAR,BUILD,11,37000,152064
N10000_K95_SKEWED_1000,10000,9500,95,1008500,PREFIX_LINEAR,BUILD,12,34801,152064
N10000_K95_SKEWED_1000,10000,9500,95,1008500,PREFIX_LINEAR,BUILD,13,35601,152064
N10000_K95_SKEWED_1000,10000,9500,95,1008500,PREFIX_LINEAR,BUILD,14,50601,152064
N10000_K95_SKEWED_1000,10000,9500,95,1008500,PREFIX_LINEAR,BUILD,15,65001,152064
N10000_K95_SKEWED_1000,10000,9500,95,1008500,PREFIX_LINEAR,BUILD,16,51401,152064
N10000_K95_SKEWED_1000,10000,9500,95,1008500,PREFIX_LINEAR,BUILD,17,53400,152064
N10000_K95_SKEWED_1000,10000,9500,95,1008500,PREFIX_LINEAR,BUILD,18,49800,152064
N10000_K95_SKEWED_1000,10000,9500,95,1008500,PREFIX_LINEAR,BUILD,19,36199,152064
N10000_K95_SKEWED_1000,10000,9500,95,1008500,PREFIX_LINEAR,SELECT,0,564300,17568
N10000_K95_SKEWED_1000,10000,9500,95,1008500,PREFIX_LINEAR,SELECT,1,560101,17568
N10000_K95_SKEWED_1000,10000,9500,95,1008500,PREFIX_LINEAR,SELECT,2,480201,17568
N10000_K95_SKEWED_1000,10000,9500,95,1008500,PREFIX_LINEAR,SELECT,3,282001,17568
N10000_K95_SKEWED_1000,10000,9500,95,1008500,PREFIX_LINEAR,SELECT,4,586101,17568
N10000_K95_SKEWED_1000,10000,9500,95,1008500,PREFIX_LINEAR,SELECT,5,594300,17568
N10000_K95_SKEWED_1000,10000,9500,95,1008500,PREFIX_LINEAR,SELECT,6,566200,17568
N10000_K95_SKEWED_1000,10000,9500,95,1008500,PREFIX_LINEAR,SELECT,7,562300,17568
N10000_K95_SKEWED_1000,10000,9500,95,1008500,PREFIX_LINEAR,SELECT,8,567900,17568
N10000_K95_SKEWED_1000,10000,9500,95,1008500,PREFIX_LINEAR,SELECT,9,459201,17568
N10000_K95_SKEWED_1000,10000,9500,95,1008500,PREFIX_LINEAR,SELECT,10,576700,17568
N10000_K95_SKEWED_1000,10000,9500,95,1008500,PREFIX_LINEAR,SELECT,11,532700,17568
N10000_K95_SKEWED_1000,10000,9500,95,1008500,PREFIX_LINEAR,SELECT,12,534300,17568
N10000_K95_SKEWED_1000,10000,9500,95,1008500,PREFIX_LINEAR,SELECT,13,554600,17568
N10000_K95_SKEWED_1000,10000,9500,95,1008500,PREFIX_LINEAR,SELECT,14,556500,17568
N10000_K95_SKEWED_1000,10000,9500,95,1008500,PREFIX_LINEAR,SELECT,15,578101,17568
N10000_K95_SKEWED_1000,10000,9500,95,1008500,PREFIX_LINEAR,SELECT,16,316400,17568
N10000_K95_SKEWED_1000,10000,9500,95,1008500,PREFIX_LINEAR,SELECT,17,277101,17568
N10000_K95_SKEWED_1000,10000,9500,95,1008500,PREFIX_LINEAR,SELECT,18,573600,17568
N10000_K95_SKEWED_1000,10000,9500,95,1008500,PREFIX_LINEAR,SELECT,19,578301,17568
N10000_K95_SKEWED_1000,10000,9500,95,1008500,PREFIX_LINEAR,TOTAL,0,5110401,858880
N10000_K95_SKEWED_1000,10000,9500,95,1008500,PREFIX_LINEAR,TOTAL,1,6015501,858880
N10000_K95_SKEWED_1000,10000,9500,95,1008500,PREFIX_LINEAR,TOTAL,2,5556401,858880
N10000_K95_SKEWED_1000,10000,9500,95,1008500,PREFIX_LINEAR,TOTAL,3,6340601,858880
N10000_K95_SKEWED_1000,10000,9500,95,1008500,PREFIX_LINEAR,TOTAL,4,5688700,858880
N10000_K95_SKEWED_1000,10000,9500,95,1008500,PREFIX_LINEAR,TOTAL,5,6099200,858880
N10000_K95_SKEWED_1000,10000,9500,95,1008500,PREFIX_LINEAR,TOTAL,6,6027499,858880
N10000_K95_SKEWED_1000,10000,9500,95,1008500,PREFIX_LINEAR,TOTAL,7,6382400,858880
N10000_K95_SKEWED_1000,10000,9500,95,1008500,PREFIX_LINEAR,TOTAL,8,5710201,858880
N10000_K95_SKEWED_1000,10000,9500,95,1008500,PREFIX_LINEAR,TOTAL,9,6061700,858880
N10000_K95_SKEWED_1000,10000,9500,95,1008500,PREFIX_LINEAR,TOTAL,10,6092800,858880
N10000_K95_SKEWED_1000,10000,9500,95,1008500,PREFIX_LINEAR,TOTAL,11,5982601,858880
N10000_K95_SKEWED_1000,10000,9500,95,1008500,PREFIX_LINEAR,TOTAL,12,6067100,858880
N10000_K95_SKEWED_1000,10000,9500,95,1008500,PREFIX_LINEAR,TOTAL,13,6070700,858880
N10000_K95_SKEWED_1000,10000,9500,95,1008500,PREFIX_LINEAR,TOTAL,14,5408800,858880
N10000_K95_SKEWED_1000,10000,9500,95,1008500,PREFIX_LINEAR,TOTAL,15,3951600,858880
N10000_K95_SKEWED_1000,10000,9500,95,1008500,PREFIX_LINEAR,TOTAL,16,3938700,858880
N10000_K95_SKEWED_1000,10000,9500,95,1008500,PREFIX_LINEAR,TOTAL,17,5328700,858880
N10000_K95_SKEWED_1000,10000,9500,95,1008500,PREFIX_LINEAR,TOTAL,18,5935401,858880
N10000_K95_SKEWED_1000,10000,9500,95,1008500,PREFIX_LINEAR,TOTAL,19,5567599,858880
N10000_K95_SKEWED_1000,10000,9500,95,1008500,PREFIX_BINARY,NORMALIZE,0,5285399,689248
N10000_K95_SKEWED_1000,10000,9500,95,1008500,PREFIX_BINARY,NORMALIZE,1,5573400,689248
N10000_K95_SKEWED_1000,10000,9500,95,1008500,PREFIX_BINARY,NORMALIZE,2,5779600,689248
N10000_K95_SKEWED_1000,10000,9500,95,1008500,PREFIX_BINARY,NORMALIZE,3,5580800,689248
N10000_K95_SKEWED_1000,10000,9500,95,1008500,PREFIX_BINARY,NORMALIZE,4,5461001,689248
N10000_K95_SKEWED_1000,10000,9500,95,1008500,PREFIX_BINARY,NORMALIZE,5,4714199,689248
N10000_K95_SKEWED_1000,10000,9500,95,1008500,PREFIX_BINARY,NORMALIZE,6,3901200,689248
N10000_K95_SKEWED_1000,10000,9500,95,1008500,PREFIX_BINARY,NORMALIZE,7,3580301,689248
N10000_K95_SKEWED_1000,10000,9500,95,1008500,PREFIX_BINARY,NORMALIZE,8,3602401,689248
N10000_K95_SKEWED_1000,10000,9500,95,1008500,PREFIX_BINARY,NORMALIZE,9,4309201,689248
N10000_K95_SKEWED_1000,10000,9500,95,1008500,PREFIX_BINARY,NORMALIZE,10,4730599,689248
N10000_K95_SKEWED_1000,10000,9500,95,1008500,PREFIX_BINARY,NORMALIZE,11,5428300,689248
N10000_K95_SKEWED_1000,10000,9500,95,1008500,PREFIX_BINARY,NORMALIZE,12,5504201,689248
N10000_K95_SKEWED_1000,10000,9500,95,1008500,PREFIX_BINARY,NORMALIZE,13,5566200,689248
N10000_K95_SKEWED_1000,10000,9500,95,1008500,PREFIX_BINARY,NORMALIZE,14,4854299,689248
N10000_K95_SKEWED_1000,10000,9500,95,1008500,PREFIX_BINARY,NORMALIZE,15,5566400,689248
N10000_K95_SKEWED_1000,10000,9500,95,1008500,PREFIX_BINARY,NORMALIZE,16,5557000,689248
N10000_K95_SKEWED_1000,10000,9500,95,1008500,PREFIX_BINARY,NORMALIZE,17,5537201,689248
N10000_K95_SKEWED_1000,10000,9500,95,1008500,PREFIX_BINARY,NORMALIZE,18,5092800,689248
N10000_K95_SKEWED_1000,10000,9500,95,1008500,PREFIX_BINARY,NORMALIZE,19,5315601,689248
N10000_K95_SKEWED_1000,10000,9500,95,1008500,PREFIX_BINARY,BUILD,0,52700,152064
N10000_K95_SKEWED_1000,10000,9500,95,1008500,PREFIX_BINARY,BUILD,1,53201,152064
N10000_K95_SKEWED_1000,10000,9500,95,1008500,PREFIX_BINARY,BUILD,2,34401,152064
N10000_K95_SKEWED_1000,10000,9500,95,1008500,PREFIX_BINARY,BUILD,3,35699,152064
N10000_K95_SKEWED_1000,10000,9500,95,1008500,PREFIX_BINARY,BUILD,4,75600,152064
N10000_K95_SKEWED_1000,10000,9500,95,1008500,PREFIX_BINARY,BUILD,5,61500,152064
N10000_K95_SKEWED_1000,10000,9500,95,1008500,PREFIX_BINARY,BUILD,6,51600,152064
N10000_K95_SKEWED_1000,10000,9500,95,1008500,PREFIX_BINARY,BUILD,7,64701,152064
N10000_K95_SKEWED_1000,10000,9500,95,1008500,PREFIX_BINARY,BUILD,8,51799,152064
N10000_K95_SKEWED_1000,10000,9500,95,1008500,PREFIX_BINARY,BUILD,9,53800,152064
N10000_K95_SKEWED_1000,10000,9500,95,1008500,PREFIX_BINARY,BUILD,10,34700,152064
N10000_K95_SKEWED_1000,10000,9500,95,1008500,PREFIX_BINARY,BUILD,11,50900,152064
N10000_K95_SKEWED_1000,10000,9500,95,1008500,PREFIX_BINARY,BUILD,12,60500,152064
N10000_K95_SKEWED_1000,10000,9500,95,1008500,PREFIX_BINARY,BUILD,13,42200,152064
N10000_K95_SKEWED_1000,10000,9500,95,1008500,PREFIX_BINARY,BUILD,14,35999,152064
N10000_K95_SKEWED_1000,10000,9500,95,1008500,PREFIX_BINARY,BUILD,15,58199,152064
N10000_K95_SKEWED_1000,10000,9500,95,1008500,PREFIX_BINARY,BUILD,16,50200,152064
N10000_K95_SKEWED_1000,10000,9500,95,1008500,PREFIX_BINARY,BUILD,17,64000,152064
N10000_K95_SKEWED_1000,10000,9500,95,1008500,PREFIX_BINARY,BUILD,18,51800,152064
N10000_K95_SKEWED_1000,10000,9500,95,1008500,PREFIX_BINARY,BUILD,19,55599,152064
N10000_K95_SKEWED_1000,10000,9500,95,1008500,PREFIX_BINARY,SELECT,0,196599,17568
N10000_K95_SKEWED_1000,10000,9500,95,1008500,PREFIX_BINARY,SELECT,1,192101,17568
N10000_K95_SKEWED_1000,10000,9500,95,1008500,PREFIX_BINARY,SELECT,2,197299,17568
N10000_K95_SKEWED_1000,10000,9500,95,1008500,PREFIX_BINARY,SELECT,3,187900,17568
N10000_K95_SKEWED_1000,10000,9500,95,1008500,PREFIX_BINARY,SELECT,4,175800,17568
N10000_K95_SKEWED_1000,10000,9500,95,1008500,PREFIX_BINARY,SELECT,5,219900,17568
N10000_K95_SKEWED_1000,10000,9500,95,1008500,PREFIX_BINARY,SELECT,6,182199,17568
N10000_K95_SKEWED_1000,10000,9500,95,1008500,PREFIX_BINARY,SELECT,7,232000,17568
N10000_K95_SKEWED_1000,10000,9500,95,1008500,PREFIX_BINARY,SELECT,8,194799,17568
N10000_K95_SKEWED_1000,10000,9500,95,1008500,PREFIX_BINARY,SELECT,9,177400,17568
N10000_K95_SKEWED_1000,10000,9500,95,1008500,PREFIX_BINARY,SELECT,10,130700,17568
N10000_K95_SKEWED_1000,10000,9500,95,1008500,PREFIX_BINARY,SELECT,11,190100,17568
N10000_K95_SKEWED_1000,10000,9500,95,1008500,PREFIX_BINARY,SELECT,12,186000,17568
N10000_K95_SKEWED_1000,10000,9500,95,1008500,PREFIX_BINARY,SELECT,13,327600,17568
N10000_K95_SKEWED_1000,10000,9500,95,1008500,PREFIX_BINARY,SELECT,14,150399,17568
N10000_K95_SKEWED_1000,10000,9500,95,1008500,PREFIX_BINARY,SELECT,15,129900,17568
N10000_K95_SKEWED_1000,10000,9500,95,1008500,PREFIX_BINARY,SELECT,16,128300,17568
N10000_K95_SKEWED_1000,10000,9500,95,1008500,PREFIX_BINARY,SELECT,17,111300,17568
N10000_K95_SKEWED_1000,10000,9500,95,1008500,PREFIX_BINARY,SELECT,18,227399,17568
N10000_K95_SKEWED_1000,10000,9500,95,1008500,PREFIX_BINARY,SELECT,19,212601,17568
N10000_K95_SKEWED_1000,10000,9500,95,1008500,PREFIX_BINARY,TOTAL,0,6483900,858880
N10000_K95_SKEWED_1000,10000,9500,95,1008500,PREFIX_BINARY,TOTAL,1,5670600,858880
N10000_K95_SKEWED_1000,10000,9500,95,1008500,PREFIX_BINARY,TOTAL,2,5744899,858880
N10000_K95_SKEWED_1000,10000,9500,95,1008500,PREFIX_BINARY,TOTAL,3,4662999,858880
N10000_K95_SKEWED_1000,10000,9500,95,1008500,PREFIX_BINARY,TOTAL,4,3792100,858880
N10000_K95_SKEWED_1000,10000,9500,95,1008500,PREFIX_BINARY,TOTAL,5,3874399,858880
N10000_K95_SKEWED_1000,10000,9500,95,1008500,PREFIX_BINARY,TOTAL,6,5103600,858880
N10000_K95_SKEWED_1000,10000,9500,95,1008500,PREFIX_BINARY,TOTAL,7,5770700,858880
N10000_K95_SKEWED_1000,10000,9500,95,1008500,PREFIX_BINARY,TOTAL,8,5363200,858880
N10000_K95_SKEWED_1000,10000,9500,95,1008500,PREFIX_BINARY,TOTAL,9,5723399,858880
N10000_K95_SKEWED_1000,10000,9500,95,1008500,PREFIX_BINARY,TOTAL,10,5723900,858880
N10000_K95_SKEWED_1000,10000,9500,95,1008500,PREFIX_BINARY,TOTAL,11,5571899,858880
N10000_K95_SKEWED_1000,10000,9500,95,1008500,PREFIX_BINARY,TOTAL,12,5913999,858880
N10000_K95_SKEWED_1000,10000,9500,95,1008500,PREFIX_BINARY,TOTAL,13,5846301,858880
N10000_K95_SKEWED_1000,10000,9500,95,1008500,PREFIX_BINARY,TOTAL,14,6004101,858880
N10000_K95_SKEWED_1000,10000,9500,95,1008500,PREFIX_BINARY,TOTAL,15,5146201,858880
N10000_K95_SKEWED_1000,10000,9500,95,1008500,PREFIX_BINARY,TOTAL,16,5721199,858880
N10000_K95_SKEWED_1000,10000,9500,95,1008500,PREFIX_BINARY,TOTAL,17,5989100,858880
N10000_K95_SKEWED_1000,10000,9500,95,1008500,PREFIX_BINARY,TOTAL,18,5632200,858880
N10000_K95_SKEWED_1000,10000,9500,95,1008500,PREFIX_BINARY,TOTAL,19,5695800,858880
N10000_K95_SKEWED_1000,10000,9500,95,1008500,FENWICK,NORMALIZE,0,5636599,689248
N10000_K95_SKEWED_1000,10000,9500,95,1008500,FENWICK,NORMALIZE,1,5646600,689248
N10000_K95_SKEWED_1000,10000,9500,95,1008500,FENWICK,NORMALIZE,2,5365400,689248
N10000_K95_SKEWED_1000,10000,9500,95,1008500,FENWICK,NORMALIZE,3,4943201,689248
N10000_K95_SKEWED_1000,10000,9500,95,1008500,FENWICK,NORMALIZE,4,3794000,689248
N10000_K95_SKEWED_1000,10000,9500,95,1008500,FENWICK,NORMALIZE,5,3694099,689248
N10000_K95_SKEWED_1000,10000,9500,95,1008500,FENWICK,NORMALIZE,6,5079001,689248
N10000_K95_SKEWED_1000,10000,9500,95,1008500,FENWICK,NORMALIZE,7,5325999,689248
N10000_K95_SKEWED_1000,10000,9500,95,1008500,FENWICK,NORMALIZE,8,3926900,689248
N10000_K95_SKEWED_1000,10000,9500,95,1008500,FENWICK,NORMALIZE,9,3607400,689248
N10000_K95_SKEWED_1000,10000,9500,95,1008500,FENWICK,NORMALIZE,10,3593200,689248
N10000_K95_SKEWED_1000,10000,9500,95,1008500,FENWICK,NORMALIZE,11,4812199,689248
N10000_K95_SKEWED_1000,10000,9500,95,1008500,FENWICK,NORMALIZE,12,5702000,689248
N10000_K95_SKEWED_1000,10000,9500,95,1008500,FENWICK,NORMALIZE,13,5422300,689248
N10000_K95_SKEWED_1000,10000,9500,95,1008500,FENWICK,NORMALIZE,14,5415499,689248
N10000_K95_SKEWED_1000,10000,9500,95,1008500,FENWICK,NORMALIZE,15,4180900,689248
N10000_K95_SKEWED_1000,10000,9500,95,1008500,FENWICK,NORMALIZE,16,5144200,689248
N10000_K95_SKEWED_1000,10000,9500,95,1008500,FENWICK,NORMALIZE,17,5596699,689248
N10000_K95_SKEWED_1000,10000,9500,95,1008500,FENWICK,NORMALIZE,18,5537901,689248
N10000_K95_SKEWED_1000,10000,9500,95,1008500,FENWICK,NORMALIZE,19,5456700,689248
N10000_K95_SKEWED_1000,10000,9500,95,1008500,FENWICK,BUILD,0,211601,152136
N10000_K95_SKEWED_1000,10000,9500,95,1008500,FENWICK,BUILD,1,166401,152136
N10000_K95_SKEWED_1000,10000,9500,95,1008500,FENWICK,BUILD,2,153999,152136
N10000_K95_SKEWED_1000,10000,9500,95,1008500,FENWICK,BUILD,3,200700,152136
N10000_K95_SKEWED_1000,10000,9500,95,1008500,FENWICK,BUILD,4,158800,152136
N10000_K95_SKEWED_1000,10000,9500,95,1008500,FENWICK,BUILD,5,162400,152136
N10000_K95_SKEWED_1000,10000,9500,95,1008500,FENWICK,BUILD,6,156400,152136
N10000_K95_SKEWED_1000,10000,9500,95,1008500,FENWICK,BUILD,7,218700,152136
N10000_K95_SKEWED_1000,10000,9500,95,1008500,FENWICK,BUILD,8,154100,152136
N10000_K95_SKEWED_1000,10000,9500,95,1008500,FENWICK,BUILD,9,102999,152136
N10000_K95_SKEWED_1000,10000,9500,95,1008500,FENWICK,BUILD,10,151199,152136
N10000_K95_SKEWED_1000,10000,9500,95,1008500,FENWICK,BUILD,11,146400,152136
N10000_K95_SKEWED_1000,10000,9500,95,1008500,FENWICK,BUILD,12,148601,152136
N10000_K95_SKEWED_1000,10000,9500,95,1008500,FENWICK,BUILD,13,155600,152136
N10000_K95_SKEWED_1000,10000,9500,95,1008500,FENWICK,BUILD,14,206300,152136
N10000_K95_SKEWED_1000,10000,9500,95,1008500,FENWICK,BUILD,15,155100,152136
N10000_K95_SKEWED_1000,10000,9500,95,1008500,FENWICK,BUILD,16,148499,152136
N10000_K95_SKEWED_1000,10000,9500,95,1008500,FENWICK,BUILD,17,151300,152136
N10000_K95_SKEWED_1000,10000,9500,95,1008500,FENWICK,BUILD,18,184500,152136
N10000_K95_SKEWED_1000,10000,9500,95,1008500,FENWICK,BUILD,19,197500,152136
N10000_K95_SKEWED_1000,10000,9500,95,1008500,FENWICK,SELECT,0,124699,17568
N10000_K95_SKEWED_1000,10000,9500,95,1008500,FENWICK,SELECT,1,96800,17568
N10000_K95_SKEWED_1000,10000,9500,95,1008500,FENWICK,SELECT,2,94999,17568
N10000_K95_SKEWED_1000,10000,9500,95,1008500,FENWICK,SELECT,3,84899,17568
N10000_K95_SKEWED_1000,10000,9500,95,1008500,FENWICK,SELECT,4,131801,17568
N10000_K95_SKEWED_1000,10000,9500,95,1008500,FENWICK,SELECT,5,107000,17568
N10000_K95_SKEWED_1000,10000,9500,95,1008500,FENWICK,SELECT,6,68800,17568
N10000_K95_SKEWED_1000,10000,9500,95,1008500,FENWICK,SELECT,7,99500,17568
N10000_K95_SKEWED_1000,10000,9500,95,1008500,FENWICK,SELECT,8,91100,17568
N10000_K95_SKEWED_1000,10000,9500,95,1008500,FENWICK,SELECT,9,103800,17568
N10000_K95_SKEWED_1000,10000,9500,95,1008500,FENWICK,SELECT,10,68800,17568
N10000_K95_SKEWED_1000,10000,9500,95,1008500,FENWICK,SELECT,11,92500,17568
N10000_K95_SKEWED_1000,10000,9500,95,1008500,FENWICK,SELECT,12,96000,17568
N10000_K95_SKEWED_1000,10000,9500,95,1008500,FENWICK,SELECT,13,135800,17568
N10000_K95_SKEWED_1000,10000,9500,95,1008500,FENWICK,SELECT,14,97299,17568
N10000_K95_SKEWED_1000,10000,9500,95,1008500,FENWICK,SELECT,15,91400,17568
N10000_K95_SKEWED_1000,10000,9500,95,1008500,FENWICK,SELECT,16,104499,17568
N10000_K95_SKEWED_1000,10000,9500,95,1008500,FENWICK,SELECT,17,95400,17568
N10000_K95_SKEWED_1000,10000,9500,95,1008500,FENWICK,SELECT,18,105200,17568
N10000_K95_SKEWED_1000,10000,9500,95,1008500,FENWICK,SELECT,19,110300,17568
N10000_K95_SKEWED_1000,10000,9500,95,1008500,FENWICK,TOTAL,0,5826600,858952
N10000_K95_SKEWED_1000,10000,9500,95,1008500,FENWICK,TOTAL,1,5437601,858952
N10000_K95_SKEWED_1000,10000,9500,95,1008500,FENWICK,TOTAL,2,5746200,858952
N10000_K95_SKEWED_1000,10000,9500,95,1008500,FENWICK,TOTAL,3,5916500,858952
N10000_K95_SKEWED_1000,10000,9500,95,1008500,FENWICK,TOTAL,4,5802300,858952
N10000_K95_SKEWED_1000,10000,9500,95,1008500,FENWICK,TOTAL,5,5792699,858952
N10000_K95_SKEWED_1000,10000,9500,95,1008500,FENWICK,TOTAL,6,5256300,858952
N10000_K95_SKEWED_1000,10000,9500,95,1008500,FENWICK,TOTAL,7,5705201,858952
N10000_K95_SKEWED_1000,10000,9500,95,1008500,FENWICK,TOTAL,8,5734000,858952
N10000_K95_SKEWED_1000,10000,9500,95,1008500,FENWICK,TOTAL,9,5638600,858952
N10000_K95_SKEWED_1000,10000,9500,95,1008500,FENWICK,TOTAL,10,6006201,858952
N10000_K95_SKEWED_1000,10000,9500,95,1008500,FENWICK,TOTAL,11,5202700,858952
N10000_K95_SKEWED_1000,10000,9500,95,1008500,FENWICK,TOTAL,12,4976100,858952
N10000_K95_SKEWED_1000,10000,9500,95,1008500,FENWICK,TOTAL,13,5757800,858952
N10000_K95_SKEWED_1000,10000,9500,95,1008500,FENWICK,TOTAL,14,5810000,858952
N10000_K95_SKEWED_1000,10000,9500,95,1008500,FENWICK,TOTAL,15,5608900,858952
N10000_K95_SKEWED_1000,10000,9500,95,1008500,FENWICK,TOTAL,16,5865500,858952
N10000_K95_SKEWED_1000,10000,9500,95,1008500,FENWICK,TOTAL,17,5382601,858952
N10000_K95_SKEWED_1000,10000,9500,95,1008500,FENWICK,TOTAL,18,4845000,858952
N10000_K95_SKEWED_1000,10000,9500,95,1008500,FENWICK,TOTAL,19,5485201,858952
N10000_K950_SKEWED_1000,10000,9500,950,1008500,PREFIX_LINEAR,NORMALIZE,0,4616800,689248
N10000_K950_SKEWED_1000,10000,9500,950,1008500,PREFIX_LINEAR,NORMALIZE,1,4276900,689248
N10000_K950_SKEWED_1000,10000,9500,950,1008500,PREFIX_LINEAR,NORMALIZE,2,5243100,689248
N10000_K950_SKEWED_1000,10000,9500,950,1008500,PREFIX_LINEAR,NORMALIZE,3,5549400,689248
N10000_K950_SKEWED_1000,10000,9500,950,1008500,PREFIX_LINEAR,NORMALIZE,4,5529401,689248
N10000_K950_SKEWED_1000,10000,9500,950,1008500,PREFIX_LINEAR,NORMALIZE,5,5513701,689248
N10000_K950_SKEWED_1000,10000,9500,950,1008500,PREFIX_LINEAR,NORMALIZE,6,5085400,689248
N10000_K950_SKEWED_1000,10000,9500,950,1008500,PREFIX_LINEAR,NORMALIZE,7,5475400,689248
N10000_K950_SKEWED_1000,10000,9500,950,1008500,PREFIX_LINEAR,NORMALIZE,8,5124401,689248
N10000_K950_SKEWED_1000,10000,9500,950,1008500,PREFIX_LINEAR,NORMALIZE,9,5310900,689248
N10000_K950_SKEWED_1000,10000,9500,950,1008500,PREFIX_LINEAR,NORMALIZE,10,5347100,689248
N10000_K950_SKEWED_1000,10000,9500,950,1008500,PREFIX_LINEAR,NORMALIZE,11,4655400,689248
N10000_K950_SKEWED_1000,10000,9500,950,1008500,PREFIX_LINEAR,NORMALIZE,12,5267300,689248
N10000_K950_SKEWED_1000,10000,9500,950,1008500,PREFIX_LINEAR,NORMALIZE,13,5715600,689248
N10000_K950_SKEWED_1000,10000,9500,950,1008500,PREFIX_LINEAR,NORMALIZE,14,5553599,689248
N10000_K950_SKEWED_1000,10000,9500,950,1008500,PREFIX_LINEAR,NORMALIZE,15,5164701,689248
N10000_K950_SKEWED_1000,10000,9500,950,1008500,PREFIX_LINEAR,NORMALIZE,16,5150401,689248
N10000_K950_SKEWED_1000,10000,9500,950,1008500,PREFIX_LINEAR,NORMALIZE,17,5510900,689248
N10000_K950_SKEWED_1000,10000,9500,950,1008500,PREFIX_LINEAR,NORMALIZE,18,5260999,689248
N10000_K950_SKEWED_1000,10000,9500,950,1008500,PREFIX_LINEAR,NORMALIZE,19,3740199,689248
N10000_K950_SKEWED_1000,10000,9500,950,1008500,PREFIX_LINEAR,BUILD,0,33700,152064
N10000_K950_SKEWED_1000,10000,9500,950,1008500,PREFIX_LINEAR,BUILD,1,51100,152064
N10000_K950_SKEWED_1000,10000,9500,950,1008500,PREFIX_LINEAR,BUILD,2,77300,152064
N10000_K950_SKEWED_1000,10000,9500,950,1008500,PREFIX_LINEAR,BUILD,3,53900,152064
N10000_K950_SKEWED_1000,10000,9500,950,1008500,PREFIX_LINEAR,BUILD,4,52700,152064
N10000_K950_SKEWED_1000,10000,9500,950,1008500,PREFIX_LINEAR,BUILD,5,403800,152064
N10000_K950_SKEWED_1000,10000,9500,950,1008500,PREFIX_LINEAR,BUILD,6,37900,152064
N10000_K950_SKEWED_1000,10000,9500,950,1008500,PREFIX_LINEAR,BUILD,7,44399,152064
N10000_K950_SKEWED_1000,10000,9500,950,1008500,PREFIX_LINEAR,BUILD,8,32500,152064
N10000_K950_SKEWED_1000,10000,9500,950,1008500,PREFIX_LINEAR,BUILD,9,50301,152064
N10000_K950_SKEWED_1000,10000,9500,950,1008500,PREFIX_LINEAR,BUILD,10,54300,152064
N10000_K950_SKEWED_1000,10000,9500,950,1008500,PREFIX_LINEAR,BUILD,11,49600,152064
N10000_K950_SKEWED_1000,10000,9500,950,1008500,PREFIX_LINEAR,BUILD,12,53699,152064
N10000_K950_SKEWED_1000,10000,9500,950,1008500,PREFIX_LINEAR,BUILD,13,53600,152064
N10000_K950_SKEWED_1000,10000,9500,950,1008500,PREFIX_LINEAR,BUILD,14,48999,152064
N10000_K950_SKEWED_1000,10000,9500,950,1008500,PREFIX_LINEAR,BUILD,15,98700,152064
N10000_K950_SKEWED_1000,10000,9500,950,1008500,PREFIX_LINEAR,BUILD,16,50000,152064
N10000_K950_SKEWED_1000,10000,9500,950,1008500,PREFIX_LINEAR,BUILD,17,51700,152064
N10000_K950_SKEWED_1000,10000,9500,950,1008500,PREFIX_LINEAR,BUILD,18,61400,152064
N10000_K950_SKEWED_1000,10000,9500,950,1008500,PREFIX_LINEAR,BUILD,19,54499,152064
N10000_K950_SKEWED_1000,10000,9500,950,1008500,PREFIX_LINEAR,SELECT,0,5378999,189840
N10000_K950_SKEWED_1000,10000,9500,950,1008500,PREFIX_LINEAR,SELECT,1,5355000,189840
N10000_K950_SKEWED_1000,10000,9500,950,1008500,PREFIX_LINEAR,SELECT,2,4565300,189840
N10000_K950_SKEWED_1000,10000,9500,950,1008500,PREFIX_LINEAR,SELECT,3,4130300,189840
N10000_K950_SKEWED_1000,10000,9500,950,1008500,PREFIX_LINEAR,SELECT,4,2883099,189840
N10000_K950_SKEWED_1000,10000,9500,950,1008500,PREFIX_LINEAR,SELECT,5,5630400,189840
N10000_K950_SKEWED_1000,10000,9500,950,1008500,PREFIX_LINEAR,SELECT,6,4259801,189840
N10000_K950_SKEWED_1000,10000,9500,950,1008500,PREFIX_LINEAR,SELECT,7,5261299,189840
N10000_K950_SKEWED_1000,10000,9500,950,1008500,PREFIX_LINEAR,SELECT,8,5440501,189840
N10000_K950_SKEWED_1000,10000,9500,950,1008500,PREFIX_LINEAR,SELECT,9,5400901,189840
N10000_K950_SKEWED_1000,10000,9500,950,1008500,PREFIX_LINEAR,SELECT,10,5517900,189840
N10000_K950_SKEWED_1000,10000,9500,950,1008500,PREFIX_LINEAR,SELECT,11,5390901,189840
N10000_K950_SKEWED_1000,10000,9500,950,1008500,PREFIX_LINEAR,SELECT,12,5406100,189840
N10000_K950_SKEWED_1000,10000,9500,950,1008500,PREFIX_LINEAR,SELECT,13,5498200,189840
N10000_K950_SKEWED_1000,10000,9500,950,1008500,PREFIX_LINEAR,SELECT,14,3699500,189840
N10000_K950_SKEWED_1000,10000,9500,950,1008500,PREFIX_LINEAR,SELECT,15,4516800,189840
N10000_K950_SKEWED_1000,10000,9500,950,1008500,PREFIX_LINEAR,SELECT,16,4891700,189840
N10000_K950_SKEWED_1000,10000,9500,950,1008500,PREFIX_LINEAR,SELECT,17,5061699,189840
N10000_K950_SKEWED_1000,10000,9500,950,1008500,PREFIX_LINEAR,SELECT,18,5448500,189840
N10000_K950_SKEWED_1000,10000,9500,950,1008500,PREFIX_LINEAR,SELECT,19,4970099,189840
N10000_K950_SKEWED_1000,10000,9500,950,1008500,PREFIX_LINEAR,TOTAL,0,9907000,1031152
N10000_K950_SKEWED_1000,10000,9500,950,1008500,PREFIX_LINEAR,TOTAL,1,10758101,1031152
N10000_K950_SKEWED_1000,10000,9500,950,1008500,PREFIX_LINEAR,TOTAL,2,9207300,1031152
N10000_K950_SKEWED_1000,10000,9500,950,1008500,PREFIX_LINEAR,TOTAL,3,10089800,1031152
N10000_K950_SKEWED_1000,10000,9500,950,1008500,PREFIX_LINEAR,TOTAL,4,10779900,1031152
N10000_K950_SKEWED_1000,10000,9500,950,1008500,PREFIX_LINEAR,TOTAL,5,10882001,1031152
N10000_K950_SKEWED_1000,10000,9500,950,1008500,PREFIX_LINEAR,TOTAL,6,10151001,1031152
N10000_K950_SKEWED_1000,10000,9500,950,1008500,PREFIX_LINEAR,TOTAL,7,10986500,1031152
N10000_K950_SKEWED_1000,10000,9500,950,1008500,PREFIX_LINEAR,TOTAL,8,9560800,1031152
N10000_K950_SKEWED_1000,10000,9500,950,1008500,PREFIX_LINEAR,TOTAL,9,8650400,1031152
N10000_K950_SKEWED_1000,10000,9500,950,1008500,PREFIX_LINEAR,TOTAL,10,10575100,1031152
N10000_K950_SKEWED_1000,10000,9500,950,1008500,PREFIX_LINEAR,TOTAL,11,11081400,1031152
N10000_K950_SKEWED_1000,10000,9500,950,1008500,PREFIX_LINEAR,TOTAL,12,10998100,1031152
N10000_K950_SKEWED_1000,10000,9500,950,1008500,PREFIX_LINEAR,TOTAL,13,10911100,1031152
N10000_K950_SKEWED_1000,10000,9500,950,1008500,PREFIX_LINEAR,TOTAL,14,11081101,1031152
N10000_K950_SKEWED_1000,10000,9500,950,1008500,PREFIX_LINEAR,TOTAL,15,11029400,1031152
N10000_K950_SKEWED_1000,10000,9500,950,1008500,PREFIX_LINEAR,TOTAL,16,9593500,1031152
N10000_K950_SKEWED_1000,10000,9500,950,1008500,PREFIX_LINEAR,TOTAL,17,11129800,1031152
N10000_K950_SKEWED_1000,10000,9500,950,1008500,PREFIX_LINEAR,TOTAL,18,10807800,1031152
N10000_K950_SKEWED_1000,10000,9500,950,1008500,PREFIX_LINEAR,TOTAL,19,10448800,1031152
N10000_K950_SKEWED_1000,10000,9500,950,1008500,PREFIX_BINARY,NORMALIZE,0,5504600,689248
N10000_K950_SKEWED_1000,10000,9500,950,1008500,PREFIX_BINARY,NORMALIZE,1,5448300,689248
N10000_K950_SKEWED_1000,10000,9500,950,1008500,PREFIX_BINARY,NORMALIZE,2,4213900,689248
N10000_K950_SKEWED_1000,10000,9500,950,1008500,PREFIX_BINARY,NORMALIZE,3,5592700,689248
N10000_K950_SKEWED_1000,10000,9500,950,1008500,PREFIX_BINARY,NORMALIZE,4,5752701,689248
N10000_K950_SKEWED_1000,10000,9500,950,1008500,PREFIX_BINARY,NORMALIZE,5,5178200,689248
N10000_K950_SKEWED_1000,10000,9500,950,1008500,PREFIX_BINARY,NORMALIZE,6,5460300,689248
N10000_K950_SKEWED_1000,10000,9500,950,1008500,PREFIX_BINARY,NORMALIZE,7,5503200,689248
N10000_K950_SKEWED_1000,10000,9500,950,1008500,PREFIX_BINARY,NORMALIZE,8,4596601,689248
N10000_K950_SKEWED_1000,10000,9500,950,1008500,PREFIX_BINARY,NORMALIZE,9,4709200,689248
N10000_K950_SKEWED_1000,10000,9500,950,1008500,PREFIX_BINARY,NORMALIZE,10,5512800,689248
N10000_K950_SKEWED_1000,10000,9500,950,1008500,PREFIX_BINARY,NORMALIZE,11,5576799,689248
N10000_K950_SKEWED_1000,10000,9500,950,1008500,PREFIX_BINARY,NORMALIZE,12,5064500,689248
N10000_K950_SKEWED_1000,10000,9500,950,1008500,PREFIX_BINARY,NORMALIZE,13,5462400,689248
N10000_K950_SKEWED_1000,10000,9500,950,1008500,PREFIX_BINARY,NORMALIZE,14,5466601,689248
N10000_K950_SKEWED_1000,10000,9500,950,1008500,PREFIX_BINARY,NORMALIZE,15,5659500,689248
N10000_K950_SKEWED_1000,10000,9500,950,1008500,PREFIX_BINARY,NORMALIZE,16,5458100,689248
N10000_K950_SKEWED_1000,10000,9500,950,1008500,PREFIX_BINARY,NORMALIZE,17,5794400,689248
N10000_K950_SKEWED_1000,10000,9500,950,1008500,PREFIX_BINARY,NORMALIZE,18,5545999,689248
N10000_K950_SKEWED_1000,10000,9500,950,1008500,PREFIX_BINARY,NORMALIZE,19,4919100,689248
N10000_K950_SKEWED_1000,10000,9500,950,1008500,PREFIX_BINARY,BUILD,0,52400,152064
N10000_K950_SKEWED_1000,10000,9500,950,1008500,PREFIX_BINARY,BUILD,1,57501,152064
N10000_K950_SKEWED_1000,10000,9500,950,1008500,PREFIX_BINARY,BUILD,2,49600,152064
N10000_K950_SKEWED_1000,10000,9500,950,1008500,PREFIX_BINARY,BUILD,3,51299,152064
N10000_K950_SKEWED_1000,10000,9500,950,1008500,PREFIX_BINARY,BUILD,4,53700,152064
N10000_K950_SKEWED_1000,10000,9500,950,1008500,PREFIX_BINARY,BUILD,5,49100,152064
N10000_K950_SKEWED_1000,10000,9500,950,1008500,PREFIX_BINARY,BUILD,6,56401,152064
N10000_K950_SKEWED_1000,10000,9500,950,1008500,PREFIX_BINARY,BUILD,7,52300,152064
N10000_K950_SKEWED_1000,10000,9500,950,1008500,PREFIX_BINARY,BUILD,8,36301,152064
N10000_K950_SKEWED_1000,10000,9500,950,1008500,PREFIX_BINARY,BUILD,9,60600,152064
N10000_K950_SKEWED_1000,10000,9500,950,1008500,PREFIX_BINARY,BUILD,10,52099,152064
N10000_K950_SKEWED_1000,10000,9500,950,1008500,PREFIX_BINARY,BUILD,11,73800,152064
N10000_K950_SKEWED_1000,10000,9500,950,1008500,PREFIX_BINARY,BUILD,12,34500,152064
N10000_K950_SKEWED_1000,10000,9500,950,1008500,PREFIX_BINARY,BUILD,13,61000,152064
N10000_K950_SKEWED_1000,10000,9500,950,1008500,PREFIX_BINARY,BUILD,14,62301,152064
N10000_K950_SKEWED_1000,10000,9500,950,1008500,PREFIX_BINARY,BUILD,15,51099,152064
N10000_K950_SKEWED_1000,10000,9500,950,1008500,PREFIX_BINARY,BUILD,16,58800,152064
N10000_K950_SKEWED_1000,10000,9500,950,1008500,PREFIX_BINARY,BUILD,17,36899,152064
N10000_K950_SKEWED_1000,10000,9500,950,1008500,PREFIX_BINARY,BUILD,18,79899,152064
N10000_K950_SKEWED_1000,10000,9500,950,1008500,PREFIX_BINARY,BUILD,19,70099,152064
N10000_K950_SKEWED_1000,10000,9500,950,1008500,PREFIX_BINARY,SELECT,0,1740800,189840
N10000_K950_SKEWED_1000,10000,9500,950,1008500,PREFIX_BINARY,SELECT,1,1453300,189840
N10000_K950_SKEWED_1000,10000,9500,950,1008500,PREFIX_BINARY,SELECT,2,1121200,189840
N10000_K950_SKEWED_1000,10000,9500,950,1008500,PREFIX_BINARY,SELECT,3,1735701,189840
N10000_K950_SKEWED_1000,10000,9500,950,1008500,PREFIX_BINARY,SELECT,4,1916001,189840
N10000_K950_SKEWED_1000,10000,9500,950,1008500,PREFIX_BINARY,SELECT,5,1843301,189840
N10000_K950_SKEWED_1000,10000,9500,950,1008500,PREFIX_BINARY,SELECT,6,1212900,189840
N10000_K950_SKEWED_1000,10000,9500,950,1008500,PREFIX_BINARY,SELECT,7,1786099,189840
N10000_K950_SKEWED_1000,10000,9500,950,1008500,PREFIX_BINARY,SELECT,8,1540001,189840
N10000_K950_SKEWED_1000,10000,9500,950,1008500,PREFIX_BINARY,SELECT,9,1124401,189840
N10000_K950_SKEWED_1000,10000,9500,950,1008500,PREFIX_BINARY,SELECT,10,1815501,189840
N10000_K950_SKEWED_1000,10000,9500,950,1008500,PREFIX_BINARY,SELECT,11,1342600,189840
N10000_K950_SKEWED_1000,10000,9500,950,1008500,PREFIX_BINARY,SELECT,12,1551500,189840
N10000_K950_SKEWED_1000,10000,9500,950,1008500,PREFIX_BINARY,SELECT,13,1753400,189840
N10000_K950_SKEWED_1000,10000,9500,950,1008500,PREFIX_BINARY,SELECT,14,1753900,189840
N10000_K950_SKEWED_1000,10000,9500,950,1008500,PREFIX_BINARY,SELECT,15,1588300,189840
N10000_K950_SKEWED_1000,10000,9500,950,1008500,PREFIX_BINARY,SELECT,16,1797200,189840
N10000_K950_SKEWED_1000,10000,9500,950,1008500,PREFIX_BINARY,SELECT,17,1786501,189840
N10000_K950_SKEWED_1000,10000,9500,950,1008500,PREFIX_BINARY,SELECT,18,1826200,189840
N10000_K950_SKEWED_1000,10000,9500,950,1008500,PREFIX_BINARY,SELECT,19,1727200,189840
N10000_K950_SKEWED_1000,10000,9500,950,1008500,PREFIX_BINARY,TOTAL,0,7396201,1031152
N10000_K950_SKEWED_1000,10000,9500,950,1008500,PREFIX_BINARY,TOTAL,1,6939000,1031152
N10000_K950_SKEWED_1000,10000,9500,950,1008500,PREFIX_BINARY,TOTAL,2,4911900,1031152
N10000_K950_SKEWED_1000,10000,9500,950,1008500,PREFIX_BINARY,TOTAL,3,6723400,1031152
N10000_K950_SKEWED_1000,10000,9500,950,1008500,PREFIX_BINARY,TOTAL,4,6364199,1031152
N10000_K950_SKEWED_1000,10000,9500,950,1008500,PREFIX_BINARY,TOTAL,5,4979000,1031152
N10000_K950_SKEWED_1000,10000,9500,950,1008500,PREFIX_BINARY,TOTAL,6,6331000,1031152
N10000_K950_SKEWED_1000,10000,9500,950,1008500,PREFIX_BINARY,TOTAL,7,5809600,1031152
N10000_K950_SKEWED_1000,10000,9500,950,1008500,PREFIX_BINARY,TOTAL,8,6338700,1031152
N10000_K950_SKEWED_1000,10000,9500,950,1008500,PREFIX_BINARY,TOTAL,9,6569200,1031152
N10000_K950_SKEWED_1000,10000,9500,950,1008500,PREFIX_BINARY,TOTAL,10,5935701,1031152
N10000_K950_SKEWED_1000,10000,9500,950,1008500,PREFIX_BINARY,TOTAL,11,6751400,1031152
N10000_K950_SKEWED_1000,10000,9500,950,1008500,PREFIX_BINARY,TOTAL,12,7329901,1031152
N10000_K950_SKEWED_1000,10000,9500,950,1008500,PREFIX_BINARY,TOTAL,13,6862199,1031152
N10000_K950_SKEWED_1000,10000,9500,950,1008500,PREFIX_BINARY,TOTAL,14,7358300,1031152
N10000_K950_SKEWED_1000,10000,9500,950,1008500,PREFIX_BINARY,TOTAL,15,7241900,1031152
N10000_K950_SKEWED_1000,10000,9500,950,1008500,PREFIX_BINARY,TOTAL,16,7085199,1031152
N10000_K950_SKEWED_1000,10000,9500,950,1008500,PREFIX_BINARY,TOTAL,17,6246099,1031152
N10000_K950_SKEWED_1000,10000,9500,950,1008500,PREFIX_BINARY,TOTAL,18,5178999,1031152
N10000_K950_SKEWED_1000,10000,9500,950,1008500,PREFIX_BINARY,TOTAL,19,7168499,1031152
N10000_K950_SKEWED_1000,10000,9500,950,1008500,FENWICK,NORMALIZE,0,5442800,689248
N10000_K950_SKEWED_1000,10000,9500,950,1008500,FENWICK,NORMALIZE,1,5195999,689248
N10000_K950_SKEWED_1000,10000,9500,950,1008500,FENWICK,NORMALIZE,2,4779500,689248
N10000_K950_SKEWED_1000,10000,9500,950,1008500,FENWICK,NORMALIZE,3,4882500,689248
N10000_K950_SKEWED_1000,10000,9500,950,1008500,FENWICK,NORMALIZE,4,5921399,689248
N10000_K950_SKEWED_1000,10000,9500,950,1008500,FENWICK,NORMALIZE,5,3675601,689248
N10000_K950_SKEWED_1000,10000,9500,950,1008500,FENWICK,NORMALIZE,6,5489901,689248
N10000_K950_SKEWED_1000,10000,9500,950,1008500,FENWICK,NORMALIZE,7,5504801,689248
N10000_K950_SKEWED_1000,10000,9500,950,1008500,FENWICK,NORMALIZE,8,5490699,689248
N10000_K950_SKEWED_1000,10000,9500,950,1008500,FENWICK,NORMALIZE,9,5293601,689248
N10000_K950_SKEWED_1000,10000,9500,950,1008500,FENWICK,NORMALIZE,10,5777699,689248
N10000_K950_SKEWED_1000,10000,9500,950,1008500,FENWICK,NORMALIZE,11,5169501,689248
N10000_K950_SKEWED_1000,10000,9500,950,1008500,FENWICK,NORMALIZE,12,5155299,689248
N10000_K950_SKEWED_1000,10000,9500,950,1008500,FENWICK,NORMALIZE,13,5091200,689248
N10000_K950_SKEWED_1000,10000,9500,950,1008500,FENWICK,NORMALIZE,14,5582600,689248
N10000_K950_SKEWED_1000,10000,9500,950,1008500,FENWICK,NORMALIZE,15,3963999,689248
N10000_K950_SKEWED_1000,10000,9500,950,1008500,FENWICK,NORMALIZE,16,3716700,689248
N10000_K950_SKEWED_1000,10000,9500,950,1008500,FENWICK,NORMALIZE,17,5151300,689248
N10000_K950_SKEWED_1000,10000,9500,950,1008500,FENWICK,NORMALIZE,18,5455701,689248
N10000_K950_SKEWED_1000,10000,9500,950,1008500,FENWICK,NORMALIZE,19,4916201,689248
N10000_K950_SKEWED_1000,10000,9500,950,1008500,FENWICK,BUILD,0,160200,152136
N10000_K950_SKEWED_1000,10000,9500,950,1008500,FENWICK,BUILD,1,147700,152136
N10000_K950_SKEWED_1000,10000,9500,950,1008500,FENWICK,BUILD,2,158099,152136
N10000_K950_SKEWED_1000,10000,9500,950,1008500,FENWICK,BUILD,3,171700,152136
N10000_K950_SKEWED_1000,10000,9500,950,1008500,FENWICK,BUILD,4,179900,152136
N10000_K950_SKEWED_1000,10000,9500,950,1008500,FENWICK,BUILD,5,175900,152136
N10000_K950_SKEWED_1000,10000,9500,950,1008500,FENWICK,BUILD,6,148900,152136
N10000_K950_SKEWED_1000,10000,9500,950,1008500,FENWICK,BUILD,7,163500,152136
N10000_K950_SKEWED_1000,10000,9500,950,1008500,FENWICK,BUILD,8,149400,152136
N10000_K950_SKEWED_1000,10000,9500,950,1008500,FENWICK,BUILD,9,149001,152136
N10000_K950_SKEWED_1000,10000,9500,950,1008500,FENWICK,BUILD,10,165699,152136
N10000_K950_SKEWED_1000,10000,9500,950,1008500,FENWICK,BUILD,11,151601,152136
N10000_K950_SKEWED_1000,10000,9500,950,1008500,FENWICK,BUILD,12,155100,152136
N10000_K950_SKEWED_1000,10000,9500,950,1008500,FENWICK,BUILD,13,147100,152136
N10000_K950_SKEWED_1000,10000,9500,950,1008500,FENWICK,BUILD,14,186699,152136
N10000_K950_SKEWED_1000,10000,9500,950,1008500,FENWICK,BUILD,15,166400,152136
N10000_K950_SKEWED_1000,10000,9500,950,1008500,FENWICK,BUILD,16,148600,152136
N10000_K950_SKEWED_1000,10000,9500,950,1008500,FENWICK,BUILD,17,152900,152136
N10000_K950_SKEWED_1000,10000,9500,950,1008500,FENWICK,BUILD,18,148501,152136
N10000_K950_SKEWED_1000,10000,9500,950,1008500,FENWICK,BUILD,19,177601,152136
N10000_K950_SKEWED_1000,10000,9500,950,1008500,FENWICK,SELECT,0,699299,189840
N10000_K950_SKEWED_1000,10000,9500,950,1008500,FENWICK,SELECT,1,676101,189840
N10000_K950_SKEWED_1000,10000,9500,950,1008500,FENWICK,SELECT,2,675400,189840
N10000_K950_SKEWED_1000,10000,9500,950,1008500,FENWICK,SELECT,3,661800,189840
N10000_K950_SKEWED_1000,10000,9500,950,1008500,FENWICK,SELECT,4,733500,189840
N10000_K950_SKEWED_1000,10000,9500,950,1008500,FENWICK,SELECT,5,655999,189840
N10000_K950_SKEWED_1000,10000,9500,950,1008500,FENWICK,SELECT,6,689200,189840
N10000_K950_SKEWED_1000,10000,9500,950,1008500,FENWICK,SELECT,7,750800,189840
N10000_K950_SKEWED_1000,10000,9500,950,1008500,FENWICK,SELECT,8,774400,189840
N10000_K950_SKEWED_1000,10000,9500,950,1008500,FENWICK,SELECT,9,668400,189840
N10000_K950_SKEWED_1000,10000,9500,950,1008500,FENWICK,SELECT,10,720401,189840
N10000_K950_SKEWED_1000,10000,9500,950,1008500,FENWICK,SELECT,11,668099,189840
N10000_K950_SKEWED_1000,10000,9500,950,1008500,FENWICK,SELECT,12,555001,189840
N10000_K950_SKEWED_1000,10000,9500,950,1008500,FENWICK,SELECT,13,815200,189840
N10000_K950_SKEWED_1000,10000,9500,950,1008500,FENWICK,SELECT,14,696300,189840
N10000_K950_SKEWED_1000,10000,9500,950,1008500,FENWICK,SELECT,15,704000,189840
N10000_K950_SKEWED_1000,10000,9500,950,1008500,FENWICK,SELECT,16,742000,189840
N10000_K950_SKEWED_1000,10000,9500,950,1008500,FENWICK,SELECT,17,753201,189840
N10000_K950_SKEWED_1000,10000,9500,950,1008500,FENWICK,SELECT,18,462100,189840
N10000_K950_SKEWED_1000,10000,9500,950,1008500,FENWICK,SELECT,19,703600,189840
N10000_K950_SKEWED_1000,10000,9500,950,1008500,FENWICK,TOTAL,0,6429400,1031224
N10000_K950_SKEWED_1000,10000,9500,950,1008500,FENWICK,TOTAL,1,6503800,1031224
N10000_K950_SKEWED_1000,10000,9500,950,1008500,FENWICK,TOTAL,2,6387600,1031224
N10000_K950_SKEWED_1000,10000,9500,950,1008500,FENWICK,TOTAL,3,6205499,1031224
N10000_K950_SKEWED_1000,10000,9500,950,1008500,FENWICK,TOTAL,4,5857201,1031224
N10000_K950_SKEWED_1000,10000,9500,950,1008500,FENWICK,TOTAL,5,5872201,1031224
N10000_K950_SKEWED_1000,10000,9500,950,1008500,FENWICK,TOTAL,6,5488400,1031224
N10000_K950_SKEWED_1000,10000,9500,950,1008500,FENWICK,TOTAL,7,5496200,1031224
N10000_K950_SKEWED_1000,10000,9500,950,1008500,FENWICK,TOTAL,8,5968900,1031224
N10000_K950_SKEWED_1000,10000,9500,950,1008500,FENWICK,TOTAL,9,4733300,1031224
N10000_K950_SKEWED_1000,10000,9500,950,1008500,FENWICK,TOTAL,10,6048500,1031224
N10000_K950_SKEWED_1000,10000,9500,950,1008500,FENWICK,TOTAL,11,6620200,1031224
N10000_K950_SKEWED_1000,10000,9500,950,1008500,FENWICK,TOTAL,12,6370900,1031224
N10000_K950_SKEWED_1000,10000,9500,950,1008500,FENWICK,TOTAL,13,6157700,1031224
N10000_K950_SKEWED_1000,10000,9500,950,1008500,FENWICK,TOTAL,14,6178600,1031224
N10000_K950_SKEWED_1000,10000,9500,950,1008500,FENWICK,TOTAL,15,6412000,1031224
N10000_K950_SKEWED_1000,10000,9500,950,1008500,FENWICK,TOTAL,16,6484099,1031224
N10000_K950_SKEWED_1000,10000,9500,950,1008500,FENWICK,TOTAL,17,6554600,1031224
N10000_K950_SKEWED_1000,10000,9500,950,1008500,FENWICK,TOTAL,18,6061900,1031224
N10000_K950_SKEWED_1000,10000,9500,950,1008500,FENWICK,TOTAL,19,6308599,1031224
N10000_K950_UNIFORM_MILLION,10000,9500,950,9500000000,PREFIX_LINEAR,NORMALIZE,0,5154300,689248
N10000_K950_UNIFORM_MILLION,10000,9500,950,9500000000,PREFIX_LINEAR,NORMALIZE,1,5504401,689248
N10000_K950_UNIFORM_MILLION,10000,9500,950,9500000000,PREFIX_LINEAR,NORMALIZE,2,5539100,689248
N10000_K950_UNIFORM_MILLION,10000,9500,950,9500000000,PREFIX_LINEAR,NORMALIZE,3,4509400,689248
N10000_K950_UNIFORM_MILLION,10000,9500,950,9500000000,PREFIX_LINEAR,NORMALIZE,4,5153400,689248
N10000_K950_UNIFORM_MILLION,10000,9500,950,9500000000,PREFIX_LINEAR,NORMALIZE,5,4429700,689248
N10000_K950_UNIFORM_MILLION,10000,9500,950,9500000000,PREFIX_LINEAR,NORMALIZE,6,5642200,689248
N10000_K950_UNIFORM_MILLION,10000,9500,950,9500000000,PREFIX_LINEAR,NORMALIZE,7,5516899,689248
N10000_K950_UNIFORM_MILLION,10000,9500,950,9500000000,PREFIX_LINEAR,NORMALIZE,8,4286300,689248
N10000_K950_UNIFORM_MILLION,10000,9500,950,9500000000,PREFIX_LINEAR,NORMALIZE,9,5313500,689248
N10000_K950_UNIFORM_MILLION,10000,9500,950,9500000000,PREFIX_LINEAR,NORMALIZE,10,5450000,689248
N10000_K950_UNIFORM_MILLION,10000,9500,950,9500000000,PREFIX_LINEAR,NORMALIZE,11,5441001,689248
N10000_K950_UNIFORM_MILLION,10000,9500,950,9500000000,PREFIX_LINEAR,NORMALIZE,12,3981301,689248
N10000_K950_UNIFORM_MILLION,10000,9500,950,9500000000,PREFIX_LINEAR,NORMALIZE,13,4399799,689248
N10000_K950_UNIFORM_MILLION,10000,9500,950,9500000000,PREFIX_LINEAR,NORMALIZE,14,5239800,689248
N10000_K950_UNIFORM_MILLION,10000,9500,950,9500000000,PREFIX_LINEAR,NORMALIZE,15,5410000,689248
N10000_K950_UNIFORM_MILLION,10000,9500,950,9500000000,PREFIX_LINEAR,NORMALIZE,16,5449800,689248
N10000_K950_UNIFORM_MILLION,10000,9500,950,9500000000,PREFIX_LINEAR,NORMALIZE,17,5430101,689248
N10000_K950_UNIFORM_MILLION,10000,9500,950,9500000000,PREFIX_LINEAR,NORMALIZE,18,5419100,689248
N10000_K950_UNIFORM_MILLION,10000,9500,950,9500000000,PREFIX_LINEAR,NORMALIZE,19,5585900,689248
N10000_K950_UNIFORM_MILLION,10000,9500,950,9500000000,PREFIX_LINEAR,BUILD,0,53500,152064
N10000_K950_UNIFORM_MILLION,10000,9500,950,9500000000,PREFIX_LINEAR,BUILD,1,50600,152064
N10000_K950_UNIFORM_MILLION,10000,9500,950,9500000000,PREFIX_LINEAR,BUILD,2,66000,152064
N10000_K950_UNIFORM_MILLION,10000,9500,950,9500000000,PREFIX_LINEAR,BUILD,3,52800,152064
N10000_K950_UNIFORM_MILLION,10000,9500,950,9500000000,PREFIX_LINEAR,BUILD,4,51699,152064
N10000_K950_UNIFORM_MILLION,10000,9500,950,9500000000,PREFIX_LINEAR,BUILD,5,35500,152064
N10000_K950_UNIFORM_MILLION,10000,9500,950,9500000000,PREFIX_LINEAR,BUILD,6,36000,152064
N10000_K950_UNIFORM_MILLION,10000,9500,950,9500000000,PREFIX_LINEAR,BUILD,7,94099,152064
N10000_K950_UNIFORM_MILLION,10000,9500,950,9500000000,PREFIX_LINEAR,BUILD,8,48501,152064
N10000_K950_UNIFORM_MILLION,10000,9500,950,9500000000,PREFIX_LINEAR,BUILD,9,54701,152064
N10000_K950_UNIFORM_MILLION,10000,9500,950,9500000000,PREFIX_LINEAR,BUILD,10,41800,152064
N10000_K950_UNIFORM_MILLION,10000,9500,950,9500000000,PREFIX_LINEAR,BUILD,11,54899,152064
N10000_K950_UNIFORM_MILLION,10000,9500,950,9500000000,PREFIX_LINEAR,BUILD,12,57400,152064
N10000_K950_UNIFORM_MILLION,10000,9500,950,9500000000,PREFIX_LINEAR,BUILD,13,52300,152064
N10000_K950_UNIFORM_MILLION,10000,9500,950,9500000000,PREFIX_LINEAR,BUILD,14,37200,152064
N10000_K950_UNIFORM_MILLION,10000,9500,950,9500000000,PREFIX_LINEAR,BUILD,15,80901,152064
N10000_K950_UNIFORM_MILLION,10000,9500,950,9500000000,PREFIX_LINEAR,BUILD,16,51701,152064
N10000_K950_UNIFORM_MILLION,10000,9500,950,9500000000,PREFIX_LINEAR,BUILD,17,63999,152064
N10000_K950_UNIFORM_MILLION,10000,9500,950,9500000000,PREFIX_LINEAR,BUILD,18,54500,152064
N10000_K950_UNIFORM_MILLION,10000,9500,950,9500000000,PREFIX_LINEAR,BUILD,19,74099,152064
N10000_K950_UNIFORM_MILLION,10000,9500,950,9500000000,PREFIX_LINEAR,SELECT,0,5411100,189840
N10000_K950_UNIFORM_MILLION,10000,9500,950,9500000000,PREFIX_LINEAR,SELECT,1,5420500,189840
N10000_K950_UNIFORM_MILLION,10000,9500,950,9500000000,PREFIX_LINEAR,SELECT,2,2563899,189840
N10000_K950_UNIFORM_MILLION,10000,9500,950,9500000000,PREFIX_LINEAR,SELECT,3,5432100,189840
N10000_K950_UNIFORM_MILLION,10000,9500,950,9500000000,PREFIX_LINEAR,SELECT,4,4408500,189840
N10000_K950_UNIFORM_MILLION,10000,9500,950,9500000000,PREFIX_LINEAR,SELECT,5,5704000,189840
N10000_K950_UNIFORM_MILLION,10000,9500,950,9500000000,PREFIX_LINEAR,SELECT,6,5420799,189840
N10000_K950_UNIFORM_MILLION,10000,9500,950,9500000000,PREFIX_LINEAR,SELECT,7,5581700,189840
N10000_K950_UNIFORM_MILLION,10000,9500,950,9500000000,PREFIX_LINEAR,SELECT,8,2518201,189840
N10000_K950_UNIFORM_MILLION,10000,9500,950,9500000000,PREFIX_LINEAR,SELECT,9,4835600,189840
N10000_K950_UNIFORM_MILLION,10000,9500,950,9500000000,PREFIX_LINEAR,SELECT,10,5332800,189840
N10000_K950_UNIFORM_MILLION,10000,9500,950,9500000000,PREFIX_LINEAR,SELECT,11,5357099,189840
N10000_K950_UNIFORM_MILLION,10000,9500,950,9500000000,PREFIX_LINEAR,SELECT,12,2998500,189840
N10000_K950_UNIFORM_MILLION,10000,9500,950,9500000000,PREFIX_LINEAR,SELECT,13,5353599,189840
N10000_K950_UNIFORM_MILLION,10000,9500,950,9500000000,PREFIX_LINEAR,SELECT,14,5462800,189840
N10000_K950_UNIFORM_MILLION,10000,9500,950,9500000000,PREFIX_LINEAR,SELECT,15,4809901,189840
N10000_K950_UNIFORM_MILLION,10000,9500,950,9500000000,PREFIX_LINEAR,SELECT,16,5392200,189840
N10000_K950_UNIFORM_MILLION,10000,9500,950,9500000000,PREFIX_LINEAR,SELECT,17,5186501,189840
N10000_K950_UNIFORM_MILLION,10000,9500,950,9500000000,PREFIX_LINEAR,SELECT,18,5292701,189840
N10000_K950_UNIFORM_MILLION,10000,9500,950,9500000000,PREFIX_LINEAR,SELECT,19,5349300,189840
N10000_K950_UNIFORM_MILLION,10000,9500,950,9500000000,PREFIX_LINEAR,TOTAL,0,10941201,1031152
N10000_K950_UNIFORM_MILLION,10000,9500,950,9500000000,PREFIX_LINEAR,TOTAL,1,11231401,1031152
N10000_K950_UNIFORM_MILLION,10000,9500,950,9500000000,PREFIX_LINEAR,TOTAL,2,11239700,1031152
N10000_K950_UNIFORM_MILLION,10000,9500,950,9500000000,PREFIX_LINEAR,TOTAL,3,6511501,1031152
N10000_K950_UNIFORM_MILLION,10000,9500,950,9500000000,PREFIX_LINEAR,TOTAL,4,6247099,1031152
N10000_K950_UNIFORM_MILLION,10000,9500,950,9500000000,PREFIX_LINEAR,TOTAL,5,10368899,1031152
N10000_K950_UNIFORM_MILLION,10000,9500,950,9500000000,PREFIX_LINEAR,TOTAL,6,9389199,1031152
N10000_K950_UNIFORM_MILLION,10000,9500,950,9500000000,PREFIX_LINEAR,TOTAL,7,9662000,1031152
N10000_K950_UNIFORM_MILLION,10000,9500,950,9500000000,PREFIX_LINEAR,TOTAL,8,10720500,1031152
N10000_K950_UNIFORM_MILLION,10000,9500,950,9500000000,PREFIX_LINEAR,TOTAL,9,10299801,1031152
N10000_K950_UNIFORM_MILLION,10000,9500,950,9500000000,PREFIX_LINEAR,TOTAL,10,7619199,1031152
N10000_K950_UNIFORM_MILLION,10000,9500,950,9500000000,PREFIX_LINEAR,TOTAL,11,10962600,1031152
N10000_K950_UNIFORM_MILLION,10000,9500,950,9500000000,PREFIX_LINEAR,TOTAL,12,10982299,1031152
N10000_K950_UNIFORM_MILLION,10000,9500,950,9500000000,PREFIX_LINEAR,TOTAL,13,11041499,1031152
N10000_K950_UNIFORM_MILLION,10000,9500,950,9500000000,PREFIX_LINEAR,TOTAL,14,10928201,1031152
N10000_K950_UNIFORM_MILLION,10000,9500,950,9500000000,PREFIX_LINEAR,TOTAL,15,10833500,1031152
N10000_K950_UNIFORM_MILLION,10000,9500,950,9500000000,PREFIX_LINEAR,TOTAL,16,11017000,1031152
N10000_K950_UNIFORM_MILLION,10000,9500,950,9500000000,PREFIX_LINEAR,TOTAL,17,9417400,1031152
N10000_K950_UNIFORM_MILLION,10000,9500,950,9500000000,PREFIX_LINEAR,TOTAL,18,10778000,1031152
N10000_K950_UNIFORM_MILLION,10000,9500,950,9500000000,PREFIX_LINEAR,TOTAL,19,10880100,1031152
N10000_K950_UNIFORM_MILLION,10000,9500,950,9500000000,PREFIX_BINARY,NORMALIZE,0,5390299,689248
N10000_K950_UNIFORM_MILLION,10000,9500,950,9500000000,PREFIX_BINARY,NORMALIZE,1,5630500,689248
N10000_K950_UNIFORM_MILLION,10000,9500,950,9500000000,PREFIX_BINARY,NORMALIZE,2,5640400,689248
N10000_K950_UNIFORM_MILLION,10000,9500,950,9500000000,PREFIX_BINARY,NORMALIZE,3,5128300,689248
N10000_K950_UNIFORM_MILLION,10000,9500,950,9500000000,PREFIX_BINARY,NORMALIZE,4,5680000,689248
N10000_K950_UNIFORM_MILLION,10000,9500,950,9500000000,PREFIX_BINARY,NORMALIZE,5,5627300,689248
N10000_K950_UNIFORM_MILLION,10000,9500,950,9500000000,PREFIX_BINARY,NORMALIZE,6,5611500,689248
N10000_K950_UNIFORM_MILLION,10000,9500,950,9500000000,PREFIX_BINARY,NORMALIZE,7,5565600,689248
N10000_K950_UNIFORM_MILLION,10000,9500,950,9500000000,PREFIX_BINARY,NORMALIZE,8,5601800,689248
N10000_K950_UNIFORM_MILLION,10000,9500,950,9500000000,PREFIX_BINARY,NORMALIZE,9,5408799,689248
N10000_K950_UNIFORM_MILLION,10000,9500,950,9500000000,PREFIX_BINARY,NORMALIZE,10,5000800,689248
N10000_K950_UNIFORM_MILLION,10000,9500,950,9500000000,PREFIX_BINARY,NORMALIZE,11,4320600,689248
N10000_K950_UNIFORM_MILLION,10000,9500,950,9500000000,PREFIX_BINARY,NORMALIZE,12,3609000,689248
N10000_K950_UNIFORM_MILLION,10000,9500,950,9500000000,PREFIX_BINARY,NORMALIZE,13,3597300,689248
N10000_K950_UNIFORM_MILLION,10000,9500,950,9500000000,PREFIX_BINARY,NORMALIZE,14,3689700,689248
N10000_K950_UNIFORM_MILLION,10000,9500,950,9500000000,PREFIX_BINARY,NORMALIZE,15,4602699,689248
N10000_K950_UNIFORM_MILLION,10000,9500,950,9500000000,PREFIX_BINARY,NORMALIZE,16,4918599,689248
N10000_K950_UNIFORM_MILLION,10000,9500,950,9500000000,PREFIX_BINARY,NORMALIZE,17,5334401,689248
N10000_K950_UNIFORM_MILLION,10000,9500,950,9500000000,PREFIX_BINARY,NORMALIZE,18,5481100,689248
N10000_K950_UNIFORM_MILLION,10000,9500,950,9500000000,PREFIX_BINARY,NORMALIZE,19,5265900,689248
N10000_K950_UNIFORM_MILLION,10000,9500,950,9500000000,PREFIX_BINARY,BUILD,0,51700,152064
N10000_K950_UNIFORM_MILLION,10000,9500,950,9500000000,PREFIX_BINARY,BUILD,1,52900,152064
N10000_K950_UNIFORM_MILLION,10000,9500,950,9500000000,PREFIX_BINARY,BUILD,2,50800,152064
N10000_K950_UNIFORM_MILLION,10000,9500,950,9500000000,PREFIX_BINARY,BUILD,3,74599,152064
N10000_K950_UNIFORM_MILLION,10000,9500,950,9500000000,PREFIX_BINARY,BUILD,4,51900,152064
N10000_K950_UNIFORM_MILLION,10000,9500,950,9500000000,PREFIX_BINARY,BUILD,5,49300,152064
N10000_K950_UNIFORM_MILLION,10000,9500,950,9500000000,PREFIX_BINARY,BUILD,6,53000,152064
N10000_K950_UNIFORM_MILLION,10000,9500,950,9500000000,PREFIX_BINARY,BUILD,7,50600,152064
N10000_K950_UNIFORM_MILLION,10000,9500,950,9500000000,PREFIX_BINARY,BUILD,8,76001,152064
N10000_K950_UNIFORM_MILLION,10000,9500,950,9500000000,PREFIX_BINARY,BUILD,9,51700,152064
N10000_K950_UNIFORM_MILLION,10000,9500,950,9500000000,PREFIX_BINARY,BUILD,10,50100,152064
N10000_K950_UNIFORM_MILLION,10000,9500,950,9500000000,PREFIX_BINARY,BUILD,11,55800,152064
N10000_K950_UNIFORM_MILLION,10000,9500,950,9500000000,PREFIX_BINARY,BUILD,12,51301,152064
N10000_K950_UNIFORM_MILLION,10000,9500,950,9500000000,PREFIX_BINARY,BUILD,13,54100,152064
N10000_K950_UNIFORM_MILLION,10000,9500,950,9500000000,PREFIX_BINARY,BUILD,14,49500,152064
N10000_K950_UNIFORM_MILLION,10000,9500,950,9500000000,PREFIX_BINARY,BUILD,15,51300,152064
N10000_K950_UNIFORM_MILLION,10000,9500,950,9500000000,PREFIX_BINARY,BUILD,16,57399,152064
N10000_K950_UNIFORM_MILLION,10000,9500,950,9500000000,PREFIX_BINARY,BUILD,17,52800,152064
N10000_K950_UNIFORM_MILLION,10000,9500,950,9500000000,PREFIX_BINARY,BUILD,18,55400,152064
N10000_K950_UNIFORM_MILLION,10000,9500,950,9500000000,PREFIX_BINARY,BUILD,19,39499,152064
N10000_K950_UNIFORM_MILLION,10000,9500,950,9500000000,PREFIX_BINARY,SELECT,0,1494200,189840
N10000_K950_UNIFORM_MILLION,10000,9500,950,9500000000,PREFIX_BINARY,SELECT,1,1810200,189840
N10000_K950_UNIFORM_MILLION,10000,9500,950,9500000000,PREFIX_BINARY,SELECT,2,1621800,189840
N10000_K950_UNIFORM_MILLION,10000,9500,950,9500000000,PREFIX_BINARY,SELECT,3,1835400,189840
N10000_K950_UNIFORM_MILLION,10000,9500,950,9500000000,PREFIX_BINARY,SELECT,4,1748299,189840
N10000_K950_UNIFORM_MILLION,10000,9500,950,9500000000,PREFIX_BINARY,SELECT,5,1633901,189840
N10000_K950_UNIFORM_MILLION,10000,9500,950,9500000000,PREFIX_BINARY,SELECT,6,1725800,189840
N10000_K950_UNIFORM_MILLION,10000,9500,950,9500000000,PREFIX_BINARY,SELECT,7,1816900,189840
N10000_K950_UNIFORM_MILLION,10000,9500,950,9500000000,PREFIX_BINARY,SELECT,8,1876701,189840
N10000_K950_UNIFORM_MILLION,10000,9500,950,9500000000,PREFIX_BINARY,SELECT,9,1748100,189840
N10000_K950_UNIFORM_MILLION,10000,9500,950,9500000000,PREFIX_BINARY,SELECT,10,1646301,189840
N10000_K950_UNIFORM_MILLION,10000,9500,950,9500000000,PREFIX_BINARY,SELECT,11,1745200,189840
N10000_K950_UNIFORM_MILLION,10000,9500,950,9500000000,PREFIX_BINARY,SELECT,12,1848299,189840
N10000_K950_UNIFORM_MILLION,10000,9500,950,9500000000,PREFIX_BINARY,SELECT,13,1796900,189840
N10000_K950_UNIFORM_MILLION,10000,9500,950,9500000000,PREFIX_BINARY,SELECT,14,1858199,189840
N10000_K950_UNIFORM_MILLION,10000,9500,950,9500000000,PREFIX_BINARY,SELECT,15,1842300,189840
N10000_K950_UNIFORM_MILLION,10000,9500,950,9500000000,PREFIX_BINARY,SELECT,16,1786500,189840
N10000_K950_UNIFORM_MILLION,10000,9500,950,9500000000,PREFIX_BINARY,SELECT,17,1744599,189840
N10000_K950_UNIFORM_MILLION,10000,9500,950,9500000000,PREFIX_BINARY,SELECT,18,1672100,189840
N10000_K950_UNIFORM_MILLION,10000,9500,950,9500000000,PREFIX_BINARY,SELECT,19,1814101,189840
N10000_K950_UNIFORM_MILLION,10000,9500,950,9500000000,PREFIX_BINARY,TOTAL,0,7278901,1031152
N10000_K950_UNIFORM_MILLION,10000,9500,950,9500000000,PREFIX_BINARY,TOTAL,1,6940600,1031152
N10000_K950_UNIFORM_MILLION,10000,9500,950,9500000000,PREFIX_BINARY,TOTAL,2,7296500,1031152
N10000_K950_UNIFORM_MILLION,10000,9500,950,9500000000,PREFIX_BINARY,TOTAL,3,7511099,1031152
N10000_K950_UNIFORM_MILLION,10000,9500,950,9500000000,PREFIX_BINARY,TOTAL,4,5344800,1031152
N10000_K950_UNIFORM_MILLION,10000,9500,950,9500000000,PREFIX_BINARY,TOTAL,5,4781900,1031152
N10000_K950_UNIFORM_MILLION,10000,9500,950,9500000000,PREFIX_BINARY,TOTAL,6,6093401,1031152
N10000_K950_UNIFORM_MILLION,10000,9500,950,9500000000,PREFIX_BINARY,TOTAL,7,6583799,1031152
N10000_K950_UNIFORM_MILLION,10000,9500,950,9500000000,PREFIX_BINARY,TOTAL,8,7579600,1031152
N10000_K950_UNIFORM_MILLION,10000,9500,950,9500000000,PREFIX_BINARY,TOTAL,9,7322200,1031152
N10000_K950_UNIFORM_MILLION,10000,9500,950,9500000000,PREFIX_BINARY,TOTAL,10,7366500,1031152
N10000_K950_UNIFORM_MILLION,10000,9500,950,9500000000,PREFIX_BINARY,TOTAL,11,7263999,1031152
N10000_K950_UNIFORM_MILLION,10000,9500,950,9500000000,PREFIX_BINARY,TOTAL,12,7021501,1031152
N10000_K950_UNIFORM_MILLION,10000,9500,950,9500000000,PREFIX_BINARY,TOTAL,13,6610100,1031152
N10000_K950_UNIFORM_MILLION,10000,9500,950,9500000000,PREFIX_BINARY,TOTAL,14,7365001,1031152
N10000_K950_UNIFORM_MILLION,10000,9500,950,9500000000,PREFIX_BINARY,TOTAL,15,7288701,1031152
N10000_K950_UNIFORM_MILLION,10000,9500,950,9500000000,PREFIX_BINARY,TOTAL,16,7428400,1031152
N10000_K950_UNIFORM_MILLION,10000,9500,950,9500000000,PREFIX_BINARY,TOTAL,17,7290201,1031152
N10000_K950_UNIFORM_MILLION,10000,9500,950,9500000000,PREFIX_BINARY,TOTAL,18,7214101,1031152
N10000_K950_UNIFORM_MILLION,10000,9500,950,9500000000,PREFIX_BINARY,TOTAL,19,7293200,1031152
N10000_K950_UNIFORM_MILLION,10000,9500,950,9500000000,FENWICK,NORMALIZE,0,5552800,689248
N10000_K950_UNIFORM_MILLION,10000,9500,950,9500000000,FENWICK,NORMALIZE,1,4860700,689248
N10000_K950_UNIFORM_MILLION,10000,9500,950,9500000000,FENWICK,NORMALIZE,2,3610700,689248
N10000_K950_UNIFORM_MILLION,10000,9500,950,9500000000,FENWICK,NORMALIZE,3,5189800,689248
N10000_K950_UNIFORM_MILLION,10000,9500,950,9500000000,FENWICK,NORMALIZE,4,5473200,689248
N10000_K950_UNIFORM_MILLION,10000,9500,950,9500000000,FENWICK,NORMALIZE,5,5512500,689248
N10000_K950_UNIFORM_MILLION,10000,9500,950,9500000000,FENWICK,NORMALIZE,6,3758400,689248
N10000_K950_UNIFORM_MILLION,10000,9500,950,9500000000,FENWICK,NORMALIZE,7,3628800,689248
N10000_K950_UNIFORM_MILLION,10000,9500,950,9500000000,FENWICK,NORMALIZE,8,4344399,689248
N10000_K950_UNIFORM_MILLION,10000,9500,950,9500000000,FENWICK,NORMALIZE,9,5278400,689248
N10000_K950_UNIFORM_MILLION,10000,9500,950,9500000000,FENWICK,NORMALIZE,10,4138101,689248
N10000_K950_UNIFORM_MILLION,10000,9500,950,9500000000,FENWICK,NORMALIZE,11,3739499,689248
N10000_K950_UNIFORM_MILLION,10000,9500,950,9500000000,FENWICK,NORMALIZE,12,5504800,689248
N10000_K950_UNIFORM_MILLION,10000,9500,950,9500000000,FENWICK,NORMALIZE,13,5029600,689248
N10000_K950_UNIFORM_MILLION,10000,9500,950,9500000000,FENWICK,NORMALIZE,14,5583400,689248
N10000_K950_UNIFORM_MILLION,10000,9500,950,9500000000,FENWICK,NORMALIZE,15,5565200,689248
N10000_K950_UNIFORM_MILLION,10000,9500,950,9500000000,FENWICK,NORMALIZE,16,5427000,689248
N10000_K950_UNIFORM_MILLION,10000,9500,950,9500000000,FENWICK,NORMALIZE,17,5681901,689248
N10000_K950_UNIFORM_MILLION,10000,9500,950,9500000000,FENWICK,NORMALIZE,18,5335600,689248
N10000_K950_UNIFORM_MILLION,10000,9500,950,9500000000,FENWICK,NORMALIZE,19,4587899,689248
N10000_K950_UNIFORM_MILLION,10000,9500,950,9500000000,FENWICK,BUILD,0,148301,152136
N10000_K950_UNIFORM_MILLION,10000,9500,950,9500000000,FENWICK,BUILD,1,86700,152136
N10000_K950_UNIFORM_MILLION,10000,9500,950,9500000000,FENWICK,BUILD,2,155499,152136
N10000_K950_UNIFORM_MILLION,10000,9500,950,9500000000,FENWICK,BUILD,3,146400,152136
N10000_K950_UNIFORM_MILLION,10000,9500,950,9500000000,FENWICK,BUILD,4,149100,152136
N10000_K950_UNIFORM_MILLION,10000,9500,950,9500000000,FENWICK,BUILD,5,186400,152136
N10000_K950_UNIFORM_MILLION,10000,9500,950,9500000000,FENWICK,BUILD,6,147600,152136
N10000_K950_UNIFORM_MILLION,10000,9500,950,9500000000,FENWICK,BUILD,7,157701,152136
N10000_K950_UNIFORM_MILLION,10000,9500,950,9500000000,FENWICK,BUILD,8,146700,152136
N10000_K950_UNIFORM_MILLION,10000,9500,950,9500000000,FENWICK,BUILD,9,149700,152136
N10000_K950_UNIFORM_MILLION,10000,9500,950,9500000000,FENWICK,BUILD,10,96700,152136
N10000_K950_UNIFORM_MILLION,10000,9500,950,9500000000,FENWICK,BUILD,11,85400,152136
N10000_K950_UNIFORM_MILLION,10000,9500,950,9500000000,FENWICK,BUILD,12,89500,152136
N10000_K950_UNIFORM_MILLION,10000,9500,950,9500000000,FENWICK,BUILD,13,83700,152136
N10000_K950_UNIFORM_MILLION,10000,9500,950,9500000000,FENWICK,BUILD,14,148900,152136
N10000_K950_UNIFORM_MILLION,10000,9500,950,9500000000,FENWICK,BUILD,15,161700,152136
N10000_K950_UNIFORM_MILLION,10000,9500,950,9500000000,FENWICK,BUILD,16,188200,152136
N10000_K950_UNIFORM_MILLION,10000,9500,950,9500000000,FENWICK,BUILD,17,94400,152136
N10000_K950_UNIFORM_MILLION,10000,9500,950,9500000000,FENWICK,BUILD,18,83400,152136
N10000_K950_UNIFORM_MILLION,10000,9500,950,9500000000,FENWICK,BUILD,19,85000,152136
N10000_K950_UNIFORM_MILLION,10000,9500,950,9500000000,FENWICK,SELECT,0,436400,189840
N10000_K950_UNIFORM_MILLION,10000,9500,950,9500000000,FENWICK,SELECT,1,433700,189840
N10000_K950_UNIFORM_MILLION,10000,9500,950,9500000000,FENWICK,SELECT,2,638199,189840
N10000_K950_UNIFORM_MILLION,10000,9500,950,9500000000,FENWICK,SELECT,3,739800,189840
N10000_K950_UNIFORM_MILLION,10000,9500,950,9500000000,FENWICK,SELECT,4,717200,189840
N10000_K950_UNIFORM_MILLION,10000,9500,950,9500000000,FENWICK,SELECT,5,566400,189840
N10000_K950_UNIFORM_MILLION,10000,9500,950,9500000000,FENWICK,SELECT,6,734500,189840
N10000_K950_UNIFORM_MILLION,10000,9500,950,9500000000,FENWICK,SELECT,7,670301,189840
N10000_K950_UNIFORM_MILLION,10000,9500,950,9500000000,FENWICK,SELECT,8,570900,189840
N10000_K950_UNIFORM_MILLION,10000,9500,950,9500000000,FENWICK,SELECT,9,2677200,189840
N10000_K950_UNIFORM_MILLION,10000,9500,950,9500000000,FENWICK,SELECT,10,740000,189840
N10000_K950_UNIFORM_MILLION,10000,9500,950,9500000000,FENWICK,SELECT,11,685100,189840
N10000_K950_UNIFORM_MILLION,10000,9500,950,9500000000,FENWICK,SELECT,12,689601,189840
N10000_K950_UNIFORM_MILLION,10000,9500,950,9500000000,FENWICK,SELECT,13,549799,189840
N10000_K950_UNIFORM_MILLION,10000,9500,950,9500000000,FENWICK,SELECT,14,696699,189840
N10000_K950_UNIFORM_MILLION,10000,9500,950,9500000000,FENWICK,SELECT,15,665800,189840
N10000_K950_UNIFORM_MILLION,10000,9500,950,9500000000,FENWICK,SELECT,16,619100,189840
N10000_K950_UNIFORM_MILLION,10000,9500,950,9500000000,FENWICK,SELECT,17,655401,189840
N10000_K950_UNIFORM_MILLION,10000,9500,950,9500000000,FENWICK,SELECT,18,637800,189840
N10000_K950_UNIFORM_MILLION,10000,9500,950,9500000000,FENWICK,SELECT,19,658500,189840
N10000_K950_UNIFORM_MILLION,10000,9500,950,9500000000,FENWICK,TOTAL,0,6556201,1031224
N10000_K950_UNIFORM_MILLION,10000,9500,950,9500000000,FENWICK,TOTAL,1,6660501,1031224
N10000_K950_UNIFORM_MILLION,10000,9500,950,9500000000,FENWICK,TOTAL,2,6427999,1031224
N10000_K950_UNIFORM_MILLION,10000,9500,950,9500000000,FENWICK,TOTAL,3,5902000,1031224
N10000_K950_UNIFORM_MILLION,10000,9500,950,9500000000,FENWICK,TOTAL,4,6519200,1031224
N10000_K950_UNIFORM_MILLION,10000,9500,950,9500000000,FENWICK,TOTAL,5,6608300,1031224
N10000_K950_UNIFORM_MILLION,10000,9500,950,9500000000,FENWICK,TOTAL,6,6167401,1031224
N10000_K950_UNIFORM_MILLION,10000,9500,950,9500000000,FENWICK,TOTAL,7,5211099,1031224
N10000_K950_UNIFORM_MILLION,10000,9500,950,9500000000,FENWICK,TOTAL,8,6144101,1031224
N10000_K950_UNIFORM_MILLION,10000,9500,950,9500000000,FENWICK,TOTAL,9,4228400,1031224
N10000_K950_UNIFORM_MILLION,10000,9500,950,9500000000,FENWICK,TOTAL,10,5195900,1031224
N10000_K950_UNIFORM_MILLION,10000,9500,950,9500000000,FENWICK,TOTAL,11,6340801,1031224
N10000_K950_UNIFORM_MILLION,10000,9500,950,9500000000,FENWICK,TOTAL,12,6343599,1031224
N10000_K950_UNIFORM_MILLION,10000,9500,950,9500000000,FENWICK,TOTAL,13,6488800,1031224
N10000_K950_UNIFORM_MILLION,10000,9500,950,9500000000,FENWICK,TOTAL,14,6113300,1031224
N10000_K950_UNIFORM_MILLION,10000,9500,950,9500000000,FENWICK,TOTAL,15,6387900,1031224
N10000_K950_UNIFORM_MILLION,10000,9500,950,9500000000,FENWICK,TOTAL,16,6361101,1031224
N10000_K950_UNIFORM_MILLION,10000,9500,950,9500000000,FENWICK,TOTAL,17,6295300,1031224
N10000_K950_UNIFORM_MILLION,10000,9500,950,9500000000,FENWICK,TOTAL,18,6227501,1031224
N10000_K950_UNIFORM_MILLION,10000,9500,950,9500000000,FENWICK,TOTAL,19,6375900,1031224
