scenario,candidates,eligible,winners,total_weight,method,phase,iteration,ns,allocated_bytes
N1000_K1_UNIFORM_1,1000,950,1,950,TICKET_ARRAY,NORMALIZE,0,2041100,70144
N1000_K1_UNIFORM_1,1000,950,1,950,TICKET_ARRAY,NORMALIZE,1,1795000,69800
N1000_K1_UNIFORM_1,1000,950,1,950,TICKET_ARRAY,NORMALIZE,2,1807200,69800
N1000_K1_UNIFORM_1,1000,950,1,950,TICKET_ARRAY,NORMALIZE,3,1753500,69800
N1000_K1_UNIFORM_1,1000,950,1,950,TICKET_ARRAY,NORMALIZE,4,1179700,69800
N1000_K1_UNIFORM_1,1000,950,1,950,TICKET_ARRAY,NORMALIZE,5,1475400,69800
N1000_K1_UNIFORM_1,1000,950,1,950,TICKET_ARRAY,NORMALIZE,6,1297800,69800
N1000_K1_UNIFORM_1,1000,950,1,950,TICKET_ARRAY,NORMALIZE,7,1194000,69800
N1000_K1_UNIFORM_1,1000,950,1,950,TICKET_ARRAY,NORMALIZE,8,1073799,69800
N1000_K1_UNIFORM_1,1000,950,1,950,TICKET_ARRAY,NORMALIZE,9,1114700,69800
N1000_K1_UNIFORM_1,1000,950,1,950,TICKET_ARRAY,NORMALIZE,10,1264901,69800
N1000_K1_UNIFORM_1,1000,950,1,950,TICKET_ARRAY,NORMALIZE,11,1189199,69800
N1000_K1_UNIFORM_1,1000,950,1,950,TICKET_ARRAY,NORMALIZE,12,1172000,69800
N1000_K1_UNIFORM_1,1000,950,1,950,TICKET_ARRAY,NORMALIZE,13,1107700,69800
N1000_K1_UNIFORM_1,1000,950,1,950,TICKET_ARRAY,NORMALIZE,14,1114500,69800
N1000_K1_UNIFORM_1,1000,950,1,950,TICKET_ARRAY,NORMALIZE,15,1260099,69800
N1000_K1_UNIFORM_1,1000,950,1,950,TICKET_ARRAY,NORMALIZE,16,1224100,69800
N1000_K1_UNIFORM_1,1000,950,1,950,TICKET_ARRAY,NORMALIZE,17,1111700,69800
N1000_K1_UNIFORM_1,1000,950,1,950,TICKET_ARRAY,NORMALIZE,18,1123900,69800
N1000_K1_UNIFORM_1,1000,950,1,950,TICKET_ARRAY,NORMALIZE,19,1123200,69800
N1000_K1_UNIFORM_1,1000,950,1,950,TICKET_ARRAY,BUILD,0,309300,3840
N1000_K1_UNIFORM_1,1000,950,1,950,TICKET_ARRAY,BUILD,1,280901,3840
N1000_K1_UNIFORM_1,1000,950,1,950,TICKET_ARRAY,BUILD,2,214100,3840
N1000_K1_UNIFORM_1,1000,950,1,950,TICKET_ARRAY,BUILD,3,221900,3840
N1000_K1_UNIFORM_1,1000,950,1,950,TICKET_ARRAY,BUILD,4,223401,3840
N1000_K1_UNIFORM_1,1000,950,1,950,TICKET_ARRAY,BUILD,5,221300,3840
N1000_K1_UNIFORM_1,1000,950,1,950,TICKET_ARRAY,BUILD,6,217199,3840
N1000_K1_UNIFORM_1,1000,950,1,950,TICKET_ARRAY,BUILD,7,222700,3840
N1000_K1_UNIFORM_1,1000,950,1,950,TICKET_ARRAY,BUILD,8,261300,3840
N1000_K1_UNIFORM_1,1000,950,1,950,TICKET_ARRAY,BUILD,9,218700,3840
N1000_K1_UNIFORM_1,1000,950,1,950,TICKET_ARRAY,BUILD,10,225399,3840
N1000_K1_UNIFORM_1,1000,950,1,950,TICKET_ARRAY,BUILD,11,232799,3840
N1000_K1_UNIFORM_1,1000,950,1,950,TICKET_ARRAY,BUILD,12,216600,3840
N1000_K1_UNIFORM_1,1000,950,1,950,TICKET_ARRAY,BUILD,13,204700,3840
N1000_K1_UNIFORM_1,1000,950,1,950,TICKET_ARRAY,BUILD,14,204001,3840
N1000_K1_UNIFORM_1,1000,950,1,950,TICKET_ARRAY,BUILD,15,233699,3840
N1000_K1_UNIFORM_1,1000,950,1,950,TICKET_ARRAY,BUILD,16,206000,3840
N1000_K1_UNIFORM_1,1000,950,1,950,TICKET_ARRAY,BUILD,17,204200,3840
N1000_K1_UNIFORM_1,1000,950,1,950,TICKET_ARRAY,BUILD,18,205101,3840
N1000_K1_UNIFORM_1,1000,950,1,950,TICKET_ARRAY,BUILD,19,278801,3840
N1000_K1_UNIFORM_1,1000,950,1,950,TICKET_ARRAY,SELECT,0,493699,2008
N1000_K1_UNIFORM_1,1000,950,1,950,TICKET_ARRAY,SELECT,1,463200,2008
N1000_K1_UNIFORM_1,1000,950,1,950,TICKET_ARRAY,SELECT,2,490900,2008
N1000_K1_UNIFORM_1,1000,950,1,950,TICKET_ARRAY,SELECT,3,382700,2008
N1000_K1_UNIFORM_1,1000,950,1,950,TICKET_ARRAY,SELECT,4,398800,2008
N1000_K1_UNIFORM_1,1000,950,1,950,TICKET_ARRAY,SELECT,5,379300,2008
N1000_K1_UNIFORM_1,1000,950,1,950,TICKET_ARRAY,SELECT,6,405900,2008
N1000_K1_UNIFORM_1,1000,950,1,950,TICKET_ARRAY,SELECT,7,493100,2008
N1000_K1_UNIFORM_1,1000,950,1,950,TICKET_ARRAY,SELECT,8,369700,2008
N1000_K1_UNIFORM_1,1000,950,1,950,TICKET_ARRAY,SELECT,9,347300,2008
N1000_K1_UNIFORM_1,1000,950,1,950,TICKET_ARRAY,SELECT,10,326799,2008
N1000_K1_UNIFORM_1,1000,950,1,950,TICKET_ARRAY,SELECT,11,424200,2008
N1000_K1_UNIFORM_1,1000,950,1,950,TICKET_ARRAY,SELECT,12,397000,2008
N1000_K1_UNIFORM_1,1000,950,1,950,TICKET_ARRAY,SELECT,13,367700,2008
N1000_K1_UNIFORM_1,1000,950,1,950,TICKET_ARRAY,SELECT,14,332301,2008
N1000_K1_UNIFORM_1,1000,950,1,950,TICKET_ARRAY,SELECT,15,336800,2008
N1000_K1_UNIFORM_1,1000,950,1,950,TICKET_ARRAY,SELECT,16,309001,2008
N1000_K1_UNIFORM_1,1000,950,1,950,TICKET_ARRAY,SELECT,17,331701,2008
N1000_K1_UNIFORM_1,1000,950,1,950,TICKET_ARRAY,SELECT,18,355900,2008
N1000_K1_UNIFORM_1,1000,950,1,950,TICKET_ARRAY,SELECT,19,370900,2008
N1000_K1_UNIFORM_1,1000,950,1,950,TICKET_ARRAY,TOTAL,0,961501,75648
N1000_K1_UNIFORM_1,1000,950,1,950,TICKET_ARRAY,TOTAL,1,1383600,75648
N1000_K1_UNIFORM_1,1000,950,1,950,TICKET_ARRAY,TOTAL,2,982901,75648
N1000_K1_UNIFORM_1,1000,950,1,950,TICKET_ARRAY,TOTAL,3,1079400,75648
N1000_K1_UNIFORM_1,1000,950,1,950,TICKET_ARRAY,TOTAL,4,951800,75648
N1000_K1_UNIFORM_1,1000,950,1,950,TICKET_ARRAY,TOTAL,5,1003800,75648
N1000_K1_UNIFORM_1,1000,950,1,950,TICKET_ARRAY,TOTAL,6,1050401,75648
N1000_K1_UNIFORM_1,1000,950,1,950,TICKET_ARRAY,TOTAL,7,1075700,75648
N1000_K1_UNIFORM_1,1000,950,1,950,TICKET_ARRAY,TOTAL,8,1008700,75648
N1000_K1_UNIFORM_1,1000,950,1,950,TICKET_ARRAY,TOTAL,9,1080399,75648
N1000_K1_UNIFORM_1,1000,950,1,950,TICKET_ARRAY,TOTAL,10,1146500,75648
N1000_K1_UNIFORM_1,1000,950,1,950,TICKET_ARRAY,TOTAL,11,1431200,75648
N1000_K1_UNIFORM_1,1000,950,1,950,TICKET_ARRAY,TOTAL,12,963800,75648
N1000_K1_UNIFORM_1,1000,950,1,950,TICKET_ARRAY,TOTAL,13,1133599,75648
N1000_K1_UNIFORM_1,1000,950,1,950,TICKET_ARRAY,TOTAL,14,947400,75648
N1000_K1_UNIFORM_1,1000,950,1,950,TICKET_ARRAY,TOTAL,15,737801,75648
N1000_K1_UNIFORM_1,1000,950,1,950,TICKET_ARRAY,TOTAL,16,806001,75648
N1000_K1_UNIFORM_1,1000,950,1,950,TICKET_ARRAY,TOTAL,17,954401,75648
N1000_K1_UNIFORM_1,1000,950,1,950,TICKET_ARRAY,TOTAL,18,998499,75648
N1000_K1_UNIFORM_1,1000,950,1,950,TICKET_ARRAY,TOTAL,19,785999,75648
N1000_K1_UNIFORM_1,1000,950,1,950,PREFIX_LINEAR,NORMALIZE,0,786100,69800
N1000_K1_UNIFORM_1,1000,950,1,950,PREFIX_LINEAR,NORMALIZE,1,676000,69896
N1000_K1_UNIFORM_1,1000,950,1,950,PREFIX_LINEAR,NORMALIZE,2,643501,70648
N1000_K1_UNIFORM_1,1000,950,1,950,PREFIX_LINEAR,NORMALIZE,3,630100,69800
N1000_K1_UNIFORM_1,1000,950,1,950,PREFIX_LINEAR,NORMALIZE,4,630501,69800
N1000_K1_UNIFORM_1,1000,950,1,950,PREFIX_LINEAR,NORMALIZE,5,632700,69800
N1000_K1_UNIFORM_1,1000,950,1,950,PREFIX_LINEAR,NORMALIZE,6,581400,69800
N1000_K1_UNIFORM_1,1000,950,1,950,PREFIX_LINEAR,NORMALIZE,7,964600,69800
N1000_K1_UNIFORM_1,1000,950,1,950,PREFIX_LINEAR,NORMALIZE,8,941100,69800
N1000_K1_UNIFORM_1,1000,950,1,950,PREFIX_LINEAR,NORMALIZE,9,770800,69800
N1000_K1_UNIFORM_1,1000,950,1,950,PREFIX_LINEAR,NORMALIZE,10,922401,69800
N1000_K1_UNIFORM_1,1000,950,1,950,PREFIX_LINEAR,NORMALIZE,11,773599,69800
N1000_K1_UNIFORM_1,1000,950,1,950,PREFIX_LINEAR,NORMALIZE,12,795200,69800
N1000_K1_UNIFORM_1,1000,950,1,950,PREFIX_LINEAR,NORMALIZE,13,721100,69800
N1000_K1_UNIFORM_1,1000,950,1,950,PREFIX_LINEAR,NORMALIZE,14,688700,69800
N1000_K1_UNIFORM_1,1000,950,1,950,PREFIX_LINEAR,NORMALIZE,15,605400,69800
N1000_K1_UNIFORM_1,1000,950,1,950,PREFIX_LINEAR,NORMALIZE,16,544600,69800
N1000_K1_UNIFORM_1,1000,950,1,950,PREFIX_LINEAR,NORMALIZE,17,576600,69800
N1000_K1_UNIFORM_1,1000,950,1,950,PREFIX_LINEAR,NORMALIZE,18,755401,69800
N1000_K1_UNIFORM_1,1000,950,1,950,PREFIX_LINEAR,NORMALIZE,19,900900,69800
N1000_K1_UNIFORM_1,1000,950,1,950,PREFIX_LINEAR,BUILD,0,181200,15264
N1000_K1_UNIFORM_1,1000,950,1,950,PREFIX_LINEAR,BUILD,1,269299,15264
N1000_K1_UNIFORM_1,1000,950,1,950,PREFIX_LINEAR,BUILD,2,243000,15264
N1000_K1_UNIFORM_1,1000,950,1,950,PREFIX_LINEAR,BUILD,3,242901,15264
N1000_K1_UNIFORM_1,1000,950,1,950,PREFIX_LINEAR,BUILD,4,252600,15264
N1000_K1_UNIFORM_1,1000,950,1,950,PREFIX_LINEAR,BUILD,5,177700,15264
N1000_K1_UNIFORM_1,1000,950,1,950,PREFIX_LINEAR,BUILD,6,193600,15264
N1000_K1_UNIFORM_1,1000,950,1,950,PREFIX_LINEAR,BUILD,7,176900,15264
N1000_K1_UNIFORM_1,1000,950,1,950,PREFIX_LINEAR,BUILD,8,187099,15264
N1000_K1_UNIFORM_1,1000,950,1,950,PREFIX_LINEAR,BUILD,9,178601,15264
N1000_K1_UNIFORM_1,1000,950,1,950,PREFIX_LINEAR,BUILD,10,180700,15264
N1000_K1_UNIFORM_1,1000,950,1,950,PREFIX_LINEAR,BUILD,11,194399,15264
N1000_K1_UNIFORM_1,1000,950,1,950,PREFIX_LINEAR,BUILD,12,182700,15264
N1000_K1_UNIFORM_1,1000,950,1,950,PREFIX_LINEAR,BUILD,13,178500,15264
N1000_K1_UNIFORM_1,1000,950,1,950,PREFIX_LINEAR,BUILD,14,189900,15264
N1000_K1_UNIFORM_1,1000,950,1,950,PREFIX_LINEAR,BUILD,15,176801,15264
N1000_K1_UNIFORM_1,1000,950,1,950,PREFIX_LINEAR,BUILD,16,197400,15264
N1000_K1_UNIFORM_1,1000,950,1,950,PREFIX_LINEAR,BUILD,17,222100,15264
N1000_K1_UNIFORM_1,1000,950,1,950,PREFIX_LINEAR,BUILD,18,176100,15264
N1000_K1_UNIFORM_1,1000,950,1,950,PREFIX_LINEAR,BUILD,19,203400,15264
N1000_K1_UNIFORM_1,1000,950,1,950,PREFIX_LINEAR,SELECT,0,171101,2008
N1000_K1_UNIFORM_1,1000,950,1,950,PREFIX_LINEAR,SELECT,1,193901,2008
N1000_K1_UNIFORM_1,1000,950,1,950,PREFIX_LINEAR,SELECT,2,186799,2008
N1000_K1_UNIFORM_1,1000,950,1,950,PREFIX_LINEAR,SELECT,3,149399,2008
N1000_K1_UNIFORM_1,1000,950,1,950,PREFIX_LINEAR,SELECT,4,161200,2008
N1000_K1_UNIFORM_1,1000,950,1,950,PREFIX_LINEAR,SELECT,5,177100,2008
N1000_K1_UNIFORM_1,1000,950,1,950,PREFIX_LINEAR,SELECT,6,157999,2008
N1000_K1_UNIFORM_1,1000,950,1,950,PREFIX_LINEAR,SELECT,7,198200,2008
N1000_K1_UNIFORM_1,1000,950,1,950,PREFIX_LINEAR,SELECT,8,204701,2008
N1000_K1_UNIFORM_1,1000,950,1,950,PREFIX_LINEAR,SELECT,9,491901,2008
N1000_K1_UNIFORM_1,1000,950,1,950,PREFIX_LINEAR,SELECT,10,342500,2008
N1000_K1_UNIFORM_1,1000,950,1,950,PREFIX_LINEAR,SELECT,11,399999,2008
N1000_K1_UNIFORM_1,1000,950,1,950,PREFIX_LINEAR,SELECT,12,249799,2008
N1000_K1_UNIFORM_1,1000,950,1,950,PREFIX_LINEAR,SELECT,13,160301,2008
N1000_K1_UNIFORM_1,1000,950,1,950,PREFIX_LINEAR,SELECT,14,238300,2008
N1000_K1_UNIFORM_1,1000,950,1,950,PREFIX_LINEAR,SELECT,15,230100,2008
N1000_K1_UNIFORM_1,1000,950,1,950,PREFIX_LINEAR,SELECT,16,256500,2008
N1000_K1_UNIFORM_1,1000,950,1,950,PREFIX_LINEAR,SELECT,17,170799,2008
N1000_K1_UNIFORM_1,1000,950,1,950,PREFIX_LINEAR,SELECT,18,133399,2008
N1000_K1_UNIFORM_1,1000,950,1,950,PREFIX_LINEAR,SELECT,19,138500,2008
N1000_K1_UNIFORM_1,1000,950,1,950,PREFIX_LINEAR,TOTAL,0,669600,87040
N1000_K1_UNIFORM_1,1000,950,1,950,PREFIX_LINEAR,TOTAL,1,646000,87040
N1000_K1_UNIFORM_1,1000,950,1,950,PREFIX_LINEAR,TOTAL,2,994000,87040
N1000_K1_UNIFORM_1,1000,950,1,950,PREFIX_LINEAR,TOTAL,3,906300,87040
N1000_K1_UNIFORM_1,1000,950,1,950,PREFIX_LINEAR,TOTAL,4,732299,87040
N1000_K1_UNIFORM_1,1000,950,1,950,PREFIX_LINEAR,TOTAL,5,781200,87040
N1000_K1_UNIFORM_1,1000,950,1,950,PREFIX_LINEAR,TOTAL,6,776500,87040
N1000_K1_UNIFORM_1,1000,950,1,950,PREFIX_LINEAR,TOTAL,7,806300,87040
N1000_K1_UNIFORM_1,1000,950,1,950,PREFIX_LINEAR,TOTAL,8,1041801,87040
N1000_K1_UNIFORM_1,1000,950,1,950,PREFIX_LINEAR,TOTAL,9,716300,87040
N1000_K1_UNIFORM_1,1000,950,1,950,PREFIX_LINEAR,TOTAL,10,577199,87040
N1000_K1_UNIFORM_1,1000,950,1,950,PREFIX_LINEAR,TOTAL,11,574200,87040
N1000_K1_UNIFORM_1,1000,950,1,950,PREFIX_LINEAR,TOTAL,12,747200,87040
N1000_K1_UNIFORM_1,1000,950,1,950,PREFIX_LINEAR,TOTAL,13,532799,87040
N1000_K1_UNIFORM_1,1000,950,1,950,PREFIX_LINEAR,TOTAL,14,573600,87040
N1000_K1_UNIFORM_1,1000,950,1,950,PREFIX_LINEAR,TOTAL,15,466900,87040
N1000_K1_UNIFORM_1,1000,950,1,950,PREFIX_LINEAR,TOTAL,16,606300,88336
N1000_K1_UNIFORM_1,1000,950,1,950,PREFIX_LINEAR,TOTAL,17,750900,87040
N1000_K1_UNIFORM_1,1000,950,1,950,PREFIX_LINEAR,TOTAL,18,727001,87040
N1000_K1_UNIFORM_1,1000,950,1,950,PREFIX_LINEAR,TOTAL,19,863300,87040
N1000_K1_UNIFORM_1,1000,950,1,950,PREFIX_BINARY,NORMALIZE,0,394600,69768
N1000_K1_UNIFORM_1,1000,950,1,950,PREFIX_BINARY,NORMALIZE,1,485800,69768
N1000_K1_UNIFORM_1,1000,950,1,950,PREFIX_BINARY,NORMALIZE,2,419999,69768
N1000_K1_UNIFORM_1,1000,950,1,950,PREFIX_BINARY,NORMALIZE,3,365201,69768
N1000_K1_UNIFORM_1,1000,950,1,950,PREFIX_BINARY,NORMALIZE,4,438500,69768
N1000_K1_UNIFORM_1,1000,950,1,950,PREFIX_BINARY,NORMALIZE,5,301399,69768
N1000_K1_UNIFORM_1,1000,950,1,950,PREFIX_BINARY,NORMALIZE,6,279700,69768
N1000_K1_UNIFORM_1,1000,950,1,950,PREFIX_BINARY,NORMALIZE,7,281401,69768
N1000_K1_UNIFORM_1,1000,950,1,950,PREFIX_BINARY,NORMALIZE,8,317901,69768
N1000_K1_UNIFORM_1,1000,950,1,950,PREFIX_BINARY,NORMALIZE,9,267800,69768
N1000_K1_UNIFORM_1,1000,950,1,950,PREFIX_BINARY,NORMALIZE,10,274500,69768
N1000_K1_UNIFORM_1,1000,950,1,950,PREFIX_BINARY,NORMALIZE,11,506300,69768
N1000_K1_UNIFORM_1,1000,950,1,950,PREFIX_BINARY,NORMALIZE,12,338800,69768
N1000_K1_UNIFORM_1,1000,950,1,950,PREFIX_BINARY,NORMALIZE,13,438500,69768
N1000_K1_UNIFORM_1,1000,950,1,950,PREFIX_BINARY,NORMALIZE,14,274300,69768
N1000_K1_UNIFORM_1,1000,950,1,950,PREFIX_BINARY,NORMALIZE,15,277000,69768
N1000_K1_UNIFORM_1,1000,950,1,950,PREFIX_BINARY,NORMALIZE,16,264600,69768
N1000_K1_UNIFORM_1,1000,950,1,950,PREFIX_BINARY,NORMALIZE,17,257601,69768
N1000_K1_UNIFORM_1,1000,950,1,950,PREFIX_BINARY,NORMALIZE,18,257001,69768
N1000_K1_UNIFORM_1,1000,950,1,950,PREFIX_BINARY,NORMALIZE,19,371600,69768
N1000_K1_UNIFORM_1,1000,950,1,950,PREFIX_BINARY,BUILD,0,21301,15264
N1000_K1_UNIFORM_1,1000,950,1,950,PREFIX_BINARY,BUILD,1,20600,15264
N1000_K1_UNIFORM_1,1000,950,1,950,PREFIX_BINARY,BUILD,2,20899,15264
N1000_K1_UNIFORM_1,1000,950,1,950,PREFIX_BINARY,BUILD,3,21300,15264
N1000_K1_UNIFORM_1,1000,950,1,950,PREFIX_BINARY,BUILD,4,21800,15264
N1000_K1_UNIFORM_1,1000,950,1,950,PREFIX_BINARY,BUILD,5,35800,15264
N1000_K1_UNIFORM_1,1000,950,1,950,PREFIX_BINARY,BUILD,6,21800,15264
N1000_K1_UNIFORM_1,1000,950,1,950,PREFIX_BINARY,BUILD,7,24200,15264
N1000_K1_UNIFORM_1,1000,950,1,950,PREFIX_BINARY,BUILD,8,21200,15264
N1000_K1_UNIFORM_1,1000,950,1,950,PREFIX_BINARY,BUILD,9,22400,15264
N1000_K1_UNIFORM_1,1000,950,1,950,PREFIX_BINARY,BUILD,10,21201,15264
N1000_K1_UNIFORM_1,1000,950,1,950,PREFIX_BINARY,BUILD,11,20700,15264
N1000_K1_UNIFORM_1,1000,950,1,950,PREFIX_BINARY,BUILD,12,20501,15264
N1000_K1_UNIFORM_1,1000,950,1,950,PREFIX_BINARY,BUILD,13,20899,15264
N1000_K1_UNIFORM_1,1000,950,1,950,PREFIX_BINARY,BUILD,14,21300,15264
N1000_K1_UNIFORM_1,1000,950,1,950,PREFIX_BINARY,BUILD,15,34801,15264
N1000_K1_UNIFORM_1,1000,950,1,950,PREFIX_BINARY,BUILD,16,25799,15264
N1000_K1_UNIFORM_1,1000,950,1,950,PREFIX_BINARY,BUILD,17,21299,15264
N1000_K1_UNIFORM_1,1000,950,1,950,PREFIX_BINARY,BUILD,18,20600,15264
N1000_K1_UNIFORM_1,1000,950,1,950,PREFIX_BINARY,BUILD,19,20800,15264
N1000_K1_UNIFORM_1,1000,950,1,950,PREFIX_BINARY,SELECT,0,141900,2008
N1000_K1_UNIFORM_1,1000,950,1,950,PREFIX_BINARY,SELECT,1,175400,2008
N1000_K1_UNIFORM_1,1000,950,1,950,PREFIX_BINARY,SELECT,2,201899,2008
N1000_K1_UNIFORM_1,1000,950,1,950,PREFIX_BINARY,SELECT,3,125100,2008
N1000_K1_UNIFORM_1,1000,950,1,950,PREFIX_BINARY,SELECT,4,120601,2008
N1000_K1_UNIFORM_1,1000,950,1,950,PREFIX_BINARY,SELECT,5,175499,2008
N1000_K1_UNIFORM_1,1000,950,1,950,PREFIX_BINARY,SELECT,6,144500,2008
N1000_K1_UNIFORM_1,1000,950,1,950,PREFIX_BINARY,SELECT,7,145000,2008
N1000_K1_UNIFORM_1,1000,950,1,950,PREFIX_BINARY,SELECT,8,206899,2008
N1000_K1_UNIFORM_1,1000,950,1,950,PREFIX_BINARY,SELECT,9,214400,2008
N1000_K1_UNIFORM_1,1000,950,1,950,PREFIX_BINARY,SELECT,10,209900,2008
N1000_K1_UNIFORM_1,1000,950,1,950,PREFIX_BINARY,SELECT,11,218800,2008
N1000_K1_UNIFORM_1,1000,950,1,950,PREFIX_BINARY,SELECT,12,132400,2008
N1000_K1_UNIFORM_1,1000,950,1,950,PREFIX_BINARY,SELECT,13,205099,2008
N1000_K1_UNIFORM_1,1000,950,1,950,PREFIX_BINARY,SELECT,14,103801,2008
N1000_K1_UNIFORM_1,1000,950,1,950,PREFIX_BINARY,SELECT,15,491701,2008
N1000_K1_UNIFORM_1,1000,950,1,950,PREFIX_BINARY,SELECT,16,200800,2008
N1000_K1_UNIFORM_1,1000,950,1,950,PREFIX_BINARY,SELECT,17,235300,2008
N1000_K1_UNIFORM_1,1000,950,1,950,PREFIX_BINARY,SELECT,18,3278900,27072
N1000_K1_UNIFORM_1,1000,950,1,950,PREFIX_BINARY,SELECT,19,386399,2008
N1000_K1_UNIFORM_1,1000,950,1,950,PREFIX_BINARY,TOTAL,0,434801,87008
N1000_K1_UNIFORM_1,1000,950,1,950,PREFIX_BINARY,TOTAL,1,408800,87008
N1000_K1_UNIFORM_1,1000,950,1,950,PREFIX_BINARY,TOTAL,2,342501,87008
N1000_K1_UNIFORM_1,1000,950,1,950,PREFIX_BINARY,TOTAL,3,327501,87008
N1000_K1_UNIFORM_1,1000,950,1,950,PREFIX_BINARY,TOTAL,4,330501,87008
N1000_K1_UNIFORM_1,1000,950,1,950,PREFIX_BINARY,TOTAL,5,321700,87008
N1000_K1_UNIFORM_1,1000,950,1,950,PREFIX_BINARY,TOTAL,6,377899,87008
N1000_K1_UNIFORM_1,1000,950,1,950,PREFIX_BINARY,TOTAL,7,382800,87008
N1000_K1_UNIFORM_1,1000,950,1,950,PREFIX_BINARY,TOTAL,8,415300,87008
N1000_K1_UNIFORM_1,1000,950,1,950,PREFIX_BINARY,TOTAL,9,474500,87008
N1000_K1_UNIFORM_1,1000,950,1,950,PREFIX_BINARY,TOTAL,10,324601,87008
N1000_K1_UNIFORM_1,1000,950,1,950,PREFIX_BINARY,TOTAL,11,333100,87008
N1000_K1_UNIFORM_1,1000,950,1,950,PREFIX_BINARY,TOTAL,12,315000,87008
N1000_K1_UNIFORM_1,1000,950,1,950,PREFIX_BINARY,TOTAL,13,375600,87008
N1000_K1_UNIFORM_1,1000,950,1,950,PREFIX_BINARY,TOTAL,14,387101,87008
N1000_K1_UNIFORM_1,1000,950,1,950,PREFIX_BINARY,TOTAL,15,325601,87008
N1000_K1_UNIFORM_1,1000,950,1,950,PREFIX_BINARY,TOTAL,16,326100,87008
N1000_K1_UNIFORM_1,1000,950,1,950,PREFIX_BINARY,TOTAL,17,539100,87008
N1000_K1_UNIFORM_1,1000,950,1,950,PREFIX_BINARY,TOTAL,18,633300,87008
N1000_K1_UNIFORM_1,1000,950,1,950,PREFIX_BINARY,TOTAL,19,429200,87008
N1000_K1_UNIFORM_1,1000,950,1,950,FENWICK,NORMALIZE,0,247899,69736
N1000_K1_UNIFORM_1,1000,950,1,950,FENWICK,NORMALIZE,1,252400,69736
N1000_K1_UNIFORM_1,1000,950,1,950,FENWICK,NORMALIZE,2,332699,69736
N1000_K1_UNIFORM_1,1000,950,1,950,FENWICK,NORMALIZE,3,401300,69736
N1000_K1_UNIFORM_1,1000,950,1,950,FENWICK,NORMALIZE,4,343900,69736
N1000_K1_UNIFORM_1,1000,950,1,950,FENWICK,NORMALIZE,5,273100,69736
N1000_K1_UNIFORM_1,1000,950,1,950,FENWICK,NORMALIZE,6,236500,69736
N1000_K1_UNIFORM_1,1000,950,1,950,FENWICK,NORMALIZE,7,258200,69736
N1000_K1_UNIFORM_1,1000,950,1,950,FENWICK,NORMALIZE,8,228500,69736
N1000_K1_UNIFORM_1,1000,950,1,950,FENWICK,NORMALIZE,9,220199,69736
N1000_K1_UNIFORM_1,1000,950,1,950,FENWICK,NORMALIZE,10,219300,69736
N1000_K1_UNIFORM_1,1000,950,1,950,FENWICK,NORMALIZE,11,382300,69736
N1000_K1_UNIFORM_1,1000,950,1,950,FENWICK,NORMALIZE,12,321999,69736
N1000_K1_UNIFORM_1,1000,950,1,950,FENWICK,NORMALIZE,13,316799,69736
N1000_K1_UNIFORM_1,1000,950,1,950,FENWICK,NORMALIZE,14,275300,69736
N1000_K1_UNIFORM_1,1000,950,1,950,FENWICK,NORMALIZE,15,337300,69736
N1000_K1_UNIFORM_1,1000,950,1,950,FENWICK,NORMALIZE,16,435600,69736
N1000_K1_UNIFORM_1,1000,950,1,950,FENWICK,NORMALIZE,17,429501,69736
N1000_K1_UNIFORM_1,1000,950,1,950,FENWICK,NORMALIZE,18,414799,69736
N1000_K1_UNIFORM_1,1000,950,1,950,FENWICK,NORMALIZE,19,367600,69736
N1000_K1_UNIFORM_1,1000,950,1,950,FENWICK,BUILD,0,301901,15336
N1000_K1_UNIFORM_1,1000,950,1,950,FENWICK,BUILD,1,289101,15336
N1000_K1_UNIFORM_1,1000,950,1,950,FENWICK,BUILD,2,453300,15336
N1000_K1_UNIFORM_1,1000,950,1,950,FENWICK,BUILD,3,396500,15336
N1000_K1_UNIFORM_1,1000,950,1,950,FENWICK,BUILD,4,399300,15336
N1000_K1_UNIFORM_1,1000,950,1,950,FENWICK,BUILD,5,383600,15336
N1000_K1_UNIFORM_1,1000,950,1,950,FENWICK,BUILD,6,276599,15336
N1000_K1_UNIFORM_1,1000,950,1,950,FENWICK,BUILD,7,279199,15336
N1000_K1_UNIFORM_1,1000,950,1,950,FENWICK,BUILD,8,274600,15336
N1000_K1_UNIFORM_1,1000,950,1,950,FENWICK,BUILD,9,300800,15336
N1000_K1_UNIFORM_1,1000,950,1,950,FENWICK,BUILD,10,358300,15336
N1000_K1_UNIFORM_1,1000,950,1,950,FENWICK,BUILD,11,287199,15336
N1000_K1_UNIFORM_1,1000,950,1,950,FENWICK,BUILD,12,276399,15336
N1000_K1_UNIFORM_1,1000,950,1,950,FENWICK,BUILD,13,268000,15336
N1000_K1_UNIFORM_1,1000,950,1,950,FENWICK,BUILD,14,285300,15336
N1000_K1_UNIFORM_1,1000,950,1,950,FENWICK,BUILD,15,271701,15336
N1000_K1_UNIFORM_1,1000,950,1,950,FENWICK,BUILD,16,287599,15336
N1000_K1_UNIFORM_1,1000,950,1,950,FENWICK,BUILD,17,288701,15336
N1000_K1_UNIFORM_1,1000,950,1,950,FENWICK,BUILD,18,268200,15336
N1000_K1_UNIFORM_1,1000,950,1,950,FENWICK,BUILD,19,280601,15336
N1000_K1_UNIFORM_1,1000,950,1,950,FENWICK,SELECT,0,70899,2008
N1000_K1_UNIFORM_1,1000,950,1,950,FENWICK,SELECT,1,70501,2008
N1000_K1_UNIFORM_1,1000,950,1,950,FENWICK,SELECT,2,98600,2008
N1000_K1_UNIFORM_1,1000,950,1,950,FENWICK,SELECT,3,86700,2008
N1000_K1_UNIFORM_1,1000,950,1,950,FENWICK,SELECT,4,71600,2008
N1000_K1_UNIFORM_1,1000,950,1,950,FENWICK,SELECT,5,68900,2008
N1000_K1_UNIFORM_1,1000,950,1,950,FENWICK,SELECT,6,71299,2008
N1000_K1_UNIFORM_1,1000,950,1,950,FENWICK,SELECT,7,232301,2008
N1000_K1_UNIFORM_1,1000,950,1,950,FENWICK,SELECT,8,78900,2008
N1000_K1_UNIFORM_1,1000,950,1,950,FENWICK,SELECT,9,84200,2008
N1000_K1_UNIFORM_1,1000,950,1,950,FENWICK,SELECT,10,96200,2008
N1000_K1_UNIFORM_1,1000,950,1,950,FENWICK,SELECT,11,65599,2008
N1000_K1_UNIFORM_1,1000,950,1,950,FENWICK,SELECT,12,82600,2008
N1000_K1_UNIFORM_1,1000,950,1,950,FENWICK,SELECT,13,93700,2008
N1000_K1_UNIFORM_1,1000,950,1,950,FENWICK,SELECT,14,69000,2008
N1000_K1_UNIFORM_1,1000,950,1,950,FENWICK,SELECT,15,119600,2008
N1000_K1_UNIFORM_1,1000,950,1,950,FENWICK,SELECT,16,73200,2008
N1000_K1_UNIFORM_1,1000,950,1,950,FENWICK,SELECT,17,62300,2008
N1000_K1_UNIFORM_1,1000,950,1,950,FENWICK,SELECT,18,167700,2640
N1000_K1_UNIFORM_1,1000,950,1,950,FENWICK,SELECT,19,65100,2008
N1000_K1_UNIFORM_1,1000,950,1,950,FENWICK,TOTAL,0,575299,87080
N1000_K1_UNIFORM_1,1000,950,1,950,FENWICK,TOTAL,1,707600,87080
N1000_K1_UNIFORM_1,1000,950,1,950,FENWICK,TOTAL,2,774500,87080
N1000_K1_UNIFORM_1,1000,950,1,950,FENWICK,TOTAL,3,689999,87080
N1000_K1_UNIFORM_1,1000,950,1,950,FENWICK,TOTAL,4,592200,87080
N1000_K1_UNIFORM_1,1000,950,1,950,FENWICK,TOTAL,5,603400,87080
N1000_K1_UNIFORM_1,1000,950,1,950,FENWICK,TOTAL,6,755100,87080
N1000_K1_UNIFORM_1,1000,950,1,950,FENWICK,TOTAL,7,709800,87080
N1000_K1_UNIFORM_1,1000,950,1,950,FENWICK,TOTAL,8,789601,87080
N1000_K1_UNIFORM_1,1000,950,1,950,FENWICK,TOTAL,9,773500,87080
N1000_K1_UNIFORM_1,1000,950,1,950,FENWICK,TOTAL,10,592900,87080
N1000_K1_UNIFORM_1,1000,950,1,950,FENWICK,TOTAL,11,686900,87080
N1000_K1_UNIFORM_1,1000,950,1,950,FENWICK,TOTAL,12,609300,87080
N1000_K1_UNIFORM_1,1000,950,1,950,FENWICK,TOTAL,13,529500,87080
N1000_K1_UNIFORM_1,1000,950,1,950,FENWICK,TOTAL,14,538999,87080
N1000_K1_UNIFORM_1,1000,950,1,950,FENWICK,TOTAL,15,495999,87080
N1000_K1_UNIFORM_1,1000,950,1,950,FENWICK,TOTAL,16,410701,87080
N1000_K1_UNIFORM_1,1000,950,1,950,FENWICK,TOTAL,17,413500,87080
N1000_K1_UNIFORM_1,1000,950,1,950,FENWICK,TOTAL,18,378000,87080
N1000_K1_UNIFORM_1,1000,950,1,950,FENWICK,TOTAL,19,340400,87080
N1000_K9_UNIFORM_1,1000,950,9,950,TICKET_ARRAY,NORMALIZE,0,212000,69736
N1000_K9_UNIFORM_1,1000,950,9,950,TICKET_ARRAY,NORMALIZE,1,218901,69736
N1000_K9_UNIFORM_1,1000,950,9,950,TICKET_ARRAY,NORMALIZE,2,216200,69736
N1000_K9_UNIFORM_1,1000,950,9,950,TICKET_ARRAY,NORMALIZE,3,212401,69736
N1000_K9_UNIFORM_1,1000,950,9,950,TICKET_ARRAY,NORMALIZE,4,335400,69736
N1000_K9_UNIFORM_1,1000,950,9,950,TICKET_ARRAY,NORMALIZE,5,295001,69736
N1000_K9_UNIFORM_1,1000,950,9,950,TICKET_ARRAY,NORMALIZE,6,243600,69736
N1000_K9_UNIFORM_1,1000,950,9,950,TICKET_ARRAY,NORMALIZE,7,311400,69736
N1000_K9_UNIFORM_1,1000,950,9,950,TICKET_ARRAY,NORMALIZE,8,599199,69736
N1000_K9_UNIFORM_1,1000,950,9,950,TICKET_ARRAY,NORMALIZE,9,463500,69736
N1000_K9_UNIFORM_1,1000,950,9,950,TICKET_ARRAY,NORMALIZE,10,315199,69736
N1000_K9_UNIFORM_1,1000,950,9,950,TICKET_ARRAY,NORMALIZE,11,280199,69736
N1000_K9_UNIFORM_1,1000,950,9,950,TICKET_ARRAY,NORMALIZE,12,372701,69736
N1000_K9_UNIFORM_1,1000,950,9,950,TICKET_ARRAY,NORMALIZE,13,342000,69736
N1000_K9_UNIFORM_1,1000,950,9,950,TICKET_ARRAY,NORMALIZE,14,306600,69736
N1000_K9_UNIFORM_1,1000,950,9,950,TICKET_ARRAY,NORMALIZE,15,272800,69736
N1000_K9_UNIFORM_1,1000,950,9,950,TICKET_ARRAY,NORMALIZE,16,354500,69736
N1000_K9_UNIFORM_1,1000,950,9,950,TICKET_ARRAY,NORMALIZE,17,291700,69736
N1000_K9_UNIFORM_1,1000,950,9,950,TICKET_ARRAY,NORMALIZE,18,246899,69736
N1000_K9_UNIFORM_1,1000,950,9,950,TICKET_ARRAY,NORMALIZE,19,404100,69736
N1000_K9_UNIFORM_1,1000,950,9,950,TICKET_ARRAY,BUILD,0,25900,3840
N1000_K9_UNIFORM_1,1000,950,9,950,TICKET_ARRAY,BUILD,1,26100,3840
N1000_K9_UNIFORM_1,1000,950,9,950,TICKET_ARRAY,BUILD,2,97499,3840
N1000_K9_UNIFORM_1,1000,950,9,950,TICKET_ARRAY,BUILD,3,35600,3840
N1000_K9_UNIFORM_1,1000,950,9,950,TICKET_ARRAY,BUILD,4,26699,3840
N1000_K9_UNIFORM_1,1000,950,9,950,TICKET_ARRAY,BUILD,5,48800,3840
N1000_K9_UNIFORM_1,1000,950,9,950,TICKET_ARRAY,BUILD,6,26600,3840
N1000_K9_UNIFORM_1,1000,950,9,950,TICKET_ARRAY,BUILD,7,76900,3840
N1000_K9_UNIFORM_1,1000,950,9,950,TICKET_ARRAY,BUILD,8,41400,3840
N1000_K9_UNIFORM_1,1000,950,9,950,TICKET_ARRAY,BUILD,9,26801,3840
N1000_K9_UNIFORM_1,1000,950,9,950,TICKET_ARRAY,BUILD,10,25899,3840
N1000_K9_UNIFORM_1,1000,950,9,950,TICKET_ARRAY,BUILD,11,25900,3840
N1000_K9_UNIFORM_1,1000,950,9,950,TICKET_ARRAY,BUILD,12,44600,3840
N1000_K9_UNIFORM_1,1000,950,9,950,TICKET_ARRAY,BUILD,13,26700,3840
N1000_K9_UNIFORM_1,1000,950,9,950,TICKET_ARRAY,BUILD,14,26301,3840
N1000_K9_UNIFORM_1,1000,950,9,950,TICKET_ARRAY,BUILD,15,25800,3840
N1000_K9_UNIFORM_1,1000,950,9,950,TICKET_ARRAY,BUILD,16,239901,3840
N1000_K9_UNIFORM_1,1000,950,9,950,TICKET_ARRAY,BUILD,17,145500,3840
N1000_K9_UNIFORM_1,1000,950,9,950,TICKET_ARRAY,BUILD,18,76200,3840
N1000_K9_UNIFORM_1,1000,950,9,950,TICKET_ARRAY,BUILD,19,25799,3840
N1000_K9_UNIFORM_1,1000,950,9,950,TICKET_ARRAY,SELECT,0,207399,3792
N1000_K9_UNIFORM_1,1000,950,9,950,TICKET_ARRAY,SELECT,1,117900,3792
N1000_K9_UNIFORM_1,1000,950,9,950,TICKET_ARRAY,SELECT,2,111500,3792
N1000_K9_UNIFORM_1,1000,950,9,950,TICKET_ARRAY,SELECT,3,167400,3792
N1000_K9_UNIFORM_1,1000,950,9,950,TICKET_ARRAY,SELECT,4,206700,3792
N1000_K9_UNIFORM_1,1000,950,9,950,TICKET_ARRAY,SELECT,5,132100,3792
N1000_K9_UNIFORM_1,1000,950,9,950,TICKET_ARRAY,SELECT,6,104199,3792
N1000_K9_UNIFORM_1,1000,950,9,950,TICKET_ARRAY,SELECT,7,208099,3792
N1000_K9_UNIFORM_1,1000,950,9,950,TICKET_ARRAY,SELECT,8,156400,3792
N1000_K9_UNIFORM_1,1000,950,9,950,TICKET_ARRAY,SELECT,9,199100,3792
N1000_K9_UNIFORM_1,1000,950,9,950,TICKET_ARRAY,SELECT,10,135800,3792
N1000_K9_UNIFORM_1,1000,950,9,950,TICKET_ARRAY,SELECT,11,164600,3792
N1000_K9_UNIFORM_1,1000,950,9,950,TICKET_ARRAY,SELECT,12,194399,3792
N1000_K9_UNIFORM_1,1000,950,9,950,TICKET_ARRAY,SELECT,13,186200,3792
N1000_K9_UNIFORM_1,1000,950,9,950,TICKET_ARRAY,SELECT,14,239500,3792
N1000_K9_UNIFORM_1,1000,950,9,950,TICKET_ARRAY,SELECT,15,261600,3792
N1000_K9_UNIFORM_1,1000,950,9,950,TICKET_ARRAY,SELECT,16,288300,3792
N1000_K9_UNIFORM_1,1000,950,9,950,TICKET_ARRAY,SELECT,17,131100,3792
N1000_K9_UNIFORM_1,1000,950,9,950,TICKET_ARRAY,SELECT,18,217401,3792
N1000_K9_UNIFORM_1,1000,950,9,950,TICKET_ARRAY,SELECT,19,111200,3792
N1000_K9_UNIFORM_1,1000,950,9,950,TICKET_ARRAY,TOTAL,0,580501,77368
N1000_K9_UNIFORM_1,1000,950,9,950,TICKET_ARRAY,TOTAL,1,505500,77368
N1000_K9_UNIFORM_1,1000,950,9,950,TICKET_ARRAY,TOTAL,2,437801,77368
N1000_K9_UNIFORM_1,1000,950,9,950,TICKET_ARRAY,TOTAL,3,598000,77368
N1000_K9_UNIFORM_1,1000,950,9,950,TICKET_ARRAY,TOTAL,4,508799,77368
N1000_K9_UNIFORM_1,1000,950,9,950,TICKET_ARRAY,TOTAL,5,536700,77368
N1000_K9_UNIFORM_1,1000,950,9,950,TICKET_ARRAY,TOTAL,6,594700,77368
N1000_K9_UNIFORM_1,1000,950,9,950,TICKET_ARRAY,TOTAL,7,647800,77368
N1000_K9_UNIFORM_1,1000,950,9,950,TICKET_ARRAY,TOTAL,8,490600,77368
N1000_K9_UNIFORM_1,1000,950,9,950,TICKET_ARRAY,TOTAL,9,561900,77368
N1000_K9_UNIFORM_1,1000,950,9,950,TICKET_ARRAY,TOTAL,10,419300,77368
N1000_K9_UNIFORM_1,1000,950,9,950,TICKET_ARRAY,TOTAL,11,373500,77368
N1000_K9_UNIFORM_1,1000,950,9,950,TICKET_ARRAY,TOTAL,12,335200,77368
N1000_K9_UNIFORM_1,1000,950,9,950,TICKET_ARRAY,TOTAL,13,316500,77368
N1000_K9_UNIFORM_1,1000,950,9,950,TICKET_ARRAY,TOTAL,14,307899,77368
N1000_K9_UNIFORM_1,1000,950,9,950,TICKET_ARRAY,TOTAL,15,302901,77368
N1000_K9_UNIFORM_1,1000,950,9,950,TICKET_ARRAY,TOTAL,16,408999,77368
N1000_K9_UNIFORM_1,1000,950,9,950,TICKET_ARRAY,TOTAL,17,343400,77368
N1000_K9_UNIFORM_1,1000,950,9,950,TICKET_ARRAY,TOTAL,18,499400,77368
N1000_K9_UNIFORM_1,1000,950,9,950,TICKET_ARRAY,TOTAL,19,539701,77368
N1000_K9_UNIFORM_1,1000,950,9,950,PREFIX_LINEAR,NORMALIZE,0,220500,69736
N1000_K9_UNIFORM_1,1000,950,9,950,PREFIX_LINEAR,NORMALIZE,1,218501,69736
N1000_K9_UNIFORM_1,1000,950,9,950,PREFIX_LINEAR,NORMALIZE,2,245000,69736
N1000_K9_UNIFORM_1,1000,950,9,950,PREFIX_LINEAR,NORMALIZE,3,237300,69736
N1000_K9_UNIFORM_1,1000,950,9,950,PREFIX_LINEAR,NORMALIZE,4,238700,69736
N1000_K9_UNIFORM_1,1000,950,9,950,PREFIX_LINEAR,NORMALIZE,5,257700,69736
N1000_K9_UNIFORM_1,1000,950,9,950,PREFIX_LINEAR,NORMALIZE,6,217401,69736
N1000_K9_UNIFORM_1,1000,950,9,950,PREFIX_LINEAR,NORMALIZE,7,215701,69736
N1000_K9_UNIFORM_1,1000,950,9,950,PREFIX_LINEAR,NORMALIZE,8,214300,69736
N1000_K9_UNIFORM_1,1000,950,9,950,PREFIX_LINEAR,NORMALIZE,9,213700,69736
N1000_K9_UNIFORM_1,1000,950,9,950,PREFIX_LINEAR,NORMALIZE,10,212699,69736
N1000_K9_UNIFORM_1,1000,950,9,950,PREFIX_LINEAR,NORMALIZE,11,229900,69736
N1000_K9_UNIFORM_1,1000,950,9,950,PREFIX_LINEAR,NORMALIZE,12,216900,69736
N1000_K9_UNIFORM_1,1000,950,9,950,PREFIX_LINEAR,NORMALIZE,13,213500,69736
N1000_K9_UNIFORM_1,1000,950,9,950,PREFIX_LINEAR,NORMALIZE,14,213400,69736
N1000_K9_UNIFORM_1,1000,950,9,950,PREFIX_LINEAR,NORMALIZE,15,233901,69736
N1000_K9_UNIFORM_1,1000,950,9,950,PREFIX_LINEAR,NORMALIZE,16,275600,69736
N1000_K9_UNIFORM_1,1000,950,9,950,PREFIX_LINEAR,NORMALIZE,17,277799,69736
N1000_K9_UNIFORM_1,1000,950,9,950,PREFIX_LINEAR,NORMALIZE,18,218401,69736
N1000_K9_UNIFORM_1,1000,950,9,950,PREFIX_LINEAR,NORMALIZE,19,229200,69736
N1000_K9_UNIFORM_1,1000,950,9,950,PREFIX_LINEAR,BUILD,0,3100,15264
N1000_K9_UNIFORM_1,1000,950,9,950,PREFIX_LINEAR,BUILD,1,3001,15264
N1000_K9_UNIFORM_1,1000,950,9,950,PREFIX_LINEAR,BUILD,2,2800,15264
N1000_K9_UNIFORM_1,1000,950,9,950,PREFIX_LINEAR,BUILD,3,2901,15264
N1000_K9_UNIFORM_1,1000,950,9,950,PREFIX_LINEAR,BUILD,4,2901,15264
N1000_K9_UNIFORM_1,1000,950,9,950,PREFIX_LINEAR,BUILD,5,2900,15264
N1000_K9_UNIFORM_1,1000,950,9,950,PREFIX_LINEAR,BUILD,6,2900,15264
N1000_K9_UNIFORM_1,1000,950,9,950,PREFIX_LINEAR,BUILD,7,3200,15264
N1000_K9_UNIFORM_1,1000,950,9,950,PREFIX_LINEAR,BUILD,8,3000,15264
N1000_K9_UNIFORM_1,1000,950,9,950,PREFIX_LINEAR,BUILD,9,3000,15264
N1000_K9_UNIFORM_1,1000,950,9,950,PREFIX_LINEAR,BUILD,10,2901,15264
N1000_K9_UNIFORM_1,1000,950,9,950,PREFIX_LINEAR,BUILD,11,2900,15264
N1000_K9_UNIFORM_1,1000,950,9,950,PREFIX_LINEAR,BUILD,12,2900,15264
N1000_K9_UNIFORM_1,1000,950,9,950,PREFIX_LINEAR,BUILD,13,3200,15264
N1000_K9_UNIFORM_1,1000,950,9,950,PREFIX_LINEAR,BUILD,14,3100,15264
N1000_K9_UNIFORM_1,1000,950,9,950,PREFIX_LINEAR,BUILD,15,3001,15264
N1000_K9_UNIFORM_1,1000,950,9,950,PREFIX_LINEAR,BUILD,16,3000,15264
N1000_K9_UNIFORM_1,1000,950,9,950,PREFIX_LINEAR,BUILD,17,3001,15264
N1000_K9_UNIFORM_1,1000,950,9,950,PREFIX_LINEAR,BUILD,18,2900,15264
N1000_K9_UNIFORM_1,1000,950,9,950,PREFIX_LINEAR,BUILD,19,3099,15264
N1000_K9_UNIFORM_1,1000,950,9,950,PREFIX_LINEAR,SELECT,0,87200,3792
N1000_K9_UNIFORM_1,1000,950,9,950,PREFIX_LINEAR,SELECT,1,132900,3792
N1000_K9_UNIFORM_1,1000,950,9,950,PREFIX_LINEAR,SELECT,2,99000,3792
N1000_K9_UNIFORM_1,1000,950,9,950,PREFIX_LINEAR,SELECT,3,73700,3792
N1000_K9_UNIFORM_1,1000,950,9,950,PREFIX_LINEAR,SELECT,4,70400,3792
N1000_K9_UNIFORM_1,1000,950,9,950,PREFIX_LINEAR,SELECT,5,75000,3792
N1000_K9_UNIFORM_1,1000,950,9,950,PREFIX_LINEAR,SELECT,6,176300,3792
N1000_K9_UNIFORM_1,1000,950,9,950,PREFIX_LINEAR,SELECT,7,79400,3792
N1000_K9_UNIFORM_1,1000,950,9,950,PREFIX_LINEAR,SELECT,8,96299,3792
N1000_K9_UNIFORM_1,1000,950,9,950,PREFIX_LINEAR,SELECT,9,71300,3792
N1000_K9_UNIFORM_1,1000,950,9,950,PREFIX_LINEAR,SELECT,10,66700,3792
N1000_K9_UNIFORM_1,1000,950,9,950,PREFIX_LINEAR,SELECT,11,126900,3792
N1000_K9_UNIFORM_1,1000,950,9,950,PREFIX_LINEAR,SELECT,12,83200,3792
N1000_K9_UNIFORM_1,1000,950,9,950,PREFIX_LINEAR,SELECT,13,67800,3792
N1000_K9_UNIFORM_1,1000,950,9,950,PREFIX_LINEAR,SELECT,14,191100,3792
N1000_K9_UNIFORM_1,1000,950,9,950,PREFIX_LINEAR,SELECT,15,78599,3792
N1000_K9_UNIFORM_1,1000,950,9,950,PREFIX_LINEAR,SELECT,16,67500,3792
N1000_K9_UNIFORM_1,1000,950,9,950,PREFIX_LINEAR,SELECT,17,108801,3792
N1000_K9_UNIFORM_1,1000,950,9,950,PREFIX_LINEAR,SELECT,18,127200,3792
N1000_K9_UNIFORM_1,1000,950,9,950,PREFIX_LINEAR,SELECT,19,324800,3792
N1000_K9_UNIFORM_1,1000,950,9,950,PREFIX_LINEAR,TOTAL,0,530400,88792
N1000_K9_UNIFORM_1,1000,950,9,950,PREFIX_LINEAR,TOTAL,1,484301,88792
N1000_K9_UNIFORM_1,1000,950,9,950,PREFIX_LINEAR,TOTAL,2,350599,88792
N1000_K9_UNIFORM_1,1000,950,9,950,PREFIX_LINEAR,TOTAL,3,354801,88792
N1000_K9_UNIFORM_1,1000,950,9,950,PREFIX_LINEAR,TOTAL,4,357700,88792
N1000_K9_UNIFORM_1,1000,950,9,950,PREFIX_LINEAR,TOTAL,5,306400,88792
N1000_K9_UNIFORM_1,1000,950,9,950,PREFIX_LINEAR,TOTAL,6,335800,88792
N1000_K9_UNIFORM_1,1000,950,9,950,PREFIX_LINEAR,TOTAL,7,569000,88792
N1000_K9_UNIFORM_1,1000,950,9,950,PREFIX_LINEAR,TOTAL,8,392000,88792
N1000_K9_UNIFORM_1,1000,950,9,950,PREFIX_LINEAR,TOTAL,9,391400,88792
N1000_K9_UNIFORM_1,1000,950,9,950,PREFIX_LINEAR,TOTAL,10,525600,88792
N1000_K9_UNIFORM_1,1000,950,9,950,PREFIX_LINEAR,TOTAL,11,452101,88792
N1000_K9_UNIFORM_1,1000,950,9,950,PREFIX_LINEAR,TOTAL,12,434200,88792
N1000_K9_UNIFORM_1,1000,950,9,950,PREFIX_LINEAR,TOTAL,13,404101,88792
N1000_K9_UNIFORM_1,1000,950,9,950,PREFIX_LINEAR,TOTAL,14,366200,88792
N1000_K9_UNIFORM_1,1000,950,9,950,PREFIX_LINEAR,TOTAL,15,572300,88792
N1000_K9_UNIFORM_1,1000,950,9,950,PREFIX_LINEAR,TOTAL,16,624799,88792
N1000_K9_UNIFORM_1,1000,950,9,950,PREFIX_LINEAR,TOTAL,17,385701,88792
N1000_K9_UNIFORM_1,1000,950,9,950,PREFIX_LINEAR,TOTAL,18,383300,88792
N1000_K9_UNIFORM_1,1000,950,9,950,PREFIX_LINEAR,TOTAL,19,345400,88792
N1000_K9_UNIFORM_1,1000,950,9,950,PREFIX_BINARY,NORMALIZE,0,336100,69736
N1000_K9_UNIFORM_1,1000,950,9,950,PREFIX_BINARY,NORMALIZE,1,227500,69736
N1000_K9_UNIFORM_1,1000,950,9,950,PREFIX_BINARY,NORMALIZE,2,216400,69736
N1000_K9_UNIFORM_1,1000,950,9,950,PREFIX_BINARY,NORMALIZE,3,214499,69736
N1000_K9_UNIFORM_1,1000,950,9,950,PREFIX_BINARY,NORMALIZE,4,212900,69736
N1000_K9_UNIFORM_1,1000,950,9,950,PREFIX_BINARY,NORMALIZE,5,276101,69736
N1000_K9_UNIFORM_1,1000,950,9,950,PREFIX_BINARY,NORMALIZE,6,241301,69736
N1000_K9_UNIFORM_1,1000,950,9,950,PREFIX_BINARY,NORMALIZE,7,227499,69736
N1000_K9_UNIFORM_1,1000,950,9,950,PREFIX_BINARY,NORMALIZE,8,230100,69736
N1000_K9_UNIFORM_1,1000,950,9,950,PREFIX_BINARY,NORMALIZE,9,233399,69736
N1000_K9_UNIFORM_1,1000,950,9,950,PREFIX_BINARY,NORMALIZE,10,214800,69736
N1000_K9_UNIFORM_1,1000,950,9,950,PREFIX_BINARY,NORMALIZE,11,214100,69736
N1000_K9_UNIFORM_1,1000,950,9,950,PREFIX_BINARY,NORMALIZE,12,214700,69736
N1000_K9_UNIFORM_1,1000,950,9,950,PREFIX_BINARY,NORMALIZE,13,242801,69736
N1000_K9_UNIFORM_1,1000,950,9,950,PREFIX_BINARY,NORMALIZE,14,218900,69736
N1000_K9_UNIFORM_1,1000,950,9,950,PREFIX_BINARY,NORMALIZE,15,225900,69736
N1000_K9_UNIFORM_1,1000,950,9,950,PREFIX_BINARY,NORMALIZE,16,218000,69736
N1000_K9_UNIFORM_1,1000,950,9,950,PREFIX_BINARY,NORMALIZE,17,226199,69736
N1000_K9_UNIFORM_1,1000,950,9,950,PREFIX_BINARY,NORMALIZE,18,220500,69736
N1000_K9_UNIFORM_1,1000,950,9,950,PREFIX_BINARY,NORMALIZE,19,218600,69736
N1000_K9_UNIFORM_1,1000,950,9,950,PREFIX_BINARY,BUILD,0,2800,15264
N1000_K9_UNIFORM_1,1000,950,9,950,PREFIX_BINARY,BUILD,1,2901,15264
N1000_K9_UNIFORM_1,1000,950,9,950,PREFIX_BINARY,BUILD,2,3200,15264
N1000_K9_UNIFORM_1,1000,950,9,950,PREFIX_BINARY,BUILD,3,2900,15264
N1000_K9_UNIFORM_1,1000,950,9,950,PREFIX_BINARY,BUILD,4,2900,15264
N1000_K9_UNIFORM_1,1000,950,9,950,PREFIX_BINARY,BUILD,5,3200,15264
N1000_K9_UNIFORM_1,1000,950,9,950,PREFIX_BINARY,BUILD,6,2799,15264
N1000_K9_UNIFORM_1,1000,950,9,950,PREFIX_BINARY,BUILD,7,2900,15264
N1000_K9_UNIFORM_1,1000,950,9,950,PREFIX_BINARY,BUILD,8,2699,15264
N1000_K9_UNIFORM_1,1000,950,9,950,PREFIX_BINARY,BUILD,9,2699,15264
N1000_K9_UNIFORM_1,1000,950,9,950,PREFIX_BINARY,BUILD,10,3099,15264
N1000_K9_UNIFORM_1,1000,950,9,950,PREFIX_BINARY,BUILD,11,3001,15264
N1000_K9_UNIFORM_1,1000,950,9,950,PREFIX_BINARY,BUILD,12,3001,15264
N1000_K9_UNIFORM_1,1000,950,9,950,PREFIX_BINARY,BUILD,13,2701,15264
N1000_K9_UNIFORM_1,1000,950,9,950,PREFIX_BINARY,BUILD,14,3000,15264
N1000_K9_UNIFORM_1,1000,950,9,950,PREFIX_BINARY,BUILD,15,3401,15264
N1000_K9_UNIFORM_1,1000,950,9,950,PREFIX_BINARY,BUILD,16,2800,15264
N1000_K9_UNIFORM_1,1000,950,9,950,PREFIX_BINARY,BUILD,17,2799,15264
N1000_K9_UNIFORM_1,1000,950,9,950,PREFIX_BINARY,BUILD,18,2799,15264
N1000_K9_UNIFORM_1,1000,950,9,950,PREFIX_BINARY,BUILD,19,2901,15264
N1000_K9_UNIFORM_1,1000,950,9,950,PREFIX_BINARY,SELECT,0,114700,3792
N1000_K9_UNIFORM_1,1000,950,9,950,PREFIX_BINARY,SELECT,1,103699,3792
N1000_K9_UNIFORM_1,1000,950,9,950,PREFIX_BINARY,SELECT,2,99200,3792
N1000_K9_UNIFORM_1,1000,950,9,950,PREFIX_BINARY,SELECT,3,94900,3792
N1000_K9_UNIFORM_1,1000,950,9,950,PREFIX_BINARY,SELECT,4,100400,3792
N1000_K9_UNIFORM_1,1000,950,9,950,PREFIX_BINARY,SELECT,5,122200,3792
N1000_K9_UNIFORM_1,1000,950,9,950,PREFIX_BINARY,SELECT,6,98100,3792
N1000_K9_UNIFORM_1,1000,950,9,950,PREFIX_BINARY,SELECT,7,98900,3792
N1000_K9_UNIFORM_1,1000,950,9,950,PREFIX_BINARY,SELECT,8,93200,3792
N1000_K9_UNIFORM_1,1000,950,9,950,PREFIX_BINARY,SELECT,9,87199,3792
N1000_K9_UNIFORM_1,1000,950,9,950,PREFIX_BINARY,SELECT,10,107700,3792
N1000_K9_UNIFORM_1,1000,950,9,950,PREFIX_BINARY,SELECT,11,63900,3792
N1000_K9_UNIFORM_1,1000,950,9,950,PREFIX_BINARY,SELECT,12,49199,3792
N1000_K9_UNIFORM_1,1000,950,9,950,PREFIX_BINARY,SELECT,13,131300,3792
N1000_K9_UNIFORM_1,1000,950,9,950,PREFIX_BINARY,SELECT,14,79600,3792
N1000_K9_UNIFORM_1,1000,950,9,950,PREFIX_BINARY,SELECT,15,47100,3792
N1000_K9_UNIFORM_1,1000,950,9,950,PREFIX_BINARY,SELECT,16,43099,3792
N1000_K9_UNIFORM_1,1000,950,9,950,PREFIX_BINARY,SELECT,17,39699,3792
N1000_K9_UNIFORM_1,1000,950,9,950,PREFIX_BINARY,SELECT,18,40999,3792
N1000_K9_UNIFORM_1,1000,950,9,950,PREFIX_BINARY,SELECT,19,41000,3792
N1000_K9_UNIFORM_1,1000,950,9,950,PREFIX_BINARY,TOTAL,0,387000,88792
N1000_K9_UNIFORM_1,1000,950,9,950,PREFIX_BINARY,TOTAL,1,316699,88792
N1000_K9_UNIFORM_1,1000,950,9,950,PREFIX_BINARY,TOTAL,2,272799,88792
N1000_K9_UNIFORM_1,1000,950,9,950,PREFIX_BINARY,TOTAL,3,266101,88792
N1000_K9_UNIFORM_1,1000,950,9,950,PREFIX_BINARY,TOTAL,4,273900,88792
N1000_K9_UNIFORM_1,1000,950,9,950,PREFIX_BINARY,TOTAL,5,269700,88792
N1000_K9_UNIFORM_1,1000,950,9,950,PREFIX_BINARY,TOTAL,6,269300,88792
N1000_K9_UNIFORM_1,1000,950,9,950,PREFIX_BINARY,TOTAL,7,265500,88792
N1000_K9_UNIFORM_1,1000,950,9,950,PREFIX_BINARY,TOTAL,8,280799,88792
N1000_K9_UNIFORM_1,1000,950,9,950,PREFIX_BINARY,TOTAL,9,262201,88792
N1000_K9_UNIFORM_1,1000,950,9,950,PREFIX_BINARY,TOTAL,10,412500,88792
N1000_K9_UNIFORM_1,1000,950,9,950,PREFIX_BINARY,TOTAL,11,476499,88792
N1000_K9_UNIFORM_1,1000,950,9,950,PREFIX_BINARY,TOTAL,12,523599,88792
N1000_K9_UNIFORM_1,1000,950,9,950,PREFIX_BINARY,TOTAL,13,515401,88792
N1000_K9_UNIFORM_1,1000,950,9,950,PREFIX_BINARY,TOTAL,14,476800,88792
N1000_K9_UNIFORM_1,1000,950,9,950,PREFIX_BINARY,TOTAL,15,479201,88792
N1000_K9_UNIFORM_1,1000,950,9,950,PREFIX_BINARY,TOTAL,16,496600,88792
N1000_K9_UNIFORM_1,1000,950,9,950,PREFIX_BINARY,TOTAL,17,516399,88792
N1000_K9_UNIFORM_1,1000,950,9,950,PREFIX_BINARY,TOTAL,18,487501,88792
N1000_K9_UNIFORM_1,1000,950,9,950,PREFIX_BINARY,TOTAL,19,484899,88792
N1000_K9_UNIFORM_1,1000,950,9,950,FENWICK,NORMALIZE,0,259201,69736
N1000_K9_UNIFORM_1,1000,950,9,950,FENWICK,NORMALIZE,1,241900,69736
N1000_K9_UNIFORM_1,1000,950,9,950,FENWICK,NORMALIZE,2,228700,69736
N1000_K9_UNIFORM_1,1000,950,9,950,FENWICK,NORMALIZE,3,237900,69736
N1000_K9_UNIFORM_1,1000,950,9,950,FENWICK,NORMALIZE,4,218000,69736
N1000_K9_UNIFORM_1,1000,950,9,950,FENWICK,NORMALIZE,5,237699,69736
N1000_K9_UNIFORM_1,1000,950,9,950,FENWICK,NORMALIZE,6,220400,69736
N1000_K9_UNIFORM_1,1000,950,9,950,FENWICK,NORMALIZE,7,214600,69736
N1000_K9_UNIFORM_1,1000,950,9,950,FENWICK,NORMALIZE,8,215501,69736
N1000_K9_UNIFORM_1,1000,950,9,950,FENWICK,NORMALIZE,9,213900,69736
N1000_K9_UNIFORM_1,1000,950,9,950,FENWICK,NORMALIZE,10,213700,69736
N1000_K9_UNIFORM_1,1000,950,9,950,FENWICK,NORMALIZE,11,213700,69736
N1000_K9_UNIFORM_1,1000,950,9,950,FENWICK,NORMALIZE,12,228000,69736
N1000_K9_UNIFORM_1,1000,950,9,950,FENWICK,NORMALIZE,13,213800,69736
N1000_K9_UNIFORM_1,1000,950,9,950,FENWICK,NORMALIZE,14,213000,69736
N1000_K9_UNIFORM_1,1000,950,9,950,FENWICK,NORMALIZE,15,212499,69736
N1000_K9_UNIFORM_1,1000,950,9,950,FENWICK,NORMALIZE,16,212900,69736
N1000_K9_UNIFORM_1,1000,950,9,950,FENWICK,NORMALIZE,17,212899,69736
N1000_K9_UNIFORM_1,1000,950,9,950,FENWICK,NORMALIZE,18,212600,69736
N1000_K9_UNIFORM_1,1000,950,9,950,FENWICK,NORMALIZE,19,213200,69736
N1000_K9_UNIFORM_1,1000,950,9,950,FENWICK,BUILD,0,27701,15336
N1000_K9_UNIFORM_1,1000,950,9,950,FENWICK,BUILD,1,30001,15336
N1000_K9_UNIFORM_1,1000,950,9,950,FENWICK,BUILD,2,28100,15336
N1000_K9_UNIFORM_1,1000,950,9,950,FENWICK,BUILD,3,27500,15336
N1000_K9_UNIFORM_1,1000,950,9,950,FENWICK,BUILD,4,27500,15336
N1000_K9_UNIFORM_1,1000,950,9,950,FENWICK,BUILD,5,28899,15336
N1000_K9_UNIFORM_1,1000,950,9,950,FENWICK,BUILD,6,27601,15336
N1000_K9_UNIFORM_1,1000,950,9,950,FENWICK,BUILD,7,27800,15336
N1000_K9_UNIFORM_1,1000,950,9,950,FENWICK,BUILD,8,27400,15336
N1000_K9_UNIFORM_1,1000,950,9,950,FENWICK,BUILD,9,27799,15336
N1000_K9_UNIFORM_1,1000,950,9,950,FENWICK,BUILD,10,27701,15336
N1000_K9_UNIFORM_1,1000,950,9,950,FENWICK,BUILD,11,27600,15336
N1000_K9_UNIFORM_1,1000,950,9,950,FENWICK,BUILD,12,27701,15336
N1000_K9_UNIFORM_1,1000,950,9,950,FENWICK,BUILD,13,27799,15336
N1000_K9_UNIFORM_1,1000,950,9,950,FENWICK,BUILD,14,31299,15336
N1000_K9_UNIFORM_1,1000,950,9,950,FENWICK,BUILD,15,28000,15336
N1000_K9_UNIFORM_1,1000,950,9,950,FENWICK,BUILD,16,29400,15336
N1000_K9_UNIFORM_1,1000,950,9,950,FENWICK,BUILD,17,28001,15336
N1000_K9_UNIFORM_1,1000,950,9,950,FENWICK,BUILD,18,27801,15336
N1000_K9_UNIFORM_1,1000,950,9,950,FENWICK,BUILD,19,28200,15336
N1000_K9_UNIFORM_1,1000,950,9,950,FENWICK,SELECT,0,59600,3792
N1000_K9_UNIFORM_1,1000,950,9,950,FENWICK,SELECT,1,140700,3792
N1000_K9_UNIFORM_1,1000,950,9,950,FENWICK,SELECT,2,82199,3792
N1000_K9_UNIFORM_1,1000,950,9,950,FENWICK,SELECT,3,63500,3792
N1000_K9_UNIFORM_1,1000,950,9,950,FENWICK,SELECT,4,58600,3792
N1000_K9_UNIFORM_1,1000,950,9,950,FENWICK,SELECT,5,98400,3792
N1000_K9_UNIFORM_1,1000,950,9,950,FENWICK,SELECT,6,78000,3792
N1000_K9_UNIFORM_1,1000,950,9,950,FENWICK,SELECT,7,83400,3792
N1000_K9_UNIFORM_1,1000,950,9,950,FENWICK,SELECT,8,62201,3792
N1000_K9_UNIFORM_1,1000,950,9,950,FENWICK,SELECT,9,89700,3792
N1000_K9_UNIFORM_1,1000,950,9,950,FENWICK,SELECT,10,63500,3792
N1000_K9_UNIFORM_1,1000,950,9,950,FENWICK,SELECT,11,90001,3792
N1000_K9_UNIFORM_1,1000,950,9,950,FENWICK,SELECT,12,53999,3792
N1000_K9_UNIFORM_1,1000,950,9,950,FENWICK,SELECT,13,52200,3792
N1000_K9_UNIFORM_1,1000,950,9,950,FENWICK,SELECT,14,53100,3792
N1000_K9_UNIFORM_1,1000,950,9,950,FENWICK,SELECT,15,96701,3792
N1000_K9_UNIFORM_1,1000,950,9,950,FENWICK,SELECT,16,105100,3792
N1000_K9_UNIFORM_1,1000,950,9,950,FENWICK,SELECT,17,118601,3792
N1000_K9_UNIFORM_1,1000,950,9,950,FENWICK,SELECT,18,123199,3792
N1000_K9_UNIFORM_1,1000,950,9,950,FENWICK,SELECT,19,126500,3792
N1000_K9_UNIFORM_1,1000,950,9,950,FENWICK,TOTAL,0,539201,88864
N1000_K9_UNIFORM_1,1000,950,9,950,FENWICK,TOTAL,1,435100,88864
N1000_K9_UNIFORM_1,1000,950,9,950,FENWICK,TOTAL,2,404600,88864
N1000_K9_UNIFORM_1,1000,950,9,950,FENWICK,TOTAL,3,506101,88864
N1000_K9_UNIFORM_1,1000,950,9,950,FENWICK,TOTAL,4,522800,88864
N1000_K9_UNIFORM_1,1000,950,9,950,FENWICK,TOTAL,5,415600,88864
N1000_K9_UNIFORM_1,1000,950,9,950,FENWICK,TOTAL,6,361600,88864
N1000_K9_UNIFORM_1,1000,950,9,950,FENWICK,TOTAL,7,1200699,88864
N1000_K9_UNIFORM_1,1000,950,9,950,FENWICK,TOTAL,8,495300,88864
N1000_K9_UNIFORM_1,1000,950,9,950,FENWICK,TOTAL,9,402900,88864
N1000_K9_UNIFORM_1,1000,950,9,950,FENWICK,TOTAL,10,364900,88864
N1000_K9_UNIFORM_1,1000,950,9,950,FENWICK,TOTAL,11,357700,88864
N1000_K9_UNIFORM_1,1000,950,9,950,FENWICK,TOTAL,12,456900,90192
N1000_K9_UNIFORM_1,1000,950,9,950,FENWICK,TOTAL,13,303599,88864
N1000_K9_UNIFORM_1,1000,950,9,950,FENWICK,TOTAL,14,292501,88864
N1000_K9_UNIFORM_1,1000,950,9,950,FENWICK,TOTAL,15,284301,88864
N1000_K9_UNIFORM_1,1000,950,9,950,FENWICK,TOTAL,16,620700,88864
N1000_K9_UNIFORM_1,1000,950,9,950,FENWICK,TOTAL,17,435600,88864
N1000_K9_UNIFORM_1,1000,950,9,950,FENWICK,TOTAL,18,443700,88864
N1000_K9_UNIFORM_1,1000,950,9,950,FENWICK,TOTAL,19,352200,88864
N1000_K95_UNIFORM_1,1000,950,95,950,TICKET_ARRAY,NORMALIZE,0,229800,69736
N1000_K95_UNIFORM_1,1000,950,95,950,TICKET_ARRAY,NORMALIZE,1,349199,69736
N1000_K95_UNIFORM_1,1000,950,95,950,TICKET_ARRAY,NORMALIZE,2,313000,69736
N1000_K95_UNIFORM_1,1000,950,95,950,TICKET_ARRAY,NORMALIZE,3,273200,69736
N1000_K95_UNIFORM_1,1000,950,95,950,TICKET_ARRAY,NORMALIZE,4,250400,69736
N1000_K95_UNIFORM_1,1000,950,95,950,TICKET_ARRAY,NORMALIZE,5,235801,69736
N1000_K95_UNIFORM_1,1000,950,95,950,TICKET_ARRAY,NORMALIZE,6,224000,69736
N1000_K95_UNIFORM_1,1000,950,95,950,TICKET_ARRAY,NORMALIZE,7,377000,69736
N1000_K95_UNIFORM_1,1000,950,95,950,TICKET_ARRAY,NORMALIZE,8,359700,69736
N1000_K95_UNIFORM_1,1000,950,95,950,TICKET_ARRAY,NORMALIZE,9,288101,69736
N1000_K95_UNIFORM_1,1000,950,95,950,TICKET_ARRAY,NORMALIZE,10,324200,69736
N1000_K95_UNIFORM_1,1000,950,95,950,TICKET_ARRAY,NORMALIZE,11,308700,69736
N1000_K95_UNIFORM_1,1000,950,95,950,TICKET_ARRAY,NORMALIZE,12,257901,69736
N1000_K95_UNIFORM_1,1000,950,95,950,TICKET_ARRAY,NORMALIZE,13,229000,69736
N1000_K95_UNIFORM_1,1000,950,95,950,TICKET_ARRAY,NORMALIZE,14,221400,69736
N1000_K95_UNIFORM_1,1000,950,95,950,TICKET_ARRAY,NORMALIZE,15,213100,69736
N1000_K95_UNIFORM_1,1000,950,95,950,TICKET_ARRAY,NORMALIZE,16,236101,69736
N1000_K95_UNIFORM_1,1000,950,95,950,TICKET_ARRAY,NORMALIZE,17,249099,69736
N1000_K95_UNIFORM_1,1000,950,95,950,TICKET_ARRAY,NORMALIZE,18,246199,69736
N1000_K95_UNIFORM_1,1000,950,95,950,TICKET_ARRAY,NORMALIZE,19,223299,69736
N1000_K95_UNIFORM_1,1000,950,95,950,TICKET_ARRAY,BUILD,0,5099,3840
N1000_K95_UNIFORM_1,1000,950,95,950,TICKET_ARRAY,BUILD,1,5300,3840
N1000_K95_UNIFORM_1,1000,950,95,950,TICKET_ARRAY,BUILD,2,5399,3840
N1000_K95_UNIFORM_1,1000,950,95,950,TICKET_ARRAY,BUILD,3,5099,3840
N1000_K95_UNIFORM_1,1000,950,95,950,TICKET_ARRAY,BUILD,4,4999,3840
N1000_K95_UNIFORM_1,1000,950,95,950,TICKET_ARRAY,BUILD,5,5199,3840
N1000_K95_UNIFORM_1,1000,950,95,950,TICKET_ARRAY,BUILD,6,16200,3840
N1000_K95_UNIFORM_1,1000,950,95,950,TICKET_ARRAY,BUILD,7,5201,3840
N1000_K95_UNIFORM_1,1000,950,95,950,TICKET_ARRAY,BUILD,8,5100,3840
N1000_K95_UNIFORM_1,1000,950,95,950,TICKET_ARRAY,BUILD,9,5200,3840
N1000_K95_UNIFORM_1,1000,950,95,950,TICKET_ARRAY,BUILD,10,5101,3840
N1000_K95_UNIFORM_1,1000,950,95,950,TICKET_ARRAY,BUILD,11,4900,3840
N1000_K95_UNIFORM_1,1000,950,95,950,TICKET_ARRAY,BUILD,12,5099,3840
N1000_K95_UNIFORM_1,1000,950,95,950,TICKET_ARRAY,BUILD,13,5099,3840
N1000_K95_UNIFORM_1,1000,950,95,950,TICKET_ARRAY,BUILD,14,4999,3840
N1000_K95_UNIFORM_1,1000,950,95,950,TICKET_ARRAY,BUILD,15,5000,3840
N1000_K95_UNIFORM_1,1000,950,95,950,TICKET_ARRAY,BUILD,16,4900,3840
N1000_K95_UNIFORM_1,1000,950,95,950,TICKET_ARRAY,BUILD,17,5099,3840
N1000_K95_UNIFORM_1,1000,950,95,950,TICKET_ARRAY,BUILD,18,9500,3840
N1000_K95_UNIFORM_1,1000,950,95,950,TICKET_ARRAY,BUILD,19,5301,3840
N1000_K95_UNIFORM_1,1000,950,95,950,TICKET_ARRAY,SELECT,0,189399,24536
N1000_K95_UNIFORM_1,1000,950,95,950,TICKET_ARRAY,SELECT,1,228099,24536
N1000_K95_UNIFORM_1,1000,950,95,950,TICKET_ARRAY,SELECT,2,289700,24536
N1000_K95_UNIFORM_1,1000,950,95,950,TICKET_ARRAY,SELECT,3,226000,24536
N1000_K95_UNIFORM_1,1000,950,95,950,TICKET_ARRAY,SELECT,4,197700,24536
N1000_K95_UNIFORM_1,1000,950,95,950,TICKET_ARRAY,SELECT,5,207200,24536
N1000_K95_UNIFORM_1,1000,950,95,950,TICKET_ARRAY,SELECT,6,253200,24536
N1000_K95_UNIFORM_1,1000,950,95,950,TICKET_ARRAY,SELECT,7,207700,24536
N1000_K95_UNIFORM_1,1000,950,95,950,TICKET_ARRAY,SELECT,8,194201,24536
N1000_K95_UNIFORM_1,1000,950,95,950,TICKET_ARRAY,SELECT,9,310199,24536
N1000_K95_UNIFORM_1,1000,950,95,950,TICKET_ARRAY,SELECT,10,216000,24536
N1000_K95_UNIFORM_1,1000,950,95,950,TICKET_ARRAY,SELECT,11,241900,24536
N1000_K95_UNIFORM_1,1000,950,95,950,TICKET_ARRAY,SELECT,12,206000,24536
N1000_K95_UNIFORM_1,1000,950,95,950,TICKET_ARRAY,SELECT,13,278399,24536
N1000_K95_UNIFORM_1,1000,950,95,950,TICKET_ARRAY,SELECT,14,188400,24536
N1000_K95_UNIFORM_1,1000,950,95,950,TICKET_ARRAY,SELECT,15,297900,24536
N1000_K95_UNIFORM_1,1000,950,95,950,TICKET_ARRAY,SELECT,16,251100,24536
N1000_K95_UNIFORM_1,1000,950,95,950,TICKET_ARRAY,SELECT,17,218799,24536
N1000_K95_UNIFORM_1,1000,950,95,950,TICKET_ARRAY,SELECT,18,190800,24536
N1000_K95_UNIFORM_1,1000,950,95,950,TICKET_ARRAY,SELECT,19,193699,24536
N1000_K95_UNIFORM_1,1000,950,95,950,TICKET_ARRAY,TOTAL,0,430199,98112
N1000_K95_UNIFORM_1,1000,950,95,950,TICKET_ARRAY,TOTAL,1,463299,98112
N1000_K95_UNIFORM_1,1000,950,95,950,TICKET_ARRAY,TOTAL,2,749800,98112
N1000_K95_UNIFORM_1,1000,950,95,950,TICKET_ARRAY,TOTAL,3,929501,98112
N1000_K95_UNIFORM_1,1000,950,95,950,TICKET_ARRAY,TOTAL,4,590099,98112
N1000_K95_UNIFORM_1,1000,950,95,950,TICKET_ARRAY,TOTAL,5,1270701,98248
N1000_K95_UNIFORM_1,1000,950,95,950,TICKET_ARRAY,TOTAL,6,581400,98112
N1000_K95_UNIFORM_1,1000,950,95,950,TICKET_ARRAY,TOTAL,7,534700,98112
N1000_K95_UNIFORM_1,1000,950,95,950,TICKET_ARRAY,TOTAL,8,722501,98112
N1000_K95_UNIFORM_1,1000,950,95,950,TICKET_ARRAY,TOTAL,9,654501,98112
N1000_K95_UNIFORM_1,1000,950,95,950,TICKET_ARRAY,TOTAL,10,707100,98112
N1000_K95_UNIFORM_1,1000,950,95,950,TICKET_ARRAY,TOTAL,11,710400,98736
N1000_K95_UNIFORM_1,1000,950,95,950,TICKET_ARRAY,TOTAL,12,589700,98112
N1000_K95_UNIFORM_1,1000,950,95,950,TICKET_ARRAY,TOTAL,13,582499,98112
N1000_K95_UNIFORM_1,1000,950,95,950,TICKET_ARRAY,TOTAL,14,608401,98112
N1000_K95_UNIFORM_1,1000,950,95,950,TICKET_ARRAY,TOTAL,15,883300,98112
N1000_K95_UNIFORM_1,1000,950,95,950,TICKET_ARRAY,TOTAL,16,583400,98112
N1000_K95_UNIFORM_1,1000,950,95,950,TICKET_ARRAY,TOTAL,17,583200,98112
N1000_K95_UNIFORM_1,1000,950,95,950,TICKET_ARRAY,TOTAL,18,573100,98112
N1000_K95_UNIFORM_1,1000,950,95,950,TICKET_ARRAY,TOTAL,19,462900,98112
N1000_K95_UNIFORM_1,1000,950,95,950,PREFIX_LINEAR,NORMALIZE,0,414400,69736
N1000_K95_UNIFORM_1,1000,950,95,950,PREFIX_LINEAR,NORMALIZE,1,277100,69736
N1000_K95_UNIFORM_1,1000,950,95,950,PREFIX_LINEAR,NORMALIZE,2,275500,69736
N1000_K95_UNIFORM_1,1000,950,95,950,PREFIX_LINEAR,NORMALIZE,3,347400,69736
N1000_K95_UNIFORM_1,1000,950,95,950,PREFIX_LINEAR,NORMALIZE,4,374400,69736
N1000_K95_UNIFORM_1,1000,950,95,950,PREFIX_LINEAR,NORMALIZE,5,387400,69736
N1000_K95_UNIFORM_1,1000,950,95,950,PREFIX_LINEAR,NORMALIZE,6,391901,69736
N1000_K95_UNIFORM_1,1000,950,95,950,PREFIX_LINEAR,NORMALIZE,7,420901,69736
N1000_K95_UNIFORM_1,1000,950,95,950,PREFIX_LINEAR,NORMALIZE,8,657200,69736
N1000_K95_UNIFORM_1,1000,950,95,950,PREFIX_LINEAR,NORMALIZE,9,488500,69736
N1000_K95_UNIFORM_1,1000,950,95,950,PREFIX_LINEAR,NORMALIZE,10,472900,69736
N1000_K95_UNIFORM_1,1000,950,95,950,PREFIX_LINEAR,NORMALIZE,11,454299,69736
N1000_K95_UNIFORM_1,1000,950,95,950,PREFIX_LINEAR,NORMALIZE,12,526400,69736
N1000_K95_UNIFORM_1,1000,950,95,950,PREFIX_LINEAR,NORMALIZE,13,486500,69736
N1000_K95_UNIFORM_1,1000,950,95,950,PREFIX_LINEAR,NORMALIZE,14,459400,69736
N1000_K95_UNIFORM_1,1000,950,95,950,PREFIX_LINEAR,NORMALIZE,15,473000,69736
N1000_K95_UNIFORM_1,1000,950,95,950,PREFIX_LINEAR,NORMALIZE,16,385000,69736
N1000_K95_UNIFORM_1,1000,950,95,950,PREFIX_LINEAR,NORMALIZE,17,279501,69736
N1000_K95_UNIFORM_1,1000,950,95,950,PREFIX_LINEAR,NORMALIZE,18,272600,69736
N1000_K95_UNIFORM_1,1000,950,95,950,PREFIX_LINEAR,NORMALIZE,19,239601,69736
N1000_K95_UNIFORM_1,1000,950,95,950,PREFIX_LINEAR,BUILD,0,5001,15264
N1000_K95_UNIFORM_1,1000,950,95,950,PREFIX_LINEAR,BUILD,1,3700,15264
N1000_K95_UNIFORM_1,1000,950,95,950,PREFIX_LINEAR,BUILD,2,3401,15264
N1000_K95_UNIFORM_1,1000,950,95,950,PREFIX_LINEAR,BUILD,3,9300,15264
N1000_K95_UNIFORM_1,1000,950,95,950,PREFIX_LINEAR,BUILD,4,6099,15264
N1000_K95_UNIFORM_1,1000,950,95,950,PREFIX_LINEAR,BUILD,5,4200,15264
N1000_K95_UNIFORM_1,1000,950,95,950,PREFIX_LINEAR,BUILD,6,10299,15264
N1000_K95_UNIFORM_1,1000,950,95,950,PREFIX_LINEAR,BUILD,7,4300,15264
N1000_K95_UNIFORM_1,1000,950,95,950,PREFIX_LINEAR,BUILD,8,3500,15264
N1000_K95_UNIFORM_1,1000,950,95,950,PREFIX_LINEAR,BUILD,9,9600,15264
N1000_K95_UNIFORM_1,1000,950,95,950,PREFIX_LINEAR,BUILD,10,3801,15264
N1000_K95_UNIFORM_1,1000,950,95,950,PREFIX_LINEAR,BUILD,11,3500,15264
N1000_K95_UNIFORM_1,1000,950,95,950,PREFIX_LINEAR,BUILD,12,3200,15264
N1000_K95_UNIFORM_1,1000,950,95,950,PREFIX_LINEAR,BUILD,13,9600,15264
N1000_K95_UNIFORM_1,1000,950,95,950,PREFIX_LINEAR,BUILD,14,3199,15264
N1000_K95_UNIFORM_1,1000,950,95,950,PREFIX_LINEAR,BUILD,15,11300,15264
N1000_K95_UNIFORM_1,1000,950,95,950,PREFIX_LINEAR,BUILD,16,9600,15264
N1000_K95_UNIFORM_1,1000,950,95,950,PREFIX_LINEAR,BUILD,17,3299,15264
N1000_K95_UNIFORM_1,1000,950,95,950,PREFIX_LINEAR,BUILD,18,2900,15264
N1000_K95_UNIFORM_1,1000,950,95,950,PREFIX_LINEAR,BUILD,19,10900,15264
N1000_K95_UNIFORM_1,1000,950,95,950,PREFIX_LINEAR,SELECT,0,209199,24536
N1000_K95_UNIFORM_1,1000,950,95,950,PREFIX_LINEAR,SELECT,1,121901,24536
N1000_K95_UNIFORM_1,1000,950,95,950,PREFIX_LINEAR,SELECT,2,128100,24536
N1000_K95_UNIFORM_1,1000,950,95,950,PREFIX_LINEAR,SELECT,3,157800,24536
N1000_K95_UNIFORM_1,1000,950,95,950,PREFIX_LINEAR,SELECT,4,118799,24536
N1000_K95_UNIFORM_1,1000,950,95,950,PREFIX_LINEAR,SELECT,5,122800,24536
N1000_K95_UNIFORM_1,1000,950,95,950,PREFIX_LINEAR,SELECT,6,113200,24536
N1000_K95_UNIFORM_1,1000,950,95,950,PREFIX_LINEAR,SELECT,7,195299,24536
N1000_K95_UNIFORM_1,1000,950,95,950,PREFIX_LINEAR,SELECT,8,126199,24536
N1000_K95_UNIFORM_1,1000,950,95,950,PREFIX_LINEAR,SELECT,9,188000,24536
N1000_K95_UNIFORM_1,1000,950,95,950,PREFIX_LINEAR,SELECT,10,186799,24536
N1000_K95_UNIFORM_1,1000,950,95,950,PREFIX_LINEAR,SELECT,11,179800,24536
N1000_K95_UNIFORM_1,1000,950,95,950,PREFIX_LINEAR,SELECT,12,124400,24536
N1000_K95_UNIFORM_1,1000,950,95,950,PREFIX_LINEAR,SELECT,13,112799,24536
N1000_K95_UNIFORM_1,1000,950,95,950,PREFIX_LINEAR,SELECT,14,107500,24536
N1000_K95_UNIFORM_1,1000,950,95,950,PREFIX_LINEAR,SELECT,15,104700,24536
N1000_K95_UNIFORM_1,1000,950,95,950,PREFIX_LINEAR,SELECT,16,161800,24536
N1000_K95_UNIFORM_1,1000,950,95,950,PREFIX_LINEAR,SELECT,17,114001,24536
N1000_K95_UNIFORM_1,1000,950,95,950,PREFIX_LINEAR,SELECT,18,105301,24536
N1000_K95_UNIFORM_1,1000,950,95,950,PREFIX_LINEAR,SELECT,19,134799,24536
N1000_K95_UNIFORM_1,1000,950,95,950,PREFIX_LINEAR,TOTAL,0,397500,109536
N1000_K95_UNIFORM_1,1000,950,95,950,PREFIX_LINEAR,TOTAL,1,382300,109536
N1000_K95_UNIFORM_1,1000,950,95,950,PREFIX_LINEAR,TOTAL,2,349101,109536
N1000_K95_UNIFORM_1,1000,950,95,950,PREFIX_LINEAR,TOTAL,3,345999,109536
N1000_K95_UNIFORM_1,1000,950,95,950,PREFIX_LINEAR,TOTAL,4,368600,109536
N1000_K95_UNIFORM_1,1000,950,95,950,PREFIX_LINEAR,TOTAL,5,339901,109536
N1000_K95_UNIFORM_1,1000,950,95,950,PREFIX_LINEAR,TOTAL,6,359300,109536
N1000_K95_UNIFORM_1,1000,950,95,950,PREFIX_LINEAR,TOTAL,7,373300,109536
N1000_K95_UNIFORM_1,1000,950,95,950,PREFIX_LINEAR,TOTAL,8,486199,109536
N1000_K95_UNIFORM_1,1000,950,95,950,PREFIX_LINEAR,TOTAL,9,416600,104216
N1000_K95_UNIFORM_1,1000,950,95,950,PREFIX_LINEAR,TOTAL,10,337500,104216
N1000_K95_UNIFORM_1,1000,950,95,950,PREFIX_LINEAR,TOTAL,11,415300,104216
N1000_K95_UNIFORM_1,1000,950,95,950,PREFIX_LINEAR,TOTAL,12,570499,104216
N1000_K95_UNIFORM_1,1000,950,95,950,PREFIX_LINEAR,TOTAL,13,685699,104216
N1000_K95_UNIFORM_1,1000,950,95,950,PREFIX_LINEAR,TOTAL,14,749300,104216
N1000_K95_UNIFORM_1,1000,950,95,950,PREFIX_LINEAR,TOTAL,15,513699,104216
N1000_K95_UNIFORM_1,1000,950,95,950,PREFIX_LINEAR,TOTAL,16,652299,104560
N1000_K95_UNIFORM_1,1000,950,95,950,PREFIX_LINEAR,TOTAL,17,766700,104216
N1000_K95_UNIFORM_1,1000,950,95,950,PREFIX_LINEAR,TOTAL,18,732900,104216
N1000_K95_UNIFORM_1,1000,950,95,950,PREFIX_LINEAR,TOTAL,19,643100,104216
N1000_K95_UNIFORM_1,1000,950,95,950,PREFIX_BINARY,NORMALIZE,0,470099,69736
N1000_K95_UNIFORM_1,1000,950,95,950,PREFIX_BINARY,NORMALIZE,1,458300,69736
N1000_K95_UNIFORM_1,1000,950,95,950,PREFIX_BINARY,NORMALIZE,2,555201,69736
N1000_K95_UNIFORM_1,1000,950,95,950,PREFIX_BINARY,NORMALIZE,3,489300,69736
N1000_K95_UNIFORM_1,1000,950,95,950,PREFIX_BINARY,NORMALIZE,4,439899,69736
N1000_K95_UNIFORM_1,1000,950,95,950,PREFIX_BINARY,NORMALIZE,5,418901,69736
N1000_K95_UNIFORM_1,1000,950,95,950,PREFIX_BINARY,NORMALIZE,6,458000,69736
N1000_K95_UNIFORM_1,1000,950,95,950,PREFIX_BINARY,NORMALIZE,7,377400,69736
N1000_K95_UNIFORM_1,1000,950,95,950,PREFIX_BINARY,NORMALIZE,8,339299,69736
N1000_K95_UNIFORM_1,1000,950,95,950,PREFIX_BINARY,NORMALIZE,9,336300,69736
N1000_K95_UNIFORM_1,1000,950,95,950,PREFIX_BINARY,NORMALIZE,10,391401,69736
N1000_K95_UNIFORM_1,1000,950,95,950,PREFIX_BINARY,NORMALIZE,11,427400,69736
N1000_K95_UNIFORM_1,1000,950,95,950,PREFIX_BINARY,NORMALIZE,12,396500,69736
N1000_K95_UNIFORM_1,1000,950,95,950,PREFIX_BINARY,NORMALIZE,13,399001,69736
N1000_K95_UNIFORM_1,1000,950,95,950,PREFIX_BINARY,NORMALIZE,14,399800,69736
N1000_K95_UNIFORM_1,1000,950,95,950,PREFIX_BINARY,NORMALIZE,15,390700,69736
N1000_K95_UNIFORM_1,1000,950,95,950,PREFIX_BINARY,NORMALIZE,16,393499,69736
N1000_K95_UNIFORM_1,1000,950,95,950,PREFIX_BINARY,NORMALIZE,17,408600,69736
N1000_K95_UNIFORM_1,1000,950,95,950,PREFIX_BINARY,NORMALIZE,18,400001,69736
N1000_K95_UNIFORM_1,1000,950,95,950,PREFIX_BINARY,NORMALIZE,19,364600,69736
N1000_K95_UNIFORM_1,1000,950,95,950,PREFIX_BINARY,BUILD,0,52800,15264
N1000_K95_UNIFORM_1,1000,950,95,950,PREFIX_BINARY,BUILD,1,5899,15264
N1000_K95_UNIFORM_1,1000,950,95,950,PREFIX_BINARY,BUILD,2,37400,15264
N1000_K95_UNIFORM_1,1000,950,95,950,PREFIX_BINARY,BUILD,3,9200,15264
N1000_K95_UNIFORM_1,1000,950,95,950,PREFIX_BINARY,BUILD,4,3899,15264
N1000_K95_UNIFORM_1,1000,950,95,950,PREFIX_BINARY,BUILD,5,4200,15264
N1000_K95_UNIFORM_1,1000,950,95,950,PREFIX_BINARY,BUILD,6,3200,15264
N1000_K95_UNIFORM_1,1000,950,95,950,PREFIX_BINARY,BUILD,7,3501,15264
N1000_K95_UNIFORM_1,1000,950,95,950,PREFIX_BINARY,BUILD,8,2700,15264
N1000_K95_UNIFORM_1,1000,950,95,950,PREFIX_BINARY,BUILD,9,17700,15264
N1000_K95_UNIFORM_1,1000,950,95,950,PREFIX_BINARY,BUILD,10,2901,15264
N1000_K95_UNIFORM_1,1000,950,95,950,PREFIX_BINARY,BUILD,11,2899,15264
N1000_K95_UNIFORM_1,1000,950,95,950,PREFIX_BINARY,BUILD,12,9300,15264
N1000_K95_UNIFORM_1,1000,950,95,950,PREFIX_BINARY,BUILD,13,4199,15264
N1000_K95_UNIFORM_1,1000,950,95,950,PREFIX_BINARY,BUILD,14,4401,15264
N1000_K95_UNIFORM_1,1000,950,95,950,PREFIX_BINARY,BUILD,15,20099,15264
N1000_K95_UNIFORM_1,1000,950,95,950,PREFIX_BINARY,BUILD,16,3001,15264
N1000_K95_UNIFORM_1,1000,950,95,950,PREFIX_BINARY,BUILD,17,2701,15264
N1000_K95_UNIFORM_1,1000,950,95,950,PREFIX_BINARY,BUILD,18,14300,15264
N1000_K95_UNIFORM_1,1000,950,95,950,PREFIX_BINARY,BUILD,19,4801,15264
N1000_K95_UNIFORM_1,1000,950,95,950,PREFIX_BINARY,SELECT,0,314300,19216
N1000_K95_UNIFORM_1,1000,950,95,950,PREFIX_BINARY,SELECT,1,139699,19216
N1000_K95_UNIFORM_1,1000,950,95,950,PREFIX_BINARY,SELECT,2,132800,19216
N1000_K95_UNIFORM_1,1000,950,95,950,PREFIX_BINARY,SELECT,3,98800,19216
N1000_K95_UNIFORM_1,1000,950,95,950,PREFIX_BINARY,SELECT,4,96100,19216
N1000_K95_UNIFORM_1,1000,950,95,950,PREFIX_BINARY,SELECT,5,89700,19216
N1000_K95_UNIFORM_1,1000,950,95,950,PREFIX_BINARY,SELECT,6,191000,19216
N1000_K95_UNIFORM_1,1000,950,95,950,PREFIX_BINARY,SELECT,7,132400,19216
N1000_K95_UNIFORM_1,1000,950,95,950,PREFIX_BINARY,SELECT,8,105701,19216
N1000_K95_UNIFORM_1,1000,950,95,950,PREFIX_BINARY,SELECT,9,697900,19216
N1000_K95_UNIFORM_1,1000,950,95,950,PREFIX_BINARY,SELECT,10,305900,19216
N1000_K95_UNIFORM_1,1000,950,95,950,PREFIX_BINARY,SELECT,11,189099,19216
N1000_K95_UNIFORM_1,1000,950,95,950,PREFIX_BINARY,SELECT,12,158901,19216
N1000_K95_UNIFORM_1,1000,950,95,950,PREFIX_BINARY,SELECT,13,168999,19216
N1000_K95_UNIFORM_1,1000,950,95,950,PREFIX_BINARY,SELECT,14,187700,19216
N1000_K95_UNIFORM_1,1000,950,95,950,PREFIX_BINARY,SELECT,15,132301,19216
N1000_K95_UNIFORM_1,1000,950,95,950,PREFIX_BINARY,SELECT,16,115601,19216
N1000_K95_UNIFORM_1,1000,950,95,950,PREFIX_BINARY,SELECT,17,112799,19216
N1000_K95_UNIFORM_1,1000,950,95,950,PREFIX_BINARY,SELECT,18,124400,19216
N1000_K95_UNIFORM_1,1000,950,95,950,PREFIX_BINARY,SELECT,19,110700,19216
N1000_K95_UNIFORM_1,1000,950,95,950,PREFIX_BINARY,TOTAL,0,428900,104216
N1000_K95_UNIFORM_1,1000,950,95,950,PREFIX_BINARY,TOTAL,1,349100,104216
N1000_K95_UNIFORM_1,1000,950,95,950,PREFIX_BINARY,TOTAL,2,376500,104216
N1000_K95_UNIFORM_1,1000,950,95,950,PREFIX_BINARY,TOTAL,3,335401,104216
N1000_K95_UNIFORM_1,1000,950,95,950,PREFIX_BINARY,TOTAL,4,329499,104216
N1000_K95_UNIFORM_1,1000,950,95,950,PREFIX_BINARY,TOTAL,5,330399,104216
N1000_K95_UNIFORM_1,1000,950,95,950,PREFIX_BINARY,TOTAL,6,338200,103944
N1000_K95_UNIFORM_1,1000,950,95,950,PREFIX_BINARY,TOTAL,7,331500,103944
N1000_K95_UNIFORM_1,1000,950,95,950,PREFIX_BINARY,TOTAL,8,287700,103944
N1000_K95_UNIFORM_1,1000,950,95,950,PREFIX_BINARY,TOTAL,9,301000,103944
N1000_K95_UNIFORM_1,1000,950,95,950,PREFIX_BINARY,TOTAL,10,368800,103944
N1000_K95_UNIFORM_1,1000,950,95,950,PREFIX_BINARY,TOTAL,11,415799,103944
N1000_K95_UNIFORM_1,1000,950,95,950,PREFIX_BINARY,TOTAL,12,361600,103944
N1000_K95_UNIFORM_1,1000,950,95,950,PREFIX_BINARY,TOTAL,13,507200,103944
N1000_K95_UNIFORM_1,1000,950,95,950,PREFIX_BINARY,TOTAL,14,611600,103944
N1000_K95_UNIFORM_1,1000,950,95,950,PREFIX_BINARY,TOTAL,15,561199,103944
N1000_K95_UNIFORM_1,1000,950,95,950,PREFIX_BINARY,TOTAL,16,606399,103944
N1000_K95_UNIFORM_1,1000,950,95,950,PREFIX_BINARY,TOTAL,17,577000,103944
N1000_K95_UNIFORM_1,1000,950,95,950,PREFIX_BINARY,TOTAL,18,521000,103944
N1000_K95_UNIFORM_1,1000,950,95,950,PREFIX_BINARY,TOTAL,19,555900,103944
N1000_K95_UNIFORM_1,1000,950,95,950,FENWICK,NORMALIZE,0,261300,69736
N1000_K95_UNIFORM_1,1000,950,95,950,FENWICK,NORMALIZE,1,233800,69736
N1000_K95_UNIFORM_1,1000,950,95,950,FENWICK,NORMALIZE,2,222100,69736
N1000_K95_UNIFORM_1,1000,950,95,950,FENWICK,NORMALIZE,3,218701,69736
N1000_K95_UNIFORM_1,1000,950,95,950,FENWICK,NORMALIZE,4,259500,69736
N1000_K95_UNIFORM_1,1000,950,95,950,FENWICK,NORMALIZE,5,238900,69736
N1000_K95_UNIFORM_1,1000,950,95,950,FENWICK,NORMALIZE,6,239800,69736
N1000_K95_UNIFORM_1,1000,950,95,950,FENWICK,NORMALIZE,7,219801,69736
N1000_K95_UNIFORM_1,1000,950,95,950,FENWICK,NORMALIZE,8,217400,69736
N1000_K95_UNIFORM_1,1000,950,95,950,FENWICK,NORMALIZE,9,216700,69736
N1000_K95_UNIFORM_1,1000,950,95,950,FENWICK,NORMALIZE,10,230100,69736
N1000_K95_UNIFORM_1,1000,950,95,950,FENWICK,NORMALIZE,11,335700,69736
N1000_K95_UNIFORM_1,1000,950,95,950,FENWICK,NORMALIZE,12,246400,69736
N1000_K95_UNIFORM_1,1000,950,95,950,FENWICK,NORMALIZE,13,220400,69736
N1000_K95_UNIFORM_1,1000,950,95,950,FENWICK,NORMALIZE,14,237300,69736
N1000_K95_UNIFORM_1,1000,950,95,950,FENWICK,NORMALIZE,15,219700,69736
N1000_K95_UNIFORM_1,1000,950,95,950,FENWICK,NORMALIZE,16,217899,69736
N1000_K95_UNIFORM_1,1000,950,95,950,FENWICK,NORMALIZE,17,217699,69736
N1000_K95_UNIFORM_1,1000,950,95,950,FENWICK,NORMALIZE,18,219900,69736
N1000_K95_UNIFORM_1,1000,950,95,950,FENWICK,NORMALIZE,19,254400,69736
N1000_K95_UNIFORM_1,1000,950,95,950,FENWICK,BUILD,0,8599,15336
N1000_K95_UNIFORM_1,1000,950,95,950,FENWICK,BUILD,1,14301,15336
N1000_K95_UNIFORM_1,1000,950,95,950,FENWICK,BUILD,2,32299,15336
N1000_K95_UNIFORM_1,1000,950,95,950,FENWICK,BUILD,3,9599,15336
N1000_K95_UNIFORM_1,1000,950,95,950,FENWICK,BUILD,4,8600,15336
N1000_K95_UNIFORM_1,1000,950,95,950,FENWICK,BUILD,5,11899,15336
N1000_K95_UNIFORM_1,1000,950,95,950,FENWICK,BUILD,6,23100,15336
N1000_K95_UNIFORM_1,1000,950,95,950,FENWICK,BUILD,7,9000,15336
N1000_K95_UNIFORM_1,1000,950,95,950,FENWICK,BUILD,8,8800,15336
N1000_K95_UNIFORM_1,1000,950,95,950,FENWICK,BUILD,9,8900,15336
N1000_K95_UNIFORM_1,1000,950,95,950,FENWICK,BUILD,10,8500,15336
N1000_K95_UNIFORM_1,1000,950,95,950,FENWICK,BUILD,11,8500,15336
N1000_K95_UNIFORM_1,1000,950,95,950,FENWICK,BUILD,12,16801,15336
N1000_K95_UNIFORM_1,1000,950,95,950,FENWICK,BUILD,13,9199,15336
N1000_K95_UNIFORM_1,1000,950,95,950,FENWICK,BUILD,14,14201,15336
N1000_K95_UNIFORM_1,1000,950,95,950,FENWICK,BUILD,15,14800,15336
N1000_K95_UNIFORM_1,1000,950,95,950,FENWICK,BUILD,16,9700,15336
N1000_K95_UNIFORM_1,1000,950,95,950,FENWICK,BUILD,17,8900,15336
N1000_K95_UNIFORM_1,1000,950,95,950,FENWICK,BUILD,18,9099,15336
N1000_K95_UNIFORM_1,1000,950,95,950,FENWICK,BUILD,19,8900,15336
N1000_K95_UNIFORM_1,1000,950,95,950,FENWICK,SELECT,0,72899,18944
N1000_K95_UNIFORM_1,1000,950,95,950,FENWICK,SELECT,1,73800,18944
N1000_K95_UNIFORM_1,1000,950,95,950,FENWICK,SELECT,2,79200,18944
N1000_K95_UNIFORM_1,1000,950,95,950,FENWICK,SELECT,3,71800,18944
N1000_K95_UNIFORM_1,1000,950,95,950,FENWICK,SELECT,4,83700,18944
N1000_K95_UNIFORM_1,1000,950,95,950,FENWICK,SELECT,5,66199,18944
N1000_K95_UNIFORM_1,1000,950,95,950,FENWICK,SELECT,6,136200,18944
N1000_K95_UNIFORM_1,1000,950,95,950,FENWICK,SELECT,7,103700,18944
N1000_K95_UNIFORM_1,1000,950,95,950,FENWICK,SELECT,8,85599,18944
N1000_K95_UNIFORM_1,1000,950,95,950,FENWICK,SELECT,9,84200,18944
N1000_K95_UNIFORM_1,1000,950,95,950,FENWICK,SELECT,10,67199,18944
N1000_K95_UNIFORM_1,1000,950,95,950,FENWICK,SELECT,11,139300,18944
N1000_K95_UNIFORM_1,1000,950,95,950,FENWICK,SELECT,12,123299,18944
N1000_K95_UNIFORM_1,1000,950,95,950,FENWICK,SELECT,13,153600,18944
N1000_K95_UNIFORM_1,1000,950,95,950,FENWICK,SELECT,14,96501,18944
N1000_K95_UNIFORM_1,1000,950,95,950,FENWICK,SELECT,15,64799,18944
N1000_K95_UNIFORM_1,1000,950,95,950,FENWICK,SELECT,16,62700,18944
N1000_K95_UNIFORM_1,1000,950,95,950,FENWICK,SELECT,17,65800,18944
N1000_K95_UNIFORM_1,1000,950,95,950,FENWICK,SELECT,18,74700,18944
N1000_K95_UNIFORM_1,1000,950,95,950,FENWICK,SELECT,19,70701,18944
N1000_K95_UNIFORM_1,1000,950,95,950,FENWICK,TOTAL,0,327300,104016
N1000_K95_UNIFORM_1,1000,950,95,950,FENWICK,TOTAL,1,327600,104016
N1000_K95_UNIFORM_1,1000,950,95,950,FENWICK,TOTAL,2,391499,104016
N1000_K95_UNIFORM_1,1000,950,95,950,FENWICK,TOTAL,3,530700,104016
N1000_K95_UNIFORM_1,1000,950,95,950,FENWICK,TOTAL,4,568601,104016
N1000_K95_UNIFORM_1,1000,950,95,950,FENWICK,TOTAL,5,569001,104016
N1000_K95_UNIFORM_1,1000,950,95,950,FENWICK,TOTAL,6,513800,104016
N1000_K95_UNIFORM_1,1000,950,95,950,FENWICK,TOTAL,7,408900,104016
N1000_K95_UNIFORM_1,1000,950,95,950,FENWICK,TOTAL,8,373301,104016
N1000_K95_UNIFORM_1,1000,950,95,950,FENWICK,TOTAL,9,536100,104016
N1000_K95_UNIFORM_1,1000,950,95,950,FENWICK,TOTAL,10,371499,104016
N1000_K95_UNIFORM_1,1000,950,95,950,FENWICK,TOTAL,11,336400,104016
N1000_K95_UNIFORM_1,1000,950,95,950,FENWICK,TOTAL,12,326399,104016
N1000_K95_UNIFORM_1,1000,950,95,950,FENWICK,TOTAL,13,383601,104016
N1000_K95_UNIFORM_1,1000,950,95,950,FENWICK,TOTAL,14,465300,104016
N1000_K95_UNIFORM_1,1000,950,95,950,FENWICK,TOTAL,15,553799,104016
N1000_K95_UNIFORM_1,1000,950,95,950,FENWICK,TOTAL,16,618500,104016
N1000_K95_UNIFORM_1,1000,950,95,950,FENWICK,TOTAL,17,423099,104016
N1000_K95_UNIFORM_1,1000,950,95,950,FENWICK,TOTAL,18,347900,104016
N1000_K95_UNIFORM_1,1000,950,95,950,FENWICK,TOTAL,19,457100,104016
N1000_K1_UNIFORM_100,1000,950,1,95000,TICKET_ARRAY,NORMALIZE,0,216900,69736
N1000_K1_UNIFORM_100,1000,950,1,95000,TICKET_ARRAY,NORMALIZE,1,263400,69736
N1000_K1_UNIFORM_100,1000,950,1,95000,TICKET_ARRAY,NORMALIZE,2,224199,69736
N1000_K1_UNIFORM_100,1000,950,1,95000,TICKET_ARRAY,NORMALIZE,3,496000,69736
N1000_K1_UNIFORM_100,1000,950,1,95000,TICKET_ARRAY,NORMALIZE,4,456199,69736
N1000_K1_UNIFORM_100,1000,950,1,95000,TICKET_ARRAY,NORMALIZE,5,425401,69736
N1000_K1_UNIFORM_100,1000,950,1,95000,TICKET_ARRAY,NORMALIZE,6,452700,69736
N1000_K1_UNIFORM_100,1000,950,1,95000,TICKET_ARRAY,NORMALIZE,7,351900,69736
N1000_K1_UNIFORM_100,1000,950,1,95000,TICKET_ARRAY,NORMALIZE,8,311500,69736
N1000_K1_UNIFORM_100,1000,950,1,95000,TICKET_ARRAY,NORMALIZE,9,274201,69736
N1000_K1_UNIFORM_100,1000,950,1,95000,TICKET_ARRAY,NORMALIZE,10,255799,69736
N1000_K1_UNIFORM_100,1000,950,1,95000,TICKET_ARRAY,NORMALIZE,11,249700,69736
N1000_K1_UNIFORM_100,1000,950,1,95000,TICKET_ARRAY,NORMALIZE,12,339001,69736
N1000_K1_UNIFORM_100,1000,950,1,95000,TICKET_ARRAY,NORMALIZE,13,431499,69736
N1000_K1_UNIFORM_100,1000,950,1,95000,TICKET_ARRAY,NORMALIZE,14,302999,69736
N1000_K1_UNIFORM_100,1000,950,1,95000,TICKET_ARRAY,NORMALIZE,15,287399,69736
N1000_K1_UNIFORM_100,1000,950,1,95000,TICKET_ARRAY,NORMALIZE,16,312000,69736
N1000_K1_UNIFORM_100,1000,950,1,95000,TICKET_ARRAY,NORMALIZE,17,275500,69736
N1000_K1_UNIFORM_100,1000,950,1,95000,TICKET_ARRAY,NORMALIZE,18,232301,69736
N1000_K1_UNIFORM_100,1000,950,1,95000,TICKET_ARRAY,NORMALIZE,19,225901,69736
N1000_K1_UNIFORM_100,1000,950,1,95000,TICKET_ARRAY,BUILD,0,146700,380040
N1000_K1_UNIFORM_100,1000,950,1,95000,TICKET_ARRAY,BUILD,1,126100,380040
N1000_K1_UNIFORM_100,1000,950,1,95000,TICKET_ARRAY,BUILD,2,146700,380040
N1000_K1_UNIFORM_100,1000,950,1,95000,TICKET_ARRAY,BUILD,3,132401,380040
N1000_K1_UNIFORM_100,1000,950,1,95000,TICKET_ARRAY,BUILD,4,154100,380040
N1000_K1_UNIFORM_100,1000,950,1,95000,TICKET_ARRAY,BUILD,5,128200,380040
N1000_K1_UNIFORM_100,1000,950,1,95000,TICKET_ARRAY,BUILD,6,197901,380040
N1000_K1_UNIFORM_100,1000,950,1,95000,TICKET_ARRAY,BUILD,7,126999,380040
N1000_K1_UNIFORM_100,1000,950,1,95000,TICKET_ARRAY,BUILD,8,176800,380040
N1000_K1_UNIFORM_100,1000,950,1,95000,TICKET_ARRAY,BUILD,9,170900,380040
N1000_K1_UNIFORM_100,1000,950,1,95000,TICKET_ARRAY,BUILD,10,159200,380040
N1000_K1_UNIFORM_100,1000,950,1,95000,TICKET_ARRAY,BUILD,11,175601,380040
N1000_K1_UNIFORM_100,1000,950,1,95000,TICKET_ARRAY,BUILD,12,171501,380040
N1000_K1_UNIFORM_100,1000,950,1,95000,TICKET_ARRAY,BUILD,13,136300,380040
N1000_K1_UNIFORM_100,1000,950,1,95000,TICKET_ARRAY,BUILD,14,155699,380040
N1000_K1_UNIFORM_100,1000,950,1,95000,TICKET_ARRAY,BUILD,15,237000,380040
N1000_K1_UNIFORM_100,1000,950,1,95000,TICKET_ARRAY,BUILD,16,245000,380040
N1000_K1_UNIFORM_100,1000,950,1,95000,TICKET_ARRAY,BUILD,17,147600,380040
N1000_K1_UNIFORM_100,1000,950,1,95000,TICKET_ARRAY,BUILD,18,288499,380040
N1000_K1_UNIFORM_100,1000,950,1,95000,TICKET_ARRAY,BUILD,19,239901,380040
N1000_K1_UNIFORM_100,1000,950,1,95000,TICKET_ARRAY,SELECT,0,89500,1680
N1000_K1_UNIFORM_100,1000,950,1,95000,TICKET_ARRAY,SELECT,1,80201,1680
N1000_K1_UNIFORM_100,1000,950,1,95000,TICKET_ARRAY,SELECT,2,69100,1680
N1000_K1_UNIFORM_100,1000,950,1,95000,TICKET_ARRAY,SELECT,3,89200,1680
N1000_K1_UNIFORM_100,1000,950,1,95000,TICKET_ARRAY,SELECT,4,77601,1680
N1000_K1_UNIFORM_100,1000,950,1,95000,TICKET_ARRAY,SELECT,5,73000,1680
N1000_K1_UNIFORM_100,1000,950,1,95000,TICKET_ARRAY,SELECT,6,72100,1680
N1000_K1_UNIFORM_100,1000,950,1,95000,TICKET_ARRAY,SELECT,7,69901,1680
N1000_K1_UNIFORM_100,1000,950,1,95000,TICKET_ARRAY,SELECT,8,68300,1680
N1000_K1_UNIFORM_100,1000,950,1,95000,TICKET_ARRAY,SELECT,9,69000,1680
N1000_K1_UNIFORM_100,1000,950,1,95000,TICKET_ARRAY,SELECT,10,70499,1680
N1000_K1_UNIFORM_100,1000,950,1,95000,TICKET_ARRAY,SELECT,11,70199,1680
N1000_K1_UNIFORM_100,1000,950,1,95000,TICKET_ARRAY,SELECT,12,72201,1680
N1000_K1_UNIFORM_100,1000,950,1,95000,TICKET_ARRAY,SELECT,13,70700,1680
N1000_K1_UNIFORM_100,1000,950,1,95000,TICKET_ARRAY,SELECT,14,69400,1680
N1000_K1_UNIFORM_100,1000,950,1,95000,TICKET_ARRAY,SELECT,15,70799,1680
N1000_K1_UNIFORM_100,1000,950,1,95000,TICKET_ARRAY,SELECT,16,70001,1680
N1000_K1_UNIFORM_100,1000,950,1,95000,TICKET_ARRAY,SELECT,17,72201,1680
N1000_K1_UNIFORM_100,1000,950,1,95000,TICKET_ARRAY,SELECT,18,88300,1680
N1000_K1_UNIFORM_100,1000,950,1,95000,TICKET_ARRAY,SELECT,19,96999,1680
N1000_K1_UNIFORM_100,1000,950,1,95000,TICKET_ARRAY,TOTAL,0,486000,451456
N1000_K1_UNIFORM_100,1000,950,1,95000,TICKET_ARRAY,TOTAL,1,450700,451456
N1000_K1_UNIFORM_100,1000,950,1,95000,TICKET_ARRAY,TOTAL,2,581300,451456
N1000_K1_UNIFORM_100,1000,950,1,95000,TICKET_ARRAY,TOTAL,3,565400,451456
N1000_K1_UNIFORM_100,1000,950,1,95000,TICKET_ARRAY,TOTAL,4,532201,451456
N1000_K1_UNIFORM_100,1000,950,1,95000,TICKET_ARRAY,TOTAL,5,506699,451456
N1000_K1_UNIFORM_100,1000,950,1,95000,TICKET_ARRAY,TOTAL,6,479100,451456
N1000_K1_UNIFORM_100,1000,950,1,95000,TICKET_ARRAY,TOTAL,7,442600,451456
N1000_K1_UNIFORM_100,1000,950,1,95000,TICKET_ARRAY,TOTAL,8,455600,451456
N1000_K1_UNIFORM_100,1000,950,1,95000,TICKET_ARRAY,TOTAL,9,457100,451456
N1000_K1_UNIFORM_100,1000,950,1,95000,TICKET_ARRAY,TOTAL,10,470500,451456
N1000_K1_UNIFORM_100,1000,950,1,95000,TICKET_ARRAY,TOTAL,11,425299,451456
N1000_K1_UNIFORM_100,1000,950,1,95000,TICKET_ARRAY,TOTAL,12,445701,451456
N1000_K1_UNIFORM_100,1000,950,1,95000,TICKET_ARRAY,TOTAL,13,463499,451456
N1000_K1_UNIFORM_100,1000,950,1,95000,TICKET_ARRAY,TOTAL,14,463500,451456
N1000_K1_UNIFORM_100,1000,950,1,95000,TICKET_ARRAY,TOTAL,15,421100,451456
N1000_K1_UNIFORM_100,1000,950,1,95000,TICKET_ARRAY,TOTAL,16,452700,451456
N1000_K1_UNIFORM_100,1000,950,1,95000,TICKET_ARRAY,TOTAL,17,524500,451456
N1000_K1_UNIFORM_100,1000,950,1,95000,TICKET_ARRAY,TOTAL,18,617000,451456
N1000_K1_UNIFORM_100,1000,950,1,95000,TICKET_ARRAY,TOTAL,19,551800,451456
N1000_K1_UNIFORM_100,1000,950,1,95000,PREFIX_LINEAR,NORMALIZE,0,268500,69736
N1000_K1_UNIFORM_100,1000,950,1,95000,PREFIX_LINEAR,NORMALIZE,1,244600,69736
N1000_K1_UNIFORM_100,1000,950,1,95000,PREFIX_LINEAR,NORMALIZE,2,231899,69736
N1000_K1_UNIFORM_100,1000,950,1,95000,PREFIX_LINEAR,NORMALIZE,3,222200,69736
N1000_K1_UNIFORM_100,1000,950,1,95000,PREFIX_LINEAR,NORMALIZE,4,407200,69736
N1000_K1_UNIFORM_100,1000,950,1,95000,PREFIX_LINEAR,NORMALIZE,5,337699,69736
N1000_K1_UNIFORM_100,1000,950,1,95000,PREFIX_LINEAR,NORMALIZE,6,311301,69736
N1000_K1_UNIFORM_100,1000,950,1,95000,PREFIX_LINEAR,NORMALIZE,7,257099,69736
N1000_K1_UNIFORM_100,1000,950,1,95000,PREFIX_LINEAR,NORMALIZE,8,238599,69736
N1000_K1_UNIFORM_100,1000,950,1,95000,PREFIX_LINEAR,NORMALIZE,9,244400,69736
N1000_K1_UNIFORM_100,1000,950,1,95000,PREFIX_LINEAR,NORMALIZE,10,224300,69736
N1000_K1_UNIFORM_100,1000,950,1,95000,PREFIX_LINEAR,NORMALIZE,11,217799,69736
N1000_K1_UNIFORM_100,1000,950,1,95000,PREFIX_LINEAR,NORMALIZE,12,217499,69736
N1000_K1_UNIFORM_100,1000,950,1,95000,PREFIX_LINEAR,NORMALIZE,13,251200,69736
N1000_K1_UNIFORM_100,1000,950,1,95000,PREFIX_LINEAR,NORMALIZE,14,225500,69736
N1000_K1_UNIFORM_100,1000,950,1,95000,PREFIX_LINEAR,NORMALIZE,15,219500,69736
N1000_K1_UNIFORM_100,1000,950,1,95000,PREFIX_LINEAR,NORMALIZE,16,217001,69736
N1000_K1_UNIFORM_100,1000,950,1,95000,PREFIX_LINEAR,NORMALIZE,17,216601,69736
N1000_K1_UNIFORM_100,1000,950,1,95000,PREFIX_LINEAR,NORMALIZE,18,383300,69736
N1000_K1_UNIFORM_100,1000,950,1,95000,PREFIX_LINEAR,NORMALIZE,19,298800,69736
N1000_K1_UNIFORM_100,1000,950,1,95000,PREFIX_LINEAR,BUILD,0,3601,15264
N1000_K1_UNIFORM_100,1000,950,1,95000,PREFIX_LINEAR,BUILD,1,3100,15264
N1000_K1_UNIFORM_100,1000,950,1,95000,PREFIX_LINEAR,BUILD,2,3000,15264
N1000_K1_UNIFORM_100,1000,950,1,95000,PREFIX_LINEAR,BUILD,3,2799,15264
N1000_K1_UNIFORM_100,1000,950,1,95000,PREFIX_LINEAR,BUILD,4,9100,15264
N1000_K1_UNIFORM_100,1000,950,1,95000,PREFIX_LINEAR,BUILD,5,2801,15264
N1000_K1_UNIFORM_100,1000,950,1,95000,PREFIX_LINEAR,BUILD,6,3600,15264
N1000_K1_UNIFORM_100,1000,950,1,95000,PREFIX_LINEAR,BUILD,7,20501,15264
N1000_K1_UNIFORM_100,1000,950,1,95000,PREFIX_LINEAR,BUILD,8,3100,15264
N1000_K1_UNIFORM_100,1000,950,1,95000,PREFIX_LINEAR,BUILD,9,3300,15264
N1000_K1_UNIFORM_100,1000,950,1,95000,PREFIX_LINEAR,BUILD,10,8900,15264
N1000_K1_UNIFORM_100,1000,950,1,95000,PREFIX_LINEAR,BUILD,11,2699,15264
N1000_K1_UNIFORM_100,1000,950,1,95000,PREFIX_LINEAR,BUILD,12,2800,15264
N1000_K1_UNIFORM_100,1000,950,1,95000,PREFIX_LINEAR,BUILD,13,2800,15264
N1000_K1_UNIFORM_100,1000,950,1,95000,PREFIX_LINEAR,BUILD,14,8800,15264
N1000_K1_UNIFORM_100,1000,950,1,95000,PREFIX_LINEAR,BUILD,15,2801,15264
N1000_K1_UNIFORM_100,1000,950,1,95000,PREFIX_LINEAR,BUILD,16,2900,15264
N1000_K1_UNIFORM_100,1000,950,1,95000,PREFIX_LINEAR,BUILD,17,8800,15264
N1000_K1_UNIFORM_100,1000,950,1,95000,PREFIX_LINEAR,BUILD,18,2600,15264
N1000_K1_UNIFORM_100,1000,950,1,95000,PREFIX_LINEAR,BUILD,19,3099,15264
N1000_K1_UNIFORM_100,1000,950,1,95000,PREFIX_LINEAR,SELECT,0,25899,1680
N1000_K1_UNIFORM_100,1000,950,1,95000,PREFIX_LINEAR,SELECT,1,26400,1680
N1000_K1_UNIFORM_100,1000,950,1,95000,PREFIX_LINEAR,SELECT,2,25400,1680
N1000_K1_UNIFORM_100,1000,950,1,95000,PREFIX_LINEAR,SELECT,3,42800,1680
N1000_K1_UNIFORM_100,1000,950,1,95000,PREFIX_LINEAR,SELECT,4,24099,1680
N1000_K1_UNIFORM_100,1000,950,1,95000,PREFIX_LINEAR,SELECT,5,19300,1680
N1000_K1_UNIFORM_100,1000,950,1,95000,PREFIX_LINEAR,SELECT,6,18600,1680
N1000_K1_UNIFORM_100,1000,950,1,95000,PREFIX_LINEAR,SELECT,7,18600,1680
N1000_K1_UNIFORM_100,1000,950,1,95000,PREFIX_LINEAR,SELECT,8,17900,1680
N1000_K1_UNIFORM_100,1000,950,1,95000,PREFIX_LINEAR,SELECT,9,17901,1680
N1000_K1_UNIFORM_100,1000,950,1,95000,PREFIX_LINEAR,SELECT,10,17199,1680
N1000_K1_UNIFORM_100,1000,950,1,95000,PREFIX_LINEAR,SELECT,11,19100,1680
N1000_K1_UNIFORM_100,1000,950,1,95000,PREFIX_LINEAR,SELECT,12,17399,1680
N1000_K1_UNIFORM_100,1000,950,1,95000,PREFIX_LINEAR,SELECT,13,17500,1680
N1000_K1_UNIFORM_100,1000,950,1,95000,PREFIX_LINEAR,SELECT,14,17500,1680
N1000_K1_UNIFORM_100,1000,950,1,95000,PREFIX_LINEAR,SELECT,15,17500,1680
N1000_K1_UNIFORM_100,1000,950,1,95000,PREFIX_LINEAR,SELECT,16,18501,1680
N1000_K1_UNIFORM_100,1000,950,1,95000,PREFIX_LINEAR,SELECT,17,17001,1680
N1000_K1_UNIFORM_100,1000,950,1,95000,PREFIX_LINEAR,SELECT,18,28100,1680
N1000_K1_UNIFORM_100,1000,950,1,95000,PREFIX_LINEAR,SELECT,19,24600,1680
N1000_K1_UNIFORM_100,1000,950,1,95000,PREFIX_LINEAR,TOTAL,0,363001,86680
N1000_K1_UNIFORM_100,1000,950,1,95000,PREFIX_LINEAR,TOTAL,1,387599,86680
N1000_K1_UNIFORM_100,1000,950,1,95000,PREFIX_LINEAR,TOTAL,2,393901,86680
N1000_K1_UNIFORM_100,1000,950,1,95000,PREFIX_LINEAR,TOTAL,3,409800,86680
N1000_K1_UNIFORM_100,1000,950,1,95000,PREFIX_LINEAR,TOTAL,4,371500,86680
N1000_K1_UNIFORM_100,1000,950,1,95000,PREFIX_LINEAR,TOTAL,5,397300,86680
N1000_K1_UNIFORM_100,1000,950,1,95000,PREFIX_LINEAR,TOTAL,6,439500,86680
N1000_K1_UNIFORM_100,1000,950,1,95000,PREFIX_LINEAR,TOTAL,7,372801,86680
N1000_K1_UNIFORM_100,1000,950,1,95000,PREFIX_LINEAR,TOTAL,8,390000,86680
N1000_K1_UNIFORM_100,1000,950,1,95000,PREFIX_LINEAR,TOTAL,9,409099,86680
N1000_K1_UNIFORM_100,1000,950,1,95000,PREFIX_LINEAR,TOTAL,10,388099,86680
N1000_K1_UNIFORM_100,1000,950,1,95000,PREFIX_LINEAR,TOTAL,11,374100,86680
N1000_K1_UNIFORM_100,1000,950,1,95000,PREFIX_LINEAR,TOTAL,12,387100,86680
N1000_K1_UNIFORM_100,1000,950,1,95000,PREFIX_LINEAR,TOTAL,13,368900,86680
N1000_K1_UNIFORM_100,1000,950,1,95000,PREFIX_LINEAR,TOTAL,14,369699,86680
N1000_K1_UNIFORM_100,1000,950,1,95000,PREFIX_LINEAR,TOTAL,15,396999,86680
N1000_K1_UNIFORM_100,1000,950,1,95000,PREFIX_LINEAR,TOTAL,16,371699,86680
N1000_K1_UNIFORM_100,1000,950,1,95000,PREFIX_LINEAR,TOTAL,17,383901,86680
N1000_K1_UNIFORM_100,1000,950,1,95000,PREFIX_LINEAR,TOTAL,18,429800,86680
N1000_K1_UNIFORM_100,1000,950,1,95000,PREFIX_LINEAR,TOTAL,19,378199,86680
N1000_K1_UNIFORM_100,1000,950,1,95000,PREFIX_BINARY,NORMALIZE,0,362201,69736
N1000_K1_UNIFORM_100,1000,950,1,95000,PREFIX_BINARY,NORMALIZE,1,345999,69736
N1000_K1_UNIFORM_100,1000,950,1,95000,PREFIX_BINARY,NORMALIZE,2,344800,69736
N1000_K1_UNIFORM_100,1000,950,1,95000,PREFIX_BINARY,NORMALIZE,3,343600,69736
N1000_K1_UNIFORM_100,1000,950,1,95000,PREFIX_BINARY,NORMALIZE,4,343700,69736
N1000_K1_UNIFORM_100,1000,950,1,95000,PREFIX_BINARY,NORMALIZE,5,378800,69736
N1000_K1_UNIFORM_100,1000,950,1,95000,PREFIX_BINARY,NORMALIZE,6,348400,69736
N1000_K1_UNIFORM_100,1000,950,1,95000,PREFIX_BINARY,NORMALIZE,7,383400,69736
N1000_K1_UNIFORM_100,1000,950,1,95000,PREFIX_BINARY,NORMALIZE,8,363000,69736
N1000_K1_UNIFORM_100,1000,950,1,95000,PREFIX_BINARY,NORMALIZE,9,345000,69736
N1000_K1_UNIFORM_100,1000,950,1,95000,PREFIX_BINARY,NORMALIZE,10,345599,69736
N1000_K1_UNIFORM_100,1000,950,1,95000,PREFIX_BINARY,NORMALIZE,11,358900,69736
N1000_K1_UNIFORM_100,1000,950,1,95000,PREFIX_BINARY,NORMALIZE,12,345001,69736
N1000_K1_UNIFORM_100,1000,950,1,95000,PREFIX_BINARY,NORMALIZE,13,352700,69736
N1000_K1_UNIFORM_100,1000,950,1,95000,PREFIX_BINARY,NORMALIZE,14,348900,69736
N1000_K1_UNIFORM_100,1000,950,1,95000,PREFIX_BINARY,NORMALIZE,15,344000,69736
N1000_K1_UNIFORM_100,1000,950,1,95000,PREFIX_BINARY,NORMALIZE,16,358300,69736
N1000_K1_UNIFORM_100,1000,950,1,95000,PREFIX_BINARY,NORMALIZE,17,347300,69736
N1000_K1_UNIFORM_100,1000,950,1,95000,PREFIX_BINARY,NORMALIZE,18,343600,69736
N1000_K1_UNIFORM_100,1000,950,1,95000,PREFIX_BINARY,NORMALIZE,19,344000,69736
N1000_K1_UNIFORM_100,1000,950,1,95000,PREFIX_BINARY,BUILD,0,4100,15264
N1000_K1_UNIFORM_100,1000,950,1,95000,PREFIX_BINARY,BUILD,1,3099,15264
N1000_K1_UNIFORM_100,1000,950,1,95000,PREFIX_BINARY,BUILD,2,4400,15264
N1000_K1_UNIFORM_100,1000,950,1,95000,PREFIX_BINARY,BUILD,3,11200,15264
N1000_K1_UNIFORM_100,1000,950,1,95000,PREFIX_BINARY,BUILD,4,3999,15264
N1000_K1_UNIFORM_100,1000,950,1,95000,PREFIX_BINARY,BUILD,5,3399,15264
N1000_K1_UNIFORM_100,1000,950,1,95000,PREFIX_BINARY,BUILD,6,10200,15264
N1000_K1_UNIFORM_100,1000,950,1,95000,PREFIX_BINARY,BUILD,7,2800,15264
N1000_K1_UNIFORM_100,1000,950,1,95000,PREFIX_BINARY,BUILD,8,3300,15264
N1000_K1_UNIFORM_100,1000,950,1,95000,PREFIX_BINARY,BUILD,9,14800,15264
N1000_K1_UNIFORM_100,1000,950,1,95000,PREFIX_BINARY,BUILD,10,3099,15264
N1000_K1_UNIFORM_100,1000,950,1,95000,PREFIX_BINARY,BUILD,11,2900,15264
N1000_K1_UNIFORM_100,1000,950,1,95000,PREFIX_BINARY,BUILD,12,2700,15264
N1000_K1_UNIFORM_100,1000,950,1,95000,PREFIX_BINARY,BUILD,13,9100,15264
N1000_K1_UNIFORM_100,1000,950,1,95000,PREFIX_BINARY,BUILD,14,2800,15264
N1000_K1_UNIFORM_100,1000,950,1,95000,PREFIX_BINARY,BUILD,15,3300,15264
N1000_K1_UNIFORM_100,1000,950,1,95000,PREFIX_BINARY,BUILD,16,9200,15264
N1000_K1_UNIFORM_100,1000,950,1,95000,PREFIX_BINARY,BUILD,17,3001,15264
N1000_K1_UNIFORM_100,1000,950,1,95000,PREFIX_BINARY,BUILD,18,2699,15264
N1000_K1_UNIFORM_100,1000,950,1,95000,PREFIX_BINARY,BUILD,19,9400,15264
N1000_K1_UNIFORM_100,1000,950,1,95000,PREFIX_BINARY,SELECT,0,11600,1680
N1000_K1_UNIFORM_100,1000,950,1,95000,PREFIX_BINARY,SELECT,1,20201,1680
N1000_K1_UNIFORM_100,1000,950,1,95000,PREFIX_BINARY,SELECT,2,71600,1680
N1000_K1_UNIFORM_100,1000,950,1,95000,PREFIX_BINARY,SELECT,3,16401,1680
N1000_K1_UNIFORM_100,1000,950,1,95000,PREFIX_BINARY,SELECT,4,12800,1680
N1000_K1_UNIFORM_100,1000,950,1,95000,PREFIX_BINARY,SELECT,5,12499,1680
N1000_K1_UNIFORM_100,1000,950,1,95000,PREFIX_BINARY,SELECT,6,13101,1680
N1000_K1_UNIFORM_100,1000,950,1,95000,PREFIX_BINARY,SELECT,7,13500,1680
N1000_K1_UNIFORM_100,1000,950,1,95000,PREFIX_BINARY,SELECT,8,13400,1680
N1000_K1_UNIFORM_100,1000,950,1,95000,PREFIX_BINARY,SELECT,9,39799,1680
N1000_K1_UNIFORM_100,1000,950,1,95000,PREFIX_BINARY,SELECT,10,20601,1680
N1000_K1_UNIFORM_100,1000,950,1,95000,PREFIX_BINARY,SELECT,11,14400,1680
N1000_K1_UNIFORM_100,1000,950,1,95000,PREFIX_BINARY,SELECT,12,28100,1680
N1000_K1_UNIFORM_100,1000,950,1,95000,PREFIX_BINARY,SELECT,13,19301,1680
N1000_K1_UNIFORM_100,1000,950,1,95000,PREFIX_BINARY,SELECT,14,13599,1680
N1000_K1_UNIFORM_100,1000,950,1,95000,PREFIX_BINARY,SELECT,15,25900,1680
N1000_K1_UNIFORM_100,1000,950,1,95000,PREFIX_BINARY,SELECT,16,16700,1680
N1000_K1_UNIFORM_100,1000,950,1,95000,PREFIX_BINARY,SELECT,17,13100,1680
N1000_K1_UNIFORM_100,1000,950,1,95000,PREFIX_BINARY,SELECT,18,12301,1680
N1000_K1_UNIFORM_100,1000,950,1,95000,PREFIX_BINARY,SELECT,19,11799,1680
N1000_K1_UNIFORM_100,1000,950,1,95000,PREFIX_BINARY,TOTAL,0,232300,86680
N1000_K1_UNIFORM_100,1000,950,1,95000,PREFIX_BINARY,TOTAL,1,243500,86680
N1000_K1_UNIFORM_100,1000,950,1,95000,PREFIX_BINARY,TOTAL,2,387000,86680
N1000_K1_UNIFORM_100,1000,950,1,95000,PREFIX_BINARY,TOTAL,3,521200,86680
N1000_K1_UNIFORM_100,1000,950,1,95000,PREFIX_BINARY,TOTAL,4,481200,86680
N1000_K1_UNIFORM_100,1000,950,1,95000,PREFIX_BINARY,TOTAL,5,365100,86680
N1000_K1_UNIFORM_100,1000,950,1,95000,PREFIX_BINARY,TOTAL,6,317099,86680
N1000_K1_UNIFORM_100,1000,950,1,95000,PREFIX_BINARY,TOTAL,7,350301,86680
N1000_K1_UNIFORM_100,1000,950,1,95000,PREFIX_BINARY,TOTAL,8,288200,86680
N1000_K1_UNIFORM_100,1000,950,1,95000,PREFIX_BINARY,TOTAL,9,413600,86680
N1000_K1_UNIFORM_100,1000,950,1,95000,PREFIX_BINARY,TOTAL,10,443200,86680
N1000_K1_UNIFORM_100,1000,950,1,95000,PREFIX_BINARY,TOTAL,11,417700,86680
N1000_K1_UNIFORM_100,1000,950,1,95000,PREFIX_BINARY,TOTAL,12,475900,86680
N1000_K1_UNIFORM_100,1000,950,1,95000,PREFIX_BINARY,TOTAL,13,553701,86680
N1000_K1_UNIFORM_100,1000,950,1,95000,PREFIX_BINARY,TOTAL,14,492600,86680
N1000_K1_UNIFORM_100,1000,950,1,95000,PREFIX_BINARY,TOTAL,15,469700,86680
N1000_K1_UNIFORM_100,1000,950,1,95000,PREFIX_BINARY,TOTAL,16,492301,86680
N1000_K1_UNIFORM_100,1000,950,1,95000,PREFIX_BINARY,TOTAL,17,474000,86680
N1000_K1_UNIFORM_100,1000,950,1,95000,PREFIX_BINARY,TOTAL,18,491100,86680
N1000_K1_UNIFORM_100,1000,950,1,95000,PREFIX_BINARY,TOTAL,19,503801,86680
N1000_K1_UNIFORM_100,1000,950,1,95000,FENWICK,NORMALIZE,0,389700,69736
N1000_K1_UNIFORM_100,1000,950,1,95000,FENWICK,NORMALIZE,1,265700,69736
N1000_K1_UNIFORM_100,1000,950,1,95000,FENWICK,NORMALIZE,2,242000,69736
N1000_K1_UNIFORM_100,1000,950,1,95000,FENWICK,NORMALIZE,3,229900,69736
N1000_K1_UNIFORM_100,1000,950,1,95000,FENWICK,NORMALIZE,4,314800,69736
N1000_K1_UNIFORM_100,1000,950,1,95000,FENWICK,NORMALIZE,5,399700,69736
N1000_K1_UNIFORM_100,1000,950,1,95000,FENWICK,NORMALIZE,6,398200,69736
N1000_K1_UNIFORM_100,1000,950,1,95000,FENWICK,NORMALIZE,7,402601,69736
N1000_K1_UNIFORM_100,1000,950,1,95000,FENWICK,NORMALIZE,8,413000,69736
N1000_K1_UNIFORM_100,1000,950,1,95000,FENWICK,NORMALIZE,9,492700,69736
N1000_K1_UNIFORM_100,1000,950,1,95000,FENWICK,NORMALIZE,10,405900,69736
N1000_K1_UNIFORM_100,1000,950,1,95000,FENWICK,NORMALIZE,11,403899,69736
N1000_K1_UNIFORM_100,1000,950,1,95000,FENWICK,NORMALIZE,12,403900,69736
N1000_K1_UNIFORM_100,1000,950,1,95000,FENWICK,NORMALIZE,13,438701,69736
N1000_K1_UNIFORM_100,1000,950,1,95000,FENWICK,NORMALIZE,14,411101,69736
N1000_K1_UNIFORM_100,1000,950,1,95000,FENWICK,NORMALIZE,15,391700,69736
N1000_K1_UNIFORM_100,1000,950,1,95000,FENWICK,NORMALIZE,16,399901,69736
N1000_K1_UNIFORM_100,1000,950,1,95000,FENWICK,NORMALIZE,17,389200,69736
N1000_K1_UNIFORM_100,1000,950,1,95000,FENWICK,NORMALIZE,18,401799,69736
N1000_K1_UNIFORM_100,1000,950,1,95000,FENWICK,NORMALIZE,19,392700,69736
N1000_K1_UNIFORM_100,1000,950,1,95000,FENWICK,BUILD,0,14400,15336
N1000_K1_UNIFORM_100,1000,950,1,95000,FENWICK,BUILD,1,14400,15336
N1000_K1_UNIFORM_100,1000,950,1,95000,FENWICK,BUILD,2,67800,15336
N1000_K1_UNIFORM_100,1000,950,1,95000,FENWICK,BUILD,3,33101,15336
N1000_K1_UNIFORM_100,1000,950,1,95000,FENWICK,BUILD,4,14299,15336
N1000_K1_UNIFORM_100,1000,950,1,95000,FENWICK,BUILD,5,24300,15336
N1000_K1_UNIFORM_100,1000,950,1,95000,FENWICK,BUILD,6,18900,15336
N1000_K1_UNIFORM_100,1000,950,1,95000,FENWICK,BUILD,7,13300,15336
N1000_K1_UNIFORM_100,1000,950,1,95000,FENWICK,BUILD,8,20000,15336
N1000_K1_UNIFORM_100,1000,950,1,95000,FENWICK,BUILD,9,13500,15336
N1000_K1_UNIFORM_100,1000,950,1,95000,FENWICK,BUILD,10,16000,15336
N1000_K1_UNIFORM_100,1000,950,1,95000,FENWICK,BUILD,11,12399,15336
N1000_K1_UNIFORM_100,1000,950,1,95000,FENWICK,BUILD,12,8301,15336
N1000_K1_UNIFORM_100,1000,950,1,95000,FENWICK,BUILD,13,8400,15336
N1000_K1_UNIFORM_100,1000,950,1,95000,FENWICK,BUILD,14,8501,15336
N1000_K1_UNIFORM_100,1000,950,1,95000,FENWICK,BUILD,15,12500,15336
N1000_K1_UNIFORM_100,1000,950,1,95000,FENWICK,BUILD,16,23600,15336
N1000_K1_UNIFORM_100,1000,950,1,95000,FENWICK,BUILD,17,8500,15336
N1000_K1_UNIFORM_100,1000,950,1,95000,FENWICK,BUILD,18,14300,15336
N1000_K1_UNIFORM_100,1000,950,1,95000,FENWICK,BUILD,19,8300,15336
N1000_K1_UNIFORM_100,1000,950,1,95000,FENWICK,SELECT,0,11700,1680
N1000_K1_UNIFORM_100,1000,950,1,95000,FENWICK,SELECT,1,13201,1680
N1000_K1_UNIFORM_100,1000,950,1,95000,FENWICK,SELECT,2,25000,1680
N1000_K1_UNIFORM_100,1000,950,1,95000,FENWICK,SELECT,3,31799,1680
N1000_K1_UNIFORM_100,1000,950,1,95000,FENWICK,SELECT,4,37300,1680
N1000_K1_UNIFORM_100,1000,950,1,95000,FENWICK,SELECT,5,27099,1680
N1000_K1_UNIFORM_100,1000,950,1,95000,FENWICK,SELECT,6,28099,1680
N1000_K1_UNIFORM_100,1000,950,1,95000,FENWICK,SELECT,7,29600,1680
N1000_K1_UNIFORM_100,1000,950,1,95000,FENWICK,SELECT,8,28900,1680
N1000_K1_UNIFORM_100,1000,950,1,95000,FENWICK,SELECT,9,20199,1680
N1000_K1_UNIFORM_100,1000,950,1,95000,FENWICK,SELECT,10,13100,1680
N1000_K1_UNIFORM_100,1000,950,1,95000,FENWICK,SELECT,11,12399,1680
N1000_K1_UNIFORM_100,1000,950,1,95000,FENWICK,SELECT,12,17099,1680
N1000_K1_UNIFORM_100,1000,950,1,95000,FENWICK,SELECT,13,12500,1680
N1000_K1_UNIFORM_100,1000,950,1,95000,FENWICK,SELECT,14,11900,1680
N1000_K1_UNIFORM_100,1000,950,1,95000,FENWICK,SELECT,15,27599,1680
N1000_K1_UNIFORM_100,1000,950,1,95000,FENWICK,SELECT,16,103600,1680
N1000_K1_UNIFORM_100,1000,950,1,95000,FENWICK,SELECT,17,37400,1680
N1000_K1_UNIFORM_100,1000,950,1,95000,FENWICK,SELECT,18,46200,1680
N1000_K1_UNIFORM_100,1000,950,1,95000,FENWICK,SELECT,19,35801,1680
N1000_K1_UNIFORM_100,1000,950,1,95000,FENWICK,TOTAL,0,448900,86752
N1000_K1_UNIFORM_100,1000,950,1,95000,FENWICK,TOTAL,1,462900,86752
N1000_K1_UNIFORM_100,1000,950,1,95000,FENWICK,TOTAL,2,483300,86752
N1000_K1_UNIFORM_100,1000,950,1,95000,FENWICK,TOTAL,3,426401,86752
N1000_K1_UNIFORM_100,1000,950,1,95000,FENWICK,TOTAL,4,304700,86752
N1000_K1_UNIFORM_100,1000,950,1,95000,FENWICK,TOTAL,5,358900,86752
N1000_K1_UNIFORM_100,1000,950,1,95000,FENWICK,TOTAL,6,392901,86752
N1000_K1_UNIFORM_100,1000,950,1,95000,FENWICK,TOTAL,7,374201,86752
N1000_K1_UNIFORM_100,1000,950,1,95000,FENWICK,TOTAL,8,290600,86752
N1000_K1_UNIFORM_100,1000,950,1,95000,FENWICK,TOTAL,9,268100,86752
N1000_K1_UNIFORM_100,1000,950,1,95000,FENWICK,TOTAL,10,249600,86752
N1000_K1_UNIFORM_100,1000,950,1,95000,FENWICK,TOTAL,11,243700,86752
N1000_K1_UNIFORM_100,1000,950,1,95000,FENWICK,TOTAL,12,247900,86752
N1000_K1_UNIFORM_100,1000,950,1,95000,FENWICK,TOTAL,13,250000,86752
N1000_K1_UNIFORM_100,1000,950,1,95000,FENWICK,TOTAL,14,242000,86752
N1000_K1_UNIFORM_100,1000,950,1,95000,FENWICK,TOTAL,15,258000,86752
N1000_K1_UNIFORM_100,1000,950,1,95000,FENWICK,TOTAL,16,249100,86752
N1000_K1_UNIFORM_100,1000,950,1,95000,FENWICK,TOTAL,17,329699,86752
N1000_K1_UNIFORM_100,1000,950,1,95000,FENWICK,TOTAL,18,315300,86752
N1000_K1_UNIFORM_100,1000,950,1,95000,FENWICK,TOTAL,19,397700,86752
N1000_K9_UNIFORM_100,1000,950,9,95000,TICKET_ARRAY,NORMALIZE,0,220700,69736
N1000_K9_UNIFORM_100,1000,950,9,95000,TICKET_ARRAY,NORMALIZE,1,221000,69736
N1000_K9_UNIFORM_100,1000,950,9,95000,TICKET_ARRAY,NORMALIZE,2,247600,69736
N1000_K9_UNIFORM_100,1000,950,9,95000,TICKET_ARRAY,NORMALIZE,3,260801,69736
N1000_K9_UNIFORM_100,1000,950,9,95000,TICKET_ARRAY,NORMALIZE,4,331100,69736
N1000_K9_UNIFORM_100,1000,950,9,95000,TICKET_ARRAY,NORMALIZE,5,302499,69736
N1000_K9_UNIFORM_100,1000,950,9,95000,TICKET_ARRAY,NORMALIZE,6,298899,69736
N1000_K9_UNIFORM_100,1000,950,9,95000,TICKET_ARRAY,NORMALIZE,7,266300,69736
N1000_K9_UNIFORM_100,1000,950,9,95000,TICKET_ARRAY,NORMALIZE,8,290500,69736
N1000_K9_UNIFORM_100,1000,950,9,95000,TICKET_ARRAY,NORMALIZE,9,241699,69736
N1000_K9_UNIFORM_100,1000,950,9,95000,TICKET_ARRAY,NORMALIZE,10,257500,69736
N1000_K9_UNIFORM_100,1000,950,9,95000,TICKET_ARRAY,NORMALIZE,11,239200,69736
N1000_K9_UNIFORM_100,1000,950,9,95000,TICKET_ARRAY,NORMALIZE,12,226499,69736
N1000_K9_UNIFORM_100,1000,950,9,95000,TICKET_ARRAY,NORMALIZE,13,217300,69736
N1000_K9_UNIFORM_100,1000,950,9,95000,TICKET_ARRAY,NORMALIZE,14,216201,69736
N1000_K9_UNIFORM_100,1000,950,9,95000,TICKET_ARRAY,NORMALIZE,15,216099,69736
N1000_K9_UNIFORM_100,1000,950,9,95000,TICKET_ARRAY,NORMALIZE,16,258100,69736
N1000_K9_UNIFORM_100,1000,950,9,95000,TICKET_ARRAY,NORMALIZE,17,228400,69736
N1000_K9_UNIFORM_100,1000,950,9,95000,TICKET_ARRAY,NORMALIZE,18,244700,69736
N1000_K9_UNIFORM_100,1000,950,9,95000,TICKET_ARRAY,NORMALIZE,19,216000,69736
N1000_K9_UNIFORM_100,1000,950,9,95000,TICKET_ARRAY,BUILD,0,233999,380040
N1000_K9_UNIFORM_100,1000,950,9,95000,TICKET_ARRAY,BUILD,1,153000,380040
N1000_K9_UNIFORM_100,1000,950,9,95000,TICKET_ARRAY,BUILD,2,164800,380040
N1000_K9_UNIFORM_100,1000,950,9,95000,TICKET_ARRAY,BUILD,3,140700,380040
N1000_K9_UNIFORM_100,1000,950,9,95000,TICKET_ARRAY,BUILD,4,162200,380040
N1000_K9_UNIFORM_100,1000,950,9,95000,TICKET_ARRAY,BUILD,5,267100,380040
N1000_K9_UNIFORM_100,1000,950,9,95000,TICKET_ARRAY,BUILD,6,260599,380040
N1000_K9_UNIFORM_100,1000,950,9,95000,TICKET_ARRAY,BUILD,7,240099,380040
N1000_K9_UNIFORM_100,1000,950,9,95000,TICKET_ARRAY,BUILD,8,245500,380040
N1000_K9_UNIFORM_100,1000,950,9,95000,TICKET_ARRAY,BUILD,9,135299,380040
N1000_K9_UNIFORM_100,1000,950,9,95000,TICKET_ARRAY,BUILD,10,152200,380040
N1000_K9_UNIFORM_100,1000,950,9,95000,TICKET_ARRAY,BUILD,11,126401,380040
N1000_K9_UNIFORM_100,1000,950,9,95000,TICKET_ARRAY,BUILD,12,165901,380040
N1000_K9_UNIFORM_100,1000,950,9,95000,TICKET_ARRAY,BUILD,13,139801,380040
N1000_K9_UNIFORM_100,1000,950,9,95000,TICKET_ARRAY,BUILD,14,171500,380040
N1000_K9_UNIFORM_100,1000,950,9,95000,TICKET_ARRAY,BUILD,15,140500,380040
N1000_K9_UNIFORM_100,1000,950,9,95000,TICKET_ARRAY,BUILD,16,161899,380040
N1000_K9_UNIFORM_100,1000,950,9,95000,TICKET_ARRAY,BUILD,17,153100,380040
N1000_K9_UNIFORM_100,1000,950,9,95000,TICKET_ARRAY,BUILD,18,162300,380040
N1000_K9_UNIFORM_100,1000,950,9,95000,TICKET_ARRAY,BUILD,19,141101,380040
N1000_K9_UNIFORM_100,1000,950,9,95000,TICKET_ARRAY,SELECT,0,503901,2848
N1000_K9_UNIFORM_100,1000,950,9,95000,TICKET_ARRAY,SELECT,1,516401,2848
N1000_K9_UNIFORM_100,1000,950,9,95000,TICKET_ARRAY,SELECT,2,504900,2848
N1000_K9_UNIFORM_100,1000,950,9,95000,TICKET_ARRAY,SELECT,3,565900,2848
N1000_K9_UNIFORM_100,1000,950,9,95000,TICKET_ARRAY,SELECT,4,579701,2848
N1000_K9_UNIFORM_100,1000,950,9,95000,TICKET_ARRAY,SELECT,5,544700,2848
N1000_K9_UNIFORM_100,1000,950,9,95000,TICKET_ARRAY,SELECT,6,542800,2848
N1000_K9_UNIFORM_100,1000,950,9,95000,TICKET_ARRAY,SELECT,7,530900,2848
N1000_K9_UNIFORM_100,1000,950,9,95000,TICKET_ARRAY,SELECT,8,564801,2848
N1000_K9_UNIFORM_100,1000,950,9,95000,TICKET_ARRAY,SELECT,9,507800,2848
N1000_K9_UNIFORM_100,1000,950,9,95000,TICKET_ARRAY,SELECT,10,515200,2848
N1000_K9_UNIFORM_100,1000,950,9,95000,TICKET_ARRAY,SELECT,11,562401,2848
N1000_K9_UNIFORM_100,1000,950,9,95000,TICKET_ARRAY,SELECT,12,521000,2848
N1000_K9_UNIFORM_100,1000,950,9,95000,TICKET_ARRAY,SELECT,13,559299,2848
N1000_K9_UNIFORM_100,1000,950,9,95000,TICKET_ARRAY,SELECT,14,517600,2848
N1000_K9_UNIFORM_100,1000,950,9,95000,TICKET_ARRAY,SELECT,15,506999,2848
N1000_K9_UNIFORM_100,1000,950,9,95000,TICKET_ARRAY,SELECT,16,504200,2848
N1000_K9_UNIFORM_100,1000,950,9,95000,TICKET_ARRAY,SELECT,17,506699,2848
N1000_K9_UNIFORM_100,1000,950,9,95000,TICKET_ARRAY,SELECT,18,504200,2848
N1000_K9_UNIFORM_100,1000,950,9,95000,TICKET_ARRAY,SELECT,19,739200,2848
N1000_K9_UNIFORM_100,1000,950,9,95000,TICKET_ARRAY,TOTAL,0,1669601,452592
N1000_K9_UNIFORM_100,1000,950,9,95000,TICKET_ARRAY,TOTAL,1,1616300,452592
N1000_K9_UNIFORM_100,1000,950,9,95000,TICKET_ARRAY,TOTAL,2,1662701,452592
N1000_K9_UNIFORM_100,1000,950,9,95000,TICKET_ARRAY,TOTAL,3,1625600,452592
N1000_K9_UNIFORM_100,1000,950,9,95000,TICKET_ARRAY,TOTAL,4,1618000,452592
N1000_K9_UNIFORM_100,1000,950,9,95000,TICKET_ARRAY,TOTAL,5,1452900,452592
N1000_K9_UNIFORM_100,1000,950,9,95000,TICKET_ARRAY,TOTAL,6,1121799,452592
N1000_K9_UNIFORM_100,1000,950,9,95000,TICKET_ARRAY,TOTAL,7,942600,452592
N1000_K9_UNIFORM_100,1000,950,9,95000,TICKET_ARRAY,TOTAL,8,961100,452592
N1000_K9_UNIFORM_100,1000,950,9,95000,TICKET_ARRAY,TOTAL,9,904499,452592
N1000_K9_UNIFORM_100,1000,950,9,95000,TICKET_ARRAY,TOTAL,10,967301,452592
N1000_K9_UNIFORM_100,1000,950,9,95000,TICKET_ARRAY,TOTAL,11,909900,452592
N1000_K9_UNIFORM_100,1000,950,9,95000,TICKET_ARRAY,TOTAL,12,1010400,452592
N1000_K9_UNIFORM_100,1000,950,9,95000,TICKET_ARRAY,TOTAL,13,934900,452592
N1000_K9_UNIFORM_100,1000,950,9,95000,TICKET_ARRAY,TOTAL,14,962600,452592
N1000_K9_UNIFORM_100,1000,950,9,95000,TICKET_ARRAY,TOTAL,15,949199,452592
N1000_K9_UNIFORM_100,1000,950,9,95000,TICKET_ARRAY,TOTAL,16,929801,452592
N1000_K9_UNIFORM_100,1000,950,9,95000,TICKET_ARRAY,TOTAL,17,1194099,452592
N1000_K9_UNIFORM_100,1000,950,9,95000,TICKET_ARRAY,TOTAL,18,1132700,452592
N1000_K9_UNIFORM_100,1000,950,9,95000,TICKET_ARRAY,TOTAL,19,961299,452592
N1000_K9_UNIFORM_100,1000,950,9,95000,PREFIX_LINEAR,NORMALIZE,0,230800,69704
N1000_K9_UNIFORM_100,1000,950,9,95000,PREFIX_LINEAR,NORMALIZE,1,223800,69704
N1000_K9_UNIFORM_100,1000,950,9,95000,PREFIX_LINEAR,NORMALIZE,2,233200,69704
N1000_K9_UNIFORM_100,1000,950,9,95000,PREFIX_LINEAR,NORMALIZE,3,244600,69704
N1000_K9_UNIFORM_100,1000,950,9,95000,PREFIX_LINEAR,NORMALIZE,4,228199,69704
N1000_K9_UNIFORM_100,1000,950,9,95000,PREFIX_LINEAR,NORMALIZE,5,215000,69704
N1000_K9_UNIFORM_100,1000,950,9,95000,PREFIX_LINEAR,NORMALIZE,6,214100,69704
N1000_K9_UNIFORM_100,1000,950,9,95000,PREFIX_LINEAR,NORMALIZE,7,215301,69704
N1000_K9_UNIFORM_100,1000,950,9,95000,PREFIX_LINEAR,NORMALIZE,8,215299,69704
N1000_K9_UNIFORM_100,1000,950,9,95000,PREFIX_LINEAR,NORMALIZE,9,214100,69704
N1000_K9_UNIFORM_100,1000,950,9,95000,PREFIX_LINEAR,NORMALIZE,10,215900,69704
N1000_K9_UNIFORM_100,1000,950,9,95000,PREFIX_LINEAR,NORMALIZE,11,217901,69704
N1000_K9_UNIFORM_100,1000,950,9,95000,PREFIX_LINEAR,NORMALIZE,12,217100,69704
N1000_K9_UNIFORM_100,1000,950,9,95000,PREFIX_LINEAR,NORMALIZE,13,226700,69704
N1000_K9_UNIFORM_100,1000,950,9,95000,PREFIX_LINEAR,NORMALIZE,14,216500,69704
N1000_K9_UNIFORM_100,1000,950,9,95000,PREFIX_LINEAR,NORMALIZE,15,221500,69704
N1000_K9_UNIFORM_100,1000,950,9,95000,PREFIX_LINEAR,NORMALIZE,16,246201,69704
N1000_K9_UNIFORM_100,1000,950,9,95000,PREFIX_LINEAR,NORMALIZE,17,222800,69704
N1000_K9_UNIFORM_100,1000,950,9,95000,PREFIX_LINEAR,NORMALIZE,18,237600,69704
N1000_K9_UNIFORM_100,1000,950,9,95000,PREFIX_LINEAR,NORMALIZE,19,214701,69704
N1000_K9_UNIFORM_100,1000,950,9,95000,PREFIX_LINEAR,BUILD,0,9401,15264
N1000_K9_UNIFORM_100,1000,950,9,95000,PREFIX_LINEAR,BUILD,1,3101,15264
N1000_K9_UNIFORM_100,1000,950,9,95000,PREFIX_LINEAR,BUILD,2,3200,15264
N1000_K9_UNIFORM_100,1000,950,9,95000,PREFIX_LINEAR,BUILD,3,9300,15264
N1000_K9_UNIFORM_100,1000,950,9,95000,PREFIX_LINEAR,BUILD,4,3000,15264
N1000_K9_UNIFORM_100,1000,950,9,95000,PREFIX_LINEAR,BUILD,5,16600,15264
N1000_K9_UNIFORM_100,1000,950,9,95000,PREFIX_LINEAR,BUILD,6,9001,15264
N1000_K9_UNIFORM_100,1000,950,9,95000,PREFIX_LINEAR,BUILD,7,2800,15264
N1000_K9_UNIFORM_100,1000,950,9,95000,PREFIX_LINEAR,BUILD,8,2899,15264
N1000_K9_UNIFORM_100,1000,950,9,95000,PREFIX_LINEAR,BUILD,9,2999,15264
N1000_K9_UNIFORM_100,1000,950,9,95000,PREFIX_LINEAR,BUILD,10,2700,15264
N1000_K9_UNIFORM_100,1000,950,9,95000,PREFIX_LINEAR,BUILD,11,2701,15264
N1000_K9_UNIFORM_100,1000,950,9,95000,PREFIX_LINEAR,BUILD,12,2900,15264
N1000_K9_UNIFORM_100,1000,950,9,95000,PREFIX_LINEAR,BUILD,13,8900,15264
N1000_K9_UNIFORM_100,1000,950,9,95000,PREFIX_LINEAR,BUILD,14,3001,15264
N1000_K9_UNIFORM_100,1000,950,9,95000,PREFIX_LINEAR,BUILD,15,3001,15264
N1000_K9_UNIFORM_100,1000,950,9,95000,PREFIX_LINEAR,BUILD,16,8900,15264
N1000_K9_UNIFORM_100,1000,950,9,95000,PREFIX_LINEAR,BUILD,17,10700,15264
N1000_K9_UNIFORM_100,1000,950,9,95000,PREFIX_LINEAR,BUILD,18,2801,15264
N1000_K9_UNIFORM_100,1000,950,9,95000,PREFIX_LINEAR,BUILD,19,2700,15264
N1000_K9_UNIFORM_100,1000,950,9,95000,PREFIX_LINEAR,SELECT,0,19600,2848
N1000_K9_UNIFORM_100,1000,950,9,95000,PREFIX_LINEAR,SELECT,1,178800,2848
N1000_K9_UNIFORM_100,1000,950,9,95000,PREFIX_LINEAR,SELECT,2,24800,2848
N1000_K9_UNIFORM_100,1000,950,9,95000,PREFIX_LINEAR,SELECT,3,123000,2848
N1000_K9_UNIFORM_100,1000,950,9,95000,PREFIX_LINEAR,SELECT,4,153300,2848
N1000_K9_UNIFORM_100,1000,950,9,95000,PREFIX_LINEAR,SELECT,5,38100,2848
N1000_K9_UNIFORM_100,1000,950,9,95000,PREFIX_LINEAR,SELECT,6,21501,2848
N1000_K9_UNIFORM_100,1000,950,9,95000,PREFIX_LINEAR,SELECT,7,17999,2848
N1000_K9_UNIFORM_100,1000,950,9,95000,PREFIX_LINEAR,SELECT,8,16999,2848
N1000_K9_UNIFORM_100,1000,950,9,95000,PREFIX_LINEAR,SELECT,9,19200,2848
N1000_K9_UNIFORM_100,1000,950,9,95000,PREFIX_LINEAR,SELECT,10,16500,2848
N1000_K9_UNIFORM_100,1000,950,9,95000,PREFIX_LINEAR,SELECT,11,16400,2848
N1000_K9_UNIFORM_100,1000,950,9,95000,PREFIX_LINEAR,SELECT,12,15500,2848
N1000_K9_UNIFORM_100,1000,950,9,95000,PREFIX_LINEAR,SELECT,13,15900,2848
N1000_K9_UNIFORM_100,1000,950,9,95000,PREFIX_LINEAR,SELECT,14,15700,2848
N1000_K9_UNIFORM_100,1000,950,9,95000,PREFIX_LINEAR,SELECT,15,15500,2848
N1000_K9_UNIFORM_100,1000,950,9,95000,PREFIX_LINEAR,SELECT,16,19500,2848
N1000_K9_UNIFORM_100,1000,950,9,95000,PREFIX_LINEAR,SELECT,17,119700,2848
N1000_K9_UNIFORM_100,1000,950,9,95000,PREFIX_LINEAR,SELECT,18,193099,4664
N1000_K9_UNIFORM_100,1000,950,9,95000,PREFIX_LINEAR,SELECT,19,44900,2848
N1000_K9_UNIFORM_100,1000,950,9,95000,PREFIX_LINEAR,TOTAL,0,243900,87816
N1000_K9_UNIFORM_100,1000,950,9,95000,PREFIX_LINEAR,TOTAL,1,266500,87816
N1000_K9_UNIFORM_100,1000,950,9,95000,PREFIX_LINEAR,TOTAL,2,239501,87816
N1000_K9_UNIFORM_100,1000,950,9,95000,PREFIX_LINEAR,TOTAL,3,287800,87816
N1000_K9_UNIFORM_100,1000,950,9,95000,PREFIX_LINEAR,TOTAL,4,324900,87816
N1000_K9_UNIFORM_100,1000,950,9,95000,PREFIX_LINEAR,TOTAL,5,396600,87816
N1000_K9_UNIFORM_100,1000,950,9,95000,PREFIX_LINEAR,TOTAL,6,421200,87816
N1000_K9_UNIFORM_100,1000,950,9,95000,PREFIX_LINEAR,TOTAL,7,553800,87816
N1000_K9_UNIFORM_100,1000,950,9,95000,PREFIX_LINEAR,TOTAL,8,484199,87816
N1000_K9_UNIFORM_100,1000,950,9,95000,PREFIX_LINEAR,TOTAL,9,710800,87816
N1000_K9_UNIFORM_100,1000,950,9,95000,PREFIX_LINEAR,TOTAL,10,572001,87816
N1000_K9_UNIFORM_100,1000,950,9,95000,PREFIX_LINEAR,TOTAL,11,458800,87816
N1000_K9_UNIFORM_100,1000,950,9,95000,PREFIX_LINEAR,TOTAL,12,440500,87816
N1000_K9_UNIFORM_100,1000,950,9,95000,PREFIX_LINEAR,TOTAL,13,370500,87816
N1000_K9_UNIFORM_100,1000,950,9,95000,PREFIX_LINEAR,TOTAL,14,311000,87816
N1000_K9_UNIFORM_100,1000,950,9,95000,PREFIX_LINEAR,TOTAL,15,363100,87816
N1000_K9_UNIFORM_100,1000,950,9,95000,PREFIX_LINEAR,TOTAL,16,280699,87816
N1000_K9_UNIFORM_100,1000,950,9,95000,PREFIX_LINEAR,TOTAL,17,260500,87816
N1000_K9_UNIFORM_100,1000,950,9,95000,PREFIX_LINEAR,TOTAL,18,254900,87816
N1000_K9_UNIFORM_100,1000,950,9,95000,PREFIX_LINEAR,TOTAL,19,266001,87816
N1000_K9_UNIFORM_100,1000,950,9,95000,PREFIX_BINARY,NORMALIZE,0,213600,69704
N1000_K9_UNIFORM_100,1000,950,9,95000,PREFIX_BINARY,NORMALIZE,1,216199,69704
N1000_K9_UNIFORM_100,1000,950,9,95000,PREFIX_BINARY,NORMALIZE,2,235200,69704
N1000_K9_UNIFORM_100,1000,950,9,95000,PREFIX_BINARY,NORMALIZE,3,234899,69704
N1000_K9_UNIFORM_100,1000,950,9,95000,PREFIX_BINARY,NORMALIZE,4,237499,69704
N1000_K9_UNIFORM_100,1000,950,9,95000,PREFIX_BINARY,NORMALIZE,5,218400,69704
N1000_K9_UNIFORM_100,1000,950,9,95000,PREFIX_BINARY,NORMALIZE,6,217900,69704
N1000_K9_UNIFORM_100,1000,950,9,95000,PREFIX_BINARY,NORMALIZE,7,247000,69704
N1000_K9_UNIFORM_100,1000,950,9,95000,PREFIX_BINARY,NORMALIZE,8,219501,69704
N1000_K9_UNIFORM_100,1000,950,9,95000,PREFIX_BINARY,NORMALIZE,9,253100,69704
N1000_K9_UNIFORM_100,1000,950,9,95000,PREFIX_BINARY,NORMALIZE,10,229701,69704
N1000_K9_UNIFORM_100,1000,950,9,95000,PREFIX_BINARY,NORMALIZE,11,222301,69704
N1000_K9_UNIFORM_100,1000,950,9,95000,PREFIX_BINARY,NORMALIZE,12,242200,69704
N1000_K9_UNIFORM_100,1000,950,9,95000,PREFIX_BINARY,NORMALIZE,13,226700,69704
N1000_K9_UNIFORM_100,1000,950,9,95000,PREFIX_BINARY,NORMALIZE,14,281901,69704
N1000_K9_UNIFORM_100,1000,950,9,95000,PREFIX_BINARY,NORMALIZE,15,224100,69704
N1000_K9_UNIFORM_100,1000,950,9,95000,PREFIX_BINARY,NORMALIZE,16,218100,69704
N1000_K9_UNIFORM_100,1000,950,9,95000,PREFIX_BINARY,NORMALIZE,17,217101,69704
N1000_K9_UNIFORM_100,1000,950,9,95000,PREFIX_BINARY,NORMALIZE,18,254701,69704
N1000_K9_UNIFORM_100,1000,950,9,95000,PREFIX_BINARY,NORMALIZE,19,244800,69704
N1000_K9_UNIFORM_100,1000,950,9,95000,PREFIX_BINARY,BUILD,0,3000,15264
N1000_K9_UNIFORM_100,1000,950,9,95000,PREFIX_BINARY,BUILD,1,3101,15264
N1000_K9_UNIFORM_100,1000,950,9,95000,PREFIX_BINARY,BUILD,2,9000,15264
N1000_K9_UNIFORM_100,1000,950,9,95000,PREFIX_BINARY,BUILD,3,3000,15264
N1000_K9_UNIFORM_100,1000,950,9,95000,PREFIX_BINARY,BUILD,4,2700,15264
N1000_K9_UNIFORM_100,1000,950,9,95000,PREFIX_BINARY,BUILD,5,3000,15264
N1000_K9_UNIFORM_100,1000,950,9,95000,PREFIX_BINARY,BUILD,6,8900,15264
N1000_K9_UNIFORM_100,1000,950,9,95000,PREFIX_BINARY,BUILD,7,3199,15264
N1000_K9_UNIFORM_100,1000,950,9,95000,PREFIX_BINARY,BUILD,8,6600,15264
N1000_K9_UNIFORM_100,1000,950,9,95000,PREFIX_BINARY,BUILD,9,20700,15264
N1000_K9_UNIFORM_100,1000,950,9,95000,PREFIX_BINARY,BUILD,10,4700,15264
N1000_K9_UNIFORM_100,1000,950,9,95000,PREFIX_BINARY,BUILD,11,5900,15264
N1000_K9_UNIFORM_100,1000,950,9,95000,PREFIX_BINARY,BUILD,12,11199,15264
N1000_K9_UNIFORM_100,1000,950,9,95000,PREFIX_BINARY,BUILD,13,3000,15264
N1000_K9_UNIFORM_100,1000,950,9,95000,PREFIX_BINARY,BUILD,14,5601,15264
N1000_K9_UNIFORM_100,1000,950,9,95000,PREFIX_BINARY,BUILD,15,2800,15264
N1000_K9_UNIFORM_100,1000,950,9,95000,PREFIX_BINARY,BUILD,16,10601,15264
N1000_K9_UNIFORM_100,1000,950,9,95000,PREFIX_BINARY,BUILD,17,3200,15264
N1000_K9_UNIFORM_100,1000,950,9,95000,PREFIX_BINARY,BUILD,18,10800,15264
N1000_K9_UNIFORM_100,1000,950,9,95000,PREFIX_BINARY,BUILD,19,12299,15264
N1000_K9_UNIFORM_100,1000,950,9,95000,PREFIX_BINARY,SELECT,0,19201,2848
N1000_K9_UNIFORM_100,1000,950,9,95000,PREFIX_BINARY,SELECT,1,45900,2848
N1000_K9_UNIFORM_100,1000,950,9,95000,PREFIX_BINARY,SELECT,2,24599,2848
N1000_K9_UNIFORM_100,1000,950,9,95000,PREFIX_BINARY,SELECT,3,21399,2848
N1000_K9_UNIFORM_100,1000,950,9,95000,PREFIX_BINARY,SELECT,4,19400,2848
N1000_K9_UNIFORM_100,1000,950,9,95000,PREFIX_BINARY,SELECT,5,38000,2848
N1000_K9_UNIFORM_100,1000,950,9,95000,PREFIX_BINARY,SELECT,6,22800,2848
N1000_K9_UNIFORM_100,1000,950,9,95000,PREFIX_BINARY,SELECT,7,20900,2848
N1000_K9_UNIFORM_100,1000,950,9,95000,PREFIX_BINARY,SELECT,8,18301,2848
N1000_K9_UNIFORM_100,1000,950,9,95000,PREFIX_BINARY,SELECT,9,18501,2848
N1000_K9_UNIFORM_100,1000,950,9,95000,PREFIX_BINARY,SELECT,10,17499,2848
N1000_K9_UNIFORM_100,1000,950,9,95000,PREFIX_BINARY,SELECT,11,18899,2848
N1000_K9_UNIFORM_100,1000,950,9,95000,PREFIX_BINARY,SELECT,12,19100,2848
N1000_K9_UNIFORM_100,1000,950,9,95000,PREFIX_BINARY,SELECT,13,17701,2848
N1000_K9_UNIFORM_100,1000,950,9,95000,PREFIX_BINARY,SELECT,14,29000,2848
N1000_K9_UNIFORM_100,1000,950,9,95000,PREFIX_BINARY,SELECT,15,20901,2848
N1000_K9_UNIFORM_100,1000,950,9,95000,PREFIX_BINARY,SELECT,16,18100,2848
N1000_K9_UNIFORM_100,1000,950,9,95000,PREFIX_BINARY,SELECT,17,18700,2848
N1000_K9_UNIFORM_100,1000,950,9,95000,PREFIX_BINARY,SELECT,18,18400,2848
N1000_K9_UNIFORM_100,1000,950,9,95000,PREFIX_BINARY,SELECT,19,17800,2848
N1000_K9_UNIFORM_100,1000,950,9,95000,PREFIX_BINARY,TOTAL,0,276500,87816
N1000_K9_UNIFORM_100,1000,950,9,95000,PREFIX_BINARY,TOTAL,1,277101,87816
N1000_K9_UNIFORM_100,1000,950,9,95000,PREFIX_BINARY,TOTAL,2,295299,87816
N1000_K9_UNIFORM_100,1000,950,9,95000,PREFIX_BINARY,TOTAL,3,381700,87816
N1000_K9_UNIFORM_100,1000,950,9,95000,PREFIX_BINARY,TOTAL,4,321200,87816
N1000_K9_UNIFORM_100,1000,950,9,95000,PREFIX_BINARY,TOTAL,5,304300,87816
N1000_K9_UNIFORM_100,1000,950,9,95000,PREFIX_BINARY,TOTAL,6,329900,87816
N1000_K9_UNIFORM_100,1000,950,9,95000,PREFIX_BINARY,TOTAL,7,277399,87816
N1000_K9_UNIFORM_100,1000,950,9,95000,PREFIX_BINARY,TOTAL,8,263801,87816
N1000_K9_UNIFORM_100,1000,950,9,95000,PREFIX_BINARY,TOTAL,9,323700,87816
N1000_K9_UNIFORM_100,1000,950,9,95000,PREFIX_BINARY,TOTAL,10,380800,87816
N1000_K9_UNIFORM_100,1000,950,9,95000,PREFIX_BINARY,TOTAL,11,414699,87816
N1000_K9_UNIFORM_100,1000,950,9,95000,PREFIX_BINARY,TOTAL,12,493500,87816
N1000_K9_UNIFORM_100,1000,950,9,95000,PREFIX_BINARY,TOTAL,13,436901,87816
N1000_K9_UNIFORM_100,1000,950,9,95000,PREFIX_BINARY,TOTAL,14,445100,87816
N1000_K9_UNIFORM_100,1000,950,9,95000,PREFIX_BINARY,TOTAL,15,466100,87816
N1000_K9_UNIFORM_100,1000,950,9,95000,PREFIX_BINARY,TOTAL,16,497000,87816
N1000_K9_UNIFORM_100,1000,950,9,95000,PREFIX_BINARY,TOTAL,17,441899,87816
N1000_K9_UNIFORM_100,1000,950,9,95000,PREFIX_BINARY,TOTAL,18,447401,87816
N1000_K9_UNIFORM_100,1000,950,9,95000,PREFIX_BINARY,TOTAL,19,434800,87816
N1000_K9_UNIFORM_100,1000,950,9,95000,FENWICK,NORMALIZE,0,277700,69704
N1000_K9_UNIFORM_100,1000,950,9,95000,FENWICK,NORMALIZE,1,359200,69704
N1000_K9_UNIFORM_100,1000,950,9,95000,FENWICK,NORMALIZE,2,352101,69704
N1000_K9_UNIFORM_100,1000,950,9,95000,FENWICK,NORMALIZE,3,241301,69704
N1000_K9_UNIFORM_100,1000,950,9,95000,FENWICK,NORMALIZE,4,278900,69704
N1000_K9_UNIFORM_100,1000,950,9,95000,FENWICK,NORMALIZE,5,248601,69704
N1000_K9_UNIFORM_100,1000,950,9,95000,FENWICK,NORMALIZE,6,228600,69704
N1000_K9_UNIFORM_100,1000,950,9,95000,FENWICK,NORMALIZE,7,232800,69704
N1000_K9_UNIFORM_100,1000,950,9,95000,FENWICK,NORMALIZE,8,217900,69704
N1000_K9_UNIFORM_100,1000,950,9,95000,FENWICK,NORMALIZE,9,214500,69704
N1000_K9_UNIFORM_100,1000,950,9,95000,FENWICK,NORMALIZE,10,227801,69704
N1000_K9_UNIFORM_100,1000,950,9,95000,FENWICK,NORMALIZE,11,244900,69704
N1000_K9_UNIFORM_100,1000,950,9,95000,FENWICK,NORMALIZE,12,216900,69704
N1000_K9_UNIFORM_100,1000,950,9,95000,FENWICK,NORMALIZE,13,215600,69704
N1000_K9_UNIFORM_100,1000,950,9,95000,FENWICK,NORMALIZE,14,214400,69704
N1000_K9_UNIFORM_100,1000,950,9,95000,FENWICK,NORMALIZE,15,275000,69704
N1000_K9_UNIFORM_100,1000,950,9,95000,FENWICK,NORMALIZE,16,265400,69704
N1000_K9_UNIFORM_100,1000,950,9,95000,FENWICK,NORMALIZE,17,241199,69704
N1000_K9_UNIFORM_100,1000,950,9,95000,FENWICK,NORMALIZE,18,242101,69704
N1000_K9_UNIFORM_100,1000,950,9,95000,FENWICK,NORMALIZE,19,258301,69704
N1000_K9_UNIFORM_100,1000,950,9,95000,FENWICK,BUILD,0,8200,15336
N1000_K9_UNIFORM_100,1000,950,9,95000,FENWICK,BUILD,1,8201,15336
N1000_K9_UNIFORM_100,1000,950,9,95000,FENWICK,BUILD,2,15000,15336
N1000_K9_UNIFORM_100,1000,950,9,95000,FENWICK,BUILD,3,8000,15336
N1000_K9_UNIFORM_100,1000,950,9,95000,FENWICK,BUILD,4,8100,15336
N1000_K9_UNIFORM_100,1000,950,9,95000,FENWICK,BUILD,5,12001,15336
N1000_K9_UNIFORM_100,1000,950,9,95000,FENWICK,BUILD,6,15700,15336
N1000_K9_UNIFORM_100,1000,950,9,95000,FENWICK,BUILD,7,8000,15336
N1000_K9_UNIFORM_100,1000,950,9,95000,FENWICK,BUILD,8,8400,15336
N1000_K9_UNIFORM_100,1000,950,9,95000,FENWICK,BUILD,9,7800,15336
N1000_K9_UNIFORM_100,1000,950,9,95000,FENWICK,BUILD,10,8300,15336
N1000_K9_UNIFORM_100,1000,950,9,95000,FENWICK,BUILD,11,8000,15336
N1000_K9_UNIFORM_100,1000,950,9,95000,FENWICK,BUILD,12,16000,15336
N1000_K9_UNIFORM_100,1000,950,9,95000,FENWICK,BUILD,13,13699,15336
N1000_K9_UNIFORM_100,1000,950,9,95000,FENWICK,BUILD,14,12901,15336
N1000_K9_UNIFORM_100,1000,950,9,95000,FENWICK,BUILD,15,29800,15336
N1000_K9_UNIFORM_100,1000,950,9,95000,FENWICK,BUILD,16,13300,15336
N1000_K9_UNIFORM_100,1000,950,9,95000,FENWICK,BUILD,17,13099,15336
N1000_K9_UNIFORM_100,1000,950,9,95000,FENWICK,BUILD,18,11900,15336
N1000_K9_UNIFORM_100,1000,950,9,95000,FENWICK,BUILD,19,10601,15336
N1000_K9_UNIFORM_100,1000,950,9,95000,FENWICK,SELECT,0,13100,2848
N1000_K9_UNIFORM_100,1000,950,9,95000,FENWICK,SELECT,1,13800,2848
N1000_K9_UNIFORM_100,1000,950,9,95000,FENWICK,SELECT,2,13299,2848
N1000_K9_UNIFORM_100,1000,950,9,95000,FENWICK,SELECT,3,28400,2848
N1000_K9_UNIFORM_100,1000,950,9,95000,FENWICK,SELECT,4,96001,2848
N1000_K9_UNIFORM_100,1000,950,9,95000,FENWICK,SELECT,5,57001,2848
N1000_K9_UNIFORM_100,1000,950,9,95000,FENWICK,SELECT,6,15900,2848
N1000_K9_UNIFORM_100,1000,950,9,95000,FENWICK,SELECT,7,13101,2848
N1000_K9_UNIFORM_100,1000,950,9,95000,FENWICK,SELECT,8,13100,2848
N1000_K9_UNIFORM_100,1000,950,9,95000,FENWICK,SELECT,9,12500,2848
N1000_K9_UNIFORM_100,1000,950,9,95000,FENWICK,SELECT,10,12500,2848
N1000_K9_UNIFORM_100,1000,950,9,95000,FENWICK,SELECT,11,31299,2848
N1000_K9_UNIFORM_100,1000,950,9,95000,FENWICK,SELECT,12,13599,2848
N1000_K9_UNIFORM_100,1000,950,9,95000,FENWICK,SELECT,13,12900,2848
N1000_K9_UNIFORM_100,1000,950,9,95000,FENWICK,SELECT,14,12801,2848
N1000_K9_UNIFORM_100,1000,950,9,95000,FENWICK,SELECT,15,12601,2848
N1000_K9_UNIFORM_100,1000,950,9,95000,FENWICK,SELECT,16,15300,2848
N1000_K9_UNIFORM_100,1000,950,9,95000,FENWICK,SELECT,17,15900,2848
N1000_K9_UNIFORM_100,1000,950,9,95000,FENWICK,SELECT,18,12700,2848
N1000_K9_UNIFORM_100,1000,950,9,95000,FENWICK,SELECT,19,16500,2848
N1000_K9_UNIFORM_100,1000,950,9,95000,FENWICK,TOTAL,0,455800,87888
N1000_K9_UNIFORM_100,1000,950,9,95000,FENWICK,TOTAL,1,449001,87888
N1000_K9_UNIFORM_100,1000,950,9,95000,FENWICK,TOTAL,2,471100,87888
N1000_K9_UNIFORM_100,1000,950,9,95000,FENWICK,TOTAL,3,510801,87888
N1000_K9_UNIFORM_100,1000,950,9,95000,FENWICK,TOTAL,4,518099,87888
N1000_K9_UNIFORM_100,1000,950,9,95000,FENWICK,TOTAL,5,466300,87888
N1000_K9_UNIFORM_100,1000,950,9,95000,FENWICK,TOTAL,6,475400,87888
N1000_K9_UNIFORM_100,1000,950,9,95000,FENWICK,TOTAL,7,437099,87888
N1000_K9_UNIFORM_100,1000,950,9,95000,FENWICK,TOTAL,8,448000,87888
N1000_K9_UNIFORM_100,1000,950,9,95000,FENWICK,TOTAL,9,434500,87888
N1000_K9_UNIFORM_100,1000,950,9,95000,FENWICK,TOTAL,10,502599,87888
N1000_K9_UNIFORM_100,1000,950,9,95000,FENWICK,TOTAL,11,461400,87888
N1000_K9_UNIFORM_100,1000,950,9,95000,FENWICK,TOTAL,12,439600,87888
N1000_K9_UNIFORM_100,1000,950,9,95000,FENWICK,TOTAL,13,439901,87888
N1000_K9_UNIFORM_100,1000,950,9,95000,FENWICK,TOTAL,14,446700,87888
N1000_K9_UNIFORM_100,1000,950,9,95000,FENWICK,TOTAL,15,362400,87888
N1000_K9_UNIFORM_100,1000,950,9,95000,FENWICK,TOTAL,16,325500,87888
N1000_K9_UNIFORM_100,1000,950,9,95000,FENWICK,TOTAL,17,280900,87888
N1000_K9_UNIFORM_100,1000,950,9,95000,FENWICK,TOTAL,18,251700,87888
N1000_K9_UNIFORM_100,1000,950,9,95000,FENWICK,TOTAL,19,252000,87888
N1000_K95_UNIFORM_100,1000,950,95,95000,TICKET_ARRAY,NORMALIZE,0,346301,69704
N1000_K95_UNIFORM_100,1000,950,95,95000,TICKET_ARRAY,NORMALIZE,1,259100,69704
N1000_K95_UNIFORM_100,1000,950,95,95000,TICKET_ARRAY,NORMALIZE,2,274500,69704
N1000_K95_UNIFORM_100,1000,950,95,95000,TICKET_ARRAY,NORMALIZE,3,349601,69704
N1000_K95_UNIFORM_100,1000,950,95,95000,TICKET_ARRAY,NORMALIZE,4,296700,69704
N1000_K95_UNIFORM_100,1000,950,95,95000,TICKET_ARRAY,NORMALIZE,5,261501,69704
N1000_K95_UNIFORM_100,1000,950,95,95000,TICKET_ARRAY,NORMALIZE,6,250499,69704
N1000_K95_UNIFORM_100,1000,950,95,95000,TICKET_ARRAY,NORMALIZE,7,254800,69704
N1000_K95_UNIFORM_100,1000,950,95,95000,TICKET_ARRAY,NORMALIZE,8,227501,69704
N1000_K95_UNIFORM_100,1000,950,95,95000,TICKET_ARRAY,NORMALIZE,9,224801,69704
N1000_K95_UNIFORM_100,1000,950,95,95000,TICKET_ARRAY,NORMALIZE,10,225400,69704
N1000_K95_UNIFORM_100,1000,950,95,95000,TICKET_ARRAY,NORMALIZE,11,225901,69704
N1000_K95_UNIFORM_100,1000,950,95,95000,TICKET_ARRAY,NORMALIZE,12,293600,69704
N1000_K95_UNIFORM_100,1000,950,95,95000,TICKET_ARRAY,NORMALIZE,13,223601,69704
N1000_K95_UNIFORM_100,1000,950,95,95000,TICKET_ARRAY,NORMALIZE,14,222200,69704
N1000_K95_UNIFORM_100,1000,950,95,95000,TICKET_ARRAY,NORMALIZE,15,233200,69704
N1000_K95_UNIFORM_100,1000,950,95,95000,TICKET_ARRAY,NORMALIZE,16,224101,69704
N1000_K95_UNIFORM_100,1000,950,95,95000,TICKET_ARRAY,NORMALIZE,17,216300,69704
N1000_K95_UNIFORM_100,1000,950,95,95000,TICKET_ARRAY,NORMALIZE,18,215000,69704
N1000_K95_UNIFORM_100,1000,950,95,95000,TICKET_ARRAY,NORMALIZE,19,217200,69704
N1000_K95_UNIFORM_100,1000,950,95,95000,TICKET_ARRAY,BUILD,0,161100,380040
N1000_K95_UNIFORM_100,1000,950,95,95000,TICKET_ARRAY,BUILD,1,173400,380040
N1000_K95_UNIFORM_100,1000,950,95,95000,TICKET_ARRAY,BUILD,2,168800,380040
N1000_K95_UNIFORM_100,1000,950,95,95000,TICKET_ARRAY,BUILD,3,139100,380040
N1000_K95_UNIFORM_100,1000,950,95,95000,TICKET_ARRAY,BUILD,4,172001,380040
N1000_K95_UNIFORM_100,1000,950,95,95000,TICKET_ARRAY,BUILD,5,140800,380040
N1000_K95_UNIFORM_100,1000,950,95,95000,TICKET_ARRAY,BUILD,6,154100,380040
N1000_K95_UNIFORM_100,1000,950,95,95000,TICKET_ARRAY,BUILD,7,126200,380040
N1000_K95_UNIFORM_100,1000,950,95,95000,TICKET_ARRAY,BUILD,8,178499,380040
N1000_K95_UNIFORM_100,1000,950,95,95000,TICKET_ARRAY,BUILD,9,154801,380040
N1000_K95_UNIFORM_100,1000,950,95,95000,TICKET_ARRAY,BUILD,10,163200,380040
N1000_K95_UNIFORM_100,1000,950,95,95000,TICKET_ARRAY,BUILD,11,137700,380040
N1000_K95_UNIFORM_100,1000,950,95,95000,TICKET_ARRAY,BUILD,12,161999,380040
N1000_K95_UNIFORM_100,1000,950,95,95000,TICKET_ARRAY,BUILD,13,168400,380040
N1000_K95_UNIFORM_100,1000,950,95,95000,TICKET_ARRAY,BUILD,14,167100,380040
N1000_K95_UNIFORM_100,1000,950,95,95000,TICKET_ARRAY,BUILD,15,141600,380040
N1000_K95_UNIFORM_100,1000,950,95,95000,TICKET_ARRAY,BUILD,16,168400,380040
N1000_K95_UNIFORM_100,1000,950,95,95000,TICKET_ARRAY,BUILD,17,138800,380040
N1000_K95_UNIFORM_100,1000,950,95,95000,TICKET_ARRAY,BUILD,18,204099,380040
N1000_K95_UNIFORM_100,1000,950,95,95000,TICKET_ARRAY,BUILD,19,143100,380040
N1000_K95_UNIFORM_100,1000,950,95,95000,TICKET_ARRAY,SELECT,0,7203101,17600
N1000_K95_UNIFORM_100,1000,950,95,95000,TICKET_ARRAY,SELECT,1,5162800,17600
N1000_K95_UNIFORM_100,1000,950,95,95000,TICKET_ARRAY,SELECT,2,5442900,17600
N1000_K95_UNIFORM_100,1000,950,95,95000,TICKET_ARRAY,SELECT,3,5272799,17600
N1000_K95_UNIFORM_100,1000,950,95,95000,TICKET_ARRAY,SELECT,4,5037100,17600
N1000_K95_UNIFORM_100,1000,950,95,95000,TICKET_ARRAY,SELECT,5,5097400,17600
N1000_K95_UNIFORM_100,1000,950,95,95000,TICKET_ARRAY,SELECT,6,5064800,17600
N1000_K95_UNIFORM_100,1000,950,95,95000,TICKET_ARRAY,SELECT,7,5113100,17600
N1000_K95_UNIFORM_100,1000,950,95,95000,TICKET_ARRAY,SELECT,8,5760501,17600
N1000_K95_UNIFORM_100,1000,950,95,95000,TICKET_ARRAY,SELECT,9,5142000,17600
N1000_K95_UNIFORM_100,1000,950,95,95000,TICKET_ARRAY,SELECT,10,9586000,17600
N1000_K95_UNIFORM_100,1000,950,95,95000,TICKET_ARRAY,SELECT,11,8561600,17600
N1000_K95_UNIFORM_100,1000,950,95,95000,TICKET_ARRAY,SELECT,12,5439900,17600
N1000_K95_UNIFORM_100,1000,950,95,95000,TICKET_ARRAY,SELECT,13,5281100,17600
N1000_K95_UNIFORM_100,1000,950,95,95000,TICKET_ARRAY,SELECT,14,5207800,17600
N1000_K95_UNIFORM_100,1000,950,95,95000,TICKET_ARRAY,SELECT,15,5160699,17600
N1000_K95_UNIFORM_100,1000,950,95,95000,TICKET_ARRAY,SELECT,16,5107500,17600
N1000_K95_UNIFORM_100,1000,950,95,95000,TICKET_ARRAY,SELECT,17,5186199,17600
N1000_K95_UNIFORM_100,1000,950,95,95000,TICKET_ARRAY,SELECT,18,5159100,17600
N1000_K95_UNIFORM_100,1000,950,95,95000,TICKET_ARRAY,SELECT,19,5406900,17600
N1000_K95_UNIFORM_100,1000,950,95,95000,TICKET_ARRAY,TOTAL,0,5707300,467344
N1000_K95_UNIFORM_100,1000,950,95,95000,TICKET_ARRAY,TOTAL,1,5563899,467344
N1000_K95_UNIFORM_100,1000,950,95,95000,TICKET_ARRAY,TOTAL,2,6407801,467344
N1000_K95_UNIFORM_100,1000,950,95,95000,TICKET_ARRAY,TOTAL,3,5702600,467344
N1000_K95_UNIFORM_100,1000,950,95,95000,TICKET_ARRAY,TOTAL,4,5686300,467312
N1000_K95_UNIFORM_100,1000,950,95,95000,TICKET_ARRAY,TOTAL,5,5802500,467312
N1000_K95_UNIFORM_100,1000,950,95,95000,TICKET_ARRAY,TOTAL,6,5547201,467312
N1000_K95_UNIFORM_100,1000,950,95,95000,TICKET_ARRAY,TOTAL,7,5574500,467312
N1000_K95_UNIFORM_100,1000,950,95,95000,TICKET_ARRAY,TOTAL,8,5927201,467312
N1000_K95_UNIFORM_100,1000,950,95,95000,TICKET_ARRAY,TOTAL,9,5466701,467312
N1000_K95_UNIFORM_100,1000,950,95,95000,TICKET_ARRAY,TOTAL,10,5661500,467312
N1000_K95_UNIFORM_100,1000,950,95,95000,TICKET_ARRAY,TOTAL,11,5855800,467312
N1000_K95_UNIFORM_100,1000,950,95,95000,TICKET_ARRAY,TOTAL,12,5554600,467312
N1000_K95_UNIFORM_100,1000,950,95,95000,TICKET_ARRAY,TOTAL,13,5501001,467312
N1000_K95_UNIFORM_100,1000,950,95,95000,TICKET_ARRAY,TOTAL,14,5586301,467312
N1000_K95_UNIFORM_100,1000,950,95,95000,TICKET_ARRAY,TOTAL,15,5427100,467312
N1000_K95_UNIFORM_100,1000,950,95,95000,TICKET_ARRAY,TOTAL,16,5589501,467312
N1000_K95_UNIFORM_100,1000,950,95,95000,TICKET_ARRAY,TOTAL,17,5555200,467312
N1000_K95_UNIFORM_100,1000,950,95,95000,TICKET_ARRAY,TOTAL,18,6648700,467312
N1000_K95_UNIFORM_100,1000,950,95,95000,TICKET_ARRAY,TOTAL,19,5617200,467312
N1000_K95_UNIFORM_100,1000,950,95,95000,PREFIX_LINEAR,NORMALIZE,0,222500,69704
N1000_K95_UNIFORM_100,1000,950,95,95000,PREFIX_LINEAR,NORMALIZE,1,219900,69704
N1000_K95_UNIFORM_100,1000,950,95,95000,PREFIX_LINEAR,NORMALIZE,2,236600,69704
N1000_K95_UNIFORM_100,1000,950,95,95000,PREFIX_LINEAR,NORMALIZE,3,233901,69704
N1000_K95_UNIFORM_100,1000,950,95,95000,PREFIX_LINEAR,NORMALIZE,4,227900,69704
N1000_K95_UNIFORM_100,1000,950,95,95000,PREFIX_LINEAR,NORMALIZE,5,219901,69704
N1000_K95_UNIFORM_100,1000,950,95,95000,PREFIX_LINEAR,NORMALIZE,6,213500,69704
N1000_K95_UNIFORM_100,1000,950,95,95000,PREFIX_LINEAR,NORMALIZE,7,214300,69704
N1000_K95_UNIFORM_100,1000,950,95,95000,PREFIX_LINEAR,NORMALIZE,8,213900,69704
N1000_K95_UNIFORM_100,1000,950,95,95000,PREFIX_LINEAR,NORMALIZE,9,213600,69704
N1000_K95_UNIFORM_100,1000,950,95,95000,PREFIX_LINEAR,NORMALIZE,10,216999,69704
N1000_K95_UNIFORM_100,1000,950,95,95000,PREFIX_LINEAR,NORMALIZE,11,224300,69704
N1000_K95_UNIFORM_100,1000,950,95,95000,PREFIX_LINEAR,NORMALIZE,12,218400,69704
N1000_K95_UNIFORM_100,1000,950,95,95000,PREFIX_LINEAR,NORMALIZE,13,229000,69704
N1000_K95_UNIFORM_100,1000,950,95,95000,PREFIX_LINEAR,NORMALIZE,14,217199,69704
N1000_K95_UNIFORM_100,1000,950,95,95000,PREFIX_LINEAR,NORMALIZE,15,215200,69704
N1000_K95_UNIFORM_100,1000,950,95,95000,PREFIX_LINEAR,NORMALIZE,16,218499,69704
N1000_K95_UNIFORM_100,1000,950,95,95000,PREFIX_LINEAR,NORMALIZE,17,239999,69704
N1000_K95_UNIFORM_100,1000,950,95,95000,PREFIX_LINEAR,NORMALIZE,18,229600,69704
N1000_K95_UNIFORM_100,1000,950,95,95000,PREFIX_LINEAR,NORMALIZE,19,215700,69704
N1000_K95_UNIFORM_100,1000,950,95,95000,PREFIX_LINEAR,BUILD,0,2700,15264
N1000_K95_UNIFORM_100,1000,950,95,95000,PREFIX_LINEAR,BUILD,1,3000,15264
N1000_K95_UNIFORM_100,1000,950,95,95000,PREFIX_LINEAR,BUILD,2,22800,15264
N1000_K95_UNIFORM_100,1000,950,95,95000,PREFIX_LINEAR,BUILD,3,3600,15264
N1000_K95_UNIFORM_100,1000,950,95,95000,PREFIX_LINEAR,BUILD,4,2799,15264
N1000_K95_UNIFORM_100,1000,950,95,95000,PREFIX_LINEAR,BUILD,5,14200,15264
N1000_K95_UNIFORM_100,1000,950,95,95000,PREFIX_LINEAR,BUILD,6,2700,15264
N1000_K95_UNIFORM_100,1000,950,95,95000,PREFIX_LINEAR,BUILD,7,2899,15264
N1000_K95_UNIFORM_100,1000,950,95,95000,PREFIX_LINEAR,BUILD,8,2699,15264
N1000_K95_UNIFORM_100,1000,950,95,95000,PREFIX_LINEAR,BUILD,9,9500,15264
N1000_K95_UNIFORM_100,1000,950,95,95000,PREFIX_LINEAR,BUILD,10,2900,15264
N1000_K95_UNIFORM_100,1000,950,95,95000,PREFIX_LINEAR,BUILD,11,3601,15264
N1000_K95_UNIFORM_100,1000,950,95,95000,PREFIX_LINEAR,BUILD,12,10400,15264
N1000_K95_UNIFORM_100,1000,950,95,95000,PREFIX_LINEAR,BUILD,13,3100,15264
N1000_K95_UNIFORM_100,1000,950,95,95000,PREFIX_LINEAR,BUILD,14,2701,15264
N1000_K95_UNIFORM_100,1000,950,95,95000,PREFIX_LINEAR,BUILD,15,10601,15264
N1000_K95_UNIFORM_100,1000,950,95,95000,PREFIX_LINEAR,BUILD,16,3500,15264
N1000_K95_UNIFORM_100,1000,950,95,95000,PREFIX_LINEAR,BUILD,17,10599,15264
N1000_K95_UNIFORM_100,1000,950,95,95000,PREFIX_LINEAR,BUILD,18,2899,15264
N1000_K95_UNIFORM_100,1000,950,95,95000,PREFIX_LINEAR,BUILD,19,2800,15264
N1000_K95_UNIFORM_100,1000,950,95,95000,PREFIX_LINEAR,SELECT,0,52600,17568
N1000_K95_UNIFORM_100,1000,950,95,95000,PREFIX_LINEAR,SELECT,1,55101,17568
N1000_K95_UNIFORM_100,1000,950,95,95000,PREFIX_LINEAR,SELECT,2,55800,17568
N1000_K95_UNIFORM_100,1000,950,95,95000,PREFIX_LINEAR,SELECT,3,57099,17568
N1000_K95_UNIFORM_100,1000,950,95,95000,PREFIX_LINEAR,SELECT,4,61100,17568
N1000_K95_UNIFORM_100,1000,950,95,95000,PREFIX_LINEAR,SELECT,5,59000,17568
N1000_K95_UNIFORM_100,1000,950,95,95000,PREFIX_LINEAR,SELECT,6,61701,17568
N1000_K95_UNIFORM_100,1000,950,95,95000,PREFIX_LINEAR,SELECT,7,55101,17568
N1000_K95_UNIFORM_100,1000,950,95,95000,PREFIX_LINEAR,SELECT,8,55200,17568
N1000_K95_UNIFORM_100,1000,950,95,95000,PREFIX_LINEAR,SELECT,9,54900,17568
N1000_K95_UNIFORM_100,1000,950,95,95000,PREFIX_LINEAR,SELECT,10,54400,17568
N1000_K95_UNIFORM_100,1000,950,95,95000,PREFIX_LINEAR,SELECT,11,61100,17568
N1000_K95_UNIFORM_100,1000,950,95,95000,PREFIX_LINEAR,SELECT,12,61300,17568
N1000_K95_UNIFORM_100,1000,950,95,95000,PREFIX_LINEAR,SELECT,13,63701,17568
N1000_K95_UNIFORM_100,1000,950,95,95000,PREFIX_LINEAR,SELECT,14,54300,17568
N1000_K95_UNIFORM_100,1000,950,95,95000,PREFIX_LINEAR,SELECT,15,55200,17568
N1000_K95_UNIFORM_100,1000,950,95,95000,PREFIX_LINEAR,SELECT,16,53000,17568
N1000_K95_UNIFORM_100,1000,950,95,95000,PREFIX_LINEAR,SELECT,17,54900,17568
N1000_K95_UNIFORM_100,1000,950,95,95000,PREFIX_LINEAR,SELECT,18,64100,17568
N1000_K95_UNIFORM_100,1000,950,95,95000,PREFIX_LINEAR,SELECT,19,54800,17568
N1000_K95_UNIFORM_100,1000,950,95,95000,PREFIX_LINEAR,TOTAL,0,279500,102536
N1000_K95_UNIFORM_100,1000,950,95,95000,PREFIX_LINEAR,TOTAL,1,274200,102536
N1000_K95_UNIFORM_100,1000,950,95,95000,PREFIX_LINEAR,TOTAL,2,281200,102536
N1000_K95_UNIFORM_100,1000,950,95,95000,PREFIX_LINEAR,TOTAL,3,276901,102536
N1000_K95_UNIFORM_100,1000,950,95,95000,PREFIX_LINEAR,TOTAL,4,283100,102536
N1000_K95_UNIFORM_100,1000,950,95,95000,PREFIX_LINEAR,TOTAL,5,516000,102536
N1000_K95_UNIFORM_100,1000,950,95,95000,PREFIX_LINEAR,TOTAL,6,304800,102536
N1000_K95_UNIFORM_100,1000,950,95,95000,PREFIX_LINEAR,TOTAL,7,330300,102536
N1000_K95_UNIFORM_100,1000,950,95,95000,PREFIX_LINEAR,TOTAL,8,310800,102536
N1000_K95_UNIFORM_100,1000,950,95,95000,PREFIX_LINEAR,TOTAL,9,293800,102536
N1000_K95_UNIFORM_100,1000,950,95,95000,PREFIX_LINEAR,TOTAL,10,295299,102536
N1000_K95_UNIFORM_100,1000,950,95,95000,PREFIX_LINEAR,TOTAL,11,287001,102536
N1000_K95_UNIFORM_100,1000,950,95,95000,PREFIX_LINEAR,TOTAL,12,284100,102536
N1000_K95_UNIFORM_100,1000,950,95,95000,PREFIX_LINEAR,TOTAL,13,278200,102536
N1000_K95_UNIFORM_100,1000,950,95,95000,PREFIX_LINEAR,TOTAL,14,282200,102536
N1000_K95_UNIFORM_100,1000,950,95,95000,PREFIX_LINEAR,TOTAL,15,274300,102536
N1000_K95_UNIFORM_100,1000,950,95,95000,PREFIX_LINEAR,TOTAL,16,280100,102536
N1000_K95_UNIFORM_100,1000,950,95,95000,PREFIX_LINEAR,TOTAL,17,290000,102536
N1000_K95_UNIFORM_100,1000,950,95,95000,PREFIX_LINEAR,TOTAL,18,301900,102536
N1000_K95_UNIFORM_100,1000,950,95,95000,PREFIX_LINEAR,TOTAL,19,295501,102536
N1000_K95_UNIFORM_100,1000,950,95,95000,PREFIX_BINARY,NORMALIZE,0,223901,69704
N1000_K95_UNIFORM_100,1000,950,95,95000,PREFIX_BINARY,NORMALIZE,1,216100,69704
N1000_K95_UNIFORM_100,1000,950,95,95000,PREFIX_BINARY,NORMALIZE,2,215900,69704
N1000_K95_UNIFORM_100,1000,950,95,95000,PREFIX_BINARY,NORMALIZE,3,214800,69704
N1000_K95_UNIFORM_100,1000,950,95,95000,PREFIX_BINARY,NORMALIZE,4,215600,69704
N1000_K95_UNIFORM_100,1000,950,95,95000,PREFIX_BINARY,NORMALIZE,5,216299,69704
N1000_K95_UNIFORM_100,1000,950,95,95000,PREFIX_BINARY,NORMALIZE,6,214800,69704
N1000_K95_UNIFORM_100,1000,950,95,95000,PREFIX_BINARY,NORMALIZE,7,255100,69704
N1000_K95_UNIFORM_100,1000,950,95,95000,PREFIX_BINARY,NORMALIZE,8,229700,69704
N1000_K95_UNIFORM_100,1000,950,95,95000,PREFIX_BINARY,NORMALIZE,9,214600,69704
N1000_K95_UNIFORM_100,1000,950,95,95000,PREFIX_BINARY,NORMALIZE,10,214200,69704
N1000_K95_UNIFORM_100,1000,950,95,95000,PREFIX_BINARY,NORMALIZE,11,215800,69704
N1000_K95_UNIFORM_100,1000,950,95,95000,PREFIX_BINARY,NORMALIZE,12,213000,69704
N1000_K95_UNIFORM_100,1000,950,95,95000,PREFIX_BINARY,NORMALIZE,13,213900,69704
N1000_K95_UNIFORM_100,1000,950,95,95000,PREFIX_BINARY,NORMALIZE,14,308700,69704
N1000_K95_UNIFORM_100,1000,950,95,95000,PREFIX_BINARY,NORMALIZE,15,242899,69704
N1000_K95_UNIFORM_100,1000,950,95,95000,PREFIX_BINARY,NORMALIZE,16,219301,69704
N1000_K95_UNIFORM_100,1000,950,95,95000,PREFIX_BINARY,NORMALIZE,17,214700,69704
N1000_K95_UNIFORM_100,1000,950,95,95000,PREFIX_BINARY,NORMALIZE,18,214300,69704
N1000_K95_UNIFORM_100,1000,950,95,95000,PREFIX_BINARY,NORMALIZE,19,213900,69704
N1000_K95_UNIFORM_100,1000,950,95,95000,PREFIX_BINARY,BUILD,0,2799,15264
N1000_K95_UNIFORM_100,1000,950,95,95000,PREFIX_BINARY,BUILD,1,2800,15264
N1000_K95_UNIFORM_100,1000,950,95,95000,PREFIX_BINARY,BUILD,2,3000,15264
N1000_K95_UNIFORM_100,1000,950,95,95000,PREFIX_BINARY,BUILD,3,9100,15264
N1000_K95_UNIFORM_100,1000,950,95,95000,PREFIX_BINARY,BUILD,4,3400,15264
N1000_K95_UNIFORM_100,1000,950,95,95000,PREFIX_BINARY,BUILD,5,2801,15264
N1000_K95_UNIFORM_100,1000,950,95,95000,PREFIX_BINARY,BUILD,6,9501,15264
N1000_K95_UNIFORM_100,1000,950,95,95000,PREFIX_BINARY,BUILD,7,2799,15264
N1000_K95_UNIFORM_100,1000,950,95,95000,PREFIX_BINARY,BUILD,8,7400,15264
N1000_K95_UNIFORM_100,1000,950,95,95000,PREFIX_BINARY,BUILD,9,15600,15264
N1000_K95_UNIFORM_100,1000,950,95,95000,PREFIX_BINARY,BUILD,10,3000,15264
N1000_K95_UNIFORM_100,1000,950,95,95000,PREFIX_BINARY,BUILD,11,2999,15264
N1000_K95_UNIFORM_100,1000,950,95,95000,PREFIX_BINARY,BUILD,12,2700,15264
N1000_K95_UNIFORM_100,1000,950,95,95000,PREFIX_BINARY,BUILD,13,8801,15264
N1000_K95_UNIFORM_100,1000,950,95,95000,PREFIX_BINARY,BUILD,14,2701,15264
N1000_K95_UNIFORM_100,1000,950,95,95000,PREFIX_BINARY,BUILD,15,3100,15264
N1000_K95_UNIFORM_100,1000,950,95,95000,PREFIX_BINARY,BUILD,16,16700,15264
N1000_K95_UNIFORM_100,1000,950,95,95000,PREFIX_BINARY,BUILD,17,4601,15264
N1000_K95_UNIFORM_100,1000,950,95,95000,PREFIX_BINARY,BUILD,18,5000,15264
N1000_K95_UNIFORM_100,1000,950,95,95000,PREFIX_BINARY,BUILD,19,10900,15264
N1000_K95_UNIFORM_100,1000,950,95,95000,PREFIX_BINARY,SELECT,0,39600,17568
N1000_K95_UNIFORM_100,1000,950,95,95000,PREFIX_BINARY,SELECT,1,48300,17568
N1000_K95_UNIFORM_100,1000,950,95,95000,PREFIX_BINARY,SELECT,2,49300,17568
N1000_K95_UNIFORM_100,1000,950,95,95000,PREFIX_BINARY,SELECT,3,56099,17568
N1000_K95_UNIFORM_100,1000,950,95,95000,PREFIX_BINARY,SELECT,4,49500,17568
N1000_K95_UNIFORM_100,1000,950,95,95000,PREFIX_BINARY,SELECT,5,45000,17568
N1000_K95_UNIFORM_100,1000,950,95,95000,PREFIX_BINARY,SELECT,6,58399,17568
N1000_K95_UNIFORM_100,1000,950,95,95000,PREFIX_BINARY,SELECT,7,46800,17568
N1000_K95_UNIFORM_100,1000,950,95,95000,PREFIX_BINARY,SELECT,8,68300,17568
N1000_K95_UNIFORM_100,1000,950,95,95000,PREFIX_BINARY,SELECT,9,48200,17568
N1000_K95_UNIFORM_100,1000,950,95,95000,PREFIX_BINARY,SELECT,10,52400,17568
N1000_K95_UNIFORM_100,1000,950,95,95000,PREFIX_BINARY,SELECT,11,42399,17568
N1000_K95_UNIFORM_100,1000,950,95,95000,PREFIX_BINARY,SELECT,12,50199,17568
N1000_K95_UNIFORM_100,1000,950,95,95000,PREFIX_BINARY,SELECT,13,45100,17568
N1000_K95_UNIFORM_100,1000,950,95,95000,PREFIX_BINARY,SELECT,14,44900,17568
N1000_K95_UNIFORM_100,1000,950,95,95000,PREFIX_BINARY,SELECT,15,51500,17568
N1000_K95_UNIFORM_100,1000,950,95,95000,PREFIX_BINARY,SELECT,16,59000,17568
N1000_K95_UNIFORM_100,1000,950,95,95000,PREFIX_BINARY,SELECT,17,123499,17568
N1000_K95_UNIFORM_100,1000,950,95,95000,PREFIX_BINARY,SELECT,18,83700,17568
N1000_K95_UNIFORM_100,1000,950,95,95000,PREFIX_BINARY,SELECT,19,52500,17568
N1000_K95_UNIFORM_100,1000,950,95,95000,PREFIX_BINARY,TOTAL,0,362501,102536
N1000_K95_UNIFORM_100,1000,950,95,95000,PREFIX_BINARY,TOTAL,1,440599,102536
N1000_K95_UNIFORM_100,1000,950,95,95000,PREFIX_BINARY,TOTAL,2,478600,102536
N1000_K95_UNIFORM_100,1000,950,95,95000,PREFIX_BINARY,TOTAL,3,297700,102536
N1000_K95_UNIFORM_100,1000,950,95,95000,PREFIX_BINARY,TOTAL,4,289900,102536
N1000_K95_UNIFORM_100,1000,950,95,95000,PREFIX_BINARY,TOTAL,5,280799,102536
N1000_K95_UNIFORM_100,1000,950,95,95000,PREFIX_BINARY,TOTAL,6,281600,102536
N1000_K95_UNIFORM_100,1000,950,95,95000,PREFIX_BINARY,TOTAL,7,277300,102536
N1000_K95_UNIFORM_100,1000,950,95,95000,PREFIX_BINARY,TOTAL,8,297000,102536
N1000_K95_UNIFORM_100,1000,950,95,95000,PREFIX_BINARY,TOTAL,9,281900,102536
N1000_K95_UNIFORM_100,1000,950,95,95000,PREFIX_BINARY,TOTAL,10,266500,102536
N1000_K95_UNIFORM_100,1000,950,95,95000,PREFIX_BINARY,TOTAL,11,502400,102536
N1000_K95_UNIFORM_100,1000,950,95,95000,PREFIX_BINARY,TOTAL,12,417001,102536
N1000_K95_UNIFORM_100,1000,950,95,95000,PREFIX_BINARY,TOTAL,13,365101,102536
N1000_K95_UNIFORM_100,1000,950,95,95000,PREFIX_BINARY,TOTAL,14,330200,102536
N1000_K95_UNIFORM_100,1000,950,95,95000,PREFIX_BINARY,TOTAL,15,418200,102536
N1000_K95_UNIFORM_100,1000,950,95,95000,PREFIX_BINARY,TOTAL,16,353200,102536
N1000_K95_UNIFORM_100,1000,950,95,95000,PREFIX_BINARY,TOTAL,17,312600,102536
N1000_K95_UNIFORM_100,1000,950,95,95000,PREFIX_BINARY,TOTAL,18,303499,102536
N1000_K95_UNIFORM_100,1000,950,95,95000,PREFIX_BINARY,TOTAL,19,307399,102536
N1000_K95_UNIFORM_100,1000,950,95,95000,FENWICK,NORMALIZE,0,213200,69704
N1000_K95_UNIFORM_100,1000,950,95,95000,FENWICK,NORMALIZE,1,233900,69704
N1000_K95_UNIFORM_100,1000,950,95,95000,FENWICK,NORMALIZE,2,216500,69704
N1000_K95_UNIFORM_100,1000,950,95,95000,FENWICK,NORMALIZE,3,215200,69704
N1000_K95_UNIFORM_100,1000,950,95,95000,FENWICK,NORMALIZE,4,222899,69704
N1000_K95_UNIFORM_100,1000,950,95,95000,FENWICK,NORMALIZE,5,215400,69704
N1000_K95_UNIFORM_100,1000,950,95,95000,FENWICK,NORMALIZE,6,213900,69704
N1000_K95_UNIFORM_100,1000,950,95,95000,FENWICK,NORMALIZE,7,288601,69704
N1000_K95_UNIFORM_100,1000,950,95,95000,FENWICK,NORMALIZE,8,230400,69704
N1000_K95_UNIFORM_100,1000,950,95,95000,FENWICK,NORMALIZE,9,233599,69704
N1000_K95_UNIFORM_100,1000,950,95,95000,FENWICK,NORMALIZE,10,217900,69704
N1000_K95_UNIFORM_100,1000,950,95,95000,FENWICK,NORMALIZE,11,216601,69704
N1000_K95_UNIFORM_100,1000,950,95,95000,FENWICK,NORMALIZE,12,250900,69704
N1000_K95_UNIFORM_100,1000,950,95,95000,FENWICK,NORMALIZE,13,227500,69704
N1000_K95_UNIFORM_100,1000,950,95,95000,FENWICK,NORMALIZE,14,216001,69704
N1000_K95_UNIFORM_100,1000,950,95,95000,FENWICK,NORMALIZE,15,213900,69704
N1000_K95_UNIFORM_100,1000,950,95,95000,FENWICK,NORMALIZE,16,213800,69704
N1000_K95_UNIFORM_100,1000,950,95,95000,FENWICK,NORMALIZE,17,219701,69704
N1000_K95_UNIFORM_100,1000,950,95,95000,FENWICK,NORMALIZE,18,226300,69704
N1000_K95_UNIFORM_100,1000,950,95,95000,FENWICK,NORMALIZE,19,224300,69704
N1000_K95_UNIFORM_100,1000,950,95,95000,FENWICK,BUILD,0,8200,15336
N1000_K95_UNIFORM_100,1000,950,95,95000,FENWICK,BUILD,1,8800,15336
N1000_K95_UNIFORM_100,1000,950,95,95000,FENWICK,BUILD,2,11599,15336
N1000_K95_UNIFORM_100,1000,950,95,95000,FENWICK,BUILD,3,9000,15336
N1000_K95_UNIFORM_100,1000,950,95,95000,FENWICK,BUILD,4,14900,15336
N1000_K95_UNIFORM_100,1000,950,95,95000,FENWICK,BUILD,5,8200,15336
N1000_K95_UNIFORM_100,1000,950,95,95000,FENWICK,BUILD,6,8500,15336
N1000_K95_UNIFORM_100,1000,950,95,95000,FENWICK,BUILD,7,14500,15336
N1000_K95_UNIFORM_100,1000,950,95,95000,FENWICK,BUILD,8,8200,15336
N1000_K95_UNIFORM_100,1000,950,95,95000,FENWICK,BUILD,9,8400,15336
N1000_K95_UNIFORM_100,1000,950,95,95000,FENWICK,BUILD,10,8600,15336
N1000_K95_UNIFORM_100,1000,950,95,95000,FENWICK,BUILD,11,9199,15336
N1000_K95_UNIFORM_100,1000,950,95,95000,FENWICK,BUILD,12,8100,15336
N1000_K95_UNIFORM_100,1000,950,95,95000,FENWICK,BUILD,13,14200,15336
N1000_K95_UNIFORM_100,1000,950,95,95000,FENWICK,BUILD,14,15800,15336
N1000_K95_UNIFORM_100,1000,950,95,95000,FENWICK,BUILD,15,15100,15336
N1000_K95_UNIFORM_100,1000,950,95,95000,FENWICK,BUILD,16,14800,15336
N1000_K95_UNIFORM_100,1000,950,95,95000,FENWICK,BUILD,17,22400,15336
N1000_K95_UNIFORM_100,1000,950,95,95000,FENWICK,BUILD,18,9899,15336
N1000_K95_UNIFORM_100,1000,950,95,95000,FENWICK,BUILD,19,22000,15336
N1000_K95_UNIFORM_100,1000,950,95,95000,FENWICK,SELECT,0,40900,17568
N1000_K95_UNIFORM_100,1000,950,95,95000,FENWICK,SELECT,1,33000,17568
N1000_K95_UNIFORM_100,1000,950,95,95000,FENWICK,SELECT,2,46200,17568
N1000_K95_UNIFORM_100,1000,950,95,95000,FENWICK,SELECT,3,34199,17568
N1000_K95_UNIFORM_100,1000,950,95,95000,FENWICK,SELECT,4,35500,17568
N1000_K95_UNIFORM_100,1000,950,95,95000,FENWICK,SELECT,5,40999,17568
N1000_K95_UNIFORM_100,1000,950,95,95000,FENWICK,SELECT,6,34200,17568
N1000_K95_UNIFORM_100,1000,950,95,95000,FENWICK,SELECT,7,39101,17568
N1000_K95_UNIFORM_100,1000,950,95,95000,FENWICK,SELECT,8,32000,17568
N1000_K95_UNIFORM_100,1000,950,95,95000,FENWICK,SELECT,9,43499,17568
N1000_K95_UNIFORM_100,1000,950,95,95000,FENWICK,SELECT,10,39200,17568
N1000_K95_UNIFORM_100,1000,950,95,95000,FENWICK,SELECT,11,32300,17568
N1000_K95_UNIFORM_100,1000,950,95,95000,FENWICK,SELECT,12,40801,17568
N1000_K95_UNIFORM_100,1000,950,95,95000,FENWICK,SELECT,13,33000,17568
N1000_K95_UNIFORM_100,1000,950,95,95000,FENWICK,SELECT,14,43300,17568
N1000_K95_UNIFORM_100,1000,950,95,95000,FENWICK,SELECT,15,32800,17568
N1000_K95_UNIFORM_100,1000,950,95,95000,FENWICK,SELECT,16,33801,17568
N1000_K95_UNIFORM_100,1000,950,95,95000,FENWICK,SELECT,17,47501,17568
N1000_K95_UNIFORM_100,1000,950,95,95000,FENWICK,SELECT,18,33001,17568
N1000_K95_UNIFORM_100,1000,950,95,95000,FENWICK,SELECT,19,60099,17568
N1000_K95_UNIFORM_100,1000,950,95,95000,FENWICK,TOTAL,0,262100,102608
N1000_K95_UNIFORM_100,1000,950,95,95000,FENWICK,TOTAL,1,274800,102608
N1000_K95_UNIFORM_100,1000,950,95,95000,FENWICK,TOTAL,2,279700,102608
N1000_K95_UNIFORM_100,1000,950,95,95000,FENWICK,TOTAL,3,264800,102608
N1000_K95_UNIFORM_100,1000,950,95,95000,FENWICK,TOTAL,4,288900,102608
N1000_K95_UNIFORM_100,1000,950,95,95000,FENWICK,TOTAL,5,405300,102608
N1000_K95_UNIFORM_100,1000,950,95,95000,FENWICK,TOTAL,6,474700,102608
N1000_K95_UNIFORM_100,1000,950,95,95000,FENWICK,TOTAL,7,283200,102608
N1000_K95_UNIFORM_100,1000,950,95,95000,FENWICK,TOTAL,8,276301,102608
N1000_K95_UNIFORM_100,1000,950,95,95000,FENWICK,TOTAL,9,323901,102608
N1000_K95_UNIFORM_100,1000,950,95,95000,FENWICK,TOTAL,10,297700,102608
N1000_K95_UNIFORM_100,1000,950,95,95000,FENWICK,TOTAL,11,261000,102608
N1000_K95_UNIFORM_100,1000,950,95,95000,FENWICK,TOTAL,12,408000,102608
N1000_K95_UNIFORM_100,1000,950,95,95000,FENWICK,TOTAL,13,480400,102608
N1000_K95_UNIFORM_100,1000,950,95,95000,FENWICK,TOTAL,14,466100,102608
N1000_K95_UNIFORM_100,1000,950,95,95000,FENWICK,TOTAL,15,581100,102608
N1000_K95_UNIFORM_100,1000,950,95,95000,FENWICK,TOTAL,16,542900,102608
N1000_K95_UNIFORM_100,1000,950,95,95000,FENWICK,TOTAL,17,487600,102608
N1000_K95_UNIFORM_100,1000,950,95,95000,FENWICK,TOTAL,18,486100,102608
N1000_K95_UNIFORM_100,1000,950,95,95000,FENWICK,TOTAL,19,421400,102608
N1000_K1_SKEWED_1000,1000,950,1,100850,TICKET_ARRAY,NORMALIZE,0,216500,69704
N1000_K1_SKEWED_1000,1000,950,1,100850,TICKET_ARRAY,NORMALIZE,1,216101,69704
N1000_K1_SKEWED_1000,1000,950,1,100850,TICKET_ARRAY,NORMALIZE,2,215601,69704
N1000_K1_SKEWED_1000,1000,950,1,100850,TICKET_ARRAY,NORMALIZE,3,214400,69704
N1000_K1_SKEWED_1000,1000,950,1,100850,TICKET_ARRAY,NORMALIZE,4,215200,69704
N1000_K1_SKEWED_1000,1000,950,1,100850,TICKET_ARRAY,NORMALIZE,5,221600,69704
N1000_K1_SKEWED_1000,1000,950,1,100850,TICKET_ARRAY,NORMALIZE,6,228500,69704
N1000_K1_SKEWED_1000,1000,950,1,100850,TICKET_ARRAY,NORMALIZE,7,218499,69704
N1000_K1_SKEWED_1000,1000,950,1,100850,TICKET_ARRAY,NORMALIZE,8,214500,69704
N1000_K1_SKEWED_1000,1000,950,1,100850,TICKET_ARRAY,NORMALIZE,9,227099,69704
N1000_K1_SKEWED_1000,1000,950,1,100850,TICKET_ARRAY,NORMALIZE,10,234700,69704
N1000_K1_SKEWED_1000,1000,950,1,100850,TICKET_ARRAY,NORMALIZE,11,215400,69704
N1000_K1_SKEWED_1000,1000,950,1,100850,TICKET_ARRAY,NORMALIZE,12,221500,69704
N1000_K1_SKEWED_1000,1000,950,1,100850,TICKET_ARRAY,NORMALIZE,13,214600,69704
N1000_K1_SKEWED_1000,1000,950,1,100850,TICKET_ARRAY,NORMALIZE,14,213600,69704
N1000_K1_SKEWED_1000,1000,950,1,100850,TICKET_ARRAY,NORMALIZE,15,225700,69704
N1000_K1_SKEWED_1000,1000,950,1,100850,TICKET_ARRAY,NORMALIZE,16,215701,69704
N1000_K1_SKEWED_1000,1000,950,1,100850,TICKET_ARRAY,NORMALIZE,17,215300,69704
N1000_K1_SKEWED_1000,1000,950,1,100850,TICKET_ARRAY,NORMALIZE,18,213400,69704
N1000_K1_SKEWED_1000,1000,950,1,100850,TICKET_ARRAY,NORMALIZE,19,218800,69704
N1000_K1_SKEWED_1000,1000,950,1,100850,TICKET_ARRAY,BUILD,0,134900,403440
N1000_K1_SKEWED_1000,1000,950,1,100850,TICKET_ARRAY,BUILD,1,163701,403440
N1000_K1_SKEWED_1000,1000,950,1,100850,TICKET_ARRAY,BUILD,2,142500,403440
N1000_K1_SKEWED_1000,1000,950,1,100850,TICKET_ARRAY,BUILD,3,275400,403440
N1000_K1_SKEWED_1000,1000,950,1,100850,TICKET_ARRAY,BUILD,4,270101,403440
N1000_K1_SKEWED_1000,1000,950,1,100850,TICKET_ARRAY,BUILD,5,321100,403440
N1000_K1_SKEWED_1000,1000,950,1,100850,TICKET_ARRAY,BUILD,6,224699,403440
N1000_K1_SKEWED_1000,1000,950,1,100850,TICKET_ARRAY,BUILD,7,264000,403440
N1000_K1_SKEWED_1000,1000,950,1,100850,TICKET_ARRAY,BUILD,8,153699,403440
N1000_K1_SKEWED_1000,1000,950,1,100850,TICKET_ARRAY,BUILD,9,171000,403440
N1000_K1_SKEWED_1000,1000,950,1,100850,TICKET_ARRAY,BUILD,10,134101,403440
N1000_K1_SKEWED_1000,1000,950,1,100850,TICKET_ARRAY,BUILD,11,170201,403440
N1000_K1_SKEWED_1000,1000,950,1,100850,TICKET_ARRAY,BUILD,12,137900,403440
N1000_K1_SKEWED_1000,1000,950,1,100850,TICKET_ARRAY,BUILD,13,172599,403440
N1000_K1_SKEWED_1000,1000,950,1,100850,TICKET_ARRAY,BUILD,14,141501,403440
N1000_K1_SKEWED_1000,1000,950,1,100850,TICKET_ARRAY,BUILD,15,168300,403440
N1000_K1_SKEWED_1000,1000,950,1,100850,TICKET_ARRAY,BUILD,16,140399,403440
N1000_K1_SKEWED_1000,1000,950,1,100850,TICKET_ARRAY,BUILD,17,170001,403440
N1000_K1_SKEWED_1000,1000,950,1,100850,TICKET_ARRAY,BUILD,18,136999,403440
N1000_K1_SKEWED_1000,1000,950,1,100850,TICKET_ARRAY,BUILD,19,163800,403440
N1000_K1_SKEWED_1000,1000,950,1,100850,TICKET_ARRAY,SELECT,0,68000,1592
N1000_K1_SKEWED_1000,1000,950,1,100850,TICKET_ARRAY,SELECT,1,68300,1592
N1000_K1_SKEWED_1000,1000,950,1,100850,TICKET_ARRAY,SELECT,2,74701,1592
N1000_K1_SKEWED_1000,1000,950,1,100850,TICKET_ARRAY,SELECT,3,67700,1592
N1000_K1_SKEWED_1000,1000,950,1,100850,TICKET_ARRAY,SELECT,4,68000,1592
N1000_K1_SKEWED_1000,1000,950,1,100850,TICKET_ARRAY,SELECT,5,67700,1592
N1000_K1_SKEWED_1000,1000,950,1,100850,TICKET_ARRAY,SELECT,6,68200,1592
N1000_K1_SKEWED_1000,1000,950,1,100850,TICKET_ARRAY,SELECT,7,125800,1592
N1000_K1_SKEWED_1000,1000,950,1,100850,TICKET_ARRAY,SELECT,8,111501,1592
N1000_K1_SKEWED_1000,1000,950,1,100850,TICKET_ARRAY,SELECT,9,93400,1592
N1000_K1_SKEWED_1000,1000,950,1,100850,TICKET_ARRAY,SELECT,10,71799,1592
N1000_K1_SKEWED_1000,1000,950,1,100850,TICKET_ARRAY,SELECT,11,82900,1592
N1000_K1_SKEWED_1000,1000,950,1,100850,TICKET_ARRAY,SELECT,12,78600,1592
N1000_K1_SKEWED_1000,1000,950,1,100850,TICKET_ARRAY,SELECT,13,69900,1592
N1000_K1_SKEWED_1000,1000,950,1,100850,TICKET_ARRAY,SELECT,14,84299,1592
N1000_K1_SKEWED_1000,1000,950,1,100850,TICKET_ARRAY,SELECT,15,69100,1592
N1000_K1_SKEWED_1000,1000,950,1,100850,TICKET_ARRAY,SELECT,16,86201,1592
N1000_K1_SKEWED_1000,1000,950,1,100850,TICKET_ARRAY,SELECT,17,71099,1592
N1000_K1_SKEWED_1000,1000,950,1,100850,TICKET_ARRAY,SELECT,18,84399,1592
N1000_K1_SKEWED_1000,1000,950,1,100850,TICKET_ARRAY,SELECT,19,68000,1592
N1000_K1_SKEWED_1000,1000,950,1,100850,TICKET_ARRAY,TOTAL,0,455600,474736
N1000_K1_SKEWED_1000,1000,950,1,100850,TICKET_ARRAY,TOTAL,1,468699,474736
N1000_K1_SKEWED_1000,1000,950,1,100850,TICKET_ARRAY,TOTAL,2,429300,474736
N1000_K1_SKEWED_1000,1000,950,1,100850,TICKET_ARRAY,TOTAL,3,452100,474736
N1000_K1_SKEWED_1000,1000,950,1,100850,TICKET_ARRAY,TOTAL,4,449900,474736
N1000_K1_SKEWED_1000,1000,950,1,100850,TICKET_ARRAY,TOTAL,5,495200,474736
N1000_K1_SKEWED_1000,1000,950,1,100850,TICKET_ARRAY,TOTAL,6,440500,474736
N1000_K1_SKEWED_1000,1000,950,1,100850,TICKET_ARRAY,TOTAL,7,455300,474736
N1000_K1_SKEWED_1000,1000,950,1,100850,TICKET_ARRAY,TOTAL,8,439901,474736
N1000_K1_SKEWED_1000,1000,950,1,100850,TICKET_ARRAY,TOTAL,9,461600,474736
N1000_K1_SKEWED_1000,1000,950,1,100850,TICKET_ARRAY,TOTAL,10,463099,474736
N1000_K1_SKEWED_1000,1000,950,1,100850,TICKET_ARRAY,TOTAL,11,454401,474736
N1000_K1_SKEWED_1000,1000,950,1,100850,TICKET_ARRAY,TOTAL,12,508300,474736
N1000_K1_SKEWED_1000,1000,950,1,100850,TICKET_ARRAY,TOTAL,13,470400,474736
N1000_K1_SKEWED_1000,1000,950,1,100850,TICKET_ARRAY,TOTAL,14,442300,474736
N1000_K1_SKEWED_1000,1000,950,1,100850,TICKET_ARRAY,TOTAL,15,477700,474736
N1000_K1_SKEWED_1000,1000,950,1,100850,TICKET_ARRAY,TOTAL,16,562300,474736
N1000_K1_SKEWED_1000,1000,950,1,100850,TICKET_ARRAY,TOTAL,17,597500,474736
N1000_K1_SKEWED_1000,1000,950,1,100850,TICKET_ARRAY,TOTAL,18,509500,474736
N1000_K1_SKEWED_1000,1000,950,1,100850,TICKET_ARRAY,TOTAL,19,597100,474736
N1000_K1_SKEWED_1000,1000,950,1,100850,PREFIX_LINEAR,NORMALIZE,0,221900,69704
N1000_K1_SKEWED_1000,1000,950,1,100850,PREFIX_LINEAR,NORMALIZE,1,218399,69704
N1000_K1_SKEWED_1000,1000,950,1,100850,PREFIX_LINEAR,NORMALIZE,2,214900,69704
N1000_K1_SKEWED_1000,1000,950,1,100850,PREFIX_LINEAR,NORMALIZE,3,220600,69704
N1000_K1_SKEWED_1000,1000,950,1,100850,PREFIX_LINEAR,NORMALIZE,4,213900,69704
N1000_K1_SKEWED_1000,1000,950,1,100850,PREFIX_LINEAR,NORMALIZE,5,216200,69704
N1000_K1_SKEWED_1000,1000,950,1,100850,PREFIX_LINEAR,NORMALIZE,6,227799,69704
N1000_K1_SKEWED_1000,1000,950,1,100850,PREFIX_LINEAR,NORMALIZE,7,256801,69704
N1000_K1_SKEWED_1000,1000,950,1,100850,PREFIX_LINEAR,NORMALIZE,8,230000,69704
N1000_K1_SKEWED_1000,1000,950,1,100850,PREFIX_LINEAR,NORMALIZE,9,215001,69704
N1000_K1_SKEWED_1000,1000,950,1,100850,PREFIX_LINEAR,NORMALIZE,10,212800,69704
N1000_K1_SKEWED_1000,1000,950,1,100850,PREFIX_LINEAR,NORMALIZE,11,214900,69704
N1000_K1_SKEWED_1000,1000,950,1,100850,PREFIX_LINEAR,NORMALIZE,12,265000,69704
N1000_K1_SKEWED_1000,1000,950,1,100850,PREFIX_LINEAR,NORMALIZE,13,231200,69704
N1000_K1_SKEWED_1000,1000,950,1,100850,PREFIX_LINEAR,NORMALIZE,14,221900,69704
N1000_K1_SKEWED_1000,1000,950,1,100850,PREFIX_LINEAR,NORMALIZE,15,226701,69704
N1000_K1_SKEWED_1000,1000,950,1,100850,PREFIX_LINEAR,NORMALIZE,16,215000,69704
N1000_K1_SKEWED_1000,1000,950,1,100850,PREFIX_LINEAR,NORMALIZE,17,215000,69704
N1000_K1_SKEWED_1000,1000,950,1,100850,PREFIX_LINEAR,NORMALIZE,18,214100,69704
N1000_K1_SKEWED_1000,1000,950,1,100850,PREFIX_LINEAR,NORMALIZE,19,213601,69704
N1000_K1_SKEWED_1000,1000,950,1,100850,PREFIX_LINEAR,BUILD,0,4800,15264
N1000_K1_SKEWED_1000,1000,950,1,100850,PREFIX_LINEAR,BUILD,1,4899,15264
N1000_K1_SKEWED_1000,1000,950,1,100850,PREFIX_LINEAR,BUILD,2,4599,15264
N1000_K1_SKEWED_1000,1000,950,1,100850,PREFIX_LINEAR,BUILD,3,13699,15264
N1000_K1_SKEWED_1000,1000,950,1,100850,PREFIX_LINEAR,BUILD,4,2800,15264
N1000_K1_SKEWED_1000,1000,950,1,100850,PREFIX_LINEAR,BUILD,5,2700,15264
N1000_K1_SKEWED_1000,1000,950,1,100850,PREFIX_LINEAR,BUILD,6,8900,15264
N1000_K1_SKEWED_1000,1000,950,1,100850,PREFIX_LINEAR,BUILD,7,3000,15264
N1000_K1_SKEWED_1000,1000,950,1,100850,PREFIX_LINEAR,BUILD,8,3101,15264
N1000_K1_SKEWED_1000,1000,950,1,100850,PREFIX_LINEAR,BUILD,9,14300,15264
N1000_K1_SKEWED_1000,1000,950,1,100850,PREFIX_LINEAR,BUILD,10,2900,15264
N1000_K1_SKEWED_1000,1000,950,1,100850,PREFIX_LINEAR,BUILD,11,2701,15264
N1000_K1_SKEWED_1000,1000,950,1,100850,PREFIX_LINEAR,BUILD,12,2800,15264
N1000_K1_SKEWED_1000,1000,950,1,100850,PREFIX_LINEAR,BUILD,13,9200,15264
N1000_K1_SKEWED_1000,1000,950,1,100850,PREFIX_LINEAR,BUILD,14,2800,15264
N1000_K1_SKEWED_1000,1000,950,1,100850,PREFIX_LINEAR,BUILD,15,2700,15264
N1000_K1_SKEWED_1000,1000,950,1,100850,PREFIX_LINEAR,BUILD,16,9000,15264
N1000_K1_SKEWED_1000,1000,950,1,100850,PREFIX_LINEAR,BUILD,17,2600,15264
N1000_K1_SKEWED_1000,1000,950,1,100850,PREFIX_LINEAR,BUILD,18,2600,15264
N1000_K1_SKEWED_1000,1000,950,1,100850,PREFIX_LINEAR,BUILD,19,8701,15264
N1000_K1_SKEWED_1000,1000,950,1,100850,PREFIX_LINEAR,SELECT,0,11600,1592
N1000_K1_SKEWED_1000,1000,950,1,100850,PREFIX_LINEAR,SELECT,1,9799,1592
N1000_K1_SKEWED_1000,1000,950,1,100850,PREFIX_LINEAR,SELECT,2,9401,1592
N1000_K1_SKEWED_1000,1000,950,1,100850,PREFIX_LINEAR,SELECT,3,8800,1592
N1000_K1_SKEWED_1000,1000,950,1,100850,PREFIX_LINEAR,SELECT,4,8400,1592
N1000_K1_SKEWED_1000,1000,950,1,100850,PREFIX_LINEAR,SELECT,5,28299,1592
N1000_K1_SKEWED_1000,1000,950,1,100850,PREFIX_LINEAR,SELECT,6,14100,1592
N1000_K1_SKEWED_1000,1000,950,1,100850,PREFIX_LINEAR,SELECT,7,9601,1592
N1000_K1_SKEWED_1000,1000,950,1,100850,PREFIX_LINEAR,SELECT,8,9600,1592
N1000_K1_SKEWED_1000,1000,950,1,100850,PREFIX_LINEAR,SELECT,9,8700,1592
N1000_K1_SKEWED_1000,1000,950,1,100850,PREFIX_LINEAR,SELECT,10,7999,1592
N1000_K1_SKEWED_1000,1000,950,1,100850,PREFIX_LINEAR,SELECT,11,10700,1592
N1000_K1_SKEWED_1000,1000,950,1,100850,PREFIX_LINEAR,SELECT,12,9700,1592
N1000_K1_SKEWED_1000,1000,950,1,100850,PREFIX_LINEAR,SELECT,13,8900,1592
N1000_K1_SKEWED_1000,1000,950,1,100850,PREFIX_LINEAR,SELECT,14,8500,1592
N1000_K1_SKEWED_1000,1000,950,1,100850,PREFIX_LINEAR,SELECT,15,8600,1592
N1000_K1_SKEWED_1000,1000,950,1,100850,PREFIX_LINEAR,SELECT,16,8300,1592
N1000_K1_SKEWED_1000,1000,950,1,100850,PREFIX_LINEAR,SELECT,17,8300,1592
N1000_K1_SKEWED_1000,1000,950,1,100850,PREFIX_LINEAR,SELECT,18,8500,1592
N1000_K1_SKEWED_1000,1000,950,1,100850,PREFIX_LINEAR,SELECT,19,8300,1592
N1000_K1_SKEWED_1000,1000,950,1,100850,PREFIX_LINEAR,TOTAL,0,227400,86560
N1000_K1_SKEWED_1000,1000,950,1,100850,PREFIX_LINEAR,TOTAL,1,234100,86560
N1000_K1_SKEWED_1000,1000,950,1,100850,PREFIX_LINEAR,TOTAL,2,250800,86560
N1000_K1_SKEWED_1000,1000,950,1,100850,PREFIX_LINEAR,TOTAL,3,247299,86560
N1000_K1_SKEWED_1000,1000,950,1,100850,PREFIX_LINEAR,TOTAL,4,237000,86560
N1000_K1_SKEWED_1000,1000,950,1,100850,PREFIX_LINEAR,TOTAL,5,236900,86560
N1000_K1_SKEWED_1000,1000,950,1,100850,PREFIX_LINEAR,TOTAL,6,228800,86560
N1000_K1_SKEWED_1000,1000,950,1,100850,PREFIX_LINEAR,TOTAL,7,292200,86560
N1000_K1_SKEWED_1000,1000,950,1,100850,PREFIX_LINEAR,TOTAL,8,246200,86560
N1000_K1_SKEWED_1000,1000,950,1,100850,PREFIX_LINEAR,TOTAL,9,229400,86560
N1000_K1_SKEWED_1000,1000,950,1,100850,PREFIX_LINEAR,TOTAL,10,246100,86560
N1000_K1_SKEWED_1000,1000,950,1,100850,PREFIX_LINEAR,TOTAL,11,236100,86560
N1000_K1_SKEWED_1000,1000,950,1,100850,PREFIX_LINEAR,TOTAL,12,228701,86560
N1000_K1_SKEWED_1000,1000,950,1,100850,PREFIX_LINEAR,TOTAL,13,254100,86560
N1000_K1_SKEWED_1000,1000,950,1,100850,PREFIX_LINEAR,TOTAL,14,236200,86560
N1000_K1_SKEWED_1000,1000,950,1,100850,PREFIX_LINEAR,TOTAL,15,233300,86560
N1000_K1_SKEWED_1000,1000,950,1,100850,PREFIX_LINEAR,TOTAL,16,230500,86560
N1000_K1_SKEWED_1000,1000,950,1,100850,PREFIX_LINEAR,TOTAL,17,234699,86560
N1000_K1_SKEWED_1000,1000,950,1,100850,PREFIX_LINEAR,TOTAL,18,242400,86560
N1000_K1_SKEWED_1000,1000,950,1,100850,PREFIX_LINEAR,TOTAL,19,267000,86560
N1000_K1_SKEWED_1000,1000,950,1,100850,PREFIX_BINARY,NORMALIZE,0,272200,69704
N1000_K1_SKEWED_1000,1000,950,1,100850,PREFIX_BINARY,NORMALIZE,1,257600,69704
N1000_K1_SKEWED_1000,1000,950,1,100850,PREFIX_BINARY,NORMALIZE,2,236400,69704
N1000_K1_SKEWED_1000,1000,950,1,100850,PREFIX_BINARY,NORMALIZE,3,224299,69704
N1000_K1_SKEWED_1000,1000,950,1,100850,PREFIX_BINARY,NORMALIZE,4,237500,69704
N1000_K1_SKEWED_1000,1000,950,1,100850,PREFIX_BINARY,NORMALIZE,5,298500,69928
N1000_K1_SKEWED_1000,1000,950,1,100850,PREFIX_BINARY,NORMALIZE,6,220401,69704
N1000_K1_SKEWED_1000,1000,950,1,100850,PREFIX_BINARY,NORMALIZE,7,214300,69704
N1000_K1_SKEWED_1000,1000,950,1,100850,PREFIX_BINARY,NORMALIZE,8,246901,69704
N1000_K1_SKEWED_1000,1000,950,1,100850,PREFIX_BINARY,NORMALIZE,9,265899,69704
N1000_K1_SKEWED_1000,1000,950,1,100850,PREFIX_BINARY,NORMALIZE,10,219400,69704
N1000_K1_SKEWED_1000,1000,950,1,100850,PREFIX_BINARY,NORMALIZE,11,229800,69704
N1000_K1_SKEWED_1000,1000,950,1,100850,PREFIX_BINARY,NORMALIZE,12,238401,69704
N1000_K1_SKEWED_1000,1000,950,1,100850,PREFIX_BINARY,NORMALIZE,13,215701,69704
N1000_K1_SKEWED_1000,1000,950,1,100850,PREFIX_BINARY,NORMALIZE,14,215799,69704
N1000_K1_SKEWED_1000,1000,950,1,100850,PREFIX_BINARY,NORMALIZE,15,216999,69704
N1000_K1_SKEWED_1000,1000,950,1,100850,PREFIX_BINARY,NORMALIZE,16,271501,69704
N1000_K1_SKEWED_1000,1000,950,1,100850,PREFIX_BINARY,NORMALIZE,17,221500,69704
N1000_K1_SKEWED_1000,1000,950,1,100850,PREFIX_BINARY,NORMALIZE,18,213800,69704
N1000_K1_SKEWED_1000,1000,950,1,100850,PREFIX_BINARY,NORMALIZE,19,212601,69704
N1000_K1_SKEWED_1000,1000,950,1,100850,PREFIX_BINARY,BUILD,0,3000,15264
N1000_K1_SKEWED_1000,1000,950,1,100850,PREFIX_BINARY,BUILD,1,2899,15264
N1000_K1_SKEWED_1000,1000,950,1,100850,PREFIX_BINARY,BUILD,2,2999,15264
N1000_K1_SKEWED_1000,1000,950,1,100850,PREFIX_BINARY,BUILD,3,3100,15264
N1000_K1_SKEWED_1000,1000,950,1,100850,PREFIX_BINARY,BUILD,4,3301,15264
N1000_K1_SKEWED_1000,1000,950,1,100850,PREFIX_BINARY,BUILD,5,9301,15264
N1000_K1_SKEWED_1000,1000,950,1,100850,PREFIX_BINARY,BUILD,6,3001,15264
N1000_K1_SKEWED_1000,1000,950,1,100850,PREFIX_BINARY,BUILD,7,3100,15264
N1000_K1_SKEWED_1000,1000,950,1,100850,PREFIX_BINARY,BUILD,8,9099,15264
N1000_K1_SKEWED_1000,1000,950,1,100850,PREFIX_BINARY,BUILD,9,2900,15264
N1000_K1_SKEWED_1000,1000,950,1,100850,PREFIX_BINARY,BUILD,10,3199,15264
N1000_K1_SKEWED_1000,1000,950,1,100850,PREFIX_BINARY,BUILD,11,2699,15264
N1000_K1_SKEWED_1000,1000,950,1,100850,PREFIX_BINARY,BUILD,12,2500,15264
N1000_K1_SKEWED_1000,1000,950,1,100850,PREFIX_BINARY,BUILD,13,2400,15264
N1000_K1_SKEWED_1000,1000,950,1,100850,PREFIX_BINARY,BUILD,14,2600,15264
N1000_K1_SKEWED_1000,1000,950,1,100850,PREFIX_BINARY,BUILD,15,2601,15264
N1000_K1_SKEWED_1000,1000,950,1,100850,PREFIX_BINARY,BUILD,16,3200,15264
N1000_K1_SKEWED_1000,1000,950,1,100850,PREFIX_BINARY,BUILD,17,2600,15264
N1000_K1_SKEWED_1000,1000,950,1,100850,PREFIX_BINARY,BUILD,18,2901,15264
N1000_K1_SKEWED_1000,1000,950,1,100850,PREFIX_BINARY,BUILD,19,2501,15264
N1000_K1_SKEWED_1000,1000,950,1,100850,PREFIX_BINARY,SELECT,0,7700,1592
N1000_K1_SKEWED_1000,1000,950,1,100850,PREFIX_BINARY,SELECT,1,8500,1592
N1000_K1_SKEWED_1000,1000,950,1,100850,PREFIX_BINARY,SELECT,2,7800,1592
N1000_K1_SKEWED_1000,1000,950,1,100850,PREFIX_BINARY,SELECT,3,21199,1592
N1000_K1_SKEWED_1000,1000,950,1,100850,PREFIX_BINARY,SELECT,4,16200,1592
N1000_K1_SKEWED_1000,1000,950,1,100850,PREFIX_BINARY,SELECT,5,12201,1592
N1000_K1_SKEWED_1000,1000,950,1,100850,PREFIX_BINARY,SELECT,6,9500,1592
N1000_K1_SKEWED_1000,1000,950,1,100850,PREFIX_BINARY,SELECT,7,7800,1592
N1000_K1_SKEWED_1000,1000,950,1,100850,PREFIX_BINARY,SELECT,8,8300,1592
N1000_K1_SKEWED_1000,1000,950,1,100850,PREFIX_BINARY,SELECT,9,8500,1592
N1000_K1_SKEWED_1000,1000,950,1,100850,PREFIX_BINARY,SELECT,10,7400,1592
N1000_K1_SKEWED_1000,1000,950,1,100850,PREFIX_BINARY,SELECT,11,8800,1592
N1000_K1_SKEWED_1000,1000,950,1,100850,PREFIX_BINARY,SELECT,12,8000,1592
N1000_K1_SKEWED_1000,1000,950,1,100850,PREFIX_BINARY,SELECT,13,7700,1592
N1000_K1_SKEWED_1000,1000,950,1,100850,PREFIX_BINARY,SELECT,14,7400,1592
N1000_K1_SKEWED_1000,1000,950,1,100850,PREFIX_BINARY,SELECT,15,7800,1592
N1000_K1_SKEWED_1000,1000,950,1,100850,PREFIX_BINARY,SELECT,16,7500,1592
N1000_K1_SKEWED_1000,1000,950,1,100850,PREFIX_BINARY,SELECT,17,7500,1592
N1000_K1_SKEWED_1000,1000,950,1,100850,PREFIX_BINARY,SELECT,18,7400,1592
N1000_K1_SKEWED_1000,1000,950,1,100850,PREFIX_BINARY,SELECT,19,7700,1592
N1000_K1_SKEWED_1000,1000,950,1,100850,PREFIX_BINARY,TOTAL,0,216599,86560
N1000_K1_SKEWED_1000,1000,950,1,100850,PREFIX_BINARY,TOTAL,1,239000,86560
N1000_K1_SKEWED_1000,1000,950,1,100850,PREFIX_BINARY,TOTAL,2,224900,86560
N1000_K1_SKEWED_1000,1000,950,1,100850,PREFIX_BINARY,TOTAL,3,256900,86560
N1000_K1_SKEWED_1000,1000,950,1,100850,PREFIX_BINARY,TOTAL,4,218300,86560
N1000_K1_SKEWED_1000,1000,950,1,100850,PREFIX_BINARY,TOTAL,5,216900,86560
N1000_K1_SKEWED_1000,1000,950,1,100850,PREFIX_BINARY,TOTAL,6,216400,86560
N1000_K1_SKEWED_1000,1000,950,1,100850,PREFIX_BINARY,TOTAL,7,216199,86560
N1000_K1_SKEWED_1000,1000,950,1,100850,PREFIX_BINARY,TOTAL,8,222600,87456
N1000_K1_SKEWED_1000,1000,950,1,100850,PREFIX_BINARY,TOTAL,9,260400,86560
N1000_K1_SKEWED_1000,1000,950,1,100850,PREFIX_BINARY,TOTAL,10,219100,86560
N1000_K1_SKEWED_1000,1000,950,1,100850,PREFIX_BINARY,TOTAL,11,217299,86560
N1000_K1_SKEWED_1000,1000,950,1,100850,PREFIX_BINARY,TOTAL,12,215799,86560
N1000_K1_SKEWED_1000,1000,950,1,100850,PREFIX_BINARY,TOTAL,13,214600,86560
N1000_K1_SKEWED_1000,1000,950,1,100850,PREFIX_BINARY,TOTAL,14,218099,86560
N1000_K1_SKEWED_1000,1000,950,1,100850,PREFIX_BINARY,TOTAL,15,216500,86560
N1000_K1_SKEWED_1000,1000,950,1,100850,PREFIX_BINARY,TOTAL,16,215800,86560
N1000_K1_SKEWED_1000,1000,950,1,100850,PREFIX_BINARY,TOTAL,17,215300,86560
N1000_K1_SKEWED_1000,1000,950,1,100850,PREFIX_BINARY,TOTAL,18,232600,86560
N1000_K1_SKEWED_1000,1000,950,1,100850,PREFIX_BINARY,TOTAL,19,218699,86560
N1000_K1_SKEWED_1000,1000,950,1,100850,FENWICK,NORMALIZE,0,396600,69704
N1000_K1_SKEWED_1000,1000,950,1,100850,FENWICK,NORMALIZE,1,469001,69704
N1000_K1_SKEWED_1000,1000,950,1,100850,FENWICK,NORMALIZE,2,418301,69704
N1000_K1_SKEWED_1000,1000,950,1,100850,FENWICK,NORMALIZE,3,396300,69704
N1000_K1_SKEWED_1000,1000,950,1,100850,FENWICK,NORMALIZE,4,420901,69704
N1000_K1_SKEWED_1000,1000,950,1,100850,FENWICK,NORMALIZE,5,323100,69704
N1000_K1_SKEWED_1000,1000,950,1,100850,FENWICK,NORMALIZE,6,285699,69704
N1000_K1_SKEWED_1000,1000,950,1,100850,FENWICK,NORMALIZE,7,256800,69704
N1000_K1_SKEWED_1000,1000,950,1,100850,FENWICK,NORMALIZE,8,240200,69704
N1000_K1_SKEWED_1000,1000,950,1,100850,FENWICK,NORMALIZE,9,226900,69704
N1000_K1_SKEWED_1000,1000,950,1,100850,FENWICK,NORMALIZE,10,254700,69704
N1000_K1_SKEWED_1000,1000,950,1,100850,FENWICK,NORMALIZE,11,219601,69704
N1000_K1_SKEWED_1000,1000,950,1,100850,FENWICK,NORMALIZE,12,209900,69704
N1000_K1_SKEWED_1000,1000,950,1,100850,FENWICK,NORMALIZE,13,207300,69704
N1000_K1_SKEWED_1000,1000,950,1,100850,FENWICK,NORMALIZE,14,228400,69704
N1000_K1_SKEWED_1000,1000,950,1,100850,FENWICK,NORMALIZE,15,208999,69704
N1000_K1_SKEWED_1000,1000,950,1,100850,FENWICK,NORMALIZE,16,206400,69704
N1000_K1_SKEWED_1000,1000,950,1,100850,FENWICK,NORMALIZE,17,208400,69704
N1000_K1_SKEWED_1000,1000,950,1,100850,FENWICK,NORMALIZE,18,207400,69704
N1000_K1_SKEWED_1000,1000,950,1,100850,FENWICK,NORMALIZE,19,219100,69704
N1000_K1_SKEWED_1000,1000,950,1,100850,FENWICK,BUILD,0,7700,15336
N1000_K1_SKEWED_1000,1000,950,1,100850,FENWICK,BUILD,1,8000,15336
N1000_K1_SKEWED_1000,1000,950,1,100850,FENWICK,BUILD,2,7901,15336
N1000_K1_SKEWED_1000,1000,950,1,100850,FENWICK,BUILD,3,7700,15336
N1000_K1_SKEWED_1000,1000,950,1,100850,FENWICK,BUILD,4,7700,15336
N1000_K1_SKEWED_1000,1000,950,1,100850,FENWICK,BUILD,5,7900,15336
N1000_K1_SKEWED_1000,1000,950,1,100850,FENWICK,BUILD,6,12501,15336
N1000_K1_SKEWED_1000,1000,950,1,100850,FENWICK,BUILD,7,14900,15336
N1000_K1_SKEWED_1000,1000,950,1,100850,FENWICK,BUILD,8,12701,15336
N1000_K1_SKEWED_1000,1000,950,1,100850,FENWICK,BUILD,9,8300,15336
N1000_K1_SKEWED_1000,1000,950,1,100850,FENWICK,BUILD,10,8901,15336
N1000_K1_SKEWED_1000,1000,950,1,100850,FENWICK,BUILD,11,8000,15336
N1000_K1_SKEWED_1000,1000,950,1,100850,FENWICK,BUILD,12,7800,15336
N1000_K1_SKEWED_1000,1000,950,1,100850,FENWICK,BUILD,13,7600,15336
N1000_K1_SKEWED_1000,1000,950,1,100850,FENWICK,BUILD,14,7700,15336
N1000_K1_SKEWED_1000,1000,950,1,100850,FENWICK,BUILD,15,8100,15336
N1000_K1_SKEWED_1000,1000,950,1,100850,FENWICK,BUILD,16,7800,15336
N1000_K1_SKEWED_1000,1000,950,1,100850,FENWICK,BUILD,17,9000,15336
N1000_K1_SKEWED_1000,1000,950,1,100850,FENWICK,BUILD,18,8100,15336
N1000_K1_SKEWED_1000,1000,950,1,100850,FENWICK,BUILD,19,7900,15336
N1000_K1_SKEWED_1000,1000,950,1,100850,FENWICK,SELECT,0,6700,1592
N1000_K1_SKEWED_1000,1000,950,1,100850,FENWICK,SELECT,1,8000,1592
N1000_K1_SKEWED_1000,1000,950,1,100850,FENWICK,SELECT,2,7500,1592
N1000_K1_SKEWED_1000,1000,950,1,100850,FENWICK,SELECT,3,7400,1592
N1000_K1_SKEWED_1000,1000,950,1,100850,FENWICK,SELECT,4,7400,1592
N1000_K1_SKEWED_1000,1000,950,1,100850,FENWICK,SELECT,5,7800,1592
N1000_K1_SKEWED_1000,1000,950,1,100850,FENWICK,SELECT,6,7400,1592
N1000_K1_SKEWED_1000,1000,950,1,100850,FENWICK,SELECT,7,8400,1592
N1000_K1_SKEWED_1000,1000,950,1,100850,FENWICK,SELECT,8,35200,1592
N1000_K1_SKEWED_1000,1000,950,1,100850,FENWICK,SELECT,9,8800,1592
N1000_K1_SKEWED_1000,1000,950,1,100850,FENWICK,SELECT,10,9401,1592
N1000_K1_SKEWED_1000,1000,950,1,100850,FENWICK,SELECT,11,8300,1592
N1000_K1_SKEWED_1000,1000,950,1,100850,FENWICK,SELECT,12,7399,1592
N1000_K1_SKEWED_1000,1000,950,1,100850,FENWICK,SELECT,13,7500,1592
N1000_K1_SKEWED_1000,1000,950,1,100850,FENWICK,SELECT,14,7400,1592
N1000_K1_SKEWED_1000,1000,950,1,100850,FENWICK,SELECT,15,9000,1592
N1000_K1_SKEWED_1000,1000,950,1,100850,FENWICK,SELECT,16,12001,1592
N1000_K1_SKEWED_1000,1000,950,1,100850,FENWICK,SELECT,17,10500,1592
N1000_K1_SKEWED_1000,1000,950,1,100850,FENWICK,SELECT,18,7500,1592
N1000_K1_SKEWED_1000,1000,950,1,100850,FENWICK,SELECT,19,9900,1592
N1000_K1_SKEWED_1000,1000,950,1,100850,FENWICK,TOTAL,0,219500,86632
N1000_K1_SKEWED_1000,1000,950,1,100850,FENWICK,TOTAL,1,224900,86632
N1000_K1_SKEWED_1000,1000,950,1,100850,FENWICK,TOTAL,2,241199,86632
N1000_K1_SKEWED_1000,1000,950,1,100850,FENWICK,TOTAL,3,222500,86632
N1000_K1_SKEWED_1000,1000,950,1,100850,FENWICK,TOTAL,4,222400,86632
N1000_K1_SKEWED_1000,1000,950,1,100850,FENWICK,TOTAL,5,233899,86632
N1000_K1_SKEWED_1000,1000,950,1,100850,FENWICK,TOTAL,6,223499,86632
N1000_K1_SKEWED_1000,1000,950,1,100850,FENWICK,TOTAL,7,222100,86632
N1000_K1_SKEWED_1000,1000,950,1,100850,FENWICK,TOTAL,8,220600,86632
N1000_K1_SKEWED_1000,1000,950,1,100850,FENWICK,TOTAL,9,225901,86632
N1000_K1_SKEWED_1000,1000,950,1,100850,FENWICK,TOTAL,10,223999,86632
N1000_K1_SKEWED_1000,1000,950,1,100850,FENWICK,TOTAL,11,220900,86632
N1000_K1_SKEWED_1000,1000,950,1,100850,FENWICK,TOTAL,12,222800,86632
N1000_K1_SKEWED_1000,1000,950,1,100850,FENWICK,TOTAL,13,220800,86632
N1000_K1_SKEWED_1000,1000,950,1,100850,FENWICK,TOTAL,14,233800,86632
N1000_K1_SKEWED_1000,1000,950,1,100850,FENWICK,TOTAL,15,223399,86632
N1000_K1_SKEWED_1000,1000,950,1,100850,FENWICK,TOTAL,16,221000,86632
N1000_K1_SKEWED_1000,1000,950,1,100850,FENWICK,TOTAL,17,221200,86632
N1000_K1_SKEWED_1000,1000,950,1,100850,FENWICK,TOTAL,18,221300,86632
N1000_K1_SKEWED_1000,1000,950,1,100850,FENWICK,TOTAL,19,223100,86632
N1000_K9_SKEWED_1000,1000,950,9,100850,TICKET_ARRAY,NORMALIZE,0,218200,69704
N1000_K9_SKEWED_1000,1000,950,9,100850,TICKET_ARRAY,NORMALIZE,1,224801,69704
N1000_K9_SKEWED_1000,1000,950,9,100850,TICKET_ARRAY,NORMALIZE,2,208000,69704
N1000_K9_SKEWED_1000,1000,950,9,100850,TICKET_ARRAY,NORMALIZE,3,206200,69704
N1000_K9_SKEWED_1000,1000,950,9,100850,TICKET_ARRAY,NORMALIZE,4,229900,69704
N1000_K9_SKEWED_1000,1000,950,9,100850,TICKET_ARRAY,NORMALIZE,5,208900,69704
N1000_K9_SKEWED_1000,1000,950,9,100850,TICKET_ARRAY,NORMALIZE,6,208300,69704
N1000_K9_SKEWED_1000,1000,950,9,100850,TICKET_ARRAY,NORMALIZE,7,208301,69704
N1000_K9_SKEWED_1000,1000,950,9,100850,TICKET_ARRAY,NORMALIZE,8,206900,69704
N1000_K9_SKEWED_1000,1000,950,9,100850,TICKET_ARRAY,NORMALIZE,9,217800,69704
N1000_K9_SKEWED_1000,1000,950,9,100850,TICKET_ARRAY,NORMALIZE,10,207200,69704
N1000_K9_SKEWED_1000,1000,950,9,100850,TICKET_ARRAY,NORMALIZE,11,208100,69704
N1000_K9_SKEWED_1000,1000,950,9,100850,TICKET_ARRAY,NORMALIZE,12,208201,69704
N1000_K9_SKEWED_1000,1000,950,9,100850,TICKET_ARRAY,NORMALIZE,13,206800,69704
N1000_K9_SKEWED_1000,1000,950,9,100850,TICKET_ARRAY,NORMALIZE,14,205000,69704
N1000_K9_SKEWED_1000,1000,950,9,100850,TICKET_ARRAY,NORMALIZE,15,205800,69704
N1000_K9_SKEWED_1000,1000,950,9,100850,TICKET_ARRAY,NORMALIZE,16,205599,69704
N1000_K9_SKEWED_1000,1000,950,9,100850,TICKET_ARRAY,NORMALIZE,17,205900,69704
N1000_K9_SKEWED_1000,1000,950,9,100850,TICKET_ARRAY,NORMALIZE,18,437101,69704
N1000_K9_SKEWED_1000,1000,950,9,100850,TICKET_ARRAY,NORMALIZE,19,390699,69704
N1000_K9_SKEWED_1000,1000,950,9,100850,TICKET_ARRAY,BUILD,0,90800,403440
N1000_K9_SKEWED_1000,1000,950,9,100850,TICKET_ARRAY,BUILD,1,87500,403440
N1000_K9_SKEWED_1000,1000,950,9,100850,TICKET_ARRAY,BUILD,2,89799,403440
N1000_K9_SKEWED_1000,1000,950,9,100850,TICKET_ARRAY,BUILD,3,89100,403440
N1000_K9_SKEWED_1000,1000,950,9,100850,TICKET_ARRAY,BUILD,4,95800,403440
N1000_K9_SKEWED_1000,1000,950,9,100850,TICKET_ARRAY,BUILD,5,91200,403440
N1000_K9_SKEWED_1000,1000,950,9,100850,TICKET_ARRAY,BUILD,6,92500,403440
N1000_K9_SKEWED_1000,1000,950,9,100850,TICKET_ARRAY,BUILD,7,115400,403440
N1000_K9_SKEWED_1000,1000,950,9,100850,TICKET_ARRAY,BUILD,8,92100,403440
N1000_K9_SKEWED_1000,1000,950,9,100850,TICKET_ARRAY,BUILD,9,89300,403440
N1000_K9_SKEWED_1000,1000,950,9,100850,TICKET_ARRAY,BUILD,10,95201,403440
N1000_K9_SKEWED_1000,1000,950,9,100850,TICKET_ARRAY,BUILD,11,90300,403440
N1000_K9_SKEWED_1000,1000,950,9,100850,TICKET_ARRAY,BUILD,12,93300,403440
N1000_K9_SKEWED_1000,1000,950,9,100850,TICKET_ARRAY,BUILD,13,93099,403440
N1000_K9_SKEWED_1000,1000,950,9,100850,TICKET_ARRAY,BUILD,14,108899,403440
N1000_K9_SKEWED_1000,1000,950,9,100850,TICKET_ARRAY,BUILD,15,102200,403440
N1000_K9_SKEWED_1000,1000,950,9,100850,TICKET_ARRAY,BUILD,16,98400,403440
N1000_K9_SKEWED_1000,1000,950,9,100850,TICKET_ARRAY,BUILD,17,89300,403440
N1000_K9_SKEWED_1000,1000,950,9,100850,TICKET_ARRAY,BUILD,18,97000,403440
N1000_K9_SKEWED_1000,1000,950,9,100850,TICKET_ARRAY,BUILD,19,90700,403440
N1000_K9_SKEWED_1000,1000,950,9,100850,TICKET_ARRAY,SELECT,0,525100,2816
N1000_K9_SKEWED_1000,1000,950,9,100850,TICKET_ARRAY,SELECT,1,536700,2816
N1000_K9_SKEWED_1000,1000,950,9,100850,TICKET_ARRAY,SELECT,2,563399,2816
N1000_K9_SKEWED_1000,1000,950,9,100850,TICKET_ARRAY,SELECT,3,528701,2816
N1000_K9_SKEWED_1000,1000,950,9,100850,TICKET_ARRAY,SELECT,4,516899,2816
N1000_K9_SKEWED_1000,1000,950,9,100850,TICKET_ARRAY,SELECT,5,531201,2816
N1000_K9_SKEWED_1000,1000,950,9,100850,TICKET_ARRAY,SELECT,6,520900,2816
N1000_K9_SKEWED_1000,1000,950,9,100850,TICKET_ARRAY,SELECT,7,517300,2816
N1000_K9_SKEWED_1000,1000,950,9,100850,TICKET_ARRAY,SELECT,8,529199,2816
N1000_K9_SKEWED_1000,1000,950,9,100850,TICKET_ARRAY,SELECT,9,522100,2816
N1000_K9_SKEWED_1000,1000,950,9,100850,TICKET_ARRAY,SELECT,10,517401,2816
N1000_K9_SKEWED_1000,1000,950,9,100850,TICKET_ARRAY,SELECT,11,516900,2816
N1000_K9_SKEWED_1000,1000,950,9,100850,TICKET_ARRAY,SELECT,12,525800,2816
N1000_K9_SKEWED_1000,1000,950,9,100850,TICKET_ARRAY,SELECT,13,556001,2816
N1000_K9_SKEWED_1000,1000,950,9,100850,TICKET_ARRAY,SELECT,14,608501,2816
N1000_K9_SKEWED_1000,1000,950,9,100850,TICKET_ARRAY,SELECT,15,647299,2816
N1000_K9_SKEWED_1000,1000,950,9,100850,TICKET_ARRAY,SELECT,16,559700,2816
N1000_K9_SKEWED_1000,1000,950,9,100850,TICKET_ARRAY,SELECT,17,518200,2816
N1000_K9_SKEWED_1000,1000,950,9,100850,TICKET_ARRAY,SELECT,18,721600,2816
N1000_K9_SKEWED_1000,1000,950,9,100850,TICKET_ARRAY,SELECT,19,541200,2816
N1000_K9_SKEWED_1000,1000,950,9,100850,TICKET_ARRAY,TOTAL,0,854500,475960
N1000_K9_SKEWED_1000,1000,950,9,100850,TICKET_ARRAY,TOTAL,1,916100,475960
N1000_K9_SKEWED_1000,1000,950,9,100850,TICKET_ARRAY,TOTAL,2,840200,475960
N1000_K9_SKEWED_1000,1000,950,9,100850,TICKET_ARRAY,TOTAL,3,861100,475960
N1000_K9_SKEWED_1000,1000,950,9,100850,TICKET_ARRAY,TOTAL,4,914699,475960
N1000_K9_SKEWED_1000,1000,950,9,100850,TICKET_ARRAY,TOTAL,5,838999,475960
N1000_K9_SKEWED_1000,1000,950,9,100850,TICKET_ARRAY,TOTAL,6,822300,475960
N1000_K9_SKEWED_1000,1000,950,9,100850,TICKET_ARRAY,TOTAL,7,847900,475960
N1000_K9_SKEWED_1000,1000,950,9,100850,TICKET_ARRAY,TOTAL,8,854100,475960
N1000_K9_SKEWED_1000,1000,950,9,100850,TICKET_ARRAY,TOTAL,9,820399,475960
N1000_K9_SKEWED_1000,1000,950,9,100850,TICKET_ARRAY,TOTAL,10,1233499,475960
N1000_K9_SKEWED_1000,1000,950,9,100850,TICKET_ARRAY,TOTAL,11,1281101,475960
N1000_K9_SKEWED_1000,1000,950,9,100850,TICKET_ARRAY,TOTAL,12,920399,475960
N1000_K9_SKEWED_1000,1000,950,9,100850,TICKET_ARRAY,TOTAL,13,884201,475960
N1000_K9_SKEWED_1000,1000,950,9,100850,TICKET_ARRAY,TOTAL,14,874900,475960
N1000_K9_SKEWED_1000,1000,950,9,100850,TICKET_ARRAY,TOTAL,15,869400,475960
N1000_K9_SKEWED_1000,1000,950,9,100850,TICKET_ARRAY,TOTAL,16,881300,475960
N1000_K9_SKEWED_1000,1000,950,9,100850,TICKET_ARRAY,TOTAL,17,848500,475960
N1000_K9_SKEWED_1000,1000,950,9,100850,TICKET_ARRAY,TOTAL,18,866901,475960
N1000_K9_SKEWED_1000,1000,950,9,100850,TICKET_ARRAY,TOTAL,19,837700,475960
N1000_K9_SKEWED_1000,1000,950,9,100850,PREFIX_LINEAR,NORMALIZE,0,214800,69704
N1000_K9_SKEWED_1000,1000,950,9,100850,PREFIX_LINEAR,NORMALIZE,1,209300,69704
N1000_K9_SKEWED_1000,1000,950,9,100850,PREFIX_LINEAR,NORMALIZE,2,207600,69704
N1000_K9_SKEWED_1000,1000,950,9,100850,PREFIX_LINEAR,NORMALIZE,3,205900,69704
N1000_K9_SKEWED_1000,1000,950,9,100850,PREFIX_LINEAR,NORMALIZE,4,206900,69704
N1000_K9_SKEWED_1000,1000,950,9,100850,PREFIX_LINEAR,NORMALIZE,5,217800,69704
N1000_K9_SKEWED_1000,1000,950,9,100850,PREFIX_LINEAR,NORMALIZE,6,206500,69704
N1000_K9_SKEWED_1000,1000,950,9,100850,PREFIX_LINEAR,NORMALIZE,7,205800,69704
N1000_K9_SKEWED_1000,1000,950,9,100850,PREFIX_LINEAR,NORMALIZE,8,209100,69704
N1000_K9_SKEWED_1000,1000,950,9,100850,PREFIX_LINEAR,NORMALIZE,9,207800,69704
N1000_K9_SKEWED_1000,1000,950,9,100850,PREFIX_LINEAR,NORMALIZE,10,205300,69704
N1000_K9_SKEWED_1000,1000,950,9,100850,PREFIX_LINEAR,NORMALIZE,11,205400,69704
N1000_K9_SKEWED_1000,1000,950,9,100850,PREFIX_LINEAR,NORMALIZE,12,205401,69704
N1000_K9_SKEWED_1000,1000,950,9,100850,PREFIX_LINEAR,NORMALIZE,13,306800,69704
N1000_K9_SKEWED_1000,1000,950,9,100850,PREFIX_LINEAR,NORMALIZE,14,284800,69704
N1000_K9_SKEWED_1000,1000,950,9,100850,PREFIX_LINEAR,NORMALIZE,15,215599,69704
N1000_K9_SKEWED_1000,1000,950,9,100850,PREFIX_LINEAR,NORMALIZE,16,237600,69704
N1000_K9_SKEWED_1000,1000,950,9,100850,PREFIX_LINEAR,NORMALIZE,17,211900,69704
N1000_K9_SKEWED_1000,1000,950,9,100850,PREFIX_LINEAR,NORMALIZE,18,212300,69704
N1000_K9_SKEWED_1000,1000,950,9,100850,PREFIX_LINEAR,NORMALIZE,19,206300,69704
N1000_K9_SKEWED_1000,1000,950,9,100850,PREFIX_LINEAR,BUILD,0,2600,15264
N1000_K9_SKEWED_1000,1000,950,9,100850,PREFIX_LINEAR,BUILD,1,2600,15264
N1000_K9_SKEWED_1000,1000,950,9,100850,PREFIX_LINEAR,BUILD,2,2300,15264
N1000_K9_SKEWED_1000,1000,950,9,100850,PREFIX_LINEAR,BUILD,3,7900,15264
N1000_K9_SKEWED_1000,1000,950,9,100850,PREFIX_LINEAR,BUILD,4,2799,15264
N1000_K9_SKEWED_1000,1000,950,9,100850,PREFIX_LINEAR,BUILD,5,2501,15264
N1000_K9_SKEWED_1000,1000,950,9,100850,PREFIX_LINEAR,BUILD,6,2500,15264
N1000_K9_SKEWED_1000,1000,950,9,100850,PREFIX_LINEAR,BUILD,7,2500,15264
N1000_K9_SKEWED_1000,1000,950,9,100850,PREFIX_LINEAR,BUILD,8,2600,15264
N1000_K9_SKEWED_1000,1000,950,9,100850,PREFIX_LINEAR,BUILD,9,3701,15264
N1000_K9_SKEWED_1000,1000,950,9,100850,PREFIX_LINEAR,BUILD,10,2501,15264
N1000_K9_SKEWED_1000,1000,950,9,100850,PREFIX_LINEAR,BUILD,11,2600,15264
N1000_K9_SKEWED_1000,1000,950,9,100850,PREFIX_LINEAR,BUILD,12,2499,15264
N1000_K9_SKEWED_1000,1000,950,9,100850,PREFIX_LINEAR,BUILD,13,2500,15264
N1000_K9_SKEWED_1000,1000,950,9,100850,PREFIX_LINEAR,BUILD,14,2400,15264
N1000_K9_SKEWED_1000,1000,950,9,100850,PREFIX_LINEAR,BUILD,15,2601,15264
N1000_K9_SKEWED_1000,1000,950,9,100850,PREFIX_LINEAR,BUILD,16,2600,15264
N1000_K9_SKEWED_1000,1000,950,9,100850,PREFIX_LINEAR,BUILD,17,2501,15264
N1000_K9_SKEWED_1000,1000,950,9,100850,PREFIX_LINEAR,BUILD,18,2901,15264
N1000_K9_SKEWED_1000,1000,950,9,100850,PREFIX_LINEAR,BUILD,19,2799,15264
N1000_K9_SKEWED_1000,1000,950,9,100850,PREFIX_LINEAR,SELECT,0,11000,2816
N1000_K9_SKEWED_1000,1000,950,9,100850,PREFIX_LINEAR,SELECT,1,12200,2816
N1000_K9_SKEWED_1000,1000,950,9,100850,PREFIX_LINEAR,SELECT,2,11899,2816
N1000_K9_SKEWED_1000,1000,950,9,100850,PREFIX_LINEAR,SELECT,3,12600,2816
N1000_K9_SKEWED_1000,1000,950,9,100850,PREFIX_LINEAR,SELECT,4,12000,2816
N1000_K9_SKEWED_1000,1000,950,9,100850,PREFIX_LINEAR,SELECT,5,13901,2816
N1000_K9_SKEWED_1000,1000,950,9,100850,PREFIX_LINEAR,SELECT,6,14100,2816
N1000_K9_SKEWED_1000,1000,950,9,100850,PREFIX_LINEAR,SELECT,7,12400,2816
N1000_K9_SKEWED_1000,1000,950,9,100850,PREFIX_LINEAR,SELECT,8,11900,2816
N1000_K9_SKEWED_1000,1000,950,9,100850,PREFIX_LINEAR,SELECT,9,11900,2816
N1000_K9_SKEWED_1000,1000,950,9,100850,PREFIX_LINEAR,SELECT,10,12300,2816
N1000_K9_SKEWED_1000,1000,950,9,100850,PREFIX_LINEAR,SELECT,11,11700,2816
N1000_K9_SKEWED_1000,1000,950,9,100850,PREFIX_LINEAR,SELECT,12,11401,2816
N1000_K9_SKEWED_1000,1000,950,9,100850,PREFIX_LINEAR,SELECT,13,11600,2816
N1000_K9_SKEWED_1000,1000,950,9,100850,PREFIX_LINEAR,SELECT,14,12399,2816
N1000_K9_SKEWED_1000,1000,950,9,100850,PREFIX_LINEAR,SELECT,15,12500,2816
N1000_K9_SKEWED_1000,1000,950,9,100850,PREFIX_LINEAR,SELECT,16,12099,2816
N1000_K9_SKEWED_1000,1000,950,9,100850,PREFIX_LINEAR,SELECT,17,11700,2816
N1000_K9_SKEWED_1000,1000,950,9,100850,PREFIX_LINEAR,SELECT,18,11700,2816
N1000_K9_SKEWED_1000,1000,950,9,100850,PREFIX_LINEAR,SELECT,19,11799,2816
N1000_K9_SKEWED_1000,1000,950,9,100850,PREFIX_LINEAR,TOTAL,0,218500,87784
N1000_K9_SKEWED_1000,1000,950,9,100850,PREFIX_LINEAR,TOTAL,1,226100,87784
N1000_K9_SKEWED_1000,1000,950,9,100850,PREFIX_LINEAR,TOTAL,2,222500,87784
N1000_K9_SKEWED_1000,1000,950,9,100850,PREFIX_LINEAR,TOTAL,3,221200,87784
N1000_K9_SKEWED_1000,1000,950,9,100850,PREFIX_LINEAR,TOTAL,4,221300,87784
N1000_K9_SKEWED_1000,1000,950,9,100850,PREFIX_LINEAR,TOTAL,5,222000,87784
N1000_K9_SKEWED_1000,1000,950,9,100850,PREFIX_LINEAR,TOTAL,6,221200,87784
N1000_K9_SKEWED_1000,1000,950,9,100850,PREFIX_LINEAR,TOTAL,7,482500,87784
N1000_K9_SKEWED_1000,1000,950,9,100850,PREFIX_LINEAR,TOTAL,8,570699,87784
N1000_K9_SKEWED_1000,1000,950,9,100850,PREFIX_LINEAR,TOTAL,9,503700,87784
N1000_K9_SKEWED_1000,1000,950,9,100850,PREFIX_LINEAR,TOTAL,10,450100,87784
N1000_K9_SKEWED_1000,1000,950,9,100850,PREFIX_LINEAR,TOTAL,11,434600,87784
N1000_K9_SKEWED_1000,1000,950,9,100850,PREFIX_LINEAR,TOTAL,12,323800,87784
N1000_K9_SKEWED_1000,1000,950,9,100850,PREFIX_LINEAR,TOTAL,13,297400,87784
N1000_K9_SKEWED_1000,1000,950,9,100850,PREFIX_LINEAR,TOTAL,14,263599,87784
N1000_K9_SKEWED_1000,1000,950,9,100850,PREFIX_LINEAR,TOTAL,15,247399,87784
N1000_K9_SKEWED_1000,1000,950,9,100850,PREFIX_LINEAR,TOTAL,16,251700,87784
N1000_K9_SKEWED_1000,1000,950,9,100850,PREFIX_LINEAR,TOTAL,17,230400,87784
N1000_K9_SKEWED_1000,1000,950,9,100850,PREFIX_LINEAR,TOTAL,18,223701,87784
N1000_K9_SKEWED_1000,1000,950,9,100850,PREFIX_LINEAR,TOTAL,19,241900,87784
N1000_K9_SKEWED_1000,1000,950,9,100850,PREFIX_BINARY,NORMALIZE,0,205500,69704
N1000_K9_SKEWED_1000,1000,950,9,100850,PREFIX_BINARY,NORMALIZE,1,213100,69704
N1000_K9_SKEWED_1000,1000,950,9,100850,PREFIX_BINARY,NORMALIZE,2,210300,69704
N1000_K9_SKEWED_1000,1000,950,9,100850,PREFIX_BINARY,NORMALIZE,3,208600,69704
N1000_K9_SKEWED_1000,1000,950,9,100850,PREFIX_BINARY,NORMALIZE,4,216100,69704
N1000_K9_SKEWED_1000,1000,950,9,100850,PREFIX_BINARY,NORMALIZE,5,217900,69704
N1000_K9_SKEWED_1000,1000,950,9,100850,PREFIX_BINARY,NORMALIZE,6,206100,69704
N1000_K9_SKEWED_1000,1000,950,9,100850,PREFIX_BINARY,NORMALIZE,7,206000,69704
N1000_K9_SKEWED_1000,1000,950,9,100850,PREFIX_BINARY,NORMALIZE,8,219799,69704
N1000_K9_SKEWED_1000,1000,950,9,100850,PREFIX_BINARY,NORMALIZE,9,208999,69704
N1000_K9_SKEWED_1000,1000,950,9,100850,PREFIX_BINARY,NORMALIZE,10,206700,69704
N1000_K9_SKEWED_1000,1000,950,9,100850,PREFIX_BINARY,NORMALIZE,11,206200,69704
N1000_K9_SKEWED_1000,1000,950,9,100850,PREFIX_BINARY,NORMALIZE,12,208099,69704
N1000_K9_SKEWED_1000,1000,950,9,100850,PREFIX_BINARY,NORMALIZE,13,205900,69704
N1000_K9_SKEWED_1000,1000,950,9,100850,PREFIX_BINARY,NORMALIZE,14,205701,69704
N1000_K9_SKEWED_1000,1000,950,9,100850,PREFIX_BINARY,NORMALIZE,15,205600,69704
N1000_K9_SKEWED_1000,1000,950,9,100850,PREFIX_BINARY,NORMALIZE,16,265900,69704
N1000_K9_SKEWED_1000,1000,950,9,100850,PREFIX_BINARY,NORMALIZE,17,225400,69704
N1000_K9_SKEWED_1000,1000,950,9,100850,PREFIX_BINARY,NORMALIZE,18,213300,69704
N1000_K9_SKEWED_1000,1000,950,9,100850,PREFIX_BINARY,NORMALIZE,19,206100,69704
N1000_K9_SKEWED_1000,1000,950,9,100850,PREFIX_BINARY,BUILD,0,2701,15264
N1000_K9_SKEWED_1000,1000,950,9,100850,PREFIX_BINARY,BUILD,1,2600,15264
N1000_K9_SKEWED_1000,1000,950,9,100850,PREFIX_BINARY,BUILD,2,2499,15264
N1000_K9_SKEWED_1000,1000,950,9,100850,PREFIX_BINARY,BUILD,3,2499,15264
N1000_K9_SKEWED_1000,1000,950,9,100850,PREFIX_BINARY,BUILD,4,2701,15264
N1000_K9_SKEWED_1000,1000,950,9,100850,PREFIX_BINARY,BUILD,5,2601,15264
N1000_K9_SKEWED_1000,1000,950,9,100850,PREFIX_BINARY,BUILD,6,2599,15264
N1000_K9_SKEWED_1000,1000,950,9,100850,PREFIX_BINARY,BUILD,7,2599,15264
N1000_K9_SKEWED_1000,1000,950,9,100850,PREFIX_BINARY,BUILD,8,2600,15264
N1000_K9_SKEWED_1000,1000,950,9,100850,PREFIX_BINARY,BUILD,9,2601,15264
N1000_K9_SKEWED_1000,1000,950,9,100850,PREFIX_BINARY,BUILD,10,2500,15264
N1000_K9_SKEWED_1000,1000,950,9,100850,PREFIX_BINARY,BUILD,11,2499,15264
N1000_K9_SKEWED_1000,1000,950,9,100850,PREFIX_BINARY,BUILD,12,2500,15264
N1000_K9_SKEWED_1000,1000,950,9,100850,PREFIX_BINARY,BUILD,13,2600,15264
N1000_K9_SKEWED_1000,1000,950,9,100850,PREFIX_BINARY,BUILD,14,2501,15264
N1000_K9_SKEWED_1000,1000,950,9,100850,PREFIX_BINARY,BUILD,15,2500,15264
N1000_K9_SKEWED_1000,1000,950,9,100850,PREFIX_BINARY,BUILD,16,2899,15264
N1000_K9_SKEWED_1000,1000,950,9,100850,PREFIX_BINARY,BUILD,17,2800,15264
N1000_K9_SKEWED_1000,1000,950,9,100850,PREFIX_BINARY,BUILD,18,7000,15264
N1000_K9_SKEWED_1000,1000,950,9,100850,PREFIX_BINARY,BUILD,19,2500,15264
N1000_K9_SKEWED_1000,1000,950,9,100850,PREFIX_BINARY,SELECT,0,9900,2816
N1000_K9_SKEWED_1000,1000,950,9,100850,PREFIX_BINARY,SELECT,1,23100,2816
N1000_K9_SKEWED_1000,1000,950,9,100850,PREFIX_BINARY,SELECT,2,31400,2816
N1000_K9_SKEWED_1000,1000,950,9,100850,PREFIX_BINARY,SELECT,3,29899,2816
N1000_K9_SKEWED_1000,1000,950,9,100850,PREFIX_BINARY,SELECT,4,28100,2816
N1000_K9_SKEWED_1000,1000,950,9,100850,PREFIX_BINARY,SELECT,5,27500,2816
N1000_K9_SKEWED_1000,1000,950,9,100850,PREFIX_BINARY,SELECT,6,27401,2816
N1000_K9_SKEWED_1000,1000,950,9,100850,PREFIX_BINARY,SELECT,7,24599,2816
N1000_K9_SKEWED_1000,1000,950,9,100850,PREFIX_BINARY,SELECT,8,21801,2816
N1000_K9_SKEWED_1000,1000,950,9,100850,PREFIX_BINARY,SELECT,9,25099,2816
N1000_K9_SKEWED_1000,1000,950,9,100850,PREFIX_BINARY,SELECT,10,28301,2816
N1000_K9_SKEWED_1000,1000,950,9,100850,PREFIX_BINARY,SELECT,11,25201,2816
N1000_K9_SKEWED_1000,1000,950,9,100850,PREFIX_BINARY,SELECT,12,22900,2816
N1000_K9_SKEWED_1000,1000,950,9,100850,PREFIX_BINARY,SELECT,13,23400,2816
N1000_K9_SKEWED_1000,1000,950,9,100850,PREFIX_BINARY,SELECT,14,22000,2816
N1000_K9_SKEWED_1000,1000,950,9,100850,PREFIX_BINARY,SELECT,15,24100,2816
N1000_K9_SKEWED_1000,1000,950,9,100850,PREFIX_BINARY,SELECT,16,20400,2816
N1000_K9_SKEWED_1000,1000,950,9,100850,PREFIX_BINARY,SELECT,17,22399,2816
N1000_K9_SKEWED_1000,1000,950,9,100850,PREFIX_BINARY,SELECT,18,20600,2816
N1000_K9_SKEWED_1000,1000,950,9,100850,PREFIX_BINARY,SELECT,19,20701,2816
N1000_K9_SKEWED_1000,1000,950,9,100850,PREFIX_BINARY,TOTAL,0,247100,87784
N1000_K9_SKEWED_1000,1000,950,9,100850,PREFIX_BINARY,TOTAL,1,235199,87784
N1000_K9_SKEWED_1000,1000,950,9,100850,PREFIX_BINARY,TOTAL,2,235600,87784
N1000_K9_SKEWED_1000,1000,950,9,100850,PREFIX_BINARY,TOTAL,3,222500,87784
N1000_K9_SKEWED_1000,1000,950,9,100850,PREFIX_BINARY,TOTAL,4,220800,87784
N1000_K9_SKEWED_1000,1000,950,9,100850,PREFIX_BINARY,TOTAL,5,235500,87784
N1000_K9_SKEWED_1000,1000,950,9,100850,PREFIX_BINARY,TOTAL,6,219801,87784
N1000_K9_SKEWED_1000,1000,950,9,100850,PREFIX_BINARY,TOTAL,7,219399,87784
N1000_K9_SKEWED_1000,1000,950,9,100850,PREFIX_BINARY,TOTAL,8,237500,87784
N1000_K9_SKEWED_1000,1000,950,9,100850,PREFIX_BINARY,TOTAL,9,234799,87784
N1000_K9_SKEWED_1000,1000,950,9,100850,PREFIX_BINARY,TOTAL,10,232600,87784
N1000_K9_SKEWED_1000,1000,950,9,100850,PREFIX_BINARY,TOTAL,11,222300,87784
N1000_K9_SKEWED_1000,1000,950,9,100850,PREFIX_BINARY,TOTAL,12,313600,87784
N1000_K9_SKEWED_1000,1000,950,9,100850,PREFIX_BINARY,TOTAL,13,291100,87784
N1000_K9_SKEWED_1000,1000,950,9,100850,PREFIX_BINARY,TOTAL,14,238700,87784
N1000_K9_SKEWED_1000,1000,950,9,100850,PREFIX_BINARY,TOTAL,15,221700,87784
N1000_K9_SKEWED_1000,1000,950,9,100850,PREFIX_BINARY,TOTAL,16,243101,87784
N1000_K9_SKEWED_1000,1000,950,9,100850,PREFIX_BINARY,TOTAL,17,221600,87784
N1000_K9_SKEWED_1000,1000,950,9,100850,PREFIX_BINARY,TOTAL,18,219699,87784
N1000_K9_SKEWED_1000,1000,950,9,100850,PREFIX_BINARY,TOTAL,19,243800,87784
N1000_K9_SKEWED_1000,1000,950,9,100850,FENWICK,NORMALIZE,0,205500,69704
N1000_K9_SKEWED_1000,1000,950,9,100850,FENWICK,NORMALIZE,1,206601,69704
N1000_K9_SKEWED_1000,1000,950,9,100850,FENWICK,NORMALIZE,2,220200,69704
N1000_K9_SKEWED_1000,1000,950,9,100850,FENWICK,NORMALIZE,3,207900,69704
N1000_K9_SKEWED_1000,1000,950,9,100850,FENWICK,NORMALIZE,4,206700,69704
N1000_K9_SKEWED_1000,1000,950,9,100850,FENWICK,NORMALIZE,5,210200,69704
N1000_K9_SKEWED_1000,1000,950,9,100850,FENWICK,NORMALIZE,6,207000,69704
N1000_K9_SKEWED_1000,1000,950,9,100850,FENWICK,NORMALIZE,7,216001,69704
N1000_K9_SKEWED_1000,1000,950,9,100850,FENWICK,NORMALIZE,8,206400,69704
N1000_K9_SKEWED_1000,1000,950,9,100850,FENWICK,NORMALIZE,9,207900,69704
N1000_K9_SKEWED_1000,1000,950,9,100850,FENWICK,NORMALIZE,10,206200,69704
N1000_K9_SKEWED_1000,1000,950,9,100850,FENWICK,NORMALIZE,11,222000,69704
N1000_K9_SKEWED_1000,1000,950,9,100850,FENWICK,NORMALIZE,12,205399,69704
N1000_K9_SKEWED_1000,1000,950,9,100850,FENWICK,NORMALIZE,13,222700,69704
N1000_K9_SKEWED_1000,1000,950,9,100850,FENWICK,NORMALIZE,14,214400,69704
N1000_K9_SKEWED_1000,1000,950,9,100850,FENWICK,NORMALIZE,15,252200,69704
N1000_K9_SKEWED_1000,1000,950,9,100850,FENWICK,NORMALIZE,16,263500,69704
N1000_K9_SKEWED_1000,1000,950,9,100850,FENWICK,NORMALIZE,17,217400,69704
N1000_K9_SKEWED_1000,1000,950,9,100850,FENWICK,NORMALIZE,18,210401,69704
N1000_K9_SKEWED_1000,1000,950,9,100850,FENWICK,NORMALIZE,19,217701,69704
N1000_K9_SKEWED_1000,1000,950,9,100850,FENWICK,BUILD,0,8400,15336
N1000_K9_SKEWED_1000,1000,950,9,100850,FENWICK,BUILD,1,8300,15336
N1000_K9_SKEWED_1000,1000,950,9,100850,FENWICK,BUILD,2,8000,15336
N1000_K9_SKEWED_1000,1000,950,9,100850,FENWICK,BUILD,3,8101,15336
N1000_K9_SKEWED_1000,1000,950,9,100850,FENWICK,BUILD,4,8000,15336
N1000_K9_SKEWED_1000,1000,950,9,100850,FENWICK,BUILD,5,7900,15336
N1000_K9_SKEWED_1000,1000,950,9,100850,FENWICK,BUILD,6,7800,15336
N1000_K9_SKEWED_1000,1000,950,9,100850,FENWICK,BUILD,7,8300,15336
N1000_K9_SKEWED_1000,1000,950,9,100850,FENWICK,BUILD,8,7500,15336
N1000_K9_SKEWED_1000,1000,950,9,100850,FENWICK,BUILD,9,7700,15336
N1000_K9_SKEWED_1000,1000,950,9,100850,FENWICK,BUILD,10,8299,15336
N1000_K9_SKEWED_1000,1000,950,9,100850,FENWICK,BUILD,11,8200,15336
N1000_K9_SKEWED_1000,1000,950,9,100850,FENWICK,BUILD,12,7800,15336
N1000_K9_SKEWED_1000,1000,950,9,100850,FENWICK,BUILD,13,8100,15336
N1000_K9_SKEWED_1000,1000,950,9,100850,FENWICK,BUILD,14,8301,15336
N1000_K9_SKEWED_1000,1000,950,9,100850,FENWICK,BUILD,15,13500,15336
N1000_K9_SKEWED_1000,1000,950,9,100850,FENWICK,BUILD,16,8000,15336
N1000_K9_SKEWED_1000,1000,950,9,100850,FENWICK,BUILD,17,7900,15336
N1000_K9_SKEWED_1000,1000,950,9,100850,FENWICK,BUILD,18,7500,15336
N1000_K9_SKEWED_1000,1000,950,9,100850,FENWICK,BUILD,19,7600,15336
N1000_K9_SKEWED_1000,1000,950,9,100850,FENWICK,SELECT,0,10701,2816
N1000_K9_SKEWED_1000,1000,950,9,100850,FENWICK,SELECT,1,10801,2816
N1000_K9_SKEWED_1000,1000,950,9,100850,FENWICK,SELECT,2,29900,2816
N1000_K9_SKEWED_1000,1000,950,9,100850,FENWICK,SELECT,3,14800,2816
N1000_K9_SKEWED_1000,1000,950,9,100850,FENWICK,SELECT,4,12600,2816
N1000_K9_SKEWED_1000,1000,950,9,100850,FENWICK,SELECT,5,16200,2816
N1000_K9_SKEWED_1000,1000,950,9,100850,FENWICK,SELECT,6,10199,2816
N1000_K9_SKEWED_1000,1000,950,9,100850,FENWICK,SELECT,7,10000,2816
N1000_K9_SKEWED_1000,1000,950,9,100850,FENWICK,SELECT,8,28900,2816
N1000_K9_SKEWED_1000,1000,950,9,100850,FENWICK,SELECT,9,22800,2816
N1000_K9_SKEWED_1000,1000,950,9,100850,FENWICK,SELECT,10,21700,2816
N1000_K9_SKEWED_1000,1000,950,9,100850,FENWICK,SELECT,11,24400,2816
N1000_K9_SKEWED_1000,1000,950,9,100850,FENWICK,SELECT,12,20500,2816
N1000_K9_SKEWED_1000,1000,950,9,100850,FENWICK,SELECT,13,16201,2816
N1000_K9_SKEWED_1000,1000,950,9,100850,FENWICK,SELECT,14,12101,2816
N1000_K9_SKEWED_1000,1000,950,9,100850,FENWICK,SELECT,15,10801,2816
N1000_K9_SKEWED_1000,1000,950,9,100850,FENWICK,SELECT,16,10700,2816
N1000_K9_SKEWED_1000,1000,950,9,100850,FENWICK,SELECT,17,9800,2816
N1000_K9_SKEWED_1000,1000,950,9,100850,FENWICK,SELECT,18,9800,2816
N1000_K9_SKEWED_1000,1000,950,9,100850,FENWICK,SELECT,19,23900,2816
N1000_K9_SKEWED_1000,1000,950,9,100850,FENWICK,TOTAL,0,223901,87856
N1000_K9_SKEWED_1000,1000,950,9,100850,FENWICK,TOTAL,1,225800,87856
N1000_K9_SKEWED_1000,1000,950,9,100850,FENWICK,TOTAL,2,240799,87856
N1000_K9_SKEWED_1000,1000,950,9,100850,FENWICK,TOTAL,3,427900,87856
N1000_K9_SKEWED_1000,1000,950,9,100850,FENWICK,TOTAL,4,283500,87856
N1000_K9_SKEWED_1000,1000,950,9,100850,FENWICK,TOTAL,5,236100,87856
N1000_K9_SKEWED_1000,1000,950,9,100850,FENWICK,TOTAL,6,227500,87856
N1000_K9_SKEWED_1000,1000,950,9,100850,FENWICK,TOTAL,7,227900,87856
N1000_K9_SKEWED_1000,1000,950,9,100850,FENWICK,TOTAL,8,254600,87856
N1000_K9_SKEWED_1000,1000,950,9,100850,FENWICK,TOTAL,9,245500,87856
N1000_K9_SKEWED_1000,1000,950,9,100850,FENWICK,TOTAL,10,226099,87856
N1000_K9_SKEWED_1000,1000,950,9,100850,FENWICK,TOTAL,11,237700,87856
N1000_K9_SKEWED_1000,1000,950,9,100850,FENWICK,TOTAL,12,234800,87856
N1000_K9_SKEWED_1000,1000,950,9,100850,FENWICK,TOTAL,13,235800,87856
N1000_K9_SKEWED_1000,1000,950,9,100850,FENWICK,TOTAL,14,240800,87856
N1000_K9_SKEWED_1000,1000,950,9,100850,FENWICK,TOTAL,15,225299,87856
N1000_K9_SKEWED_1000,1000,950,9,100850,FENWICK,TOTAL,16,224999,87856
N1000_K9_SKEWED_1000,1000,950,9,100850,FENWICK,TOTAL,17,238600,87856
N1000_K9_SKEWED_1000,1000,950,9,100850,FENWICK,TOTAL,18,225499,87856
N1000_K9_SKEWED_1000,1000,950,9,100850,FENWICK,TOTAL,19,254899,87856
N1000_K95_SKEWED_1000,1000,950,95,100850,TICKET_ARRAY,NORMALIZE,0,207801,69704
N1000_K95_SKEWED_1000,1000,950,95,100850,TICKET_ARRAY,NORMALIZE,1,239300,69704
N1000_K95_SKEWED_1000,1000,950,95,100850,TICKET_ARRAY,NORMALIZE,2,244700,69704
N1000_K95_SKEWED_1000,1000,950,95,100850,TICKET_ARRAY,NORMALIZE,3,227800,69704
N1000_K95_SKEWED_1000,1000,950,95,100850,TICKET_ARRAY,NORMALIZE,4,208701,69704
N1000_K95_SKEWED_1000,1000,950,95,100850,TICKET_ARRAY,NORMALIZE,5,205600,69704
N1000_K95_SKEWED_1000,1000,950,95,100850,TICKET_ARRAY,NORMALIZE,6,227299,69704
N1000_K95_SKEWED_1000,1000,950,95,100850,TICKET_ARRAY,NORMALIZE,7,215000,69704
N1000_K95_SKEWED_1000,1000,950,95,100850,TICKET_ARRAY,NORMALIZE,8,212499,69704
N1000_K95_SKEWED_1000,1000,950,95,100850,TICKET_ARRAY,NORMALIZE,9,220100,69704
N1000_K95_SKEWED_1000,1000,950,95,100850,TICKET_ARRAY,NORMALIZE,10,206700,69704
N1000_K95_SKEWED_1000,1000,950,95,100850,TICKET_ARRAY,NORMALIZE,11,223200,69704
N1000_K95_SKEWED_1000,1000,950,95,100850,TICKET_ARRAY,NORMALIZE,12,215500,69704
N1000_K95_SKEWED_1000,1000,950,95,100850,TICKET_ARRAY,NORMALIZE,13,208000,69704
N1000_K95_SKEWED_1000,1000,950,95,100850,TICKET_ARRAY,NORMALIZE,14,273300,69704
N1000_K95_SKEWED_1000,1000,950,95,100850,TICKET_ARRAY,NORMALIZE,15,216000,69704
N1000_K95_SKEWED_1000,1000,950,95,100850,TICKET_ARRAY,NORMALIZE,16,204999,69704
N1000_K95_SKEWED_1000,1000,950,95,100850,TICKET_ARRAY,NORMALIZE,17,206500,69704
N1000_K95_SKEWED_1000,1000,950,95,100850,TICKET_ARRAY,NORMALIZE,18,204601,69704
N1000_K95_SKEWED_1000,1000,950,95,100850,TICKET_ARRAY,NORMALIZE,19,205400,69704
N1000_K95_SKEWED_1000,1000,950,95,100850,TICKET_ARRAY,BUILD,0,97900,403440
N1000_K95_SKEWED_1000,1000,950,95,100850,TICKET_ARRAY,BUILD,1,90501,403440
N1000_K95_SKEWED_1000,1000,950,95,100850,TICKET_ARRAY,BUILD,2,87900,403440
N1000_K95_SKEWED_1000,1000,950,95,100850,TICKET_ARRAY,BUILD,3,90399,403440
N1000_K95_SKEWED_1000,1000,950,95,100850,TICKET_ARRAY,BUILD,4,97200,403440
N1000_K95_SKEWED_1000,1000,950,95,100850,TICKET_ARRAY,BUILD,5,90800,403440
N1000_K95_SKEWED_1000,1000,950,95,100850,TICKET_ARRAY,BUILD,6,89001,403440
N1000_K95_SKEWED_1000,1000,950,95,100850,TICKET_ARRAY,BUILD,7,103000,403440
N1000_K95_SKEWED_1000,1000,950,95,100850,TICKET_ARRAY,BUILD,8,97499,403440
N1000_K95_SKEWED_1000,1000,950,95,100850,TICKET_ARRAY,BUILD,9,91300,403440
N1000_K95_SKEWED_1000,1000,950,95,100850,TICKET_ARRAY,BUILD,10,90701,403440
N1000_K95_SKEWED_1000,1000,950,95,100850,TICKET_ARRAY,BUILD,11,92400,403440
N1000_K95_SKEWED_1000,1000,950,95,100850,TICKET_ARRAY,BUILD,12,99100,403440
N1000_K95_SKEWED_1000,1000,950,95,100850,TICKET_ARRAY,BUILD,13,90301,403440
N1000_K95_SKEWED_1000,1000,950,95,100850,TICKET_ARRAY,BUILD,14,89500,403440
N1000_K95_SKEWED_1000,1000,950,95,100850,TICKET_ARRAY,BUILD,15,95901,403440
N1000_K95_SKEWED_1000,1000,950,95,100850,TICKET_ARRAY,BUILD,16,100600,403440
N1000_K95_SKEWED_1000,1000,950,95,100850,TICKET_ARRAY,BUILD,17,92500,403440
N1000_K95_SKEWED_1000,1000,950,95,100850,TICKET_ARRAY,BUILD,18,91900,403440
N1000_K95_SKEWED_1000,1000,950,95,100850,TICKET_ARRAY,BUILD,19,95000,403440
N1000_K95_SKEWED_1000,1000,950,95,100850,TICKET_ARRAY,SELECT,0,3235999,17568
N1000_K95_SKEWED_1000,1000,950,95,100850,TICKET_ARRAY,SELECT,1,3099100,17568
N1000_K95_SKEWED_1000,1000,950,95,100850,TICKET_ARRAY,SELECT,2,3163600,17568
N1000_K95_SKEWED_1000,1000,950,95,100850,TICKET_ARRAY,SELECT,3,3228800,17568
N1000_K95_SKEWED_1000,1000,950,95,100850,TICKET_ARRAY,SELECT,4,3100100,17568
N1000_K95_SKEWED_1000,1000,950,95,100850,TICKET_ARRAY,SELECT,5,3291200,17568
N1000_K95_SKEWED_1000,1000,950,95,100850,TICKET_ARRAY,SELECT,6,3091001,17568
N1000_K95_SKEWED_1000,1000,950,95,100850,TICKET_ARRAY,SELECT,7,3560900,17568
N1000_K95_SKEWED_1000,1000,950,95,100850,TICKET_ARRAY,SELECT,8,3132399,17568
N1000_K95_SKEWED_1000,1000,950,95,100850,TICKET_ARRAY,SELECT,9,3077300,17568
N1000_K95_SKEWED_1000,1000,950,95,100850,TICKET_ARRAY,SELECT,10,3099100,17568
N1000_K95_SKEWED_1000,1000,950,95,100850,TICKET_ARRAY,SELECT,11,4003200,17568
N1000_K95_SKEWED_1000,1000,950,95,100850,TICKET_ARRAY,SELECT,12,3178901,17568
N1000_K95_SKEWED_1000,1000,950,95,100850,TICKET_ARRAY,SELECT,13,3081600,17568
N1000_K95_SKEWED_1000,1000,950,95,100850,TICKET_ARRAY,SELECT,14,3234701,17568
N1000_K95_SKEWED_1000,1000,950,95,100850,TICKET_ARRAY,SELECT,15,3159001,17568
N1000_K95_SKEWED_1000,1000,950,95,100850,TICKET_ARRAY,SELECT,16,3098499,17568
N1000_K95_SKEWED_1000,1000,950,95,100850,TICKET_ARRAY,SELECT,17,3087700,17568
N1000_K95_SKEWED_1000,1000,950,95,100850,TICKET_ARRAY,SELECT,18,3089200,17568
N1000_K95_SKEWED_1000,1000,950,95,100850,TICKET_ARRAY,SELECT,19,3089701,17568
N1000_K95_SKEWED_1000,1000,950,95,100850,TICKET_ARRAY,TOTAL,0,3494300,490712
N1000_K95_SKEWED_1000,1000,950,95,100850,TICKET_ARRAY,TOTAL,1,3456900,490712
N1000_K95_SKEWED_1000,1000,950,95,100850,TICKET_ARRAY,TOTAL,2,3447100,490712
N1000_K95_SKEWED_1000,1000,950,95,100850,TICKET_ARRAY,TOTAL,3,3504000,490712
N1000_K95_SKEWED_1000,1000,950,95,100850,TICKET_ARRAY,TOTAL,4,3588801,490712
N1000_K95_SKEWED_1000,1000,950,95,100850,TICKET_ARRAY,TOTAL,5,3784000,490712
N1000_K95_SKEWED_1000,1000,950,95,100850,TICKET_ARRAY,TOTAL,6,3693200,490712
N1000_K95_SKEWED_1000,1000,950,95,100850,TICKET_ARRAY,TOTAL,7,3636900,490712
N1000_K95_SKEWED_1000,1000,950,95,100850,TICKET_ARRAY,TOTAL,8,3679399,490712
N1000_K95_SKEWED_1000,1000,950,95,100850,TICKET_ARRAY,TOTAL,9,3532200,490712
N1000_K95_SKEWED_1000,1000,950,95,100850,TICKET_ARRAY,TOTAL,10,3454201,490712
N1000_K95_SKEWED_1000,1000,950,95,100850,TICKET_ARRAY,TOTAL,11,3434000,490712
N1000_K95_SKEWED_1000,1000,950,95,100850,TICKET_ARRAY,TOTAL,12,3616000,490712
N1000_K95_SKEWED_1000,1000,950,95,100850,TICKET_ARRAY,TOTAL,13,3476900,490712
N1000_K95_SKEWED_1000,1000,950,95,100850,TICKET_ARRAY,TOTAL,14,3430799,490712
N1000_K95_SKEWED_1000,1000,950,95,100850,TICKET_ARRAY,TOTAL,15,3437800,490712
N1000_K95_SKEWED_1000,1000,950,95,100850,TICKET_ARRAY,TOTAL,16,3516000,490712
N1000_K95_SKEWED_1000,1000,950,95,100850,TICKET_ARRAY,TOTAL,17,3616401,490712
N1000_K95_SKEWED_1000,1000,950,95,100850,TICKET_ARRAY,TOTAL,18,3498000,490712
N1000_K95_SKEWED_1000,1000,950,95,100850,TICKET_ARRAY,TOTAL,19,3466200,490712
N1000_K95_SKEWED_1000,1000,950,95,100850,PREFIX_LINEAR,NORMALIZE,0,225101,69704
N1000_K95_SKEWED_1000,1000,950,95,100850,PREFIX_LINEAR,NORMALIZE,1,209900,69704
N1000_K95_SKEWED_1000,1000,950,95,100850,PREFIX_LINEAR,NORMALIZE,2,205500,69704
N1000_K95_SKEWED_1000,1000,950,95,100850,PREFIX_LINEAR,NORMALIZE,3,255000,69704
N1000_K95_SKEWED_1000,1000,950,95,100850,PREFIX_LINEAR,NORMALIZE,4,228000,69704
N1000_K95_SKEWED_1000,1000,950,95,100850,PREFIX_LINEAR,NORMALIZE,5,215500,69704
N1000_K95_SKEWED_1000,1000,950,95,100850,PREFIX_LINEAR,NORMALIZE,6,210401,69704
N1000_K95_SKEWED_1000,1000,950,95,100850,PREFIX_LINEAR,NORMALIZE,7,208301,69704
N1000_K95_SKEWED_1000,1000,950,95,100850,PREFIX_LINEAR,NORMALIZE,8,231801,69704
N1000_K95_SKEWED_1000,1000,950,95,100850,PREFIX_LINEAR,NORMALIZE,9,207499,69704
N1000_K95_SKEWED_1000,1000,950,95,100850,PREFIX_LINEAR,NORMALIZE,10,235200,69704
N1000_K95_SKEWED_1000,1000,950,95,100850,PREFIX_LINEAR,NORMALIZE,11,244200,69704
N1000_K95_SKEWED_1000,1000,950,95,100850,PREFIX_LINEAR,NORMALIZE,12,214400,69704
N1000_K95_SKEWED_1000,1000,950,95,100850,PREFIX_LINEAR,NORMALIZE,13,228500,69704
N1000_K95_SKEWED_1000,1000,950,95,100850,PREFIX_LINEAR,NORMALIZE,14,206000,69704
N1000_K95_SKEWED_1000,1000,950,95,100850,PREFIX_LINEAR,NORMALIZE,15,206100,69704
N1000_K95_SKEWED_1000,1000,950,95,100850,PREFIX_LINEAR,NORMALIZE,16,204101,69704
N1000_K95_SKEWED_1000,1000,950,95,100850,PREFIX_LINEAR,NORMALIZE,17,204701,69704
N1000_K95_SKEWED_1000,1000,950,95,100850,PREFIX_LINEAR,NORMALIZE,18,204299,69704
N1000_K95_SKEWED_1000,1000,950,95,100850,PREFIX_LINEAR,NORMALIZE,19,204000,69704
N1000_K95_SKEWED_1000,1000,950,95,100850,PREFIX_LINEAR,BUILD,0,2799,15264
N1000_K95_SKEWED_1000,1000,950,95,100850,PREFIX_LINEAR,BUILD,1,2499,15264
N1000_K95_SKEWED_1000,1000,950,95,100850,PREFIX_LINEAR,BUILD,2,2600,15264
N1000_K95_SKEWED_1000,1000,950,95,100850,PREFIX_LINEAR,BUILD,3,2601,15264
N1000_K95_SKEWED_1000,1000,950,95,100850,PREFIX_LINEAR,BUILD,4,2599,15264
N1000_K95_SKEWED_1000,1000,950,95,100850,PREFIX_LINEAR,BUILD,5,2999,15264
N1000_K95_SKEWED_1000,1000,950,95,100850,PREFIX_LINEAR,BUILD,6,2400,15264
N1000_K95_SKEWED_1000,1000,950,95,100850,PREFIX_LINEAR,BUILD,7,2800,15264
N1000_K95_SKEWED_1000,1000,950,95,100850,PREFIX_LINEAR,BUILD,8,2600,15264
N1000_K95_SKEWED_1000,1000,950,95,100850,PREFIX_LINEAR,BUILD,9,3000,15264
N1000_K95_SKEWED_1000,1000,950,95,100850,PREFIX_LINEAR,BUILD,10,2701,15264
N1000_K95_SKEWED_1000,1000,950,95,100850,PREFIX_LINEAR,BUILD,11,2599,15264
N1000_K95_SKEWED_1000,1000,950,95,100850,PREFIX_LINEAR,BUILD,12,2400,15264
N1000_K95_SKEWED_1000,1000,950,95,100850,PREFIX_LINEAR,BUILD,13,2499,15264
N1000_K95_SKEWED_1000,1000,950,95,100850,PREFIX_LINEAR,BUILD,14,6500,15264
N1000_K95_SKEWED_1000,1000,950,95,100850,PREFIX_LINEAR,BUILD,15,4101,15264
N1000_K95_SKEWED_1000,1000,950,95,100850,PREFIX_LINEAR,BUILD,16,2501,15264
N1000_K95_SKEWED_1000,1000,950,95,100850,PREFIX_LINEAR,BUILD,17,2599,15264
N1000_K95_SKEWED_1000,1000,950,95,100850,PREFIX_LINEAR,BUILD,18,2600,15264
N1000_K95_SKEWED_1000,1000,950,95,100850,PREFIX_LINEAR,BUILD,19,2500,15264
N1000_K95_SKEWED_1000,1000,950,95,100850,PREFIX_LINEAR,SELECT,0,49499,17568
N1000_K95_SKEWED_1000,1000,950,95,100850,PREFIX_LINEAR,SELECT,1,51601,17568
N1000_K95_SKEWED_1000,1000,950,95,100850,PREFIX_LINEAR,SELECT,2,52800,17568
N1000_K95_SKEWED_1000,1000,950,95,100850,PREFIX_LINEAR,SELECT,3,53000,17568
N1000_K95_SKEWED_1000,1000,950,95,100850,PREFIX_LINEAR,SELECT,4,52200,17568
N1000_K95_SKEWED_1000,1000,950,95,100850,PREFIX_LINEAR,SELECT,5,52000,17568
N1000_K95_SKEWED_1000,1000,950,95,100850,PREFIX_LINEAR,SELECT,6,52100,17568
N1000_K95_SKEWED_1000,1000,950,95,100850,PREFIX_LINEAR,SELECT,7,53100,17568
N1000_K95_SKEWED_1000,1000,950,95,100850,PREFIX_LINEAR,SELECT,8,52400,17568
N1000_K95_SKEWED_1000,1000,950,95,100850,PREFIX_LINEAR,SELECT,9,52300,17568
N1000_K95_SKEWED_1000,1000,950,95,100850,PREFIX_LINEAR,SELECT,10,58500,17568
N1000_K95_SKEWED_1000,1000,950,95,100850,PREFIX_LINEAR,SELECT,11,56401,17568
N1000_K95_SKEWED_1000,1000,950,95,100850,PREFIX_LINEAR,SELECT,12,53100,17568
N1000_K95_SKEWED_1000,1000,950,95,100850,PREFIX_LINEAR,SELECT,13,52900,17568
N1000_K95_SKEWED_1000,1000,950,95,100850,PREFIX_LINEAR,SELECT,14,53801,17568
N1000_K95_SKEWED_1000,1000,950,95,100850,PREFIX_LINEAR,SELECT,15,53100,17568
N1000_K95_SKEWED_1000,1000,950,95,100850,PREFIX_LINEAR,SELECT,16,58101,17568
N1000_K95_SKEWED_1000,1000,950,95,100850,PREFIX_LINEAR,SELECT,17,53100,17568
N1000_K95_SKEWED_1000,1000,950,95,100850,PREFIX_LINEAR,SELECT,18,54000,17568
N1000_K95_SKEWED_1000,1000,950,95,100850,PREFIX_LINEAR,SELECT,19,55699,17568
N1000_K95_SKEWED_1000,1000,950,95,100850,PREFIX_LINEAR,TOTAL,0,281701,102536
N1000_K95_SKEWED_1000,1000,950,95,100850,PREFIX_LINEAR,TOTAL,1,274500,102536
N1000_K95_SKEWED_1000,1000,950,95,100850,PREFIX_LINEAR,TOTAL,2,292600,102536
N1000_K95_SKEWED_1000,1000,950,95,100850,PREFIX_LINEAR,TOTAL,3,282600,102536
N1000_K95_SKEWED_1000,1000,950,95,100850,PREFIX_LINEAR,TOTAL,4,293901,102536
N1000_K95_SKEWED_1000,1000,950,95,100850,PREFIX_LINEAR,TOTAL,5,289199,102536
N1000_K95_SKEWED_1000,1000,950,95,100850,PREFIX_LINEAR,TOTAL,6,324599,102536
N1000_K95_SKEWED_1000,1000,950,95,100850,PREFIX_LINEAR,TOTAL,7,271700,102536
N1000_K95_SKEWED_1000,1000,950,95,100850,PREFIX_LINEAR,TOTAL,8,263399,102536
N1000_K95_SKEWED_1000,1000,950,95,100850,PREFIX_LINEAR,TOTAL,9,375600,102536
N1000_K95_SKEWED_1000,1000,950,95,100850,PREFIX_LINEAR,TOTAL,10,277999,102536
N1000_K95_SKEWED_1000,1000,950,95,100850,PREFIX_LINEAR,TOTAL,11,264101,102536
N1000_K95_SKEWED_1000,1000,950,95,100850,PREFIX_LINEAR,TOTAL,12,306401,102536
N1000_K95_SKEWED_1000,1000,950,95,100850,PREFIX_LINEAR,TOTAL,13,262601,102536
N1000_K95_SKEWED_1000,1000,950,95,100850,PREFIX_LINEAR,TOTAL,14,260000,102536
N1000_K95_SKEWED_1000,1000,950,95,100850,PREFIX_LINEAR,TOTAL,15,260700,102536
N1000_K95_SKEWED_1000,1000,950,95,100850,PREFIX_LINEAR,TOTAL,16,259300,102536
N1000_K95_SKEWED_1000,1000,950,95,100850,PREFIX_LINEAR,TOTAL,17,264800,102536
N1000_K95_SKEWED_1000,1000,950,95,100850,PREFIX_LINEAR,TOTAL,18,258901,102536
N1000_K95_SKEWED_1000,1000,950,95,100850,PREFIX_LINEAR,TOTAL,19,270700,102536
N1000_K95_SKEWED_1000,1000,950,95,100850,PREFIX_BINARY,NORMALIZE,0,213400,69704
N1000_K95_SKEWED_1000,1000,950,95,100850,PREFIX_BINARY,NORMALIZE,1,293201,69704
N1000_K95_SKEWED_1000,1000,950,95,100850,PREFIX_BINARY,NORMALIZE,2,369999,69704
N1000_K95_SKEWED_1000,1000,950,95,100850,PREFIX_BINARY,NORMALIZE,3,461099,69704
N1000_K95_SKEWED_1000,1000,950,95,100850,PREFIX_BINARY,NORMALIZE,4,386601,69704
N1000_K95_SKEWED_1000,1000,950,95,100850,PREFIX_BINARY,NORMALIZE,5,362599,69704
N1000_K95_SKEWED_1000,1000,950,95,100850,PREFIX_BINARY,NORMALIZE,6,279099,69704
N1000_K95_SKEWED_1000,1000,950,95,100850,PREFIX_BINARY,NORMALIZE,7,247800,69704
N1000_K95_SKEWED_1000,1000,950,95,100850,PREFIX_BINARY,NORMALIZE,8,244100,69704
N1000_K95_SKEWED_1000,1000,950,95,100850,PREFIX_BINARY,NORMALIZE,9,224599,69704
N1000_K95_SKEWED_1000,1000,950,95,100850,PREFIX_BINARY,NORMALIZE,10,260500,69704
N1000_K95_SKEWED_1000,1000,950,95,100850,PREFIX_BINARY,NORMALIZE,11,330399,69704
N1000_K95_SKEWED_1000,1000,950,95,100850,PREFIX_BINARY,NORMALIZE,12,302801,69704
N1000_K95_SKEWED_1000,1000,950,95,100850,PREFIX_BINARY,NORMALIZE,13,263501,69704
N1000_K95_SKEWED_1000,1000,950,95,100850,PREFIX_BINARY,NORMALIZE,14,240501,69704
N1000_K95_SKEWED_1000,1000,950,95,100850,PREFIX_BINARY,NORMALIZE,15,227001,69704
N1000_K95_SKEWED_1000,1000,950,95,100850,PREFIX_BINARY,NORMALIZE,16,229400,69704
N1000_K95_SKEWED_1000,1000,950,95,100850,PREFIX_BINARY,NORMALIZE,17,211699,69704
N1000_K95_SKEWED_1000,1000,950,95,100850,PREFIX_BINARY,NORMALIZE,18,296300,69704
N1000_K95_SKEWED_1000,1000,950,95,100850,PREFIX_BINARY,NORMALIZE,19,211700,69704
N1000_K95_SKEWED_1000,1000,950,95,100850,PREFIX_BINARY,BUILD,0,2300,15264
N1000_K95_SKEWED_1000,1000,950,95,100850,PREFIX_BINARY,BUILD,1,3001,15264
N1000_K95_SKEWED_1000,1000,950,95,100850,PREFIX_BINARY,BUILD,2,2301,15264
N1000_K95_SKEWED_1000,1000,950,95,100850,PREFIX_BINARY,BUILD,3,2500,15264
N1000_K95_SKEWED_1000,1000,950,95,100850,PREFIX_BINARY,BUILD,4,2600,15264
N1000_K95_SKEWED_1000,1000,950,95,100850,PREFIX_BINARY,BUILD,5,2801,15264
N1000_K95_SKEWED_1000,1000,950,95,100850,PREFIX_BINARY,BUILD,6,2600,15264
N1000_K95_SKEWED_1000,1000,950,95,100850,PREFIX_BINARY,BUILD,7,2899,15264
N1000_K95_SKEWED_1000,1000,950,95,100850,PREFIX_BINARY,BUILD,8,2700,15264
N1000_K95_SKEWED_1000,1000,950,95,100850,PREFIX_BINARY,BUILD,9,2900,15264
N1000_K95_SKEWED_1000,1000,950,95,100850,PREFIX_BINARY,BUILD,10,2600,15264
N1000_K95_SKEWED_1000,1000,950,95,100850,PREFIX_BINARY,BUILD,11,2601,15264
N1000_K95_SKEWED_1000,1000,950,95,100850,PREFIX_BINARY,BUILD,12,2899,15264
N1000_K95_SKEWED_1000,1000,950,95,100850,PREFIX_BINARY,BUILD,13,4600,15264
N1000_K95_SKEWED_1000,1000,950,95,100850,PREFIX_BINARY,BUILD,14,2700,15264
N1000_K95_SKEWED_1000,1000,950,95,100850,PREFIX_BINARY,BUILD,15,2700,15264
N1000_K95_SKEWED_1000,1000,950,95,100850,PREFIX_BINARY,BUILD,16,2500,15264
N1000_K95_SKEWED_1000,1000,950,95,100850,PREFIX_BINARY,BUILD,17,2800,15264
N1000_K95_SKEWED_1000,1000,950,95,100850,PREFIX_BINARY,BUILD,18,2600,15264
N1000_K95_SKEWED_1000,1000,950,95,100850,PREFIX_BINARY,BUILD,19,5999,15264
N1000_K95_SKEWED_1000,1000,950,95,100850,PREFIX_BINARY,SELECT,0,48100,17568
N1000_K95_SKEWED_1000,1000,950,95,100850,PREFIX_BINARY,SELECT,1,49600,17568
N1000_K95_SKEWED_1000,1000,950,95,100850,PREFIX_BINARY,SELECT,2,46900,17568
N1000_K95_SKEWED_1000,1000,950,95,100850,PREFIX_BINARY,SELECT,3,44401,17568
N1000_K95_SKEWED_1000,1000,950,95,100850,PREFIX_BINARY,SELECT,4,46900,17568
N1000_K95_SKEWED_1000,1000,950,95,100850,PREFIX_BINARY,SELECT,5,45400,17568
N1000_K95_SKEWED_1000,1000,950,95,100850,PREFIX_BINARY,SELECT,6,53600,17568
N1000_K95_SKEWED_1000,1000,950,95,100850,PREFIX_BINARY,SELECT,7,44200,17568
N1000_K95_SKEWED_1000,1000,950,95,100850,PREFIX_BINARY,SELECT,8,46000,17568
N1000_K95_SKEWED_1000,1000,950,95,100850,PREFIX_BINARY,SELECT,9,43499,17568
N1000_K95_SKEWED_1000,1000,950,95,100850,PREFIX_BINARY,SELECT,10,45800,17568
N1000_K95_SKEWED_1000,1000,950,95,100850,PREFIX_BINARY,SELECT,11,43101,17568
N1000_K95_SKEWED_1000,1000,950,95,100850,PREFIX_BINARY,SELECT,12,42599,17568
N1000_K95_SKEWED_1000,1000,950,95,100850,PREFIX_BINARY,SELECT,13,45300,17568
N1000_K95_SKEWED_1000,1000,950,95,100850,PREFIX_BINARY,SELECT,14,46900,17568
N1000_K95_SKEWED_1000,1000,950,95,100850,PREFIX_BINARY,SELECT,15,41200,17568
N1000_K95_SKEWED_1000,1000,950,95,100850,PREFIX_BINARY,SELECT,16,39800,17568
N1000_K95_SKEWED_1000,1000,950,95,100850,PREFIX_BINARY,SELECT,17,46900,17568
N1000_K95_SKEWED_1000,1000,950,95,100850,PREFIX_BINARY,SELECT,18,45000,17568
N1000_K95_SKEWED_1000,1000,950,95,100850,PREFIX_BINARY,SELECT,19,46900,17568
N1000_K95_SKEWED_1000,1000,950,95,100850,PREFIX_BINARY,TOTAL,0,248300,102536
N1000_K95_SKEWED_1000,1000,950,95,100850,PREFIX_BINARY,TOTAL,1,256800,102536
N1000_K95_SKEWED_1000,1000,950,95,100850,PREFIX_BINARY,TOTAL,2,259000,102536
N1000_K95_SKEWED_1000,1000,950,95,100850,PREFIX_BINARY,TOTAL,3,572399,102536
N1000_K95_SKEWED_1000,1000,950,95,100850,PREFIX_BINARY,TOTAL,4,493700,102536
N1000_K95_SKEWED_1000,1000,950,95,100850,PREFIX_BINARY,TOTAL,5,397999,102536
N1000_K95_SKEWED_1000,1000,950,95,100850,PREFIX_BINARY,TOTAL,6,361700,102536
N1000_K95_SKEWED_1000,1000,950,95,100850,PREFIX_BINARY,TOTAL,7,309199,102536
N1000_K95_SKEWED_1000,1000,950,95,100850,PREFIX_BINARY,TOTAL,8,292700,102536
N1000_K95_SKEWED_1000,1000,950,95,100850,PREFIX_BINARY,TOTAL,9,281600,102536
N1000_K95_SKEWED_1000,1000,950,95,100850,PREFIX_BINARY,TOTAL,10,277800,102536
N1000_K95_SKEWED_1000,1000,950,95,100850,PREFIX_BINARY,TOTAL,11,284101,102536
N1000_K95_SKEWED_1000,1000,950,95,100850,PREFIX_BINARY,TOTAL,12,260899,102536
N1000_K95_SKEWED_1000,1000,950,95,100850,PREFIX_BINARY,TOTAL,13,299900,102536
N1000_K95_SKEWED_1000,1000,950,95,100850,PREFIX_BINARY,TOTAL,14,277700,102536
N1000_K95_SKEWED_1000,1000,950,95,100850,PREFIX_BINARY,TOTAL,15,264499,102536
N1000_K95_SKEWED_1000,1000,950,95,100850,PREFIX_BINARY,TOTAL,16,252600,102536
N1000_K95_SKEWED_1000,1000,950,95,100850,PREFIX_BINARY,TOTAL,17,253300,102536
N1000_K95_SKEWED_1000,1000,950,95,100850,PREFIX_BINARY,TOTAL,18,252701,102536
N1000_K95_SKEWED_1000,1000,950,95,100850,PREFIX_BINARY,TOTAL,19,253100,102536
N1000_K95_SKEWED_1000,1000,950,95,100850,FENWICK,NORMALIZE,0,223199,69704
N1000_K95_SKEWED_1000,1000,950,95,100850,FENWICK,NORMALIZE,1,227001,69704
N1000_K95_SKEWED_1000,1000,950,95,100850,FENWICK,NORMALIZE,2,224099,69704
N1000_K95_SKEWED_1000,1000,950,95,100850,FENWICK,NORMALIZE,3,217900,69704
N1000_K95_SKEWED_1000,1000,950,95,100850,FENWICK,NORMALIZE,4,212400,69704
N1000_K95_SKEWED_1000,1000,950,95,100850,FENWICK,NORMALIZE,5,213001,69704
N1000_K95_SKEWED_1000,1000,950,95,100850,FENWICK,NORMALIZE,6,211500,69704
N1000_K95_SKEWED_1000,1000,950,95,100850,FENWICK,NORMALIZE,7,212601,69704
N1000_K95_SKEWED_1000,1000,950,95,100850,FENWICK,NORMALIZE,8,212200,69704
N1000_K95_SKEWED_1000,1000,950,95,100850,FENWICK,NORMALIZE,9,213900,69704
N1000_K95_SKEWED_1000,1000,950,95,100850,FENWICK,NORMALIZE,10,226300,69704
N1000_K95_SKEWED_1000,1000,950,95,100850,FENWICK,NORMALIZE,11,213700,69704
N1000_K95_SKEWED_1000,1000,950,95,100850,FENWICK,NORMALIZE,12,213600,69704
N1000_K95_SKEWED_1000,1000,950,95,100850,FENWICK,NORMALIZE,13,212600,69704
N1000_K95_SKEWED_1000,1000,950,95,100850,FENWICK,NORMALIZE,14,228600,69704
N1000_K95_SKEWED_1000,1000,950,95,100850,FENWICK,NORMALIZE,15,220700,69704
N1000_K95_SKEWED_1000,1000,950,95,100850,FENWICK,NORMALIZE,16,219499,69704
N1000_K95_SKEWED_1000,1000,950,95,100850,FENWICK,NORMALIZE,17,233500,69704
N1000_K95_SKEWED_1000,1000,950,95,100850,FENWICK,NORMALIZE,18,205600,69704
N1000_K95_SKEWED_1000,1000,950,95,100850,FENWICK,NORMALIZE,19,222601,69704
N1000_K95_SKEWED_1000,1000,950,95,100850,FENWICK,BUILD,0,7999,15336
N1000_K95_SKEWED_1000,1000,950,95,100850,FENWICK,BUILD,1,7900,15336
N1000_K95_SKEWED_1000,1000,950,95,100850,FENWICK,BUILD,2,8100,15336
N1000_K95_SKEWED_1000,1000,950,95,100850,FENWICK,BUILD,3,16499,15336
N1000_K95_SKEWED_1000,1000,950,95,100850,FENWICK,BUILD,4,7900,15336
N1000_K95_SKEWED_1000,1000,950,95,100850,FENWICK,BUILD,5,8000,15336
N1000_K95_SKEWED_1000,1000,950,95,100850,FENWICK,BUILD,6,7600,15336
N1000_K95_SKEWED_1000,1000,950,95,100850,FENWICK,BUILD,7,7900,15336
N1000_K95_SKEWED_1000,1000,950,95,100850,FENWICK,BUILD,8,7800,15336
N1000_K95_SKEWED_1000,1000,950,95,100850,FENWICK,BUILD,9,8100,15336
N1000_K95_SKEWED_1000,1000,950,95,100850,FENWICK,BUILD,10,11599,15336
N1000_K95_SKEWED_1000,1000,950,95,100850,FENWICK,BUILD,11,10399,15336
N1000_K95_SKEWED_1000,1000,950,95,100850,FENWICK,BUILD,12,8400,15336
N1000_K95_SKEWED_1000,1000,950,95,100850,FENWICK,BUILD,13,7800,15336
N1000_K95_SKEWED_1000,1000,950,95,100850,FENWICK,BUILD,14,8400,15336
N1000_K95_SKEWED_1000,1000,950,95,100850,FENWICK,BUILD,15,9900,15336
N1000_K95_SKEWED_1000,1000,950,95,100850,FENWICK,BUILD,16,9000,15336
N1000_K95_SKEWED_1000,1000,950,95,100850,FENWICK,BUILD,17,15699,15336
N1000_K95_SKEWED_1000,1000,950,95,100850,FENWICK,BUILD,18,8000,15336
N1000_K95_SKEWED_1000,1000,950,95,100850,FENWICK,BUILD,19,7800,15336
N1000_K95_SKEWED_1000,1000,950,95,100850,FENWICK,SELECT,0,30100,17568
N1000_K95_SKEWED_1000,1000,950,95,100850,FENWICK,SELECT,1,31301,17568
N1000_K95_SKEWED_1000,1000,950,95,100850,FENWICK,SELECT,2,33599,17568
N1000_K95_SKEWED_1000,1000,950,95,100850,FENWICK,SELECT,3,32400,17568
N1000_K95_SKEWED_1000,1000,950,95,100850,FENWICK,SELECT,4,31100,17568
N1000_K95_SKEWED_1000,1000,950,95,100850,FENWICK,SELECT,5,30400,17568
N1000_K95_SKEWED_1000,1000,950,95,100850,FENWICK,SELECT,6,30700,17568
N1000_K95_SKEWED_1000,1000,950,95,100850,FENWICK,SELECT,7,35699,17568
N1000_K95_SKEWED_1000,1000,950,95,100850,FENWICK,SELECT,8,32599,17568
N1000_K95_SKEWED_1000,1000,950,95,100850,FENWICK,SELECT,9,32499,17568
N1000_K95_SKEWED_1000,1000,950,95,100850,FENWICK,SELECT,10,44700,17568
N1000_K95_SKEWED_1000,1000,950,95,100850,FENWICK,SELECT,11,35200,17568
N1000_K95_SKEWED_1000,1000,950,95,100850,FENWICK,SELECT,12,46600,17568
N1000_K95_SKEWED_1000,1000,950,95,100850,FENWICK,SELECT,13,33700,17568
N1000_K95_SKEWED_1000,1000,950,95,100850,FENWICK,SELECT,14,31399,17568
N1000_K95_SKEWED_1000,1000,950,95,100850,FENWICK,SELECT,15,30300,17568
N1000_K95_SKEWED_1000,1000,950,95,100850,FENWICK,SELECT,16,30800,17568
N1000_K95_SKEWED_1000,1000,950,95,100850,FENWICK,SELECT,17,32801,17568
N1000_K95_SKEWED_1000,1000,950,95,100850,FENWICK,SELECT,18,32300,17568
N1000_K95_SKEWED_1000,1000,950,95,100850,FENWICK,SELECT,19,35700,17568
N1000_K95_SKEWED_1000,1000,950,95,100850,FENWICK,TOTAL,0,245699,102608
N1000_K95_SKEWED_1000,1000,950,95,100850,FENWICK,TOTAL,1,247400,102608
N1000_K95_SKEWED_1000,1000,950,95,100850,FENWICK,TOTAL,2,301000,102608
N1000_K95_SKEWED_1000,1000,950,95,100850,FENWICK,TOTAL,3,255699,102608
N1000_K95_SKEWED_1000,1000,950,95,100850,FENWICK,TOTAL,4,246999,102608
N1000_K95_SKEWED_1000,1000,950,95,100850,FENWICK,TOTAL,5,245100,102608
N1000_K95_SKEWED_1000,1000,950,95,100850,FENWICK,TOTAL,6,267700,102608
N1000_K95_SKEWED_1000,1000,950,95,100850,FENWICK,TOTAL,7,270801,102608
N1000_K95_SKEWED_1000,1000,950,95,100850,FENWICK,TOTAL,8,262700,102608
N1000_K95_SKEWED_1000,1000,950,95,100850,FENWICK,TOTAL,9,248100,102608
N1000_K95_SKEWED_1000,1000,950,95,100850,FENWICK,TOTAL,10,269700,102608
N1000_K95_SKEWED_1000,1000,950,95,100850,FENWICK,TOTAL,11,246300,102608
N1000_K95_SKEWED_1000,1000,950,95,100850,FENWICK,TOTAL,12,244900,102608
N1000_K95_SKEWED_1000,1000,950,95,100850,FENWICK,TOTAL,13,250100,102608
N1000_K95_SKEWED_1000,1000,950,95,100850,FENWICK,TOTAL,14,350999,102608
N1000_K95_SKEWED_1000,1000,950,95,100850,FENWICK,TOTAL,15,317400,102608
N1000_K95_SKEWED_1000,1000,950,95,100850,FENWICK,TOTAL,16,267400,102608
N1000_K95_SKEWED_1000,1000,950,95,100850,FENWICK,TOTAL,17,247701,102608
N1000_K95_SKEWED_1000,1000,950,95,100850,FENWICK,TOTAL,18,253300,102608
N1000_K95_SKEWED_1000,1000,950,95,100850,FENWICK,TOTAL,19,246899,102608
N1000_K95_UNIFORM_MILLION,1000,950,95,950000000,PREFIX_LINEAR,NORMALIZE,0,220801,69704
N1000_K95_UNIFORM_MILLION,1000,950,95,950000000,PREFIX_LINEAR,NORMALIZE,1,250000,69704
N1000_K95_UNIFORM_MILLION,1000,950,95,950000000,PREFIX_LINEAR,NORMALIZE,2,235899,69704
N1000_K95_UNIFORM_MILLION,1000,950,95,950000000,PREFIX_LINEAR,NORMALIZE,3,211000,69704
N1000_K95_UNIFORM_MILLION,1000,950,95,950000000,PREFIX_LINEAR,NORMALIZE,4,205301,69704
N1000_K95_UNIFORM_MILLION,1000,950,95,950000000,PREFIX_LINEAR,NORMALIZE,5,204099,69704
N1000_K95_UNIFORM_MILLION,1000,950,95,950000000,PREFIX_LINEAR,NORMALIZE,6,204500,69704
N1000_K95_UNIFORM_MILLION,1000,950,95,950000000,PREFIX_LINEAR,NORMALIZE,7,203200,69704
N1000_K95_UNIFORM_MILLION,1000,950,95,950000000,PREFIX_LINEAR,NORMALIZE,8,256800,69704
N1000_K95_UNIFORM_MILLION,1000,950,95,950000000,PREFIX_LINEAR,NORMALIZE,9,318299,69704
N1000_K95_UNIFORM_MILLION,1000,950,95,950000000,PREFIX_LINEAR,NORMALIZE,10,370100,69704
N1000_K95_UNIFORM_MILLION,1000,950,95,950000000,PREFIX_LINEAR,NORMALIZE,11,365201,69704
N1000_K95_UNIFORM_MILLION,1000,950,95,950000000,PREFIX_LINEAR,NORMALIZE,12,392800,69704
N1000_K95_UNIFORM_MILLION,1000,950,95,950000000,PREFIX_LINEAR,NORMALIZE,13,400400,69704
N1000_K95_UNIFORM_MILLION,1000,950,95,950000000,PREFIX_LINEAR,NORMALIZE,14,349000,69704
N1000_K95_UNIFORM_MILLION,1000,950,95,950000000,PREFIX_LINEAR,NORMALIZE,15,359600,69704
N1000_K95_UNIFORM_MILLION,1000,950,95,950000000,PREFIX_LINEAR,NORMALIZE,16,291300,69704
N1000_K95_UNIFORM_MILLION,1000,950,95,950000000,PREFIX_LINEAR,NORMALIZE,17,249600,69704
N1000_K95_UNIFORM_MILLION,1000,950,95,950000000,PREFIX_LINEAR,NORMALIZE,18,230999,69704
N1000_K95_UNIFORM_MILLION,1000,950,95,950000000,PREFIX_LINEAR,NORMALIZE,19,290500,69704
N1000_K95_UNIFORM_MILLION,1000,950,95,950000000,PREFIX_LINEAR,BUILD,0,2700,15264
N1000_K95_UNIFORM_MILLION,1000,950,95,950000000,PREFIX_LINEAR,BUILD,1,2500,15264
N1000_K95_UNIFORM_MILLION,1000,950,95,950000000,PREFIX_LINEAR,BUILD,2,2400,15264
N1000_K95_UNIFORM_MILLION,1000,950,95,950000000,PREFIX_LINEAR,BUILD,3,2599,15264
N1000_K95_UNIFORM_MILLION,1000,950,95,950000000,PREFIX_LINEAR,BUILD,4,2600,15264
N1000_K95_UNIFORM_MILLION,1000,950,95,950000000,PREFIX_LINEAR,BUILD,5,2400,15264
N1000_K95_UNIFORM_MILLION,1000,950,95,950000000,PREFIX_LINEAR,BUILD,6,2401,15264
N1000_K95_UNIFORM_MILLION,1000,950,95,950000000,PREFIX_LINEAR,BUILD,7,2399,15264
N1000_K95_UNIFORM_MILLION,1000,950,95,950000000,PREFIX_LINEAR,BUILD,8,2701,15264
N1000_K95_UNIFORM_MILLION,1000,950,95,950000000,PREFIX_LINEAR,BUILD,9,2600,15264
N1000_K95_UNIFORM_MILLION,1000,950,95,950000000,PREFIX_LINEAR,BUILD,10,2400,15264
N1000_K95_UNIFORM_MILLION,1000,950,95,950000000,PREFIX_LINEAR,BUILD,11,2601,15264
N1000_K95_UNIFORM_MILLION,1000,950,95,950000000,PREFIX_LINEAR,BUILD,12,2500,15264
N1000_K95_UNIFORM_MILLION,1000,950,95,950000000,PREFIX_LINEAR,BUILD,13,2501,15264
N1000_K95_UNIFORM_MILLION,1000,950,95,950000000,PREFIX_LINEAR,BUILD,14,9499,15264
N1000_K95_UNIFORM_MILLION,1000,950,95,950000000,PREFIX_LINEAR,BUILD,15,3301,15264
N1000_K95_UNIFORM_MILLION,1000,950,95,950000000,PREFIX_LINEAR,BUILD,16,2700,15264
N1000_K95_UNIFORM_MILLION,1000,950,95,950000000,PREFIX_LINEAR,BUILD,17,3000,15264
N1000_K95_UNIFORM_MILLION,1000,950,95,950000000,PREFIX_LINEAR,BUILD,18,4201,15264
N1000_K95_UNIFORM_MILLION,1000,950,95,950000000,PREFIX_LINEAR,BUILD,19,3300,15264
N1000_K95_UNIFORM_MILLION,1000,950,95,950000000,PREFIX_LINEAR,SELECT,0,51100,17568
N1000_K95_UNIFORM_MILLION,1000,950,95,950000000,PREFIX_LINEAR,SELECT,1,58499,17568
N1000_K95_UNIFORM_MILLION,1000,950,95,950000000,PREFIX_LINEAR,SELECT,2,54300,17568
N1000_K95_UNIFORM_MILLION,1000,950,95,950000000,PREFIX_LINEAR,SELECT,3,52000,17568
N1000_K95_UNIFORM_MILLION,1000,950,95,950000000,PREFIX_LINEAR,SELECT,4,52000,17568
N1000_K95_UNIFORM_MILLION,1000,950,95,950000000,PREFIX_LINEAR,SELECT,5,51001,17568
N1000_K95_UNIFORM_MILLION,1000,950,95,950000000,PREFIX_LINEAR,SELECT,6,63300,17568
N1000_K95_UNIFORM_MILLION,1000,950,95,950000000,PREFIX_LINEAR,SELECT,7,53500,17568
N1000_K95_UNIFORM_MILLION,1000,950,95,950000000,PREFIX_LINEAR,SELECT,8,51499,17568
N1000_K95_UNIFORM_MILLION,1000,950,95,950000000,PREFIX_LINEAR,SELECT,9,53900,17568
N1000_K95_UNIFORM_MILLION,1000,950,95,950000000,PREFIX_LINEAR,SELECT,10,53900,17568
N1000_K95_UNIFORM_MILLION,1000,950,95,950000000,PREFIX_LINEAR,SELECT,11,52400,17568
N1000_K95_UNIFORM_MILLION,1000,950,95,950000000,PREFIX_LINEAR,SELECT,12,53100,17568
N1000_K95_UNIFORM_MILLION,1000,950,95,950000000,PREFIX_LINEAR,SELECT,13,51200,17568
N1000_K95_UNIFORM_MILLION,1000,950,95,950000000,PREFIX_LINEAR,SELECT,14,59099,17568
N1000_K95_UNIFORM_MILLION,1000,950,95,950000000,PREFIX_LINEAR,SELECT,15,52400,17568
N1000_K95_UNIFORM_MILLION,1000,950,95,950000000,PREFIX_LINEAR,SELECT,16,53200,17568
N1000_K95_UNIFORM_MILLION,1000,950,95,950000000,PREFIX_LINEAR,SELECT,17,52300,17568
N1000_K95_UNIFORM_MILLION,1000,950,95,950000000,PREFIX_LINEAR,SELECT,18,51100,17568
N1000_K95_UNIFORM_MILLION,1000,950,95,950000000,PREFIX_LINEAR,SELECT,19,51300,17568
N1000_K95_UNIFORM_MILLION,1000,950,95,950000000,PREFIX_LINEAR,TOTAL,0,257201,102536
N1000_K95_UNIFORM_MILLION,1000,950,95,950000000,PREFIX_LINEAR,TOTAL,1,295499,102536
N1000_K95_UNIFORM_MILLION,1000,950,95,950000000,PREFIX_LINEAR,TOTAL,2,289500,102536
N1000_K95_UNIFORM_MILLION,1000,950,95,950000000,PREFIX_LINEAR,TOTAL,3,264700,102536
N1000_K95_UNIFORM_MILLION,1000,950,95,950000000,PREFIX_LINEAR,TOTAL,4,260600,102536
N1000_K95_UNIFORM_MILLION,1000,950,95,950000000,PREFIX_LINEAR,TOTAL,5,285501,102536
N1000_K95_UNIFORM_MILLION,1000,950,95,950000000,PREFIX_LINEAR,TOTAL,6,270501,102536
N1000_K95_UNIFORM_MILLION,1000,950,95,950000000,PREFIX_LINEAR,TOTAL,7,281700,102536
N1000_K95_UNIFORM_MILLION,1000,950,95,950000000,PREFIX_LINEAR,TOTAL,8,262700,102536
N1000_K95_UNIFORM_MILLION,1000,950,95,950000000,PREFIX_LINEAR,TOTAL,9,275200,102536
N1000_K95_UNIFORM_MILLION,1000,950,95,950000000,PREFIX_LINEAR,TOTAL,10,260200,102536
N1000_K95_UNIFORM_MILLION,1000,950,95,950000000,PREFIX_LINEAR,TOTAL,11,261300,102536
N1000_K95_UNIFORM_MILLION,1000,950,95,950000000,PREFIX_LINEAR,TOTAL,12,263101,102536
N1000_K95_UNIFORM_MILLION,1000,950,95,950000000,PREFIX_LINEAR,TOTAL,13,259700,102536
N1000_K95_UNIFORM_MILLION,1000,950,95,950000000,PREFIX_LINEAR,TOTAL,14,258100,102536
N1000_K95_UNIFORM_MILLION,1000,950,95,950000000,PREFIX_LINEAR,TOTAL,15,373901,102536
N1000_K95_UNIFORM_MILLION,1000,950,95,950000000,PREFIX_LINEAR,TOTAL,16,287800,102536
N1000_K95_UNIFORM_MILLION,1000,950,95,950000000,PREFIX_LINEAR,TOTAL,17,307801,102536
N1000_K95_UNIFORM_MILLION,1000,950,95,950000000,PREFIX_LINEAR,TOTAL,18,267300,102536
N1000_K95_UNIFORM_MILLION,1000,950,95,950000000,PREFIX_LINEAR,TOTAL,19,261699,102536
N1000_K95_UNIFORM_MILLION,1000,950,95,950000000,PREFIX_BINARY,NORMALIZE,0,205300,69704
N1000_K95_UNIFORM_MILLION,1000,950,95,950000000,PREFIX_BINARY,NORMALIZE,1,204101,69704
N1000_K95_UNIFORM_MILLION,1000,950,95,950000000,PREFIX_BINARY,NORMALIZE,2,243099,69704
N1000_K95_UNIFORM_MILLION,1000,950,95,950000000,PREFIX_BINARY,NORMALIZE,3,214799,69704
N1000_K95_UNIFORM_MILLION,1000,950,95,950000000,PREFIX_BINARY,NORMALIZE,4,211200,69704
N1000_K95_UNIFORM_MILLION,1000,950,95,950000000,PREFIX_BINARY,NORMALIZE,5,210900,69704
N1000_K95_UNIFORM_MILLION,1000,950,95,950000000,PREFIX_BINARY,NORMALIZE,6,234900,69704
N1000_K95_UNIFORM_MILLION,1000,950,95,950000000,PREFIX_BINARY,NORMALIZE,7,205700,69704
N1000_K95_UNIFORM_MILLION,1000,950,95,950000000,PREFIX_BINARY,NORMALIZE,8,202999,69704
N1000_K95_UNIFORM_MILLION,1000,950,95,950000000,PREFIX_BINARY,NORMALIZE,9,202899,69704
N1000_K95_UNIFORM_MILLION,1000,950,95,950000000,PREFIX_BINARY,NORMALIZE,10,201999,69704
N1000_K95_UNIFORM_MILLION,1000,950,95,950000000,PREFIX_BINARY,NORMALIZE,11,202599,69704
N1000_K95_UNIFORM_MILLION,1000,950,95,950000000,PREFIX_BINARY,NORMALIZE,12,203500,69704
N1000_K95_UNIFORM_MILLION,1000,950,95,950000000,PREFIX_BINARY,NORMALIZE,13,203700,69704
N1000_K95_UNIFORM_MILLION,1000,950,95,950000000,PREFIX_BINARY,NORMALIZE,14,202500,69704
N1000_K95_UNIFORM_MILLION,1000,950,95,950000000,PREFIX_BINARY,NORMALIZE,15,203300,69704
N1000_K95_UNIFORM_MILLION,1000,950,95,950000000,PREFIX_BINARY,NORMALIZE,16,212500,69704
N1000_K95_UNIFORM_MILLION,1000,950,95,950000000,PREFIX_BINARY,NORMALIZE,17,203701,69704
N1000_K95_UNIFORM_MILLION,1000,950,95,950000000,PREFIX_BINARY,NORMALIZE,18,203300,69704
N1000_K95_UNIFORM_MILLION,1000,950,95,950000000,PREFIX_BINARY,NORMALIZE,19,203000,69704
N1000_K95_UNIFORM_MILLION,1000,950,95,950000000,PREFIX_BINARY,BUILD,0,3999,15264
N1000_K95_UNIFORM_MILLION,1000,950,95,950000000,PREFIX_BINARY,BUILD,1,4400,15264
N1000_K95_UNIFORM_MILLION,1000,950,95,950000000,PREFIX_BINARY,BUILD,2,2599,15264
N1000_K95_UNIFORM_MILLION,1000,950,95,950000000,PREFIX_BINARY,BUILD,3,2600,15264
N1000_K95_UNIFORM_MILLION,1000,950,95,950000000,PREFIX_BINARY,BUILD,4,16599,15264
N1000_K95_UNIFORM_MILLION,1000,950,95,950000000,PREFIX_BINARY,BUILD,5,3000,15264
N1000_K95_UNIFORM_MILLION,1000,950,95,950000000,PREFIX_BINARY,BUILD,6,2700,15264
N1000_K95_UNIFORM_MILLION,1000,950,95,950000000,PREFIX_BINARY,BUILD,7,3000,15264
N1000_K95_UNIFORM_MILLION,1000,950,95,950000000,PREFIX_BINARY,BUILD,8,2600,15264
N1000_K95_UNIFORM_MILLION,1000,950,95,950000000,PREFIX_BINARY,BUILD,9,4100,15264
N1000_K95_UNIFORM_MILLION,1000,950,95,950000000,PREFIX_BINARY,BUILD,10,2600,15264
N1000_K95_UNIFORM_MILLION,1000,950,95,950000000,PREFIX_BINARY,BUILD,11,2600,15264
N1000_K95_UNIFORM_MILLION,1000,950,95,950000000,PREFIX_BINARY,BUILD,12,2501,15264
N1000_K95_UNIFORM_MILLION,1000,950,95,950000000,PREFIX_BINARY,BUILD,13,2699,15264
N1000_K95_UNIFORM_MILLION,1000,950,95,950000000,PREFIX_BINARY,BUILD,14,2500,15264
N1000_K95_UNIFORM_MILLION,1000,950,95,950000000,PREFIX_BINARY,BUILD,15,2501,15264
N1000_K95_UNIFORM_MILLION,1000,950,95,950000000,PREFIX_BINARY,BUILD,16,2700,15264
N1000_K95_UNIFORM_MILLION,1000,950,95,950000000,PREFIX_BINARY,BUILD,17,2400,15264
N1000_K95_UNIFORM_MILLION,1000,950,95,950000000,PREFIX_BINARY,BUILD,18,2600,15264
N1000_K95_UNIFORM_MILLION,1000,950,95,950000000,PREFIX_BINARY,BUILD,19,2499,15264
N1000_K95_UNIFORM_MILLION,1000,950,95,950000000,PREFIX_BINARY,SELECT,0,39400,17568
N1000_K95_UNIFORM_MILLION,1000,950,95,950000000,PREFIX_BINARY,SELECT,1,47000,17568
N1000_K95_UNIFORM_MILLION,1000,950,95,950000000,PREFIX_BINARY,SELECT,2,55100,17568
N1000_K95_UNIFORM_MILLION,1000,950,95,950000000,PREFIX_BINARY,SELECT,3,41300,17568
N1000_K95_UNIFORM_MILLION,1000,950,95,950000000,PREFIX_BINARY,SELECT,4,40400,17568
N1000_K95_UNIFORM_MILLION,1000,950,95,950000000,PREFIX_BINARY,SELECT,5,47700,17568
N1000_K95_UNIFORM_MILLION,1000,950,95,950000000,PREFIX_BINARY,SELECT,6,43300,17568
N1000_K95_UNIFORM_MILLION,1000,950,95,950000000,PREFIX_BINARY,SELECT,7,42300,17568
N1000_K95_UNIFORM_MILLION,1000,950,95,950000000,PREFIX_BINARY,SELECT,8,39400,17568
N1000_K95_UNIFORM_MILLION,1000,950,95,950000000,PREFIX_BINARY,SELECT,9,38800,17568
N1000_K95_UNIFORM_MILLION,1000,950,95,950000000,PREFIX_BINARY,SELECT,10,46400,17568
N1000_K95_UNIFORM_MILLION,1000,950,95,950000000,PREFIX_BINARY,SELECT,11,40899,17568
N1000_K95_UNIFORM_MILLION,1000,950,95,950000000,PREFIX_BINARY,SELECT,12,39400,17568
N1000_K95_UNIFORM_MILLION,1000,950,95,950000000,PREFIX_BINARY,SELECT,13,37900,17568
N1000_K95_UNIFORM_MILLION,1000,950,95,950000000,PREFIX_BINARY,SELECT,14,38600,17568
N1000_K95_UNIFORM_MILLION,1000,950,95,950000000,PREFIX_BINARY,SELECT,15,48500,17568
N1000_K95_UNIFORM_MILLION,1000,950,95,950000000,PREFIX_BINARY,SELECT,16,39500,17568
N1000_K95_UNIFORM_MILLION,1000,950,95,950000000,PREFIX_BINARY,SELECT,17,42299,17568
N1000_K95_UNIFORM_MILLION,1000,950,95,950000000,PREFIX_BINARY,SELECT,18,38600,17568
N1000_K95_UNIFORM_MILLION,1000,950,95,950000000,PREFIX_BINARY,SELECT,19,38200,17568
N1000_K95_UNIFORM_MILLION,1000,950,95,950000000,PREFIX_BINARY,TOTAL,0,269599,102536
N1000_K95_UNIFORM_MILLION,1000,950,95,950000000,PREFIX_BINARY,TOTAL,1,259100,102536
N1000_K95_UNIFORM_MILLION,1000,950,95,950000000,PREFIX_BINARY,TOTAL,2,271401,102536
N1000_K95_UNIFORM_MILLION,1000,950,95,950000000,PREFIX_BINARY,TOTAL,3,249799,102536
N1000_K95_UNIFORM_MILLION,1000,950,95,950000000,PREFIX_BINARY,TOTAL,4,248399,102536
N1000_K95_UNIFORM_MILLION,1000,950,95,950000000,PREFIX_BINARY,TOTAL,5,262600,102536
N1000_K95_UNIFORM_MILLION,1000,950,95,950000000,PREFIX_BINARY,TOTAL,6,347200,102536
N1000_K95_UNIFORM_MILLION,1000,950,95,950000000,PREFIX_BINARY,TOTAL,7,268999,102536
N1000_K95_UNIFORM_MILLION,1000,950,95,950000000,PREFIX_BINARY,TOTAL,8,254400,102536
N1000_K95_UNIFORM_MILLION,1000,950,95,950000000,PREFIX_BINARY,TOTAL,9,264800,102536
N1000_K95_UNIFORM_MILLION,1000,950,95,950000000,PREFIX_BINARY,TOTAL,10,261700,102536
N1000_K95_UNIFORM_MILLION,1000,950,95,950000000,PREFIX_BINARY,TOTAL,11,266800,102536
N1000_K95_UNIFORM_MILLION,1000,950,95,950000000,PREFIX_BINARY,TOTAL,12,255100,102536
N1000_K95_UNIFORM_MILLION,1000,950,95,950000000,PREFIX_BINARY,TOTAL,13,252000,102536
N1000_K95_UNIFORM_MILLION,1000,950,95,950000000,PREFIX_BINARY,TOTAL,14,249600,102536
N1000_K95_UNIFORM_MILLION,1000,950,95,950000000,PREFIX_BINARY,TOTAL,15,252200,102536
N1000_K95_UNIFORM_MILLION,1000,950,95,950000000,PREFIX_BINARY,TOTAL,16,275701,102536
N1000_K95_UNIFORM_MILLION,1000,950,95,950000000,PREFIX_BINARY,TOTAL,17,254200,102536
N1000_K95_UNIFORM_MILLION,1000,950,95,950000000,PREFIX_BINARY,TOTAL,18,326201,102536
N1000_K95_UNIFORM_MILLION,1000,950,95,950000000,PREFIX_BINARY,TOTAL,19,287700,102536
N1000_K95_UNIFORM_MILLION,1000,950,95,950000000,FENWICK,NORMALIZE,0,203499,69704
N1000_K95_UNIFORM_MILLION,1000,950,95,950000000,FENWICK,NORMALIZE,1,205301,69704
N1000_K95_UNIFORM_MILLION,1000,950,95,950000000,FENWICK,NORMALIZE,2,205100,69704
N1000_K95_UNIFORM_MILLION,1000,950,95,950000000,FENWICK,NORMALIZE,3,204600,69704
N1000_K95_UNIFORM_MILLION,1000,950,95,950000000,FENWICK,NORMALIZE,4,206300,69704
N1000_K95_UNIFORM_MILLION,1000,950,95,950000000,FENWICK,NORMALIZE,5,218000,69704
N1000_K95_UNIFORM_MILLION,1000,950,95,950000000,FENWICK,NORMALIZE,6,205000,69704
N1000_K95_UNIFORM_MILLION,1000,950,95,950000000,FENWICK,NORMALIZE,7,203901,69704
N1000_K95_UNIFORM_MILLION,1000,950,95,950000000,FENWICK,NORMALIZE,8,202900,69704
N1000_K95_UNIFORM_MILLION,1000,950,95,950000000,FENWICK,NORMALIZE,9,203900,69704
N1000_K95_UNIFORM_MILLION,1000,950,95,950000000,FENWICK,NORMALIZE,10,203499,69704
N1000_K95_UNIFORM_MILLION,1000,950,95,950000000,FENWICK,NORMALIZE,11,222100,69704
N1000_K95_UNIFORM_MILLION,1000,950,95,950000000,FENWICK,NORMALIZE,12,208701,69704
N1000_K95_UNIFORM_MILLION,1000,950,95,950000000,FENWICK,NORMALIZE,13,205700,69704
N1000_K95_UNIFORM_MILLION,1000,950,95,950000000,FENWICK,NORMALIZE,14,204201,69704
N1000_K95_UNIFORM_MILLION,1000,950,95,950000000,FENWICK,NORMALIZE,15,214600,69704
N1000_K95_UNIFORM_MILLION,1000,950,95,950000000,FENWICK,NORMALIZE,16,205601,69704
N1000_K95_UNIFORM_MILLION,1000,950,95,950000000,FENWICK,NORMALIZE,17,204299,69704
N1000_K95_UNIFORM_MILLION,1000,950,95,950000000,FENWICK,NORMALIZE,18,204900,69704
N1000_K95_UNIFORM_MILLION,1000,950,95,950000000,FENWICK,NORMALIZE,19,204600,69704
N1000_K95_UNIFORM_MILLION,1000,950,95,950000000,FENWICK,BUILD,0,7800,15336
N1000_K95_UNIFORM_MILLION,1000,950,95,950000000,FENWICK,BUILD,1,7900,15336
N1000_K95_UNIFORM_MILLION,1000,950,95,950000000,FENWICK,BUILD,2,8200,15336
N1000_K95_UNIFORM_MILLION,1000,950,95,950000000,FENWICK,BUILD,3,8100,15336
N1000_K95_UNIFORM_MILLION,1000,950,95,950000000,FENWICK,BUILD,4,8300,15336
N1000_K95_UNIFORM_MILLION,1000,950,95,950000000,FENWICK,BUILD,5,8100,15336
N1000_K95_UNIFORM_MILLION,1000,950,95,950000000,FENWICK,BUILD,6,17900,15336
N1000_K95_UNIFORM_MILLION,1000,950,95,950000000,FENWICK,BUILD,7,7800,15336
N1000_K95_UNIFORM_MILLION,1000,950,95,950000000,FENWICK,BUILD,8,8100,15336
N1000_K95_UNIFORM_MILLION,1000,950,95,950000000,FENWICK,BUILD,9,7800,15336
N1000_K95_UNIFORM_MILLION,1000,950,95,950000000,FENWICK,BUILD,10,7600,15336
N1000_K95_UNIFORM_MILLION,1000,950,95,950000000,FENWICK,BUILD,11,7800,15336
N1000_K95_UNIFORM_MILLION,1000,950,95,950000000,FENWICK,BUILD,12,8100,15336
N1000_K95_UNIFORM_MILLION,1000,950,95,950000000,FENWICK,BUILD,13,8000,15336
N1000_K95_UNIFORM_MILLION,1000,950,95,950000000,FENWICK,BUILD,14,7700,15336
N1000_K95_UNIFORM_MILLION,1000,950,95,950000000,FENWICK,BUILD,15,7801,15336
N1000_K95_UNIFORM_MILLION,1000,950,95,950000000,FENWICK,BUILD,16,8100,15336
N1000_K95_UNIFORM_MILLION,1000,950,95,950000000,FENWICK,BUILD,17,8200,15336
N1000_K95_UNIFORM_MILLION,1000,950,95,950000000,FENWICK,BUILD,18,7700,15336
N1000_K95_UNIFORM_MILLION,1000,950,95,950000000,FENWICK,BUILD,19,13200,15336
N1000_K95_UNIFORM_MILLION,1000,950,95,950000000,FENWICK,SELECT,0,30700,17568
N1000_K95_UNIFORM_MILLION,1000,950,95,950000000,FENWICK,SELECT,1,31800,17568
N1000_K95_UNIFORM_MILLION,1000,950,95,950000000,FENWICK,SELECT,2,31500,17568
N1000_K95_UNIFORM_MILLION,1000,950,95,950000000,FENWICK,SELECT,3,30900,17568
N1000_K95_UNIFORM_MILLION,1000,950,95,950000000,FENWICK,SELECT,4,32300,17568
N1000_K95_UNIFORM_MILLION,1000,950,95,950000000,FENWICK,SELECT,5,30700,17568
N1000_K95_UNIFORM_MILLION,1000,950,95,950000000,FENWICK,SELECT,6,31000,17568
N1000_K95_UNIFORM_MILLION,1000,950,95,950000000,FENWICK,SELECT,7,30400,17568
N1000_K95_UNIFORM_MILLION,1000,950,95,950000000,FENWICK,SELECT,8,40001,17568
N1000_K95_UNIFORM_MILLION,1000,950,95,950000000,FENWICK,SELECT,9,35200,17568
N1000_K95_UNIFORM_MILLION,1000,950,95,950000000,FENWICK,SELECT,10,32999,17568
N1000_K95_UNIFORM_MILLION,1000,950,95,950000000,FENWICK,SELECT,11,31800,17568
N1000_K95_UNIFORM_MILLION,1000,950,95,950000000,FENWICK,SELECT,12,31600,17568
N1000_K95_UNIFORM_MILLION,1000,950,95,950000000,FENWICK,SELECT,13,34500,17568
N1000_K95_UNIFORM_MILLION,1000,950,95,950000000,FENWICK,SELECT,14,31901,17568
N1000_K95_UNIFORM_MILLION,1000,950,95,950000000,FENWICK,SELECT,15,31200,17568
N1000_K95_UNIFORM_MILLION,1000,950,95,950000000,FENWICK,SELECT,16,30500,17568
N1000_K95_UNIFORM_MILLION,1000,950,95,950000000,FENWICK,SELECT,17,40700,17568
N1000_K95_UNIFORM_MILLION,1000,950,95,950000000,FENWICK,SELECT,18,31700,17568
N1000_K95_UNIFORM_MILLION,1000,950,95,950000000,FENWICK,SELECT,19,32800,17568
N1000_K95_UNIFORM_MILLION,1000,950,95,950000000,FENWICK,TOTAL,0,244001,102608
N1000_K95_UNIFORM_MILLION,1000,950,95,950000000,FENWICK,TOTAL,1,246200,102608
N1000_K95_UNIFORM_MILLION,1000,950,95,950000000,FENWICK,TOTAL,2,263701,102608
N1000_K95_UNIFORM_MILLION,1000,950,95,950000000,FENWICK,TOTAL,3,245000,102608
N1000_K95_UNIFORM_MILLION,1000,950,95,950000000,FENWICK,TOTAL,4,266201,102608
N1000_K95_UNIFORM_MILLION,1000,950,95,950000000,FENWICK,TOTAL,5,304700,102608
N1000_K95_UNIFORM_MILLION,1000,950,95,950000000,FENWICK,TOTAL,6,246001,102608
N1000_K95_UNIFORM_MILLION,1000,950,95,950000000,FENWICK,TOTAL,7,244900,102608
N1000_K95_UNIFORM_MILLION,1000,950,95,950000000,FENWICK,TOTAL,8,243199,102608
N1000_K95_UNIFORM_MILLION,1000,950,95,950000000,FENWICK,TOTAL,9,268900,102608
N1000_K95_UNIFORM_MILLION,1000,950,95,950000000,FENWICK,TOTAL,10,262200,102608
N1000_K95_UNIFORM_MILLION,1000,950,95,950000000,FENWICK,TOTAL,11,245900,102608
N1000_K95_UNIFORM_MILLION,1000,950,95,950000000,FENWICK,TOTAL,12,243400,102608
N1000_K95_UNIFORM_MILLION,1000,950,95,950000000,FENWICK,TOTAL,13,243500,102608
N1000_K95_UNIFORM_MILLION,1000,950,95,950000000,FENWICK,TOTAL,14,254601,102608
N1000_K95_UNIFORM_MILLION,1000,950,95,950000000,FENWICK,TOTAL,15,245200,102608
N1000_K95_UNIFORM_MILLION,1000,950,95,950000000,FENWICK,TOTAL,16,254299,102608
N1000_K95_UNIFORM_MILLION,1000,950,95,950000000,FENWICK,TOTAL,17,243100,102608
N1000_K95_UNIFORM_MILLION,1000,950,95,950000000,FENWICK,TOTAL,18,246601,102608
N1000_K95_UNIFORM_MILLION,1000,950,95,950000000,FENWICK,TOTAL,19,316301,102608
N10000_K1_UNIFORM_1,10000,9500,1,9500,TICKET_ARRAY,NORMALIZE,0,6295600,689264
N10000_K1_UNIFORM_1,10000,9500,1,9500,TICKET_ARRAY,NORMALIZE,1,5829100,689264
N10000_K1_UNIFORM_1,10000,9500,1,9500,TICKET_ARRAY,NORMALIZE,2,4549800,689264
N10000_K1_UNIFORM_1,10000,9500,1,9500,TICKET_ARRAY,NORMALIZE,3,4432700,689264
N10000_K1_UNIFORM_1,10000,9500,1,9500,TICKET_ARRAY,NORMALIZE,4,4555199,689264
N10000_K1_UNIFORM_1,10000,9500,1,9500,TICKET_ARRAY,NORMALIZE,5,4423200,689264
N10000_K1_UNIFORM_1,10000,9500,1,9500,TICKET_ARRAY,NORMALIZE,6,4275401,689264
N10000_K1_UNIFORM_1,10000,9500,1,9500,TICKET_ARRAY,NORMALIZE,7,4169301,689264
N10000_K1_UNIFORM_1,10000,9500,1,9500,TICKET_ARRAY,NORMALIZE,8,3722600,689264
N10000_K1_UNIFORM_1,10000,9500,1,9500,TICKET_ARRAY,NORMALIZE,9,4066600,689264
N10000_K1_UNIFORM_1,10000,9500,1,9500,TICKET_ARRAY,NORMALIZE,10,3858501,689264
N10000_K1_UNIFORM_1,10000,9500,1,9500,TICKET_ARRAY,NORMALIZE,11,3586700,689264
N10000_K1_UNIFORM_1,10000,9500,1,9500,TICKET_ARRAY,NORMALIZE,12,3693300,689264
N10000_K1_UNIFORM_1,10000,9500,1,9500,TICKET_ARRAY,NORMALIZE,13,3957300,689264
N10000_K1_UNIFORM_1,10000,9500,1,9500,TICKET_ARRAY,NORMALIZE,14,3745400,689264
N10000_K1_UNIFORM_1,10000,9500,1,9500,TICKET_ARRAY,NORMALIZE,15,3870299,689264
N10000_K1_UNIFORM_1,10000,9500,1,9500,TICKET_ARRAY,NORMALIZE,16,3689700,689264
N10000_K1_UNIFORM_1,10000,9500,1,9500,TICKET_ARRAY,NORMALIZE,17,3861800,689264
N10000_K1_UNIFORM_1,10000,9500,1,9500,TICKET_ARRAY,NORMALIZE,18,3702101,689264
N10000_K1_UNIFORM_1,10000,9500,1,9500,TICKET_ARRAY,NORMALIZE,19,3741699,689264
N10000_K1_UNIFORM_1,10000,9500,1,9500,TICKET_ARRAY,BUILD,0,79999,38040
N10000_K1_UNIFORM_1,10000,9500,1,9500,TICKET_ARRAY,BUILD,1,113799,38040
N10000_K1_UNIFORM_1,10000,9500,1,9500,TICKET_ARRAY,BUILD,2,80000,38040
N10000_K1_UNIFORM_1,10000,9500,1,9500,TICKET_ARRAY,BUILD,3,82001,38040
N10000_K1_UNIFORM_1,10000,9500,1,9500,TICKET_ARRAY,BUILD,4,88701,38040
N10000_K1_UNIFORM_1,10000,9500,1,9500,TICKET_ARRAY,BUILD,5,82800,38040
N10000_K1_UNIFORM_1,10000,9500,1,9500,TICKET_ARRAY,BUILD,6,91700,38040
N10000_K1_UNIFORM_1,10000,9500,1,9500,TICKET_ARRAY,BUILD,7,98300,38040
N10000_K1_UNIFORM_1,10000,9500,1,9500,TICKET_ARRAY,BUILD,8,141801,38040
N10000_K1_UNIFORM_1,10000,9500,1,9500,TICKET_ARRAY,BUILD,9,96499,38040
N10000_K1_UNIFORM_1,10000,9500,1,9500,TICKET_ARRAY,BUILD,10,83800,38040
N10000_K1_UNIFORM_1,10000,9500,1,9500,TICKET_ARRAY,BUILD,11,81199,38040
N10000_K1_UNIFORM_1,10000,9500,1,9500,TICKET_ARRAY,BUILD,12,139100,38040
N10000_K1_UNIFORM_1,10000,9500,1,9500,TICKET_ARRAY,BUILD,13,95501,38040
N10000_K1_UNIFORM_1,10000,9500,1,9500,TICKET_ARRAY,BUILD,14,83100,38040
N10000_K1_UNIFORM_1,10000,9500,1,9500,TICKET_ARRAY,BUILD,15,92100,38040
N10000_K1_UNIFORM_1,10000,9500,1,9500,TICKET_ARRAY,BUILD,16,89300,38040
N10000_K1_UNIFORM_1,10000,9500,1,9500,TICKET_ARRAY,BUILD,17,82799,38040
N10000_K1_UNIFORM_1,10000,9500,1,9500,TICKET_ARRAY,BUILD,18,79900,38040
N10000_K1_UNIFORM_1,10000,9500,1,9500,TICKET_ARRAY,BUILD,19,94899,38040
N10000_K1_UNIFORM_1,10000,9500,1,9500,TICKET_ARRAY,SELECT,0,57200,1592
N10000_K1_UNIFORM_1,10000,9500,1,9500,TICKET_ARRAY,SELECT,1,46600,1592
N10000_K1_UNIFORM_1,10000,9500,1,9500,TICKET_ARRAY,SELECT,2,49700,1592
N10000_K1_UNIFORM_1,10000,9500,1,9500,TICKET_ARRAY,SELECT,3,43101,1592
N10000_K1_UNIFORM_1,10000,9500,1,9500,TICKET_ARRAY,SELECT,4,65200,1592
N10000_K1_UNIFORM_1,10000,9500,1,9500,TICKET_ARRAY,SELECT,5,57901,1592
N10000_K1_UNIFORM_1,10000,9500,1,9500,TICKET_ARRAY,SELECT,6,47300,1592
N10000_K1_UNIFORM_1,10000,9500,1,9500,TICKET_ARRAY,SELECT,7,53000,1592
N10000_K1_UNIFORM_1,10000,9500,1,9500,TICKET_ARRAY,SELECT,8,61000,1592
N10000_K1_UNIFORM_1,10000,9500,1,9500,TICKET_ARRAY,SELECT,9,57301,1592
N10000_K1_UNIFORM_1,10000,9500,1,9500,TICKET_ARRAY,SELECT,10,38400,1592
N10000_K1_UNIFORM_1,10000,9500,1,9500,TICKET_ARRAY,SELECT,11,61700,1592
N10000_K1_UNIFORM_1,10000,9500,1,9500,TICKET_ARRAY,SELECT,12,47600,1592
N10000_K1_UNIFORM_1,10000,9500,1,9500,TICKET_ARRAY,SELECT,13,71000,1592
N10000_K1_UNIFORM_1,10000,9500,1,9500,TICKET_ARRAY,SELECT,14,78701,1592
N10000_K1_UNIFORM_1,10000,9500,1,9500,TICKET_ARRAY,SELECT,15,51899,1592
N10000_K1_UNIFORM_1,10000,9500,1,9500,TICKET_ARRAY,SELECT,16,58899,1592
N10000_K1_UNIFORM_1,10000,9500,1,9500,TICKET_ARRAY,SELECT,17,51900,1592
N10000_K1_UNIFORM_1,10000,9500,1,9500,TICKET_ARRAY,SELECT,18,59399,1592
N10000_K1_UNIFORM_1,10000,9500,1,9500,TICKET_ARRAY,SELECT,19,44501,1592
N10000_K1_UNIFORM_1,10000,9500,1,9500,TICKET_ARRAY,TOTAL,0,5371901,728896
N10000_K1_UNIFORM_1,10000,9500,1,9500,TICKET_ARRAY,TOTAL,1,5456200,728896
N10000_K1_UNIFORM_1,10000,9500,1,9500,TICKET_ARRAY,TOTAL,2,5726101,728896
N10000_K1_UNIFORM_1,10000,9500,1,9500,TICKET_ARRAY,TOTAL,3,5859500,728896
N10000_K1_UNIFORM_1,10000,9500,1,9500,TICKET_ARRAY,TOTAL,4,6037901,728896
N10000_K1_UNIFORM_1,10000,9500,1,9500,TICKET_ARRAY,TOTAL,5,5851800,728896
N10000_K1_UNIFORM_1,10000,9500,1,9500,TICKET_ARRAY,TOTAL,6,5831800,728896
N10000_K1_UNIFORM_1,10000,9500,1,9500,TICKET_ARRAY,TOTAL,7,5712201,728896
N10000_K1_UNIFORM_1,10000,9500,1,9500,TICKET_ARRAY,TOTAL,8,5680099,728896
N10000_K1_UNIFORM_1,10000,9500,1,9500,TICKET_ARRAY,TOTAL,9,6202700,728896
N10000_K1_UNIFORM_1,10000,9500,1,9500,TICKET_ARRAY,TOTAL,10,5109901,728896
N10000_K1_UNIFORM_1,10000,9500,1,9500,TICKET_ARRAY,TOTAL,11,4928900,728896
N10000_K1_UNIFORM_1,10000,9500,1,9500,TICKET_ARRAY,TOTAL,12,5860400,728896
N10000_K1_UNIFORM_1,10000,9500,1,9500,TICKET_ARRAY,TOTAL,13,6363000,728896
N10000_K1_UNIFORM_1,10000,9500,1,9500,TICKET_ARRAY,TOTAL,14,5746501,728896
N10000_K1_UNIFORM_1,10000,9500,1,9500,TICKET_ARRAY,TOTAL,15,5377499,728896
N10000_K1_UNIFORM_1,10000,9500,1,9500,TICKET_ARRAY,TOTAL,16,5952199,728896
N10000_K1_UNIFORM_1,10000,9500,1,9500,TICKET_ARRAY,TOTAL,17,5873000,728896
N10000_K1_UNIFORM_1,10000,9500,1,9500,TICKET_ARRAY,TOTAL,18,5181601,728896
N10000_K1_UNIFORM_1,10000,9500,1,9500,TICKET_ARRAY,TOTAL,19,4003000,728896
N10000_K1_UNIFORM_1,10000,9500,1,9500,PREFIX_LINEAR,NORMALIZE,0,5069600,689264
N10000_K1_UNIFORM_1,10000,9500,1,9500,PREFIX_LINEAR,NORMALIZE,1,5517100,689264
N10000_K1_UNIFORM_1,10000,9500,1,9500,PREFIX_LINEAR,NORMALIZE,2,5798599,689264
N10000_K1_UNIFORM_1,10000,9500,1,9500,PREFIX_LINEAR,NORMALIZE,3,4412400,689264
N10000_K1_UNIFORM_1,10000,9500,1,9500,PREFIX_LINEAR,NORMALIZE,4,5153700,689264
N10000_K1_UNIFORM_1,10000,9500,1,9500,PREFIX_LINEAR,NORMALIZE,5,5483901,689264
N10000_K1_UNIFORM_1,10000,9500,1,9500,PREFIX_LINEAR,NORMALIZE,6,4894201,689264
N10000_K1_UNIFORM_1,10000,9500,1,9500,PREFIX_LINEAR,NORMALIZE,7,5693700,689264
N10000_K1_UNIFORM_1,10000,9500,1,9500,PREFIX_LINEAR,NORMALIZE,8,5576700,689264
N10000_K1_UNIFORM_1,10000,9500,1,9500,PREFIX_LINEAR,NORMALIZE,9,5409399,689264
N10000_K1_UNIFORM_1,10000,9500,1,9500,PREFIX_LINEAR,NORMALIZE,10,5841100,689264
N10000_K1_UNIFORM_1,10000,9500,1,9500,PREFIX_LINEAR,NORMALIZE,11,5663200,689264
N10000_K1_UNIFORM_1,10000,9500,1,9500,PREFIX_LINEAR,NORMALIZE,12,5453600,689264
N10000_K1_UNIFORM_1,10000,9500,1,9500,PREFIX_LINEAR,NORMALIZE,13,5771700,689264
N10000_K1_UNIFORM_1,10000,9500,1,9500,PREFIX_LINEAR,NORMALIZE,14,5791901,689264
N10000_K1_UNIFORM_1,10000,9500,1,9500,PREFIX_LINEAR,NORMALIZE,15,5657500,689264
N10000_K1_UNIFORM_1,10000,9500,1,9500,PREFIX_LINEAR,NORMALIZE,16,5920799,689264
N10000_K1_UNIFORM_1,10000,9500,1,9500,PREFIX_LINEAR,NORMALIZE,17,5395601,689264
N10000_K1_UNIFORM_1,10000,9500,1,9500,PREFIX_LINEAR,NORMALIZE,18,5503400,689264
N10000_K1_UNIFORM_1,10000,9500,1,9500,PREFIX_LINEAR,NORMALIZE,19,4505101,689264
N10000_K1_UNIFORM_1,10000,9500,1,9500,PREFIX_LINEAR,BUILD,0,49900,152064
N10000_K1_UNIFORM_1,10000,9500,1,9500,PREFIX_LINEAR,BUILD,1,62400,152064
N10000_K1_UNIFORM_1,10000,9500,1,9500,PREFIX_LINEAR,BUILD,2,86000,152064
N10000_K1_UNIFORM_1,10000,9500,1,9500,PREFIX_LINEAR,BUILD,3,52300,152064
N10000_K1_UNIFORM_1,10000,9500,1,9500,PREFIX_LINEAR,BUILD,4,71700,152064
N10000_K1_UNIFORM_1,10000,9500,1,9500,PREFIX_LINEAR,BUILD,5,61300,152064
N10000_K1_UNIFORM_1,10000,9500,1,9500,PREFIX_LINEAR,BUILD,6,47199,152064
N10000_K1_UNIFORM_1,10000,9500,1,9500,PREFIX_LINEAR,BUILD,7,51599,152064
N10000_K1_UNIFORM_1,10000,9500,1,9500,PREFIX_LINEAR,BUILD,8,58100,152064
N10000_K1_UNIFORM_1,10000,9500,1,9500,PREFIX_LINEAR,BUILD,9,34300,152064
N10000_K1_UNIFORM_1,10000,9500,1,9500,PREFIX_LINEAR,BUILD,10,52099,152064
N10000_K1_UNIFORM_1,10000,9500,1,9500,PREFIX_LINEAR,BUILD,11,71900,152064
N10000_K1_UNIFORM_1,10000,9500,1,9500,PREFIX_LINEAR,BUILD,12,33799,152064
N10000_K1_UNIFORM_1,10000,9500,1,9500,PREFIX_LINEAR,BUILD,13,50699,152064
N10000_K1_UNIFORM_1,10000,9500,1,9500,PREFIX_LINEAR,BUILD,14,67100,152064
N10000_K1_UNIFORM_1,10000,9500,1,9500,PREFIX_LINEAR,BUILD,15,50200,152064
N10000_K1_UNIFORM_1,10000,9500,1,9500,PREFIX_LINEAR,BUILD,16,53100,152064
N10000_K1_UNIFORM_1,10000,9500,1,9500,PREFIX_LINEAR,BUILD,17,75900,152064
N10000_K1_UNIFORM_1,10000,9500,1,9500,PREFIX_LINEAR,BUILD,18,34101,152064
N10000_K1_UNIFORM_1,10000,9500,1,9500,PREFIX_LINEAR,BUILD,19,38100,152064
N10000_K1_UNIFORM_1,10000,9500,1,9500,PREFIX_LINEAR,SELECT,0,59701,1592
N10000_K1_UNIFORM_1,10000,9500,1,9500,PREFIX_LINEAR,SELECT,1,55200,1592
N10000_K1_UNIFORM_1,10000,9500,1,9500,PREFIX_LINEAR,SELECT,2,71599,1592
N10000_K1_UNIFORM_1,10000,9500,1,9500,PREFIX_LINEAR,SELECT,3,66701,1592
N10000_K1_UNIFORM_1,10000,9500,1,9500,PREFIX_LINEAR,SELECT,4,50500,1592
N10000_K1_UNIFORM_1,10000,9500,1,9500,PREFIX_LINEAR,SELECT,5,50200,1592
N10000_K1_UNIFORM_1,10000,9500,1,9500,PREFIX_LINEAR,SELECT,6,60000,1592
N10000_K1_UNIFORM_1,10000,9500,1,9500,PREFIX_LINEAR,SELECT,7,48799,1592
N10000_K1_UNIFORM_1,10000,9500,1,9500,PREFIX_LINEAR,SELECT,8,56300,1592
N10000_K1_UNIFORM_1,10000,9500,1,9500,PREFIX_LINEAR,SELECT,9,104800,1592
N10000_K1_UNIFORM_1,10000,9500,1,9500,PREFIX_LINEAR,SELECT,10,51099,1592
N10000_K1_UNIFORM_1,10000,9500,1,9500,PREFIX_LINEAR,SELECT,11,48100,1592
N10000_K1_UNIFORM_1,10000,9500,1,9500,PREFIX_LINEAR,SELECT,12,57500,1592
N10000_K1_UNIFORM_1,10000,9500,1,9500,PREFIX_LINEAR,SELECT,13,113701,1592
N10000_K1_UNIFORM_1,10000,9500,1,9500,PREFIX_LINEAR,SELECT,14,76500,1592
N10000_K1_UNIFORM_1,10000,9500,1,9500,PREFIX_LINEAR,SELECT,15,58999,1592
N10000_K1_UNIFORM_1,10000,9500,1,9500,PREFIX_LINEAR,SELECT,16,56900,1592
N10000_K1_UNIFORM_1,10000,9500,1,9500,PREFIX_LINEAR,SELECT,17,70000,1592
N10000_K1_UNIFORM_1,10000,9500,1,9500,PREFIX_LINEAR,SELECT,18,63401,1592
N10000_K1_UNIFORM_1,10000,9500,1,9500,PREFIX_LINEAR,SELECT,19,67299,1592
N10000_K1_UNIFORM_1,10000,9500,1,9500,PREFIX_LINEAR,TOTAL,0,5765399,842920
N10000_K1_UNIFORM_1,10000,9500,1,9500,PREFIX_LINEAR,TOTAL,1,5859301,842920
N10000_K1_UNIFORM_1,10000,9500,1,9500,PREFIX_LINEAR,TOTAL,2,5181500,842920
N10000_K1_UNIFORM_1,10000,9500,1,9500,PREFIX_LINEAR,TOTAL,3,4861800,842920
N10000_K1_UNIFORM_1,10000,9500,1,9500,PREFIX_LINEAR,TOTAL,4,4952000,842920
N10000_K1_UNIFORM_1,10000,9500,1,9500,PREFIX_LINEAR,TOTAL,5,4022100,842920
N10000_K1_UNIFORM_1,10000,9500,1,9500,PREFIX_LINEAR,TOTAL,6,6402501,842920
N10000_K1_UNIFORM_1,10000,9500,1,9500,PREFIX_LINEAR,TOTAL,7,5735001,842920
N10000_K1_UNIFORM_1,10000,9500,1,9500,PREFIX_LINEAR,TOTAL,8,5820001,842920
N10000_K1_UNIFORM_1,10000,9500,1,9500,PREFIX_LINEAR,TOTAL,9,5458000,842920
N10000_K1_UNIFORM_1,10000,9500,1,9500,PREFIX_LINEAR,TOTAL,10,5294200,842920
N10000_K1_UNIFORM_1,10000,9500,1,9500,PREFIX_LINEAR,TOTAL,11,5221600,842920
N10000_K1_UNIFORM_1,10000,9500,1,9500,PREFIX_LINEAR,TOTAL,12,5195401,842920
N10000_K1_UNIFORM_1,10000,9500,1,9500,PREFIX_LINEAR,TOTAL,13,5053000,842920
N10000_K1_UNIFORM_1,10000,9500,1,9500,PREFIX_LINEAR,TOTAL,14,3884999,842920
N10000_K1_UNIFORM_1,10000,9500,1,9500,PREFIX_LINEAR,TOTAL,15,3803300,842920
N10000_K1_UNIFORM_1,10000,9500,1,9500,PREFIX_LINEAR,TOTAL,16,5511000,842920
N10000_K1_UNIFORM_1,10000,9500,1,9500,PREFIX_LINEAR,TOTAL,17,4577300,842920
N10000_K1_UNIFORM_1,10000,9500,1,9500,PREFIX_LINEAR,TOTAL,18,4644100,842920
N10000_K1_UNIFORM_1,10000,9500,1,9500,PREFIX_LINEAR,TOTAL,19,5276500,842920
N10000_K1_UNIFORM_1,10000,9500,1,9500,PREFIX_BINARY,NORMALIZE,0,6090700,689264
N10000_K1_UNIFORM_1,10000,9500,1,9500,PREFIX_BINARY,NORMALIZE,1,5327900,689264
N10000_K1_UNIFORM_1,10000,9500,1,9500,PREFIX_BINARY,NORMALIZE,2,5173700,689264
N10000_K1_UNIFORM_1,10000,9500,1,9500,PREFIX_BINARY,NORMALIZE,3,5602401,689264
N10000_K1_UNIFORM_1,10000,9500,1,9500,PREFIX_BINARY,NORMALIZE,4,5458800,689264
N10000_K1_UNIFORM_1,10000,9500,1,9500,PREFIX_BINARY,NORMALIZE,5,4886400,689264
N10000_K1_UNIFORM_1,10000,9500,1,9500,PREFIX_BINARY,NORMALIZE,6,4978501,689264
N10000_K1_UNIFORM_1,10000,9500,1,9500,PREFIX_BINARY,NORMALIZE,7,4911000,689264
N10000_K1_UNIFORM_1,10000,9500,1,9500,PREFIX_BINARY,NORMALIZE,8,5380700,689264
N10000_K1_UNIFORM_1,10000,9500,1,9500,PREFIX_BINARY,NORMALIZE,9,5589200,689264
N10000_K1_UNIFORM_1,10000,9500,1,9500,PREFIX_BINARY,NORMALIZE,10,5153700,689264
N10000_K1_UNIFORM_1,10000,9500,1,9500,PREFIX_BINARY,NORMALIZE,11,5655600,689264
N10000_K1_UNIFORM_1,10000,9500,1,9500,PREFIX_BINARY,NORMALIZE,12,4985900,689264
N10000_K1_UNIFORM_1,10000,9500,1,9500,PREFIX_BINARY,NORMALIZE,13,3787600,689264
N10000_K1_UNIFORM_1,10000,9500,1,9500,PREFIX_BINARY,NORMALIZE,14,3647000,689264
N10000_K1_UNIFORM_1,10000,9500,1,9500,PREFIX_BINARY,NORMALIZE,15,4054300,689264
N10000_K1_UNIFORM_1,10000,9500,1,9500,PREFIX_BINARY,NORMALIZE,16,5221400,689264
N10000_K1_UNIFORM_1,10000,9500,1,9500,PREFIX_BINARY,NORMALIZE,17,4337001,689264
N10000_K1_UNIFORM_1,10000,9500,1,9500,PREFIX_BINARY,NORMALIZE,18,5678200,689264
N10000_K1_UNIFORM_1,10000,9500,1,9500,PREFIX_BINARY,NORMALIZE,19,5340500,689264
N10000_K1_UNIFORM_1,10000,9500,1,9500,PREFIX_BINARY,BUILD,0,51000,152064
N10000_K1_UNIFORM_1,10000,9500,1,9500,PREFIX_BINARY,BUILD,1,56601,152064
N10000_K1_UNIFORM_1,10000,9500,1,9500,PREFIX_BINARY,BUILD,2,35900,152064
N10000_K1_UNIFORM_1,10000,9500,1,9500,PREFIX_BINARY,BUILD,3,49699,152064
N10000_K1_UNIFORM_1,10000,9500,1,9500,PREFIX_BINARY,BUILD,4,62400,152064
N10000_K1_UNIFORM_1,10000,9500,1,9500,PREFIX_BINARY,BUILD,5,58100,152064
N10000_K1_UNIFORM_1,10000,9500,1,9500,PREFIX_BINARY,BUILD,6,51400,152064
N10000_K1_UNIFORM_1,10000,9500,1,9500,PREFIX_BINARY,BUILD,7,49199,152064
N10000_K1_UNIFORM_1,10000,9500,1,9500,PREFIX_BINARY,BUILD,8,34099,152064
N10000_K1_UNIFORM_1,10000,9500,1,9500,PREFIX_BINARY,BUILD,9,63201,152064
N10000_K1_UNIFORM_1,10000,9500,1,9500,PREFIX_BINARY,BUILD,10,32800,152064
N10000_K1_UNIFORM_1,10000,9500,1,9500,PREFIX_BINARY,BUILD,11,36001,152064
N10000_K1_UNIFORM_1,10000,9500,1,9500,PREFIX_BINARY,BUILD,12,52899,152064
N10000_K1_UNIFORM_1,10000,9500,1,9500,PREFIX_BINARY,BUILD,13,31800,152064
N10000_K1_UNIFORM_1,10000,9500,1,9500,PREFIX_BINARY,BUILD,14,55700,152064
N10000_K1_UNIFORM_1,10000,9500,1,9500,PREFIX_BINARY,BUILD,15,50700,152064
N10000_K1_UNIFORM_1,10000,9500,1,9500,PREFIX_BINARY,BUILD,16,49800,152064
N10000_K1_UNIFORM_1,10000,9500,1,9500,PREFIX_BINARY,BUILD,17,55601,152064
N10000_K1_UNIFORM_1,10000,9500,1,9500,PREFIX_BINARY,BUILD,18,49700,152064
N10000_K1_UNIFORM_1,10000,9500,1,9500,PREFIX_BINARY,BUILD,19,51200,152064
N10000_K1_UNIFORM_1,10000,9500,1,9500,PREFIX_BINARY,SELECT,0,17601,1592
N10000_K1_UNIFORM_1,10000,9500,1,9500,PREFIX_BINARY,SELECT,1,57200,1592
N10000_K1_UNIFORM_1,10000,9500,1,9500,PREFIX_BINARY,SELECT,2,81199,1592
N10000_K1_UNIFORM_1,10000,9500,1,9500,PREFIX_BINARY,SELECT,3,51600,1592
N10000_K1_UNIFORM_1,10000,9500,1,9500,PREFIX_BINARY,SELECT,4,41299,1592
N10000_K1_UNIFORM_1,10000,9500,1,9500,PREFIX_BINARY,SELECT,5,23400,1592
N10000_K1_UNIFORM_1,10000,9500,1,9500,PREFIX_BINARY,SELECT,6,17500,1592
N10000_K1_UNIFORM_1,10000,9500,1,9500,PREFIX_BINARY,SELECT,7,55999,1592
N10000_K1_UNIFORM_1,10000,9500,1,9500,PREFIX_BINARY,SELECT,8,54399,1592
N10000_K1_UNIFORM_1,10000,9500,1,9500,PREFIX_BINARY,SELECT,9,57700,1592
N10000_K1_UNIFORM_1,10000,9500,1,9500,PREFIX_BINARY,SELECT,10,60300,1592
N10000_K1_UNIFORM_1,10000,9500,1,9500,PREFIX_BINARY,SELECT,11,90600,1592
N10000_K1_UNIFORM_1,10000,9500,1,9500,PREFIX_BINARY,SELECT,12,62700,1592
N10000_K1_UNIFORM_1,10000,9500,1,9500,PREFIX_BINARY,SELECT,13,50699,1592
N10000_K1_UNIFORM_1,10000,9500,1,9500,PREFIX_BINARY,SELECT,14,47500,1592
N10000_K1_UNIFORM_1,10000,9500,1,9500,PREFIX_BINARY,SELECT,15,64201,1592
N10000_K1_UNIFORM_1,10000,9500,1,9500,PREFIX_BINARY,SELECT,16,43100,1592
N10000_K1_UNIFORM_1,10000,9500,1,9500,PREFIX_BINARY,SELECT,17,42901,1592
N10000_K1_UNIFORM_1,10000,9500,1,9500,PREFIX_BINARY,SELECT,18,58099,1592
N10000_K1_UNIFORM_1,10000,9500,1,9500,PREFIX_BINARY,SELECT,19,32300,1592
N10000_K1_UNIFORM_1,10000,9500,1,9500,PREFIX_BINARY,TOTAL,0,4118899,842920
N10000_K1_UNIFORM_1,10000,9500,1,9500,PREFIX_BINARY,TOTAL,1,4294300,842920
N10000_K1_UNIFORM_1,10000,9500,1,9500,PREFIX_BINARY,TOTAL,2,5403600,842920
N10000_K1_UNIFORM_1,10000,9500,1,9500,PREFIX_BINARY,TOTAL,3,6046099,842920
N10000_K1_UNIFORM_1,10000,9500,1,9500,PREFIX_BINARY,TOTAL,4,5403899,842920
N10000_K1_UNIFORM_1,10000,9500,1,9500,PREFIX_BINARY,TOTAL,5,5751701,842920
N10000_K1_UNIFORM_1,10000,9500,1,9500,PREFIX_BINARY,TOTAL,6,5162501,842920
N10000_K1_UNIFORM_1,10000,9500,1,9500,PREFIX_BINARY,TOTAL,7,4406000,842920
N10000_K1_UNIFORM_1,10000,9500,1,9500,PREFIX_BINARY,TOTAL,8,5702900,842920
N10000_K1_UNIFORM_1,10000,9500,1,9500,PREFIX_BINARY,TOTAL,9,5385301,842920
N10000_K1_UNIFORM_1,10000,9500,1,9500,PREFIX_BINARY,TOTAL,10,4722501,842920
N10000_K1_UNIFORM_1,10000,9500,1,9500,PREFIX_BINARY,TOTAL,11,4483800,842920
N10000_K1_UNIFORM_1,10000,9500,1,9500,PREFIX_BINARY,TOTAL,12,3769000,842920
N10000_K1_UNIFORM_1,10000,9500,1,9500,PREFIX_BINARY,TOTAL,13,5093500,842920
N10000_K1_UNIFORM_1,10000,9500,1,9500,PREFIX_BINARY,TOTAL,14,5686700,842920
N10000_K1_UNIFORM_1,10000,9500,1,9500,PREFIX_BINARY,TOTAL,15,5825300,842920
N10000_K1_UNIFORM_1,10000,9500,1,9500,PREFIX_BINARY,TOTAL,16,5684100,842920
N10000_K1_UNIFORM_1,10000,9500,1,9500,PREFIX_BINARY,TOTAL,17,4998201,842920
N10000_K1_UNIFORM_1,10000,9500,1,9500,PREFIX_BINARY,TOTAL,18,5713600,842920
N10000_K1_UNIFORM_1,10000,9500,1,9500,PREFIX_BINARY,TOTAL,19,6146901,842920
N10000_K1_UNIFORM_1,10000,9500,1,9500,FENWICK,NORMALIZE,0,3703299,689264
N10000_K1_UNIFORM_1,10000,9500,1,9500,FENWICK,NORMALIZE,1,4078201,689264
N10000_K1_UNIFORM_1,10000,9500,1,9500,FENWICK,NORMALIZE,2,5772900,689264
N10000_K1_UNIFORM_1,10000,9500,1,9500,FENWICK,NORMALIZE,3,5921700,689264
N10000_K1_UNIFORM_1,10000,9500,1,9500,FENWICK,NORMALIZE,4,5635001,689264
N10000_K1_UNIFORM_1,10000,9500,1,9500,FENWICK,NORMALIZE,5,5531999,689264
N10000_K1_UNIFORM_1,10000,9500,1,9500,FENWICK,NORMALIZE,6,5548600,689264
N10000_K1_UNIFORM_1,10000,9500,1,9500,FENWICK,NORMALIZE,7,5402600,689264
N10000_K1_UNIFORM_1,10000,9500,1,9500,FENWICK,NORMALIZE,8,5655001,689264
N10000_K1_UNIFORM_1,10000,9500,1,9500,FENWICK,NORMALIZE,9,5634301,689264
N10000_K1_UNIFORM_1,10000,9500,1,9500,FENWICK,NORMALIZE,10,6115500,689264
N10000_K1_UNIFORM_1,10000,9500,1,9500,FENWICK,NORMALIZE,11,5757400,689264
N10000_K1_UNIFORM_1,10000,9500,1,9500,FENWICK,NORMALIZE,12,5614901,689264
N10000_K1_UNIFORM_1,10000,9500,1,9500,FENWICK,NORMALIZE,13,5701700,689264
N10000_K1_UNIFORM_1,10000,9500,1,9500,FENWICK,NORMALIZE,14,5657300,689264
N10000_K1_UNIFORM_1,10000,9500,1,9500,FENWICK,NORMALIZE,15,5673700,689264
N10000_K1_UNIFORM_1,10000,9500,1,9500,FENWICK,NORMALIZE,16,5297300,689264
N10000_K1_UNIFORM_1,10000,9500,1,9500,FENWICK,NORMALIZE,17,5633199,689264
N10000_K1_UNIFORM_1,10000,9500,1,9500,FENWICK,NORMALIZE,18,5582999,689264
N10000_K1_UNIFORM_1,10000,9500,1,9500,FENWICK,NORMALIZE,19,5685600,689264
N10000_K1_UNIFORM_1,10000,9500,1,9500,FENWICK,BUILD,0,153600,152136
N10000_K1_UNIFORM_1,10000,9500,1,9500,FENWICK,BUILD,1,154700,152136
N10000_K1_UNIFORM_1,10000,9500,1,9500,FENWICK,BUILD,2,151099,152136
N10000_K1_UNIFORM_1,10000,9500,1,9500,FENWICK,BUILD,3,150399,152136
N10000_K1_UNIFORM_1,10000,9500,1,9500,FENWICK,BUILD,4,88600,152136
N10000_K1_UNIFORM_1,10000,9500,1,9500,FENWICK,BUILD,5,186100,152136
N10000_K1_UNIFORM_1,10000,9500,1,9500,FENWICK,BUILD,6,148000,152136
N10000_K1_UNIFORM_1,10000,9500,1,9500,FENWICK,BUILD,7,155300,152136
N10000_K1_UNIFORM_1,10000,9500,1,9500,FENWICK,BUILD,8,152301,152136
N10000_K1_UNIFORM_1,10000,9500,1,9500,FENWICK,BUILD,9,174400,152136
N10000_K1_UNIFORM_1,10000,9500,1,9500,FENWICK,BUILD,10,93900,152136
N10000_K1_UNIFORM_1,10000,9500,1,9500,FENWICK,BUILD,11,148501,152136
N10000_K1_UNIFORM_1,10000,9500,1,9500,FENWICK,BUILD,12,148599,152136
N10000_K1_UNIFORM_1,10000,9500,1,9500,FENWICK,BUILD,13,150300,152136
N10000_K1_UNIFORM_1,10000,9500,1,9500,FENWICK,BUILD,14,200900,152136
N10000_K1_UNIFORM_1,10000,9500,1,9500,FENWICK,BUILD,15,162199,152136
N10000_K1_UNIFORM_1,10000,9500,1,9500,FENWICK,BUILD,16,152000,152136
N10000_K1_UNIFORM_1,10000,9500,1,9500,FENWICK,BUILD,17,148000,152136
N10000_K1_UNIFORM_1,10000,9500,1,9500,FENWICK,BUILD,18,153000,152136
N10000_K1_UNIFORM_1,10000,9500,1,9500,FENWICK,BUILD,19,190600,152136
N10000_K1_UNIFORM_1,10000,9500,1,9500,FENWICK,SELECT,0,58200,1592
N10000_K1_UNIFORM_1,10000,9500,1,9500,FENWICK,SELECT,1,37300,1592
N10000_K1_UNIFORM_1,10000,9500,1,9500,FENWICK,SELECT,2,18599,1592
N10000_K1_UNIFORM_1,10000,9500,1,9500,FENWICK,SELECT,3,29800,1592
N10000_K1_UNIFORM_1,10000,9500,1,9500,FENWICK,SELECT,4,26001,1592
N10000_K1_UNIFORM_1,10000,9500,1,9500,FENWICK,SELECT,5,44000,1592
N10000_K1_UNIFORM_1,10000,9500,1,9500,FENWICK,SELECT,6,34101,1592
N10000_K1_UNIFORM_1,10000,9500,1,9500,FENWICK,SELECT,7,63900,1592
N10000_K1_UNIFORM_1,10000,9500,1,9500,FENWICK,SELECT,8,54500,1592
N10000_K1_UNIFORM_1,10000,9500,1,9500,FENWICK,SELECT,9,51800,1592
N10000_K1_UNIFORM_1,10000,9500,1,9500,FENWICK,SELECT,10,79701,1592
N10000_K1_UNIFORM_1,10000,9500,1,9500,FENWICK,SELECT,11,49100,1592
N10000_K1_UNIFORM_1,10000,9500,1,9500,FENWICK,SELECT,12,60500,1592
N10000_K1_UNIFORM_1,10000,9500,1,9500,FENWICK,SELECT,13,48300,1592
N10000_K1_UNIFORM_1,10000,9500,1,9500,FENWICK,SELECT,14,44400,1592
N10000_K1_UNIFORM_1,10000,9500,1,9500,FENWICK,SELECT,15,44500,1592
N10000_K1_UNIFORM_1,10000,9500,1,9500,FENWICK,SELECT,16,74399,1592
N10000_K1_UNIFORM_1,10000,9500,1,9500,FENWICK,SELECT,17,113500,1592
N10000_K1_UNIFORM_1,10000,9500,1,9500,FENWICK,SELECT,18,72500,1592
N10000_K1_UNIFORM_1,10000,9500,1,9500,FENWICK,SELECT,19,27600,1592
N10000_K1_UNIFORM_1,10000,9500,1,9500,FENWICK,TOTAL,0,4954900,842992
N10000_K1_UNIFORM_1,10000,9500,1,9500,FENWICK,TOTAL,1,4620100,842992
N10000_K1_UNIFORM_1,10000,9500,1,9500,FENWICK,TOTAL,2,5703600,842992
N10000_K1_UNIFORM_1,10000,9500,1,9500,FENWICK,TOTAL,3,5167400,842992
N10000_K1_UNIFORM_1,10000,9500,1,9500,FENWICK,TOTAL,4,3896200,842992
N10000_K1_UNIFORM_1,10000,9500,1,9500,FENWICK,TOTAL,5,4875701,842992
N10000_K1_UNIFORM_1,10000,9500,1,9500,FENWICK,TOTAL,6,5789600,842992
N10000_K1_UNIFORM_1,10000,9500,1,9500,FENWICK,TOTAL,7,4474300,842992
N10000_K1_UNIFORM_1,10000,9500,1,9500,FENWICK,TOTAL,8,4754600,842992
N10000_K1_UNIFORM_1,10000,9500,1,9500,FENWICK,TOTAL,9,4517600,842992
N10000_K1_UNIFORM_1,10000,9500,1,9500,FENWICK,TOTAL,10,5956000,842992
N10000_K1_UNIFORM_1,10000,9500,1,9500,FENWICK,TOTAL,11,5973700,842992
N10000_K1_UNIFORM_1,10000,9500,1,9500,FENWICK,TOTAL,12,6291100,842992
N10000_K1_UNIFORM_1,10000,9500,1,9500,FENWICK,TOTAL,13,5996300,842992
N10000_K1_UNIFORM_1,10000,9500,1,9500,FENWICK,TOTAL,14,5811900,842992
N10000_K1_UNIFORM_1,10000,9500,1,9500,FENWICK,TOTAL,15,5292499,842992
N10000_K1_UNIFORM_1,10000,9500,1,9500,FENWICK,TOTAL,16,4464500,842992
N10000_K1_UNIFORM_1,10000,9500,1,9500,FENWICK,TOTAL,17,5762900,842992
N10000_K1_UNIFORM_1,10000,9500,1,9500,FENWICK,TOTAL,18,5207600,842992
N10000_K1_UNIFORM_1,10000,9500,1,9500,FENWICK,TOTAL,19,5918100,842992
N10000_K95_UNIFORM_1,10000,9500,95,9500,TICKET_ARRAY,NORMALIZE,0,4745600,689264
N10000_K95_UNIFORM_1,10000,9500,95,9500,TICKET_ARRAY,NORMALIZE,1,5396700,689264
N10000_K95_UNIFORM_1,10000,9500,95,9500,TICKET_ARRAY,NORMALIZE,2,6150000,689264
N10000_K95_UNIFORM_1,10000,9500,95,9500,TICKET_ARRAY,NORMALIZE,3,5725800,689264
N10000_K95_UNIFORM_1,10000,9500,95,9500,TICKET_ARRAY,NORMALIZE,4,5702500,689264
N10000_K95_UNIFORM_1,10000,9500,95,9500,TICKET_ARRAY,NORMALIZE,5,5777700,689264
N10000_K95_UNIFORM_1,10000,9500,95,9500,TICKET_ARRAY,NORMALIZE,6,5018701,689264
N10000_K95_UNIFORM_1,10000,9500,95,9500,TICKET_ARRAY,NORMALIZE,7,5633700,689264
N10000_K95_UNIFORM_1,10000,9500,95,9500,TICKET_ARRAY,NORMALIZE,8,5652500,689264
N10000_K95_UNIFORM_1,10000,9500,95,9500,TICKET_ARRAY,NORMALIZE,9,5592500,689264
N10000_K95_UNIFORM_1,10000,9500,95,9500,TICKET_ARRAY,NORMALIZE,10,5421699,689264
N10000_K95_UNIFORM_1,10000,9500,95,9500,TICKET_ARRAY,NORMALIZE,11,5346300,689264
N10000_K95_UNIFORM_1,10000,9500,95,9500,TICKET_ARRAY,NORMALIZE,12,5664600,689264
N10000_K95_UNIFORM_1,10000,9500,95,9500,TICKET_ARRAY,NORMALIZE,13,5689099,689264
N10000_K95_UNIFORM_1,10000,9500,95,9500,TICKET_ARRAY,NORMALIZE,14,5078699,689264
N10000_K95_UNIFORM_1,10000,9500,95,9500,TICKET_ARRAY,NORMALIZE,15,5662900,689264
N10000_K95_UNIFORM_1,10000,9500,95,9500,TICKET_ARRAY,NORMALIZE,16,5686600,689264
N10000_K95_UNIFORM_1,10000,9500,95,9500,TICKET_ARRAY,NORMALIZE,17,5888500,689264
N10000_K95_UNIFORM_1,10000,9500,95,9500,TICKET_ARRAY,NORMALIZE,18,4928700,689264
N10000_K95_UNIFORM_1,10000,9500,95,9500,TICKET_ARRAY,NORMALIZE,19,3992399,689264
N10000_K95_UNIFORM_1,10000,9500,95,9500,TICKET_ARRAY,BUILD,0,138400,38040
N10000_K95_UNIFORM_1,10000,9500,95,9500,TICKET_ARRAY,BUILD,1,139100,38040
N10000_K95_UNIFORM_1,10000,9500,95,9500,TICKET_ARRAY,BUILD,2,136600,38040
N10000_K95_UNIFORM_1,10000,9500,95,9500,TICKET_ARRAY,BUILD,3,134499,38040
N10000_K95_UNIFORM_1,10000,9500,95,9500,TICKET_ARRAY,BUILD,4,135400,38040
N10000_K95_UNIFORM_1,10000,9500,95,9500,TICKET_ARRAY,BUILD,5,83500,38040
N10000_K95_UNIFORM_1,10000,9500,95,9500,TICKET_ARRAY,BUILD,6,86300,38040
N10000_K95_UNIFORM_1,10000,9500,95,9500,TICKET_ARRAY,BUILD,7,83600,38040
N10000_K95_UNIFORM_1,10000,9500,95,9500,TICKET_ARRAY,BUILD,8,80301,38040
N10000_K95_UNIFORM_1,10000,9500,95,9500,TICKET_ARRAY,BUILD,9,82000,38040
N10000_K95_UNIFORM_1,10000,9500,95,9500,TICKET_ARRAY,BUILD,10,79300,38040
N10000_K95_UNIFORM_1,10000,9500,95,9500,TICKET_ARRAY,BUILD,11,131700,38040
N10000_K95_UNIFORM_1,10000,9500,95,9500,TICKET_ARRAY,BUILD,12,81499,38040
N10000_K95_UNIFORM_1,10000,9500,95,9500,TICKET_ARRAY,BUILD,13,84800,38040
N10000_K95_UNIFORM_1,10000,9500,95,9500,TICKET_ARRAY,BUILD,14,82799,38040
N10000_K95_UNIFORM_1,10000,9500,95,9500,TICKET_ARRAY,BUILD,15,130700,38040
N10000_K95_UNIFORM_1,10000,9500,95,9500,TICKET_ARRAY,BUILD,16,182399,38040
N10000_K95_UNIFORM_1,10000,9500,95,9500,TICKET_ARRAY,BUILD,17,138500,38040
N10000_K95_UNIFORM_1,10000,9500,95,9500,TICKET_ARRAY,BUILD,18,83699,38040
N10000_K95_UNIFORM_1,10000,9500,95,9500,TICKET_ARRAY,BUILD,19,81701,38040
N10000_K95_UNIFORM_1,10000,9500,95,9500,TICKET_ARRAY,SELECT,0,1034500,17568
N10000_K95_UNIFORM_1,10000,9500,95,9500,TICKET_ARRAY,SELECT,1,1108800,17568
N10000_K95_UNIFORM_1,10000,9500,95,9500,TICKET_ARRAY,SELECT,2,804000,17568
N10000_K95_UNIFORM_1,10000,9500,95,9500,TICKET_ARRAY,SELECT,3,1080200,17568
N10000_K95_UNIFORM_1,10000,9500,95,9500,TICKET_ARRAY,SELECT,4,1107200,17568
N10000_K95_UNIFORM_1,10000,9500,95,9500,TICKET_ARRAY,SELECT,5,1096400,17568
N10000_K95_UNIFORM_1,10000,9500,95,9500,TICKET_ARRAY,SELECT,6,1115101,17568
N10000_K95_UNIFORM_1,10000,9500,95,9500,TICKET_ARRAY,SELECT,7,1130300,17568
N10000_K95_UNIFORM_1,10000,9500,95,9500,TICKET_ARRAY,SELECT,8,1129100,17568
N10000_K95_UNIFORM_1,10000,9500,95,9500,TICKET_ARRAY,SELECT,9,1223900,17568
N10000_K95_UNIFORM_1,10000,9500,95,9500,TICKET_ARRAY,SELECT,10,1118700,17568
N10000_K95_UNIFORM_1,10000,9500,95,9500,TICKET_ARRAY,SELECT,11,1117300,17568
N10000_K95_UNIFORM_1,10000,9500,95,9500,TICKET_ARRAY,SELECT,12,1123500,17568
N10000_K95_UNIFORM_1,10000,9500,95,9500,TICKET_ARRAY,SELECT,13,1124100,17568
N10000_K95_UNIFORM_1,10000,9500,95,9500,TICKET_ARRAY,SELECT,14,1107100,17568
N10000_K95_UNIFORM_1,10000,9500,95,9500,TICKET_ARRAY,SELECT,15,1122100,17568
N10000_K95_UNIFORM_1,10000,9500,95,9500,TICKET_ARRAY,SELECT,16,1112000,17568
N10000_K95_UNIFORM_1,10000,9500,95,9500,TICKET_ARRAY,SELECT,17,1102701,17568
N10000_K95_UNIFORM_1,10000,9500,95,9500,TICKET_ARRAY,SELECT,18,592899,17568
N10000_K95_UNIFORM_1,10000,9500,95,9500,TICKET_ARRAY,SELECT,19,785899,17568
N10000_K95_UNIFORM_1,10000,9500,95,9500,TICKET_ARRAY,TOTAL,0,6902900,744872
N10000_K95_UNIFORM_1,10000,9500,95,9500,TICKET_ARRAY,TOTAL,1,5546599,744872
N10000_K95_UNIFORM_1,10000,9500,95,9500,TICKET_ARRAY,TOTAL,2,7163200,744872
N10000_K95_UNIFORM_1,10000,9500,95,9500,TICKET_ARRAY,TOTAL,3,5554599,744872
N10000_K95_UNIFORM_1,10000,9500,95,9500,TICKET_ARRAY,TOTAL,4,5877599,744872
N10000_K95_UNIFORM_1,10000,9500,95,9500,TICKET_ARRAY,TOTAL,5,7014201,744872
N10000_K95_UNIFORM_1,10000,9500,95,9500,TICKET_ARRAY,TOTAL,6,6548900,744872
N10000_K95_UNIFORM_1,10000,9500,95,9500,TICKET_ARRAY,TOTAL,7,7101800,744872
N10000_K95_UNIFORM_1,10000,9500,95,9500,TICKET_ARRAY,TOTAL,8,6175901,744872
N10000_K95_UNIFORM_1,10000,9500,95,9500,TICKET_ARRAY,TOTAL,9,6978800,744872
N10000_K95_UNIFORM_1,10000,9500,95,9500,TICKET_ARRAY,TOTAL,10,7134899,744872
N10000_K95_UNIFORM_1,10000,9500,95,9500,TICKET_ARRAY,TOTAL,11,6052400,744872
N10000_K95_UNIFORM_1,10000,9500,95,9500,TICKET_ARRAY,TOTAL,12,7211799,744872
N10000_K95_UNIFORM_1,10000,9500,95,9500,TICKET_ARRAY,TOTAL,13,6839201,744872
N10000_K95_UNIFORM_1,10000,9500,95,9500,TICKET_ARRAY,TOTAL,14,6979800,744872
N10000_K95_UNIFORM_1,10000,9500,95,9500,TICKET_ARRAY,TOTAL,15,6788300,744872
N10000_K95_UNIFORM_1,10000,9500,95,9500,TICKET_ARRAY,TOTAL,16,5684600,744872
N10000_K95_UNIFORM_1,10000,9500,95,9500,TICKET_ARRAY,TOTAL,17,6772800,744872
N10000_K95_UNIFORM_1,10000,9500,95,9500,TICKET_ARRAY,TOTAL,18,6950400,744872
N10000_K95_UNIFORM_1,10000,9500,95,9500,TICKET_ARRAY,TOTAL,19,6875000,744872
N10000_K95_UNIFORM_1,10000,9500,95,9500,PREFIX_LINEAR,NORMALIZE,0,5291400,689264
N10000_K95_UNIFORM_1,10000,9500,95,9500,PREFIX_LINEAR,NORMALIZE,1,5980801,689264
N10000_K95_UNIFORM_1,10000,9500,95,9500,PREFIX_LINEAR,NORMALIZE,2,5563300,689264
N10000_K95_UNIFORM_1,10000,9500,95,9500,PREFIX_LINEAR,NORMALIZE,3,5838300,689264
N10000_K95_UNIFORM_1,10000,9500,95,9500,PREFIX_LINEAR,NORMALIZE,4,5663700,689264
N10000_K95_UNIFORM_1,10000,9500,95,9500,PREFIX_LINEAR,NORMALIZE,5,5778000,689264
N10000_K95_UNIFORM_1,10000,9500,95,9500,PREFIX_LINEAR,NORMALIZE,6,5489100,689264
N10000_K95_UNIFORM_1,10000,9500,95,9500,PREFIX_LINEAR,NORMALIZE,7,5536599,689264
N10000_K95_UNIFORM_1,10000,9500,95,9500,PREFIX_LINEAR,NORMALIZE,8,5454701,689264
N10000_K95_UNIFORM_1,10000,9500,95,9500,PREFIX_LINEAR,NORMALIZE,9,4803799,689264
N10000_K95_UNIFORM_1,10000,9500,95,9500,PREFIX_LINEAR,NORMALIZE,10,4840600,689264
N10000_K95_UNIFORM_1,10000,9500,95,9500,PREFIX_LINEAR,NORMALIZE,11,5507500,689264
N10000_K95_UNIFORM_1,10000,9500,95,9500,PREFIX_LINEAR,NORMALIZE,12,4911200,689264
N10000_K95_UNIFORM_1,10000,9500,95,9500,PREFIX_LINEAR,NORMALIZE,13,5090099,689264
N10000_K95_UNIFORM_1,10000,9500,95,9500,PREFIX_LINEAR,NORMALIZE,14,5968400,689264
N10000_K95_UNIFORM_1,10000,9500,95,9500,PREFIX_LINEAR,NORMALIZE,15,5487601,689264
N10000_K95_UNIFORM_1,10000,9500,95,9500,PREFIX_LINEAR,NORMALIZE,16,5235700,689264
N10000_K95_UNIFORM_1,10000,9500,95,9500,PREFIX_LINEAR,NORMALIZE,17,5396201,689264
N10000_K95_UNIFORM_1,10000,9500,95,9500,PREFIX_LINEAR,NORMALIZE,18,4963700,689264
N10000_K95_UNIFORM_1,10000,9500,95,9500,PREFIX_LINEAR,NORMALIZE,19,5768900,689264
N10000_K95_UNIFORM_1,10000,9500,95,9500,PREFIX_LINEAR,BUILD,0,55001,152064
N10000_K95_UNIFORM_1,10000,9500,95,9500,PREFIX_LINEAR,BUILD,1,49899,152064
N10000_K95_UNIFORM_1,10000,9500,95,9500,PREFIX_LINEAR,BUILD,2,36199,152064
N10000_K95_UNIFORM_1,10000,9500,95,9500,PREFIX_LINEAR,BUILD,3,56500,152064
N10000_K95_UNIFORM_1,10000,9500,95,9500,PREFIX_LINEAR,BUILD,4,50500,152064
N10000_K95_UNIFORM_1,10000,9500,95,9500,PREFIX_LINEAR,BUILD,5,50300,152064
N10000_K95_UNIFORM_1,10000,9500,95,9500,PREFIX_LINEAR,BUILD,6,44400,152064
N10000_K95_UNIFORM_1,10000,9500,95,9500,PREFIX_LINEAR,BUILD,7,53200,152064
N10000_K95_UNIFORM_1,10000,9500,95,9500,PREFIX_LINEAR,BUILD,8,72100,152064
N10000_K95_UNIFORM_1,10000,9500,95,9500,PREFIX_LINEAR,BUILD,9,47000,152064
N10000_K95_UNIFORM_1,10000,9500,95,9500,PREFIX_LINEAR,BUILD,10,49999,152064
N10000_K95_UNIFORM_1,10000,9500,95,9500,PREFIX_LINEAR,BUILD,11,97300,152064
N10000_K95_UNIFORM_1,10000,9500,95,9500,PREFIX_LINEAR,BUILD,12,51899,152064
N10000_K95_UNIFORM_1,10000,9500,95,9500,PREFIX_LINEAR,BUILD,13,77800,152064
N10000_K95_UNIFORM_1,10000,9500,95,9500,PREFIX_LINEAR,BUILD,14,51299,152064
N10000_K95_UNIFORM_1,10000,9500,95,9500,PREFIX_LINEAR,BUILD,15,51900,152064
N10000_K95_UNIFORM_1,10000,9500,95,9500,PREFIX_LINEAR,BUILD,16,63399,152064
N10000_K95_UNIFORM_1,10000,9500,95,9500,PREFIX_LINEAR,BUILD,17,39300,152064
N10000_K95_UNIFORM_1,10000,9500,95,9500,PREFIX_LINEAR,BUILD,18,33099,152064
N10000_K95_UNIFORM_1,10000,9500,95,9500,PREFIX_LINEAR,BUILD,19,51201,152064
N10000_K95_UNIFORM_1,10000,9500,95,9500,PREFIX_LINEAR,SELECT,0,590700,17568
N10000_K95_UNIFORM_1,10000,9500,95,9500,PREFIX_LINEAR,SELECT,1,584999,17568
N10000_K95_UNIFORM_1,10000,9500,95,9500,PREFIX_LINEAR,SELECT,2,634500,17568
N10000_K95_UNIFORM_1,10000,9500,95,9500,PREFIX_LINEAR,SELECT,3,578999,17568
N10000_K95_UNIFORM_1,10000,9500,95,9500,PREFIX_LINEAR,SELECT,4,524200,17568
N10000_K95_UNIFORM_1,10000,9500,95,9500,PREFIX_LINEAR,SELECT,5,522599,17568
N10000_K95_UNIFORM_1,10000,9500,95,9500,PREFIX_LINEAR,SELECT,6,575500,17568
N10000_K95_UNIFORM_1,10000,9500,95,9500,PREFIX_LINEAR,SELECT,7,356600,17568
N10000_K95_UNIFORM_1,10000,9500,95,9500,PREFIX_LINEAR,SELECT,8,601300,17568
N10000_K95_UNIFORM_1,10000,9500,95,9500,PREFIX_LINEAR,SELECT,9,679900,17568
N10000_K95_UNIFORM_1,10000,9500,95,9500,PREFIX_LINEAR,SELECT,10,568499,17568
N10000_K95_UNIFORM_1,10000,9500,95,9500,PREFIX_LINEAR,SELECT,11,318599,17568
N10000_K95_UNIFORM_1,10000,9500,95,9500,PREFIX_LINEAR,SELECT,12,565900,17568
N10000_K95_UNIFORM_1,10000,9500,95,9500,PREFIX_LINEAR,SELECT,13,573200,17568
N10000_K95_UNIFORM_1,10000,9500,95,9500,PREFIX_LINEAR,SELECT,14,583100,17568
N10000_K95_UNIFORM_1,10000,9500,95,9500,PREFIX_LINEAR,SELECT,15,565400,17568
N10000_K95_UNIFORM_1,10000,9500,95,9500,PREFIX_LINEAR,SELECT,16,563500,17568
N10000_K95_UNIFORM_1,10000,9500,95,9500,PREFIX_LINEAR,SELECT,17,305700,17568
N10000_K95_UNIFORM_1,10000,9500,95,9500,PREFIX_LINEAR,SELECT,18,569100,17568
N10000_K95_UNIFORM_1,10000,9500,95,9500,PREFIX_LINEAR,SELECT,19,308401,17568
N10000_K95_UNIFORM_1,10000,9500,95,9500,PREFIX_LINEAR,TOTAL,0,6093300,858896
N10000_K95_UNIFORM_1,10000,9500,95,9500,PREFIX_LINEAR,TOTAL,1,6129900,858896
N10000_K95_UNIFORM_1,10000,9500,95,9500,PREFIX_LINEAR,TOTAL,2,4844200,858896
N10000_K95_UNIFORM_1,10000,9500,95,9500,PREFIX_LINEAR,TOTAL,3,6422700,858896
N10000_K95_UNIFORM_1,10000,9500,95,9500,PREFIX_LINEAR,TOTAL,4,5727700,858896
N10000_K95_UNIFORM_1,10000,9500,95,9500,PREFIX_LINEAR,TOTAL,5,5993701,858896
N10000_K95_UNIFORM_1,10000,9500,95,9500,PREFIX_LINEAR,TOTAL,6,6071800,858896
N10000_K95_UNIFORM_1,10000,9500,95,9500,PREFIX_LINEAR,TOTAL,7,6562700,858896
N10000_K95_UNIFORM_1,10000,9500,95,9500,PREFIX_LINEAR,TOTAL,8,6371201,858896
N10000_K95_UNIFORM_1,10000,9500,95,9500,PREFIX_LINEAR,TOTAL,9,7149099,858896
N10000_K95_UNIFORM_1,10000,9500,95,9500,PREFIX_LINEAR,TOTAL,10,4082000,858896
N10000_K95_UNIFORM_1,10000,9500,95,9500,PREFIX_LINEAR,TOTAL,11,4189200,858896
N10000_K95_UNIFORM_1,10000,9500,95,9500,PREFIX_LINEAR,TOTAL,12,5272800,858896
N10000_K95_UNIFORM_1,10000,9500,95,9500,PREFIX_LINEAR,TOTAL,13,5644800,858896
N10000_K95_UNIFORM_1,10000,9500,95,9500,PREFIX_LINEAR,TOTAL,14,6000800,858896
N10000_K95_UNIFORM_1,10000,9500,95,9500,PREFIX_LINEAR,TOTAL,15,6102600,858896
N10000_K95_UNIFORM_1,10000,9500,95,9500,PREFIX_LINEAR,TOTAL,16,5819300,858896
N10000_K95_UNIFORM_1,10000,9500,95,9500,PREFIX_LINEAR,TOTAL,17,5710700,858896
N10000_K95_UNIFORM_1,10000,9500,95,9500,PREFIX_LINEAR,TOTAL,18,5890299,858896
N10000_K95_UNIFORM_1,10000,9500,95,9500,PREFIX_LINEAR,TOTAL,19,6039100,858896
N10000_K95_UNIFORM_1,10000,9500,95,9500,PREFIX_BINARY,NORMALIZE,0,5455599,689264
N10000_K95_UNIFORM_1,10000,9500,95,9500,PREFIX_BINARY,NORMALIZE,1,5577400,689264
N10000_K95_UNIFORM_1,10000,9500,95,9500,PREFIX_BINARY,NORMALIZE,2,3825999,689264
N10000_K95_UNIFORM_1,10000,9500,95,9500,PREFIX_BINARY,NORMALIZE,3,5202000,689264
N10000_K95_UNIFORM_1,10000,9500,95,9500,PREFIX_BINARY,NORMALIZE,4,5530499,689264
N10000_K95_UNIFORM_1,10000,9500,95,9500,PREFIX_BINARY,NORMALIZE,5,5684901,689264
N10000_K95_UNIFORM_1,10000,9500,95,9500,PREFIX_BINARY,NORMALIZE,6,5545100,689264
N10000_K95_UNIFORM_1,10000,9500,95,9500,PREFIX_BINARY,NORMALIZE,7,5588000,689264
N10000_K95_UNIFORM_1,10000,9500,95,9500,PREFIX_BINARY,NORMALIZE,8,5690899,689264
N10000_K95_UNIFORM_1,10000,9500,95,9500,PREFIX_BINARY,NORMALIZE,9,5561799,689264
N10000_K95_UNIFORM_1,10000,9500,95,9500,PREFIX_BINARY,NORMALIZE,10,5171801,689264
N10000_K95_UNIFORM_1,10000,9500,95,9500,PREFIX_BINARY,NORMALIZE,11,4978699,689264
N10000_K95_UNIFORM_1,10000,9500,95,9500,PREFIX_BINARY,NORMALIZE,12,5379500,689264
N10000_K95_UNIFORM_1,10000,9500,95,9500,PREFIX_BINARY,NORMALIZE,13,5313100,689264
N10000_K95_UNIFORM_1,10000,9500,95,9500,PREFIX_BINARY,NORMALIZE,14,5473200,689264
N10000_K95_UNIFORM_1,10000,9500,95,9500,PREFIX_BINARY,NORMALIZE,15,5512600,689264
N10000_K95_UNIFORM_1,10000,9500,95,9500,PREFIX_BINARY,NORMALIZE,16,5672300,689264
N10000_K95_UNIFORM_1,10000,9500,95,9500,PREFIX_BINARY,NORMALIZE,17,5293099,689264
N10000_K95_UNIFORM_1,10000,9500,95,9500,PREFIX_BINARY,NORMALIZE,18,5768700,689264
N10000_K95_UNIFORM_1,10000,9500,95,9500,PREFIX_BINARY,NORMALIZE,19,5646400,689264
N10000_K95_UNIFORM_1,10000,9500,95,9500,PREFIX_BINARY,BUILD,0,64100,152064
N10000_K95_UNIFORM_1,10000,9500,95,9500,PREFIX_BINARY,BUILD,1,54300,152064
N10000_K95_UNIFORM_1,10000,9500,95,9500,PREFIX_BINARY,BUILD,2,52400,152064
N10000_K95_UNIFORM_1,10000,9500,95,9500,PREFIX_BINARY,BUILD,3,34601,152064
N10000_K95_UNIFORM_1,10000,9500,95,9500,PREFIX_BINARY,BUILD,4,39000,152064
N10000_K95_UNIFORM_1,10000,9500,95,9500,PREFIX_BINARY,BUILD,5,65399,152064
N10000_K95_UNIFORM_1,10000,9500,95,9500,PREFIX_BINARY,BUILD,6,49701,152064
N10000_K95_UNIFORM_1,10000,9500,95,9500,PREFIX_BINARY,BUILD,7,50600,152064
N10000_K95_UNIFORM_1,10000,9500,95,9500,PREFIX_BINARY,BUILD,8,38701,152064
N10000_K95_UNIFORM_1,10000,9500,95,9500,PREFIX_BINARY,BUILD,9,34300,152064
N10000_K95_UNIFORM_1,10000,9500,95,9500,PREFIX_BINARY,BUILD,10,50199,152064
N10000_K95_UNIFORM_1,10000,9500,95,9500,PREFIX_BINARY,BUILD,11,67601,152064
N10000_K95_UNIFORM_1,10000,9500,95,9500,PREFIX_BINARY,BUILD,12,49800,152064
N10000_K95_UNIFORM_1,10000,9500,95,9500,PREFIX_BINARY,BUILD,13,54899,152064
N10000_K95_UNIFORM_1,10000,9500,95,9500,PREFIX_BINARY,BUILD,14,42901,152064
N10000_K95_UNIFORM_1,10000,9500,95,9500,PREFIX_BINARY,BUILD,15,55200,152064
N10000_K95_UNIFORM_1,10000,9500,95,9500,PREFIX_BINARY,BUILD,16,63499,152064
N10000_K95_UNIFORM_1,10000,9500,95,9500,PREFIX_BINARY,BUILD,17,37000,152064
N10000_K95_UNIFORM_1,10000,9500,95,9500,PREFIX_BINARY,BUILD,18,58599,152064
N10000_K95_UNIFORM_1,10000,9500,95,9500,PREFIX_BINARY,BUILD,19,79800,152064
N10000_K95_UNIFORM_1,10000,9500,95,9500,PREFIX_BINARY,SELECT,0,154200,17568
N10000_K95_UNIFORM_1,10000,9500,95,9500,PREFIX_BINARY,SELECT,1,192100,17568
N10000_K95_UNIFORM_1,10000,9500,95,9500,PREFIX_BINARY,SELECT,2,212800,17568
N10000_K95_UNIFORM_1,10000,9500,95,9500,PREFIX_BINARY,SELECT,3,135800,17568
N10000_K95_UNIFORM_1,10000,9500,95,9500,PREFIX_BINARY,SELECT,4,149800,17568
N10000_K95_UNIFORM_1,10000,9500,95,9500,PREFIX_BINARY,SELECT,5,121900,17568
N10000_K95_UNIFORM_1,10000,9500,95,9500,PREFIX_BINARY,SELECT,6,198300,17568
N10000_K95_UNIFORM_1,10000,9500,95,9500,PREFIX_BINARY,SELECT,7,130200,17568
N10000_K95_UNIFORM_1,10000,9500,95,9500,PREFIX_BINARY,SELECT,8,186400,17568
N10000_K95_UNIFORM_1,10000,9500,95,9500,PREFIX_BINARY,SELECT,9,207800,17568
N10000_K95_UNIFORM_1,10000,9500,95,9500,PREFIX_BINARY,SELECT,10,245701,17568
N10000_K95_UNIFORM_1,10000,9500,95,9500,PREFIX_BINARY,SELECT,11,220500,17568
N10000_K95_UNIFORM_1,10000,9500,95,9500,PREFIX_BINARY,SELECT,12,265099,17568
N10000_K95_UNIFORM_1,10000,9500,95,9500,PREFIX_BINARY,SELECT,13,202601,17568
N10000_K95_UNIFORM_1,10000,9500,95,9500,PREFIX_BINARY,SELECT,14,217799,17568
N10000_K95_UNIFORM_1,10000,9500,95,9500,PREFIX_BINARY,SELECT,15,272800,17568
N10000_K95_UNIFORM_1,10000,9500,95,9500,PREFIX_BINARY,SELECT,16,218700,17568
N10000_K95_UNIFORM_1,10000,9500,95,9500,PREFIX_BINARY,SELECT,17,206100,17568
N10000_K95_UNIFORM_1,10000,9500,95,9500,PREFIX_BINARY,SELECT,18,202000,17568
N10000_K95_UNIFORM_1,10000,9500,95,9500,PREFIX_BINARY,SELECT,19,206600,17568
N10000_K95_UNIFORM_1,10000,9500,95,9500,PREFIX_BINARY,TOTAL,0,5822700,858896
N10000_K95_UNIFORM_1,10000,9500,95,9500,PREFIX_BINARY,TOTAL,1,4965301,858896
N10000_K95_UNIFORM_1,10000,9500,95,9500,PREFIX_BINARY,TOTAL,2,3789600,858896
N10000_K95_UNIFORM_1,10000,9500,95,9500,PREFIX_BINARY,TOTAL,3,3752700,858896
N10000_K95_UNIFORM_1,10000,9500,95,9500,PREFIX_BINARY,TOTAL,4,4225700,858896
N10000_K95_UNIFORM_1,10000,9500,95,9500,PREFIX_BINARY,TOTAL,5,4314001,858896
N10000_K95_UNIFORM_1,10000,9500,95,9500,PREFIX_BINARY,TOTAL,6,3787900,858896
N10000_K95_UNIFORM_1,10000,9500,95,9500,PREFIX_BINARY,TOTAL,7,6113800,858896
N10000_K95_UNIFORM_1,10000,9500,95,9500,PREFIX_BINARY,TOTAL,8,5950099,858896
N10000_K95_UNIFORM_1,10000,9500,95,9500,PREFIX_BINARY,TOTAL,9,5865901,858896
N10000_K95_UNIFORM_1,10000,9500,95,9500,PREFIX_BINARY,TOTAL,10,5786200,858896
N10000_K95_UNIFORM_1,10000,9500,95,9500,PREFIX_BINARY,TOTAL,11,5069999,858896
N10000_K95_UNIFORM_1,10000,9500,95,9500,PREFIX_BINARY,TOTAL,12,5870500,858896
N10000_K95_UNIFORM_1,10000,9500,95,9500,PREFIX_BINARY,TOTAL,13,5670800,858896
N10000_K95_UNIFORM_1,10000,9500,95,9500,PREFIX_BINARY,TOTAL,14,6055401,858896
N10000_K95_UNIFORM_1,10000,9500,95,9500,PREFIX_BINARY,TOTAL,15,5414300,858896
N10000_K95_UNIFORM_1,10000,9500,95,9500,PREFIX_BINARY,TOTAL,16,5803800,858896
N10000_K95_UNIFORM_1,10000,9500,95,9500,PREFIX_BINARY,TOTAL,17,5714200,858896
N10000_K95_UNIFORM_1,10000,9500,95,9500,PREFIX_BINARY,TOTAL,18,6053200,858896
N10000_K95_UNIFORM_1,10000,9500,95,9500,PREFIX_BINARY,TOTAL,19,5768500,858896
N10000_K95_UNIFORM_1,10000,9500,95,9500,FENWICK,NORMALIZE,0,5707900,689264
N10000_K95_UNIFORM_1,10000,9500,95,9500,FENWICK,NORMALIZE,1,6095900,689264
N10000_K95_UNIFORM_1,10000,9500,95,9500,FENWICK,NORMALIZE,2,4956201,689264
N10000_K95_UNIFORM_1,10000,9500,95,9500,FENWICK,NORMALIZE,3,5562200,689264
N10000_K95_UNIFORM_1,10000,9500,95,9500,FENWICK,NORMALIZE,4,5642801,689264
N10000_K95_UNIFORM_1,10000,9500,95,9500,FENWICK,NORMALIZE,5,5480400,689264
N10000_K95_UNIFORM_1,10000,9500,95,9500,FENWICK,NORMALIZE,6,5808101,689264
N10000_K95_UNIFORM_1,10000,9500,95,9500,FENWICK,NORMALIZE,7,4974700,689264
N10000_K95_UNIFORM_1,10000,9500,95,9500,FENWICK,NORMALIZE,8,5681300,689264
N10000_K95_UNIFORM_1,10000,9500,95,9500,FENWICK,NORMALIZE,9,5702500,689264
N10000_K95_UNIFORM_1,10000,9500,95,9500,FENWICK,NORMALIZE,10,5474701,689264
N10000_K95_UNIFORM_1,10000,9500,95,9500,FENWICK,NORMALIZE,11,5493100,689264
N10000_K95_UNIFORM_1,10000,9500,95,9500,FENWICK,NORMALIZE,12,5873600,689264
N10000_K95_UNIFORM_1,10000,9500,95,9500,FENWICK,NORMALIZE,13,5155500,689264
N10000_K95_UNIFORM_1,10000,9500,95,9500,FENWICK,NORMALIZE,14,5071701,689264
N10000_K95_UNIFORM_1,10000,9500,95,9500,FENWICK,NORMALIZE,15,4926799,689264
N10000_K95_UNIFORM_1,10000,9500,95,9500,FENWICK,NORMALIZE,16,5645500,689264
N10000_K95_UNIFORM_1,10000,9500,95,9500,FENWICK,NORMALIZE,17,5644000,689264
N10000_K95_UNIFORM_1,10000,9500,95,9500,FENWICK,NORMALIZE,18,5944500,689264
N10000_K95_UNIFORM_1,10000,9500,95,9500,FENWICK,NORMALIZE,19,4712699,689264
N10000_K95_UNIFORM_1,10000,9500,95,9500,FENWICK,BUILD,0,157901,152136
N10000_K95_UNIFORM_1,10000,9500,95,9500,FENWICK,BUILD,1,145800,152136
N10000_K95_UNIFORM_1,10000,9500,95,9500,FENWICK,BUILD,2,104900,152136
N10000_K95_UNIFORM_1,10000,9500,95,9500,FENWICK,BUILD,3,151101,152136
N10000_K95_UNIFORM_1,10000,9500,95,9500,FENWICK,BUILD,4,215900,152136
N10000_K95_UNIFORM_1,10000,9500,95,9500,FENWICK,BUILD,5,163301,152136
N10000_K95_UNIFORM_1,10000,9500,95,9500,FENWICK,BUILD,6,151900,152136
N10000_K95_UNIFORM_1,10000,9500,95,9500,FENWICK,BUILD,7,154399,152136
N10000_K95_UNIFORM_1,10000,9500,95,9500,FENWICK,BUILD,8,151500,152136
N10000_K95_UNIFORM_1,10000,9500,95,9500,FENWICK,BUILD,9,152600,152136
N10000_K95_UNIFORM_1,10000,9500,95,9500,FENWICK,BUILD,10,110000,152136
N10000_K95_UNIFORM_1,10000,9500,95,9500,FENWICK,BUILD,11,152101,152136
N10000_K95_UNIFORM_1,10000,9500,95,9500,FENWICK,BUILD,12,188500,152136
N10000_K95_UNIFORM_1,10000,9500,95,9500,FENWICK,BUILD,13,90200,152136
N10000_K95_UNIFORM_1,10000,9500,95,9500,FENWICK,BUILD,14,155000,152136
N10000_K95_UNIFORM_1,10000,9500,95,9500,FENWICK,BUILD,15,154000,152136
N10000_K95_UNIFORM_1,10000,9500,95,9500,FENWICK,BUILD,16,152400,152136
N10000_K95_UNIFORM_1,10000,9500,95,9500,FENWICK,BUILD,17,166000,152136
N10000_K95_UNIFORM_1,10000,9500,95,9500,FENWICK,BUILD,18,218000,152136
N10000_K95_UNIFORM_1,10000,9500,95,9500,FENWICK,BUILD,19,151900,152136
N10000_K95_UNIFORM_1,10000,9500,95,9500,FENWICK,SELECT,0,105500,17568
N10000_K95_UNIFORM_1,10000,9500,95,9500,FENWICK,SELECT,1,115300,17568
N10000_K95_UNIFORM_1,10000,9500,95,9500,FENWICK,SELECT,2,97500,17568
N10000_K95_UNIFORM_1,10000,9500,95,9500,FENWICK,SELECT,3,113100,17568
N10000_K95_UNIFORM_1,10000,9500,95,9500,FENWICK,SELECT,4,151499,17568
N10000_K95_UNIFORM_1,10000,9500,95,9500,FENWICK,SELECT,5,77999,17568
N10000_K95_UNIFORM_1,10000,9500,95,9500,FENWICK,SELECT,6,71600,17568
N10000_K95_UNIFORM_1,10000,9500,95,9500,FENWICK,SELECT,7,82000,17568
N10000_K95_UNIFORM_1,10000,9500,95,9500,FENWICK,SELECT,8,99300,17568
N10000_K95_UNIFORM_1,10000,9500,95,9500,FENWICK,SELECT,9,107700,17568
N10000_K95_UNIFORM_1,10000,9500,95,9500,FENWICK,SELECT,10,107700,17568
N10000_K95_UNIFORM_1,10000,9500,95,9500,FENWICK,SELECT,11,123100,17568
N10000_K95_UNIFORM_1,10000,9500,95,9500,FENWICK,SELECT,12,98099,17568
N10000_K95_UNIFORM_1,10000,9500,95,9500,FENWICK,SELECT,13,107500,17568
N10000_K95_UNIFORM_1,10000,9500,95,9500,FENWICK,SELECT,14,131701,17568
N10000_K95_UNIFORM_1,10000,9500,95,9500,FENWICK,SELECT,15,103600,17568
N10000_K95_UNIFORM_1,10000,9500,95,9500,FENWICK,SELECT,16,119399,17568
N10000_K95_UNIFORM_1,10000,9500,95,9500,FENWICK,SELECT,17,106001,17568
N10000_K95_UNIFORM_1,10000,9500,95,9500,FENWICK,SELECT,18,78400,17568
N10000_K95_UNIFORM_1,10000,9500,95,9500,FENWICK,SELECT,19,80400,17568
N10000_K95_UNIFORM_1,10000,9500,95,9500,FENWICK,TOTAL,0,5428300,858968
N10000_K95_UNIFORM_1,10000,9500,95,9500,FENWICK,TOTAL,1,5854100,859968
N10000_K95_UNIFORM_1,10000,9500,95,9500,FENWICK,TOTAL,2,5865999,858968
N10000_K95_UNIFORM_1,10000,9500,95,9500,FENWICK,TOTAL,3,5945201,858968
N10000_K95_UNIFORM_1,10000,9500,95,9500,FENWICK,TOTAL,4,6038800,858968
N10000_K95_UNIFORM_1,10000,9500,95,9500,FENWICK,TOTAL,5,5481100,858968
N10000_K95_UNIFORM_1,10000,9500,95,9500,FENWICK,TOTAL,6,4580300,858968
N10000_K95_UNIFORM_1,10000,9500,95,9500,FENWICK,TOTAL,7,5648900,858968
N10000_K95_UNIFORM_1,10000,9500,95,9500,FENWICK,TOTAL,8,5956700,858968
N10000_K95_UNIFORM_1,10000,9500,95,9500,FENWICK,TOTAL,9,5445101,858968
N10000_K95_UNIFORM_1,10000,9500,95,9500,FENWICK,TOTAL,10,6164900,858968
N10000_K95_UNIFORM_1,10000,9500,95,9500,FENWICK,TOTAL,11,6134300,858968
N10000_K95_UNIFORM_1,10000,9500,95,9500,FENWICK,TOTAL,12,6186000,858968
N10000_K95_UNIFORM_1,10000,9500,95,9500,FENWICK,TOTAL,13,5789000,858968
N10000_K95_UNIFORM_1,10000,9500,95,9500,FENWICK,TOTAL,14,6388100,858968
N10000_K95_UNIFORM_1,10000,9500,95,9500,FENWICK,TOTAL,15,6048999,858968
N10000_K95_UNIFORM_1,10000,9500,95,9500,FENWICK,TOTAL,16,6220500,858968
N10000_K95_UNIFORM_1,10000,9500,95,9500,FENWICK,TOTAL,17,6008000,858968
N10000_K95_UNIFORM_1,10000,9500,95,9500,FENWICK,TOTAL,18,6023300,858968
N10000_K95_UNIFORM_1,10000,9500,95,9500,FENWICK,TOTAL,19,5914200,858968
N10000_K950_UNIFORM_1,10000,9500,950,9500,TICKET_ARRAY,NORMALIZE,0,5803500,689264
N10000_K950_UNIFORM_1,10000,9500,950,9500,TICKET_ARRAY,NORMALIZE,1,5427500,689264
N10000_K950_UNIFORM_1,10000,9500,950,9500,TICKET_ARRAY,NORMALIZE,2,5404500,689264
N10000_K950_UNIFORM_1,10000,9500,950,9500,TICKET_ARRAY,NORMALIZE,3,5334301,689264
N10000_K950_UNIFORM_1,10000,9500,950,9500,TICKET_ARRAY,NORMALIZE,4,4937800,689264
N10000_K950_UNIFORM_1,10000,9500,950,9500,TICKET_ARRAY,NORMALIZE,5,5618500,689264
N10000_K950_UNIFORM_1,10000,9500,950,9500,TICKET_ARRAY,NORMALIZE,6,5769100,689264
N10000_K950_UNIFORM_1,10000,9500,950,9500,TICKET_ARRAY,NORMALIZE,7,5510500,689264
N10000_K950_UNIFORM_1,10000,9500,950,9500,TICKET_ARRAY,NORMALIZE,8,5303200,689264
N10000_K950_UNIFORM_1,10000,9500,950,9500,TICKET_ARRAY,NORMALIZE,9,3906200,689264
N10000_K950_UNIFORM_1,10000,9500,950,9500,TICKET_ARRAY,NORMALIZE,10,4137100,689264
N10000_K950_UNIFORM_1,10000,9500,950,9500,TICKET_ARRAY,NORMALIZE,11,5602200,689264
N10000_K950_UNIFORM_1,10000,9500,950,9500,TICKET_ARRAY,NORMALIZE,12,3788400,689264
N10000_K950_UNIFORM_1,10000,9500,950,9500,TICKET_ARRAY,NORMALIZE,13,3729700,689264
N10000_K950_UNIFORM_1,10000,9500,950,9500,TICKET_ARRAY,NORMALIZE,14,3934201,689264
N10000_K950_UNIFORM_1,10000,9500,950,9500,TICKET_ARRAY,NORMALIZE,15,3604899,689264
N10000_K950_UNIFORM_1,10000,9500,950,9500,TICKET_ARRAY,NORMALIZE,16,4184000,689264
N10000_K950_UNIFORM_1,10000,9500,950,9500,TICKET_ARRAY,NORMALIZE,17,3722200,689264
N10000_K950_UNIFORM_1,10000,9500,950,9500,TICKET_ARRAY,NORMALIZE,18,3557900,689264
N10000_K950_UNIFORM_1,10000,9500,950,9500,TICKET_ARRAY,NORMALIZE,19,4714100,689264
N10000_K950_UNIFORM_1,10000,9500,950,9500,TICKET_ARRAY,BUILD,0,140000,38040
N10000_K950_UNIFORM_1,10000,9500,950,9500,TICKET_ARRAY,BUILD,1,203700,38040
N10000_K950_UNIFORM_1,10000,9500,950,9500,TICKET_ARRAY,BUILD,2,190001,38040
N10000_K950_UNIFORM_1,10000,9500,950,9500,TICKET_ARRAY,BUILD,3,146500,38040
N10000_K950_UNIFORM_1,10000,9500,950,9500,TICKET_ARRAY,BUILD,4,83200,38040
N10000_K950_UNIFORM_1,10000,9500,950,9500,TICKET_ARRAY,BUILD,5,81501,38040
N10000_K950_UNIFORM_1,10000,9500,950,9500,TICKET_ARRAY,BUILD,6,86800,38040
N10000_K950_UNIFORM_1,10000,9500,950,9500,TICKET_ARRAY,BUILD,7,132100,38040
N10000_K950_UNIFORM_1,10000,9500,950,9500,TICKET_ARRAY,BUILD,8,167199,38040
N10000_K950_UNIFORM_1,10000,9500,950,9500,TICKET_ARRAY,BUILD,9,133999,38040
N10000_K950_UNIFORM_1,10000,9500,950,9500,TICKET_ARRAY,BUILD,10,135801,38040
N10000_K950_UNIFORM_1,10000,9500,950,9500,TICKET_ARRAY,BUILD,11,136101,38040
N10000_K950_UNIFORM_1,10000,9500,950,9500,TICKET_ARRAY,BUILD,12,82900,38040
N10000_K950_UNIFORM_1,10000,9500,950,9500,TICKET_ARRAY,BUILD,13,79600,38040
N10000_K950_UNIFORM_1,10000,9500,950,9500,TICKET_ARRAY,BUILD,14,78800,38040
N10000_K950_UNIFORM_1,10000,9500,950,9500,TICKET_ARRAY,BUILD,15,84200,38040
N10000_K950_UNIFORM_1,10000,9500,950,9500,TICKET_ARRAY,BUILD,16,137900,38040
N10000_K950_UNIFORM_1,10000,9500,950,9500,TICKET_ARRAY,BUILD,17,140600,38040
N10000_K950_UNIFORM_1,10000,9500,950,9500,TICKET_ARRAY,BUILD,18,83600,38040
N10000_K950_UNIFORM_1,10000,9500,950,9500,TICKET_ARRAY,BUILD,19,90701,38040
N10000_K950_UNIFORM_1,10000,9500,950,9500,TICKET_ARRAY,SELECT,0,5657000,189840
N10000_K950_UNIFORM_1,10000,9500,950,9500,TICKET_ARRAY,SELECT,1,9832599,189840
N10000_K950_UNIFORM_1,10000,9500,950,9500,TICKET_ARRAY,SELECT,2,5851301,189840
N10000_K950_UNIFORM_1,10000,9500,950,9500,TICKET_ARRAY,SELECT,3,10271199,189840
N10000_K950_UNIFORM_1,10000,9500,950,9500,TICKET_ARRAY,SELECT,4,10177800,189840
N10000_K950_UNIFORM_1,10000,9500,950,9500,TICKET_ARRAY,SELECT,5,10027500,189840
N10000_K950_UNIFORM_1,10000,9500,950,9500,TICKET_ARRAY,SELECT,6,10229401,189840
N10000_K950_UNIFORM_1,10000,9500,950,9500,TICKET_ARRAY,SELECT,7,9736100,189840
N10000_K950_UNIFORM_1,10000,9500,950,9500,TICKET_ARRAY,SELECT,8,9176901,189840
N10000_K950_UNIFORM_1,10000,9500,950,9500,TICKET_ARRAY,SELECT,9,9417200,189840
N10000_K950_UNIFORM_1,10000,9500,950,9500,TICKET_ARRAY,SELECT,10,6252399,189840
N10000_K950_UNIFORM_1,10000,9500,950,9500,TICKET_ARRAY,SELECT,11,5748100,189840
N10000_K950_UNIFORM_1,10000,9500,950,9500,TICKET_ARRAY,SELECT,12,5377400,189840
N10000_K950_UNIFORM_1,10000,9500,950,9500,TICKET_ARRAY,SELECT,13,10347800,189840
N10000_K950_UNIFORM_1,10000,9500,950,9500,TICKET_ARRAY,SELECT,14,8453700,189840
N10000_K950_UNIFORM_1,10000,9500,950,9500,TICKET_ARRAY,SELECT,15,8811000,189840
N10000_K950_UNIFORM_1,10000,9500,950,9500,TICKET_ARRAY,SELECT,16,9556501,189840
N10000_K950_UNIFORM_1,10000,9500,950,9500,TICKET_ARRAY,SELECT,17,7514100,189840
N10000_K950_UNIFORM_1,10000,9500,950,9500,TICKET_ARRAY,SELECT,18,8546100,189840
N10000_K950_UNIFORM_1,10000,9500,950,9500,TICKET_ARRAY,SELECT,19,8700300,189840
N10000_K950_UNIFORM_1,10000,9500,950,9500,TICKET_ARRAY,TOTAL,0,14157100,917144
N10000_K950_UNIFORM_1,10000,9500,950,9500,TICKET_ARRAY,TOTAL,1,9747300,917144
N10000_K950_UNIFORM_1,10000,9500,950,9500,TICKET_ARRAY,TOTAL,2,14261100,917144
N10000_K950_UNIFORM_1,10000,9500,950,9500,TICKET_ARRAY,TOTAL,3,14957599,917144
N10000_K950_UNIFORM_1,10000,9500,950,9500,TICKET_ARRAY,TOTAL,4,15613199,917144
N10000_K950_UNIFORM_1,10000,9500,950,9500,TICKET_ARRAY,TOTAL,5,15139799,917144
N10000_K950_UNIFORM_1,10000,9500,950,9500,TICKET_ARRAY,TOTAL,6,14639200,917144
N10000_K950_UNIFORM_1,10000,9500,950,9500,TICKET_ARRAY,TOTAL,7,15299701,917144
N10000_K950_UNIFORM_1,10000,9500,950,9500,TICKET_ARRAY,TOTAL,8,10576101,917144
N10000_K950_UNIFORM_1,10000,9500,950,9500,TICKET_ARRAY,TOTAL,9,14936199,917144
N10000_K950_UNIFORM_1,10000,9500,950,9500,TICKET_ARRAY,TOTAL,10,14346201,917144
N10000_K950_UNIFORM_1,10000,9500,950,9500,TICKET_ARRAY,TOTAL,11,15676700,917144
N10000_K950_UNIFORM_1,10000,9500,950,9500,TICKET_ARRAY,TOTAL,12,15763400,917144
N10000_K950_UNIFORM_1,10000,9500,950,9500,TICKET_ARRAY,TOTAL,13,10799000,917144
N10000_K950_UNIFORM_1,10000,9500,950,9500,TICKET_ARRAY,TOTAL,14,15370901,917144
N10000_K950_UNIFORM_1,10000,9500,950,9500,TICKET_ARRAY,TOTAL,15,14689500,917144
N10000_K950_UNIFORM_1,10000,9500,950,9500,TICKET_ARRAY,TOTAL,16,14062400,917144
N10000_K950_UNIFORM_1,10000,9500,950,9500,TICKET_ARRAY,TOTAL,17,16290901,917144
N10000_K950_UNIFORM_1,10000,9500,950,9500,TICKET_ARRAY,TOTAL,18,14688700,917144
N10000_K950_UNIFORM_1,10000,9500,950,9500,TICKET_ARRAY,TOTAL,19,15687501,917144
N10000_K950_UNIFORM_1,10000,9500,950,9500,PREFIX_LINEAR,NORMALIZE,0,5592700,689264
N10000_K950_UNIFORM_1,10000,9500,950,9500,PREFIX_LINEAR,NORMALIZE,1,5496600,689264
N10000_K950_UNIFORM_1,10000,9500,950,9500,PREFIX_LINEAR,NORMALIZE,2,3844800,689264
N10000_K950_UNIFORM_1,10000,9500,950,9500,PREFIX_LINEAR,NORMALIZE,3,3731300,689264
N10000_K950_UNIFORM_1,10000,9500,950,9500,PREFIX_LINEAR,NORMALIZE,4,3789900,689264
N10000_K950_UNIFORM_1,10000,9500,950,9500,PREFIX_LINEAR,NORMALIZE,5,4268500,689264
N10000_K950_UNIFORM_1,10000,9500,950,9500,PREFIX_LINEAR,NORMALIZE,6,5535999,689264
N10000_K950_UNIFORM_1,10000,9500,950,9500,PREFIX_LINEAR,NORMALIZE,7,5624699,689264
N10000_K950_UNIFORM_1,10000,9500,950,9500,PREFIX_LINEAR,NORMALIZE,8,5162100,689264
N10000_K950_UNIFORM_1,10000,9500,950,9500,PREFIX_LINEAR,NORMALIZE,9,5603800,689264
N10000_K950_UNIFORM_1,10000,9500,950,9500,PREFIX_LINEAR,NORMALIZE,10,6085700,689264
N10000_K950_UNIFORM_1,10000,9500,950,9500,PREFIX_LINEAR,NORMALIZE,11,5191700,689264
N10000_K950_UNIFORM_1,10000,9500,950,9500,PREFIX_LINEAR,NORMALIZE,12,5604800,689264
N10000_K950_UNIFORM_1,10000,9500,950,9500,PREFIX_LINEAR,NORMALIZE,13,5161301,689264
N10000_K950_UNIFORM_1,10000,9500,950,9500,PREFIX_LINEAR,NORMALIZE,14,4613900,689264
N10000_K950_UNIFORM_1,10000,9500,950,9500,PREFIX_LINEAR,NORMALIZE,15,3860801,689264
N10000_K950_UNIFORM_1,10000,9500,950,9500,PREFIX_LINEAR,NORMALIZE,16,4783600,689264
N10000_K950_UNIFORM_1,10000,9500,950,9500,PREFIX_LINEAR,NORMALIZE,17,4877200,689264
N10000_K950_UNIFORM_1,10000,9500,950,9500,PREFIX_LINEAR,NORMALIZE,18,3739601,689264
N10000_K950_UNIFORM_1,10000,9500,950,9500,PREFIX_LINEAR,NORMALIZE,19,3735500,689264
N10000_K950_UNIFORM_1,10000,9500,950,9500,PREFIX_LINEAR,BUILD,0,54400,152064
N10000_K950_UNIFORM_1,10000,9500,950,9500,PREFIX_LINEAR,BUILD,1,35300,152064
N10000_K950_UNIFORM_1,10000,9500,950,9500,PREFIX_LINEAR,BUILD,2,50999,152064
N10000_K950_UNIFORM_1,10000,9500,950,9500,PREFIX_LINEAR,BUILD,3,67900,152064
N10000_K950_UNIFORM_1,10000,9500,950,9500,PREFIX_LINEAR,BUILD,4,51900,152064
N10000_K950_UNIFORM_1,10000,9500,950,9500,PREFIX_LINEAR,BUILD,5,56700,152064
N10000_K950_UNIFORM_1,10000,9500,950,9500,PREFIX_LINEAR,BUILD,6,97499,152064
N10000_K950_UNIFORM_1,10000,9500,950,9500,PREFIX_LINEAR,BUILD,7,51500,152064
N10000_K950_UNIFORM_1,10000,9500,950,9500,PREFIX_LINEAR,BUILD,8,56201,152064
N10000_K950_UNIFORM_1,10000,9500,950,9500,PREFIX_LINEAR,BUILD,9,51000,152064
N10000_K950_UNIFORM_1,10000,9500,950,9500,PREFIX_LINEAR,BUILD,10,53400,152064
N10000_K950_UNIFORM_1,10000,9500,950,9500,PREFIX_LINEAR,BUILD,11,60700,152064
N10000_K950_UNIFORM_1,10000,9500,950,9500,PREFIX_LINEAR,BUILD,12,50899,152064
N10000_K950_UNIFORM_1,10000,9500,950,9500,PREFIX_LINEAR,BUILD,13,57200,152064
N10000_K950_UNIFORM_1,10000,9500,950,9500,PREFIX_LINEAR,BUILD,14,33600,152064
N10000_K950_UNIFORM_1,10000,9500,950,9500,PREFIX_LINEAR,BUILD,15,49700,152064
N10000_K950_UNIFORM_1,10000,9500,950,9500,PREFIX_LINEAR,BUILD,16,65600,152064
N10000_K950_UNIFORM_1,10000,9500,950,9500,PREFIX_LINEAR,BUILD,17,51799,152064
N10000_K950_UNIFORM_1,10000,9500,950,9500,PREFIX_LINEAR,BUILD,18,103200,152064
N10000_K950_UNIFORM_1,10000,9500,950,9500,PREFIX_LINEAR,BUILD,19,41600,152064
N10000_K950_UNIFORM_1,10000,9500,950,9500,PREFIX_LINEAR,SELECT,0,5532599,189840
N10000_K950_UNIFORM_1,10000,9500,950,9500,PREFIX_LINEAR,SELECT,1,5528100,189840
N10000_K950_UNIFORM_1,10000,9500,950,9500,PREFIX_LINEAR,SELECT,2,5737999,189840
N10000_K950_UNIFORM_1,10000,9500,950,9500,PREFIX_LINEAR,SELECT,3,5640101,189840
N10000_K950_UNIFORM_1,10000,9500,950,9500,PREFIX_LINEAR,SELECT,4,2755301,189840
N10000_K950_UNIFORM_1,10000,9500,950,9500,PREFIX_LINEAR,SELECT,5,5549300,189840
N10000_K950_UNIFORM_1,10000,9500,950,9500,PREFIX_LINEAR,SELECT,6,5383401,189840
N10000_K950_UNIFORM_1,10000,9500,950,9500,PREFIX_LINEAR,SELECT,7,5207100,189840
N10000_K950_UNIFORM_1,10000,9500,950,9500,PREFIX_LINEAR,SELECT,8,5448501,189840
N10000_K950_UNIFORM_1,10000,9500,950,9500,PREFIX_LINEAR,SELECT,9,5533700,189840
N10000_K950_UNIFORM_1,10000,9500,950,9500,PREFIX_LINEAR,SELECT,10,2472299,189840
N10000_K950_UNIFORM_1,10000,9500,950,9500,PREFIX_LINEAR,SELECT,11,3624000,189840
N10000_K950_UNIFORM_1,10000,9500,950,9500,PREFIX_LINEAR,SELECT,12,2603799,189840
N10000_K950_UNIFORM_1,10000,9500,950,9500,PREFIX_LINEAR,SELECT,13,4924199,189840
N10000_K950_UNIFORM_1,10000,9500,950,9500,PREFIX_LINEAR,SELECT,14,5379999,189840
N10000_K950_UNIFORM_1,10000,9500,950,9500,PREFIX_LINEAR,SELECT,15,4026599,189840
N10000_K950_UNIFORM_1,10000,9500,950,9500,PREFIX_LINEAR,SELECT,16,5652701,189840
N10000_K950_UNIFORM_1,10000,9500,950,9500,PREFIX_LINEAR,SELECT,17,5467401,189840
N10000_K950_UNIFORM_1,10000,9500,950,9500,PREFIX_LINEAR,SELECT,18,4903601,189840
N10000_K950_UNIFORM_1,10000,9500,950,9500,PREFIX_LINEAR,SELECT,19,7363100,189840
N10000_K950_UNIFORM_1,10000,9500,950,9500,PREFIX_LINEAR,TOTAL,0,6298000,1031168
N10000_K950_UNIFORM_1,10000,9500,950,9500,PREFIX_LINEAR,TOTAL,1,6734100,1031168
N10000_K950_UNIFORM_1,10000,9500,950,9500,PREFIX_LINEAR,TOTAL,2,6252700,1031168
N10000_K950_UNIFORM_1,10000,9500,950,9500,PREFIX_LINEAR,TOTAL,3,7894600,1031168
N10000_K950_UNIFORM_1,10000,9500,950,9500,PREFIX_LINEAR,TOTAL,4,10912199,1031168
N10000_K950_UNIFORM_1,10000,9500,950,9500,PREFIX_LINEAR,TOTAL,5,8227900,1031168
N10000_K950_UNIFORM_1,10000,9500,950,9500,PREFIX_LINEAR,TOTAL,6,10551000,1031168
N10000_K950_UNIFORM_1,10000,9500,950,9500,PREFIX_LINEAR,TOTAL,7,11446100,1031168
N10000_K950_UNIFORM_1,10000,9500,950,9500,PREFIX_LINEAR,TOTAL,8,10812799,1031168
N10000_K950_UNIFORM_1,10000,9500,950,9500,PREFIX_LINEAR,TOTAL,9,9363500,1031168
N10000_K950_UNIFORM_1,10000,9500,950,9500,PREFIX_LINEAR,TOTAL,10,12258300,1031168
N10000_K950_UNIFORM_1,10000,9500,950,9500,PREFIX_LINEAR,TOTAL,11,9552599,1031168
N10000_K950_UNIFORM_1,10000,9500,950,9500,PREFIX_LINEAR,TOTAL,12,9021600,1031168
N10000_K950_UNIFORM_1,10000,9500,950,9500,PREFIX_LINEAR,TOTAL,13,9770400,1031168
N10000_K950_UNIFORM_1,10000,9500,950,9500,PREFIX_LINEAR,TOTAL,14,10818401,1031168
N10000_K950_UNIFORM_1,10000,9500,950,9500,PREFIX_LINEAR,TOTAL,15,11357600,1031168
N10000_K950_UNIFORM_1,10000,9500,950,9500,PREFIX_LINEAR,TOTAL,16,11527700,1031168
N10000_K950_UNIFORM_1,10000,9500,950,9500,PREFIX_LINEAR,TOTAL,17,8657700,1031168
N10000_K950_UNIFORM_1,10000,9500,950,9500,PREFIX_LINEAR,TOTAL,18,9716800,1031168
N10000_K950_UNIFORM_1,10000,9500,950,9500,PREFIX_LINEAR,TOTAL,19,11534600,1031168
N10000_K950_UNIFORM_1,10000,9500,950,9500,PREFIX_BINARY,NORMALIZE,0,5719801,689264
N10000_K950_UNIFORM_1,10000,9500,950,9500,PREFIX_BINARY,NORMALIZE,1,5543299,689264
N10000_K950_UNIFORM_1,10000,9500,950,9500,PREFIX_BINARY,NORMALIZE,2,5518500,689264
N10000_K950_UNIFORM_1,10000,9500,950,9500,PREFIX_BINARY,NORMALIZE,3,4624900,689264
N10000_K950_UNIFORM_1,10000,9500,950,9500,PREFIX_BINARY,NORMALIZE,4,5698001,689264
N10000_K950_UNIFORM_1,10000,9500,950,9500,PREFIX_BINARY,NORMALIZE,5,5679899,689264
N10000_K950_UNIFORM_1,10000,9500,950,9500,PREFIX_BINARY,NORMALIZE,6,5342500,689264
N10000_K950_UNIFORM_1,10000,9500,950,9500,PREFIX_BINARY,NORMALIZE,7,4393199,689264
N10000_K950_UNIFORM_1,10000,9500,950,9500,PREFIX_BINARY,NORMALIZE,8,5588300,689264
N10000_K950_UNIFORM_1,10000,9500,950,9500,PREFIX_BINARY,NORMALIZE,9,5028100,689264
N10000_K950_UNIFORM_1,10000,9500,950,9500,PREFIX_BINARY,NORMALIZE,10,6019200,689264
N10000_K950_UNIFORM_1,10000,9500,950,9500,PREFIX_BINARY,NORMALIZE,11,5419000,689264
N10000_K950_UNIFORM_1,10000,9500,950,9500,PREFIX_BINARY,NORMALIZE,12,5475300,689264
N10000_K950_UNIFORM_1,10000,9500,950,9500,PREFIX_BINARY,NORMALIZE,13,5586501,689264
N10000_K950_UNIFORM_1,10000,9500,950,9500,PREFIX_BINARY,NORMALIZE,14,5396500,689264
N10000_K950_UNIFORM_1,10000,9500,950,9500,PREFIX_BINARY,NORMALIZE,15,5663000,689264
N10000_K950_UNIFORM_1,10000,9500,950,9500,PREFIX_BINARY,NORMALIZE,16,5620200,689264
N10000_K950_UNIFORM_1,10000,9500,950,9500,PREFIX_BINARY,NORMALIZE,17,5890299,689264
N10000_K950_UNIFORM_1,10000,9500,950,9500,PREFIX_BINARY,NORMALIZE,18,5163199,689264
N10000_K950_UNIFORM_1,10000,9500,950,9500,PREFIX_BINARY,NORMALIZE,19,5707501,689264
N10000_K950_UNIFORM_1,10000,9500,950,9500,PREFIX_BINARY,BUILD,0,83800,152064
N10000_K950_UNIFORM_1,10000,9500,950,9500,PREFIX_BINARY,BUILD,1,58101,152064
N10000_K950_UNIFORM_1,10000,9500,950,9500,PREFIX_BINARY,BUILD,2,62500,152064
N10000_K950_UNIFORM_1,10000,9500,950,9500,PREFIX_BINARY,BUILD,3,49799,152064
N10000_K950_UNIFORM_1,10000,9500,950,9500,PREFIX_BINARY,BUILD,4,58300,152064
N10000_K950_UNIFORM_1,10000,9500,950,9500,PREFIX_BINARY,BUILD,5,50300,152064
N10000_K950_UNIFORM_1,10000,9500,950,9500,PREFIX_BINARY,BUILD,6,51600,152064
N10000_K950_UNIFORM_1,10000,9500,950,9500,PREFIX_BINARY,BUILD,7,56000,152064
N10000_K950_UNIFORM_1,10000,9500,950,9500,PREFIX_BINARY,BUILD,8,92200,152064
N10000_K950_UNIFORM_1,10000,9500,950,9500,PREFIX_BINARY,BUILD,9,56599,152064
N10000_K950_UNIFORM_1,10000,9500,950,9500,PREFIX_BINARY,BUILD,10,51300,152064
N10000_K950_UNIFORM_1,10000,9500,950,9500,PREFIX_BINARY,BUILD,11,84900,152064
N10000_K950_UNIFORM_1,10000,9500,950,9500,PREFIX_BINARY,BUILD,12,70599,152064
N10000_K950_UNIFORM_1,10000,9500,950,9500,PREFIX_BINARY,BUILD,13,52100,152064
N10000_K950_UNIFORM_1,10000,9500,950,9500,PREFIX_BINARY,BUILD,14,37700,152064
N10000_K950_UNIFORM_1,10000,9500,950,9500,PREFIX_BINARY,BUILD,15,51301,152064
N10000_K950_UNIFORM_1,10000,9500,950,9500,PREFIX_BINARY,BUILD,16,51200,152064
N10000_K950_UNIFORM_1,10000,9500,950,9500,PREFIX_BINARY,BUILD,17,61800,152064
N10000_K950_UNIFORM_1,10000,9500,950,9500,PREFIX_BINARY,BUILD,18,52399,152064
N10000_K950_UNIFORM_1,10000,9500,950,9500,PREFIX_BINARY,BUILD,19,85300,152064
N10000_K950_UNIFORM_1,10000,9500,950,9500,PREFIX_BINARY,SELECT,0,1754200,189840
N10000_K950_UNIFORM_1,10000,9500,950,9500,PREFIX_BINARY,SELECT,1,1734000,189840
N10000_K950_UNIFORM_1,10000,9500,950,9500,PREFIX_BINARY,SELECT,2,1397100,189840
N10000_K950_UNIFORM_1,10000,9500,950,9500,PREFIX_BINARY,SELECT,3,1156901,189840
N10000_K950_UNIFORM_1,10000,9500,950,9500,PREFIX_BINARY,SELECT,4,1744399,189840
N10000_K950_UNIFORM_1,10000,9500,950,9500,PREFIX_BINARY,SELECT,5,1571599,189840
N10000_K950_UNIFORM_1,10000,9500,950,9500,PREFIX_BINARY,SELECT,6,1728200,189840
N10000_K950_UNIFORM_1,10000,9500,950,9500,PREFIX_BINARY,SELECT,7,1761399,189840
N10000_K950_UNIFORM_1,10000,9500,950,9500,PREFIX_BINARY,SELECT,8,1784901,189840
N10000_K950_UNIFORM_1,10000,9500,950,9500,PREFIX_BINARY,SELECT,9,1950300,189840
N10000_K950_UNIFORM_1,10000,9500,950,9500,PREFIX_BINARY,SELECT,10,1854500,189840
N10000_K950_UNIFORM_1,10000,9500,950,9500,PREFIX_BINARY,SELECT,11,1505900,189840
N10000_K950_UNIFORM_1,10000,9500,950,9500,PREFIX_BINARY,SELECT,12,1785800,189840
N10000_K950_UNIFORM_1,10000,9500,950,9500,PREFIX_BINARY,SELECT,13,1705300,189840
N10000_K950_UNIFORM_1,10000,9500,950,9500,PREFIX_BINARY,SELECT,14,1755100,189840
N10000_K950_UNIFORM_1,10000,9500,950,9500,PREFIX_BINARY,SELECT,15,1772500,189840
N10000_K950_UNIFORM_1,10000,9500,950,9500,PREFIX_BINARY,SELECT,16,1511300,189840
N10000_K950_UNIFORM_1,10000,9500,950,9500,PREFIX_BINARY,SELECT,17,1756300,189840
N10000_K950_UNIFORM_1,10000,9500,950,9500,PREFIX_BINARY,SELECT,18,1649199,189840
N10000_K950_UNIFORM_1,10000,9500,950,9500,PREFIX_BINARY,SELECT,19,1602499,189840
N10000_K950_UNIFORM_1,10000,9500,950,9500,PREFIX_BINARY,TOTAL,0,7094300,1031168
N10000_K950_UNIFORM_1,10000,9500,950,9500,PREFIX_BINARY,TOTAL,1,6971600,1031168
N10000_K950_UNIFORM_1,10000,9500,950,9500,PREFIX_BINARY,TOTAL,2,7365000,1031168
N10000_K950_UNIFORM_1,10000,9500,950,9500,PREFIX_BINARY,TOTAL,3,7454500,1031168
N10000_K950_UNIFORM_1,10000,9500,950,9500,PREFIX_BINARY,TOTAL,4,6403799,1031168
N10000_K950_UNIFORM_1,10000,9500,950,9500,PREFIX_BINARY,TOTAL,5,6603800,1031168
N10000_K950_UNIFORM_1,10000,9500,950,9500,PREFIX_BINARY,TOTAL,6,7162000,1031168
N10000_K950_UNIFORM_1,10000,9500,950,9500,PREFIX_BINARY,TOTAL,7,7019000,1031168
N10000_K950_UNIFORM_1,10000,9500,950,9500,PREFIX_BINARY,TOTAL,8,7456601,1031168
N10000_K950_UNIFORM_1,10000,9500,950,9500,PREFIX_BINARY,TOTAL,9,6801899,1031168
N10000_K950_UNIFORM_1,10000,9500,950,9500,PREFIX_BINARY,TOTAL,10,7116500,1031168
N10000_K950_UNIFORM_1,10000,9500,950,9500,PREFIX_BINARY,TOTAL,11,6014299,1031168
N10000_K950_UNIFORM_1,10000,9500,950,9500,PREFIX_BINARY,TOTAL,12,7319300,1031168
N10000_K950_UNIFORM_1,10000,9500,950,9500,PREFIX_BINARY,TOTAL,13,7470801,1031168
N10000_K950_UNIFORM_1,10000,9500,950,9500,PREFIX_BINARY,TOTAL,14,7198500,1031168
N10000_K950_UNIFORM_1,10000,9500,950,9500,PREFIX_BINARY,TOTAL,15,7222600,1031168
N10000_K950_UNIFORM_1,10000,9500,950,9500,PREFIX_BINARY,TOTAL,16,7215100,1031168
N10000_K950_UNIFORM_1,10000,9500,950,9500,PREFIX_BINARY,TOTAL,17,6746901,1031168
N10000_K950_UNIFORM_1,10000,9500,950,9500,PREFIX_BINARY,TOTAL,18,7436600,1031168
N10000_K950_UNIFORM_1,10000,9500,950,9500,PREFIX_BINARY,TOTAL,19,7217000,1031168
N10000_K950_UNIFORM_1,10000,9500,950,9500,FENWICK,NORMALIZE,0,5495101,689264
N10000_K950_UNIFORM_1,10000,9500,950,9500,FENWICK,NORMALIZE,1,5022700,689264
N10000_K950_UNIFORM_1,10000,9500,950,9500,FENWICK,NORMALIZE,2,5168799,689264
N10000_K950_UNIFORM_1,10000,9500,950,9500,FENWICK,NORMALIZE,3,5542500,689264
N10000_K950_UNIFORM_1,10000,9500,950,9500,FENWICK,NORMALIZE,4,5723900,689264
N10000_K950_UNIFORM_1,10000,9500,950,9500,FENWICK,NORMALIZE,5,5532300,689264
N10000_K950_UNIFORM_1,10000,9500,950,9500,FENWICK,NORMALIZE,6,5530999,689264
N10000_K950_UNIFORM_1,10000,9500,950,9500,FENWICK,NORMALIZE,7,5445000,689264
N10000_K950_UNIFORM_1,10000,9500,950,9500,FENWICK,NORMALIZE,8,5545400,689264
N10000_K950_UNIFORM_1,10000,9500,950,9500,FENWICK,NORMALIZE,9,5857201,689264
N10000_K950_UNIFORM_1,10000,9500,950,9500,FENWICK,NORMALIZE,10,5574700,689264
N10000_K950_UNIFORM_1,10000,9500,950,9500,FENWICK,NORMALIZE,11,4275201,689264
N10000_K950_UNIFORM_1,10000,9500,950,9500,FENWICK,NORMALIZE,12,4618299,689264
N10000_K950_UNIFORM_1,10000,9500,950,9500,FENWICK,NORMALIZE,13,5564600,689264
N10000_K950_UNIFORM_1,10000,9500,950,9500,FENWICK,NORMALIZE,14,5593100,689264
N10000_K950_UNIFORM_1,10000,9500,950,9500,FENWICK,NORMALIZE,15,5192501,689264
N10000_K950_UNIFORM_1,10000,9500,950,9500,FENWICK,NORMALIZE,16,5491801,689264
N10000_K950_UNIFORM_1,10000,9500,950,9500,FENWICK,NORMALIZE,17,5515000,689264
N10000_K950_UNIFORM_1,10000,9500,950,9500,FENWICK,NORMALIZE,18,5527400,689264
N10000_K950_UNIFORM_1,10000,9500,950,9500,FENWICK,NORMALIZE,19,4934700,689264
N10000_K950_UNIFORM_1,10000,9500,950,9500,FENWICK,BUILD,0,151400,152136
N10000_K950_UNIFORM_1,10000,9500,950,9500,FENWICK,BUILD,1,158099,152136
N10000_K950_UNIFORM_1,10000,9500,950,9500,FENWICK,BUILD,2,156500,152136
N10000_K950_UNIFORM_1,10000,9500,950,9500,FENWICK,BUILD,3,156800,152136
N10000_K950_UNIFORM_1,10000,9500,950,9500,FENWICK,BUILD,4,153100,152136
N10000_K950_UNIFORM_1,10000,9500,950,9500,FENWICK,BUILD,5,167900,152136
N10000_K950_UNIFORM_1,10000,9500,950,9500,FENWICK,BUILD,6,154300,152136
N10000_K950_UNIFORM_1,10000,9500,950,9500,FENWICK,BUILD,7,151701,152136
N10000_K950_UNIFORM_1,10000,9500,950,9500,FENWICK,BUILD,8,98600,152136
N10000_K950_UNIFORM_1,10000,9500,950,9500,FENWICK,BUILD,9,185701,152136
N10000_K950_UNIFORM_1,10000,9500,950,9500,FENWICK,BUILD,10,89800,152136
N10000_K950_UNIFORM_1,10000,9500,950,9500,FENWICK,BUILD,11,150301,152136
N10000_K950_UNIFORM_1,10000,9500,950,9500,FENWICK,BUILD,12,150400,152136
N10000_K950_UNIFORM_1,10000,9500,950,9500,FENWICK,BUILD,13,99100,152136
N10000_K950_UNIFORM_1,10000,9500,950,9500,FENWICK,BUILD,14,95201,152136
N10000_K950_UNIFORM_1,10000,9500,950,9500,FENWICK,BUILD,15,148701,152136
N10000_K950_UNIFORM_1,10000,9500,950,9500,FENWICK,BUILD,16,149701,152136
N10000_K950_UNIFORM_1,10000,9500,950,9500,FENWICK,BUILD,17,154100,152136
N10000_K950_UNIFORM_1,10000,9500,950,9500,FENWICK,BUILD,18,172800,152136
N10000_K950_UNIFORM_1,10000,9500,950,9500,FENWICK,BUILD,19,149800,152136
N10000_K950_UNIFORM_1,10000,9500,950,9500,FENWICK,SELECT,0,458400,189840
N10000_K950_UNIFORM_1,10000,9500,950,9500,FENWICK,SELECT,1,494600,189840
N10000_K950_UNIFORM_1,10000,9500,950,9500,FENWICK,SELECT,2,671200,189840
N10000_K950_UNIFORM_1,10000,9500,950,9500,FENWICK,SELECT,3,699600,189840
N10000_K950_UNIFORM_1,10000,9500,950,9500,FENWICK,SELECT,4,588400,189840
N10000_K950_UNIFORM_1,10000,9500,950,9500,FENWICK,SELECT,5,656599,189840
N10000_K950_UNIFORM_1,10000,9500,950,9500,FENWICK,SELECT,6,660401,189840
N10000_K950_UNIFORM_1,10000,9500,950,9500,FENWICK,SELECT,7,464400,189840
N10000_K950_UNIFORM_1,10000,9500,950,9500,FENWICK,SELECT,8,678600,189840
N10000_K950_UNIFORM_1,10000,9500,950,9500,FENWICK,SELECT,9,705400,189840
N10000_K950_UNIFORM_1,10000,9500,950,9500,FENWICK,SELECT,10,520400,189840
N10000_K950_UNIFORM_1,10000,9500,950,9500,FENWICK,SELECT,11,648600,189840
N10000_K950_UNIFORM_1,10000,9500,950,9500,FENWICK,SELECT,12,709300,189840
N10000_K950_UNIFORM_1,10000,9500,950,9500,FENWICK,SELECT,13,661499,189840
N10000_K950_UNIFORM_1,10000,9500,950,9500,FENWICK,SELECT,14,689100,189840
N10000_K950_UNIFORM_1,10000,9500,950,9500,FENWICK,SELECT,15,669499,189840
N10000_K950_UNIFORM_1,10000,9500,950,9500,FENWICK,SELECT,16,641599,189840
N10000_K950_UNIFORM_1,10000,9500,950,9500,FENWICK,SELECT,17,669099,189840
N10000_K950_UNIFORM_1,10000,9500,950,9500,FENWICK,SELECT,18,677100,189840
N10000_K950_UNIFORM_1,10000,9500,950,9500,FENWICK,SELECT,19,699800,189840
N10000_K950_UNIFORM_1,10000,9500,950,9500,FENWICK,TOTAL,0,6689700,1031240
N10000_K950_UNIFORM_1,10000,9500,950,9500,FENWICK,TOTAL,1,6551200,1031240
N10000_K950_UNIFORM_1,10000,9500,950,9500,FENWICK,TOTAL,2,5886300,1031240
N10000_K950_UNIFORM_1,10000,9500,950,9500,FENWICK,TOTAL,3,4357000,1031240
N10000_K950_UNIFORM_1,10000,9500,950,9500,FENWICK,TOTAL,4,6503199,1031240
N10000_K950_UNIFORM_1,10000,9500,950,9500,FENWICK,TOTAL,5,6133299,1031240
N10000_K950_UNIFORM_1,10000,9500,950,9500,FENWICK,TOTAL,6,6319700,1031240
N10000_K950_UNIFORM_1,10000,9500,950,9500,FENWICK,TOTAL,7,6622999,1031240
N10000_K950_UNIFORM_1,10000,9500,950,9500,FENWICK,TOTAL,8,6129499,1031240
N10000_K950_UNIFORM_1,10000,9500,950,9500,FENWICK,TOTAL,9,6622201,1031240
N10000_K950_UNIFORM_1,10000,9500,950,9500,FENWICK,TOTAL,10,6364499,1031240
N10000_K950_UNIFORM_1,10000,9500,950,9500,FENWICK,TOTAL,11,6498800,1031240
N10000_K950_UNIFORM_1,10000,9500,950,9500,FENWICK,TOTAL,12,6567000,1031240
N10000_K950_UNIFORM_1,10000,9500,950,9500,FENWICK,TOTAL,13,6424000,1031240
N10000_K950_UNIFORM_1,10000,9500,950,9500,FENWICK,TOTAL,14,6129400,1031240
N10000_K950_UNIFORM_1,10000,9500,950,9500,FENWICK,TOTAL,15,6691300,1031240
N10000_K950_UNIFORM_1,10000,9500,950,9500,FENWICK,TOTAL,16,6580000,1031240
N10000_K950_UNIFORM_1,10000,9500,950,9500,FENWICK,TOTAL,17,5349500,1031240
N10000_K950_UNIFORM_1,10000,9500,950,9500,FENWICK,TOTAL,18,5521899,1031240
N10000_K950_UNIFORM_1,10000,9500,950,9500,FENWICK,TOTAL,19,6472300,1031240
N10000_K1_UNIFORM_100,10000,9500,1,950000,TICKET_ARRAY,NORMALIZE,0,5522800,689264
N10000_K1_UNIFORM_100,10000,9500,1,950000,TICKET_ARRAY,NORMALIZE,1,5211800,689264
N10000_K1_UNIFORM_100,10000,9500,1,950000,TICKET_ARRAY,NORMALIZE,2,5165600,689264
N10000_K1_UNIFORM_100,10000,9500,1,950000,TICKET_ARRAY,NORMALIZE,3,5414999,689264
N10000_K1_UNIFORM_100,10000,9500,1,950000,TICKET_ARRAY,NORMALIZE,4,5748800,689264
N10000_K1_UNIFORM_100,10000,9500,1,950000,TICKET_ARRAY,NORMALIZE,5,5641400,689264
N10000_K1_UNIFORM_100,10000,9500,1,950000,TICKET_ARRAY,NORMALIZE,6,5870300,689264
N10000_K1_UNIFORM_100,10000,9500,1,950000,TICKET_ARRAY,NORMALIZE,7,5838601,689264
N10000_K1_UNIFORM_100,10000,9500,1,950000,TICKET_ARRAY,NORMALIZE,8,5508500,689264
N10000_K1_UNIFORM_100,10000,9500,1,950000,TICKET_ARRAY,NORMALIZE,9,5391001,689264
N10000_K1_UNIFORM_100,10000,9500,1,950000,TICKET_ARRAY,NORMALIZE,10,4312801,689264
N10000_K1_UNIFORM_100,10000,9500,1,950000,TICKET_ARRAY,NORMALIZE,11,4942000,689264
N10000_K1_UNIFORM_100,10000,9500,1,950000,TICKET_ARRAY,NORMALIZE,12,5061100,689264
N10000_K1_UNIFORM_100,10000,9500,1,950000,TICKET_ARRAY,NORMALIZE,13,5403700,689264
N10000_K1_UNIFORM_100,10000,9500,1,950000,TICKET_ARRAY,NORMALIZE,14,5577300,689264
N10000_K1_UNIFORM_100,10000,9500,1,950000,TICKET_ARRAY,NORMALIZE,15,5887500,689264
N10000_K1_UNIFORM_100,10000,9500,1,950000,TICKET_ARRAY,NORMALIZE,16,5423800,689264
N10000_K1_UNIFORM_100,10000,9500,1,950000,TICKET_ARRAY,NORMALIZE,17,5378800,689264
N10000_K1_UNIFORM_100,10000,9500,1,950000,TICKET_ARRAY,NORMALIZE,18,5061100,689264
N10000_K1_UNIFORM_100,10000,9500,1,950000,TICKET_ARRAY,NORMALIZE,19,5524799,689264
N10000_K1_UNIFORM_100,10000,9500,1,950000,TICKET_ARRAY,BUILD,0,1574100,3800040
N10000_K1_UNIFORM_100,10000,9500,1,950000,TICKET_ARRAY,BUILD,1,2305000,3800040
N10000_K1_UNIFORM_100,10000,9500,1,950000,TICKET_ARRAY,BUILD,2,1940100,3800040
N10000_K1_UNIFORM_100,10000,9500,1,950000,TICKET_ARRAY,BUILD,3,1857000,3800040
N10000_K1_UNIFORM_100,10000,9500,1,950000,TICKET_ARRAY,BUILD,4,2858900,3800040
N10000_K1_UNIFORM_100,10000,9500,1,950000,TICKET_ARRAY,BUILD,5,2321201,3800040
N10000_K1_UNIFORM_100,10000,9500,1,950000,TICKET_ARRAY,BUILD,6,2139000,3800040
N10000_K1_UNIFORM_100,10000,9500,1,950000,TICKET_ARRAY,BUILD,7,2338601,3800040
N10000_K1_UNIFORM_100,10000,9500,1,950000,TICKET_ARRAY,BUILD,8,2182001,3800040
N10000_K1_UNIFORM_100,10000,9500,1,950000,TICKET_ARRAY,BUILD,9,2558099,3800040
N10000_K1_UNIFORM_100,10000,9500,1,950000,TICKET_ARRAY,BUILD,10,2316200,3800040
N10000_K1_UNIFORM_100,10000,9500,1,950000,TICKET_ARRAY,BUILD,11,1667000,3800040
N10000_K1_UNIFORM_100,10000,9500,1,950000,TICKET_ARRAY,BUILD,12,2237500,3800040
N10000_K1_UNIFORM_100,10000,9500,1,950000,TICKET_ARRAY,BUILD,13,2410800,3800040
N10000_K1_UNIFORM_100,10000,9500,1,950000,TICKET_ARRAY,BUILD,14,2947300,3800040
N10000_K1_UNIFORM_100,10000,9500,1,950000,TICKET_ARRAY,BUILD,15,2454600,3800040
N10000_K1_UNIFORM_100,10000,9500,1,950000,TICKET_ARRAY,BUILD,16,2377300,3800040
N10000_K1_UNIFORM_100,10000,9500,1,950000,TICKET_ARRAY,BUILD,17,2332399,3800040
N10000_K1_UNIFORM_100,10000,9500,1,950000,TICKET_ARRAY,BUILD,18,3061600,3800040
N10000_K1_UNIFORM_100,10000,9500,1,950000,TICKET_ARRAY,BUILD,19,1654300,3800040
N10000_K1_UNIFORM_100,10000,9500,1,950000,TICKET_ARRAY,SELECT,0,1150399,1592
N10000_K1_UNIFORM_100,10000,9500,1,950000,TICKET_ARRAY,SELECT,1,1159100,1592
N10000_K1_UNIFORM_100,10000,9500,1,950000,TICKET_ARRAY,SELECT,2,979300,1592
N10000_K1_UNIFORM_100,10000,9500,1,950000,TICKET_ARRAY,SELECT,3,1158600,2720
N10000_K1_UNIFORM_100,10000,9500,1,950000,TICKET_ARRAY,SELECT,4,1089901,1592
N10000_K1_UNIFORM_100,10000,9500,1,950000,TICKET_ARRAY,SELECT,5,1128800,1592
N10000_K1_UNIFORM_100,10000,9500,1,950000,TICKET_ARRAY,SELECT,6,643400,1592
N10000_K1_UNIFORM_100,10000,9500,1,950000,TICKET_ARRAY,SELECT,7,621400,1592
N10000_K1_UNIFORM_100,10000,9500,1,950000,TICKET_ARRAY,SELECT,8,714200,1592
N10000_K1_UNIFORM_100,10000,9500,1,950000,TICKET_ARRAY,SELECT,9,953400,1592
N10000_K1_UNIFORM_100,10000,9500,1,950000,TICKET_ARRAY,SELECT,10,946900,1592
N10000_K1_UNIFORM_100,10000,9500,1,950000,TICKET_ARRAY,SELECT,11,963601,1592
N10000_K1_UNIFORM_100,10000,9500,1,950000,TICKET_ARRAY,SELECT,12,1007900,1592
N10000_K1_UNIFORM_100,10000,9500,1,950000,TICKET_ARRAY,SELECT,13,813001,1592
N10000_K1_UNIFORM_100,10000,9500,1,950000,TICKET_ARRAY,SELECT,14,1089400,1592
N10000_K1_UNIFORM_100,10000,9500,1,950000,TICKET_ARRAY,SELECT,15,1018200,1592
N10000_K1_UNIFORM_100,10000,9500,1,950000,TICKET_ARRAY,SELECT,16,764200,1592
N10000_K1_UNIFORM_100,10000,9500,1,950000,TICKET_ARRAY,SELECT,17,1019700,1592
N10000_K1_UNIFORM_100,10000,9500,1,950000,TICKET_ARRAY,SELECT,18,1085800,1592
N10000_K1_UNIFORM_100,10000,9500,1,950000,TICKET_ARRAY,SELECT,19,1068800,1592
N10000_K1_UNIFORM_100,10000,9500,1,950000,TICKET_ARRAY,TOTAL,0,8988300,4490896
N10000_K1_UNIFORM_100,10000,9500,1,950000,TICKET_ARRAY,TOTAL,1,8670500,4490896
N10000_K1_UNIFORM_100,10000,9500,1,950000,TICKET_ARRAY,TOTAL,2,8799599,4490896
N10000_K1_UNIFORM_100,10000,9500,1,950000,TICKET_ARRAY,TOTAL,3,8464800,4490896
N10000_K1_UNIFORM_100,10000,9500,1,950000,TICKET_ARRAY,TOTAL,4,6931501,4490896
N10000_K1_UNIFORM_100,10000,9500,1,950000,TICKET_ARRAY,TOTAL,5,6197400,4490896
N10000_K1_UNIFORM_100,10000,9500,1,950000,TICKET_ARRAY,TOTAL,6,8817900,4490896
N10000_K1_UNIFORM_100,10000,9500,1,950000,TICKET_ARRAY,TOTAL,7,8587400,4490896
N10000_K1_UNIFORM_100,10000,9500,1,950000,TICKET_ARRAY,TOTAL,8,8767100,4490896
N10000_K1_UNIFORM_100,10000,9500,1,950000,TICKET_ARRAY,TOTAL,9,8529200,4490896
N10000_K1_UNIFORM_100,10000,9500,1,950000,TICKET_ARRAY,TOTAL,10,8540200,4490896
N10000_K1_UNIFORM_100,10000,9500,1,950000,TICKET_ARRAY,TOTAL,11,9057100,4490896
N10000_K1_UNIFORM_100,10000,9500,1,950000,TICKET_ARRAY,TOTAL,12,8279000,4490896
N10000_K1_UNIFORM_100,10000,9500,1,950000,TICKET_ARRAY,TOTAL,13,7044500,4490896
N10000_K1_UNIFORM_100,10000,9500,1,950000,TICKET_ARRAY,TOTAL,14,7609199,4490896
N10000_K1_UNIFORM_100,10000,9500,1,950000,TICKET_ARRAY,TOTAL,15,5887100,4490896
N10000_K1_UNIFORM_100,10000,9500,1,950000,TICKET_ARRAY,TOTAL,16,7482100,4490896
N10000_K1_UNIFORM_100,10000,9500,1,950000,TICKET_ARRAY,TOTAL,17,8826000,4490896
N10000_K1_UNIFORM_100,10000,9500,1,950000,TICKET_ARRAY,TOTAL,18,7249000,4490896
N10000_K1_UNIFORM_100,10000,9500,1,950000,TICKET_ARRAY,TOTAL,19,5751499,4490896
N10000_K1_UNIFORM_100,10000,9500,1,950000,PREFIX_LINEAR,NORMALIZE,0,5593500,689264
N10000_K1_UNIFORM_100,10000,9500,1,950000,PREFIX_LINEAR,NORMALIZE,1,5609399,689264
N10000_K1_UNIFORM_100,10000,9500,1,950000,PREFIX_LINEAR,NORMALIZE,2,5822700,689264
N10000_K1_UNIFORM_100,10000,9500,1,950000,PREFIX_LINEAR,NORMALIZE,3,5903499,689264
N10000_K1_UNIFORM_100,10000,9500,1,950000,PREFIX_LINEAR,NORMALIZE,4,4706601,689264
N10000_K1_UNIFORM_100,10000,9500,1,950000,PREFIX_LINEAR,NORMALIZE,5,5138500,689264
N10000_K1_UNIFORM_100,10000,9500,1,950000,PREFIX_LINEAR,NORMALIZE,6,5862700,689264
N10000_K1_UNIFORM_100,10000,9500,1,950000,PREFIX_LINEAR,NORMALIZE,7,4047499,689264
N10000_K1_UNIFORM_100,10000,9500,1,950000,PREFIX_LINEAR,NORMALIZE,8,4055900,689264
N10000_K1_UNIFORM_100,10000,9500,1,950000,PREFIX_LINEAR,NORMALIZE,9,4054900,689264
N10000_K1_UNIFORM_100,10000,9500,1,950000,PREFIX_LINEAR,NORMALIZE,10,4111400,689264
N10000_K1_UNIFORM_100,10000,9500,1,950000,PREFIX_LINEAR,NORMALIZE,11,3998900,689264
N10000_K1_UNIFORM_100,10000,9500,1,950000,PREFIX_LINEAR,NORMALIZE,12,3834500,689264
N10000_K1_UNIFORM_100,10000,9500,1,950000,PREFIX_LINEAR,NORMALIZE,13,3822000,689264
N10000_K1_UNIFORM_100,10000,9500,1,950000,PREFIX_LINEAR,NORMALIZE,14,4230199,689264
N10000_K1_UNIFORM_100,10000,9500,1,950000,PREFIX_LINEAR,NORMALIZE,15,5876901,689264
N10000_K1_UNIFORM_100,10000,9500,1,950000,PREFIX_LINEAR,NORMALIZE,16,5845400,689264
N10000_K1_UNIFORM_100,10000,9500,1,950000,PREFIX_LINEAR,NORMALIZE,17,5711701,689264
N10000_K1_UNIFORM_100,10000,9500,1,950000,PREFIX_LINEAR,NORMALIZE,18,5746500,689264
N10000_K1_UNIFORM_100,10000,9500,1,950000,PREFIX_LINEAR,NORMALIZE,19,6032200,689264
N10000_K1_UNIFORM_100,10000,9500,1,950000,PREFIX_LINEAR,BUILD,0,68500,152064
N10000_K1_UNIFORM_100,10000,9500,1,950000,PREFIX_LINEAR,BUILD,1,52599,152064
N10000_K1_UNIFORM_100,10000,9500,1,950000,PREFIX_LINEAR,BUILD,2,55000,152064
N10000_K1_UNIFORM_100,10000,9500,1,950000,PREFIX_LINEAR,BUILD,3,64900,152064
N10000_K1_UNIFORM_100,10000,9500,1,950000,PREFIX_LINEAR,BUILD,4,51901,152064
N10000_K1_UNIFORM_100,10000,9500,1,950000,PREFIX_LINEAR,BUILD,5,37099,152064
N10000_K1_UNIFORM_100,10000,9500,1,950000,PREFIX_LINEAR,BUILD,6,33899,152064
N10000_K1_UNIFORM_100,10000,9500,1,950000,PREFIX_LINEAR,BUILD,7,37500,152064
N10000_K1_UNIFORM_100,10000,9500,1,950000,PREFIX_LINEAR,BUILD,8,68400,152064
N10000_K1_UNIFORM_100,10000,9500,1,950000,PREFIX_LINEAR,BUILD,9,58099,152064
N10000_K1_UNIFORM_100,10000,9500,1,950000,PREFIX_LINEAR,BUILD,10,50700,152064
N10000_K1_UNIFORM_100,10000,9500,1,950000,PREFIX_LINEAR,BUILD,11,62601,152064
N10000_K1_UNIFORM_100,10000,9500,1,950000,PREFIX_LINEAR,BUILD,12,51400,152064
N10000_K1_UNIFORM_100,10000,9500,1,950000,PREFIX_LINEAR,BUILD,13,56701,152064
N10000_K1_UNIFORM_100,10000,9500,1,950000,PREFIX_LINEAR,BUILD,14,46901,152064
N10000_K1_UNIFORM_100,10000,9500,1,950000,PREFIX_LINEAR,BUILD,15,42999,152064
N10000_K1_UNIFORM_100,10000,9500,1,950000,PREFIX_LINEAR,BUILD,16,64800,152064
N10000_K1_UNIFORM_100,10000,9500,1,950000,PREFIX_LINEAR,BUILD,17,51200,152064
N10000_K1_UNIFORM_100,10000,9500,1,950000,PREFIX_LINEAR,BUILD,18,54400,152064
N10000_K1_UNIFORM_100,10000,9500,1,950000,PREFIX_LINEAR,BUILD,19,62300,152064
N10000_K1_UNIFORM_100,10000,9500,1,950000,PREFIX_LINEAR,SELECT,0,63299,1592
N10000_K1_UNIFORM_100,10000,9500,1,950000,PREFIX_LINEAR,SELECT,1,58700,1592
N10000_K1_UNIFORM_100,10000,9500,1,950000,PREFIX_LINEAR,SELECT,2,71700,1592
N10000_K1_UNIFORM_100,10000,9500,1,950000,PREFIX_LINEAR,SELECT,3,66400,1592
N10000_K1_UNIFORM_100,10000,9500,1,950000,PREFIX_LINEAR,SELECT,4,61500,1592
N10000_K1_UNIFORM_100,10000,9500,1,950000,PREFIX_LINEAR,SELECT,5,42501,1592
N10000_K1_UNIFORM_100,10000,9500,1,950000,PREFIX_LINEAR,SELECT,6,71200,1592
N10000_K1_UNIFORM_100,10000,9500,1,950000,PREFIX_LINEAR,SELECT,7,92900,1592
N10000_K1_UNIFORM_100,10000,9500,1,950000,PREFIX_LINEAR,SELECT,8,97400,1592
N10000_K1_UNIFORM_100,10000,9500,1,950000,PREFIX_LINEAR,SELECT,9,59599,1592
N10000_K1_UNIFORM_100,10000,9500,1,950000,PREFIX_LINEAR,SELECT,10,132899,2000
N10000_K1_UNIFORM_100,10000,9500,1,950000,PREFIX_LINEAR,SELECT,11,115401,1592
N10000_K1_UNIFORM_100,10000,9500,1,950000,PREFIX_LINEAR,SELECT,12,49000,1592
N10000_K1_UNIFORM_100,10000,9500,1,950000,PREFIX_LINEAR,SELECT,13,51199,1592
N10000_K1_UNIFORM_100,10000,9500,1,950000,PREFIX_LINEAR,SELECT,14,53200,1592
N10000_K1_UNIFORM_100,10000,9500,1,950000,PREFIX_LINEAR,SELECT,15,103599,1664
N10000_K1_UNIFORM_100,10000,9500,1,950000,PREFIX_LINEAR,SELECT,16,80900,1976
N10000_K1_UNIFORM_100,10000,9500,1,950000,PREFIX_LINEAR,SELECT,17,227000,1592
N10000_K1_UNIFORM_100,10000,9500,1,950000,PREFIX_LINEAR,SELECT,18,114800,1592
N10000_K1_UNIFORM_100,10000,9500,1,950000,PREFIX_LINEAR,SELECT,19,72001,1592
N10000_K1_UNIFORM_100,10000,9500,1,950000,PREFIX_LINEAR,TOTAL,0,5268700,842920
N10000_K1_UNIFORM_100,10000,9500,1,950000,PREFIX_LINEAR,TOTAL,1,4223800,842920
N10000_K1_UNIFORM_100,10000,9500,1,950000,PREFIX_LINEAR,TOTAL,2,5554800,842920
N10000_K1_UNIFORM_100,10000,9500,1,950000,PREFIX_LINEAR,TOTAL,3,5902701,842920
N10000_K1_UNIFORM_100,10000,9500,1,950000,PREFIX_LINEAR,TOTAL,4,5575301,842920
N10000_K1_UNIFORM_100,10000,9500,1,950000,PREFIX_LINEAR,TOTAL,5,5684199,842920
N10000_K1_UNIFORM_100,10000,9500,1,950000,PREFIX_LINEAR,TOTAL,6,4767400,842920
N10000_K1_UNIFORM_100,10000,9500,1,950000,PREFIX_LINEAR,TOTAL,7,3966000,842920
N10000_K1_UNIFORM_100,10000,9500,1,950000,PREFIX_LINEAR,TOTAL,8,4387700,842920
N10000_K1_UNIFORM_100,10000,9500,1,950000,PREFIX_LINEAR,TOTAL,9,5537299,842920
N10000_K1_UNIFORM_100,10000,9500,1,950000,PREFIX_LINEAR,TOTAL,10,5423599,842920
N10000_K1_UNIFORM_100,10000,9500,1,950000,PREFIX_LINEAR,TOTAL,11,5872500,842920
N10000_K1_UNIFORM_100,10000,9500,1,950000,PREFIX_LINEAR,TOTAL,12,5801600,842920
N10000_K1_UNIFORM_100,10000,9500,1,950000,PREFIX_LINEAR,TOTAL,13,5672500,842920
N10000_K1_UNIFORM_100,10000,9500,1,950000,PREFIX_LINEAR,TOTAL,14,5808500,842920
N10000_K1_UNIFORM_100,10000,9500,1,950000,PREFIX_LINEAR,TOTAL,15,5709400,842920
N10000_K1_UNIFORM_100,10000,9500,1,950000,PREFIX_LINEAR,TOTAL,16,5806800,842920
N10000_K1_UNIFORM_100,10000,9500,1,950000,PREFIX_LINEAR,TOTAL,17,5902601,842920
N10000_K1_UNIFORM_100,10000,9500,1,950000,PREFIX_LINEAR,TOTAL,18,5495201,842920
N10000_K1_UNIFORM_100,10000,9500,1,950000,PREFIX_LINEAR,TOTAL,19,4503601,842920
N10000_K1_UNIFORM_100,10000,9500,1,950000,PREFIX_BINARY,NORMALIZE,0,5600901,689264
N10000_K1_UNIFORM_100,10000,9500,1,950000,PREFIX_BINARY,NORMALIZE,1,5642700,689264
N10000_K1_UNIFORM_100,10000,9500,1,950000,PREFIX_BINARY,NORMALIZE,2,5531499,689264
N10000_K1_UNIFORM_100,10000,9500,1,950000,PREFIX_BINARY,NORMALIZE,3,5655000,689264
N10000_K1_UNIFORM_100,10000,9500,1,950000,PREFIX_BINARY,NORMALIZE,4,5748201,689264
N10000_K1_UNIFORM_100,10000,9500,1,950000,PREFIX_BINARY,NORMALIZE,5,5601399,689264
N10000_K1_UNIFORM_100,10000,9500,1,950000,PREFIX_BINARY,NORMALIZE,6,5784699,689264
N10000_K1_UNIFORM_100,10000,9500,1,950000,PREFIX_BINARY,NORMALIZE,7,5019399,689264
N10000_K1_UNIFORM_100,10000,9500,1,950000,PREFIX_BINARY,NORMALIZE,8,5669199,689264
N10000_K1_UNIFORM_100,10000,9500,1,950000,PREFIX_BINARY,NORMALIZE,9,5536401,689264
N10000_K1_UNIFORM_100,10000,9500,1,950000,PREFIX_BINARY,NORMALIZE,10,6055000,689264
N10000_K1_UNIFORM_100,10000,9500,1,950000,PREFIX_BINARY,NORMALIZE,11,5853399,689264
N10000_K1_UNIFORM_100,10000,9500,1,950000,PREFIX_BINARY,NORMALIZE,12,5498799,689264
N10000_K1_UNIFORM_100,10000,9500,1,950000,PREFIX_BINARY,NORMALIZE,13,5673501,689264
N10000_K1_UNIFORM_100,10000,9500,1,950000,PREFIX_BINARY,NORMALIZE,14,5455701,689264
N10000_K1_UNIFORM_100,10000,9500,1,950000,PREFIX_BINARY,NORMALIZE,15,5565200,689264
N10000_K1_UNIFORM_100,10000,9500,1,950000,PREFIX_BINARY,NORMALIZE,16,4565900,689264
N10000_K1_UNIFORM_100,10000,9500,1,950000,PREFIX_BINARY,NORMALIZE,17,5633700,689264
N10000_K1_UNIFORM_100,10000,9500,1,950000,PREFIX_BINARY,NORMALIZE,18,5350400,689264
N10000_K1_UNIFORM_100,10000,9500,1,950000,PREFIX_BINARY,NORMALIZE,19,5804599,689264
N10000_K1_UNIFORM_100,10000,9500,1,950000,PREFIX_BINARY,BUILD,0,50400,152064
N10000_K1_UNIFORM_100,10000,9500,1,950000,PREFIX_BINARY,BUILD,1,56600,152064
N10000_K1_UNIFORM_100,10000,9500,1,950000,PREFIX_BINARY,BUILD,2,55301,152064
N10000_K1_UNIFORM_100,10000,9500,1,950000,PREFIX_BINARY,BUILD,3,49000,152064
N10000_K1_UNIFORM_100,10000,9500,1,950000,PREFIX_BINARY,BUILD,4,60900,152064
N10000_K1_UNIFORM_100,10000,9500,1,950000,PREFIX_BINARY,BUILD,5,43800,152064
N10000_K1_UNIFORM_100,10000,9500,1,950000,PREFIX_BINARY,BUILD,6,57601,152064
N10000_K1_UNIFORM_100,10000,9500,1,950000,PREFIX_BINARY,BUILD,7,51899,152064
N10000_K1_UNIFORM_100,10000,9500,1,950000,PREFIX_BINARY,BUILD,8,34801,152064
N10000_K1_UNIFORM_100,10000,9500,1,950000,PREFIX_BINARY,BUILD,9,38000,152064
N10000_K1_UNIFORM_100,10000,9500,1,950000,PREFIX_BINARY,BUILD,10,32499,152064
N10000_K1_UNIFORM_100,10000,9500,1,950000,PREFIX_BINARY,BUILD,11,59800,152064
N10000_K1_UNIFORM_100,10000,9500,1,950000,PREFIX_BINARY,BUILD,12,32299,152064
N10000_K1_UNIFORM_100,10000,9500,1,950000,PREFIX_BINARY,BUILD,13,34200,152064
N10000_K1_UNIFORM_100,10000,9500,1,950000,PREFIX_BINARY,BUILD,14,61700,152064
N10000_K1_UNIFORM_100,10000,9500,1,950000,PREFIX_BINARY,BUILD,15,56400,152064
N10000_K1_UNIFORM_100,10000,9500,1,950000,PREFIX_BINARY,BUILD,16,52500,152064
N10000_K1_UNIFORM_100,10000,9500,1,950000,PREFIX_BINARY,BUILD,17,55200,152064
N10000_K1_UNIFORM_100,10000,9500,1,950000,PREFIX_BINARY,BUILD,18,51200,152064
N10000_K1_UNIFORM_100,10000,9500,1,950000,PREFIX_BINARY,BUILD,19,60100,152064
N10000_K1_UNIFORM_100,10000,9500,1,950000,PREFIX_BINARY,SELECT,0,11400,1592
N10000_K1_UNIFORM_100,10000,9500,1,950000,PREFIX_BINARY,SELECT,1,8400,1592
N10000_K1_UNIFORM_100,10000,9500,1,950000,PREFIX_BINARY,SELECT,2,19901,1592
N10000_K1_UNIFORM_100,10000,9500,1,950000,PREFIX_BINARY,SELECT,3,24300,1592
N10000_K1_UNIFORM_100,10000,9500,1,950000,PREFIX_BINARY,SELECT,4,9300,1592
N10000_K1_UNIFORM_100,10000,9500,1,950000,PREFIX_BINARY,SELECT,5,27099,1592
N10000_K1_UNIFORM_100,10000,9500,1,950000,PREFIX_BINARY,SELECT,6,31499,1592
N10000_K1_UNIFORM_100,10000,9500,1,950000,PREFIX_BINARY,SELECT,7,30600,1592
N10000_K1_UNIFORM_100,10000,9500,1,950000,PREFIX_BINARY,SELECT,8,27800,1592
N10000_K1_UNIFORM_100,10000,9500,1,950000,PREFIX_BINARY,SELECT,9,28399,1592
N10000_K1_UNIFORM_100,10000,9500,1,950000,PREFIX_BINARY,SELECT,10,27300,1592
N10000_K1_UNIFORM_100,10000,9500,1,950000,PREFIX_BINARY,SELECT,11,27799,1592
N10000_K1_UNIFORM_100,10000,9500,1,950000,PREFIX_BINARY,SELECT,12,21100,1592
N10000_K1_UNIFORM_100,10000,9500,1,950000,PREFIX_BINARY,SELECT,13,27000,1592
N10000_K1_UNIFORM_100,10000,9500,1,950000,PREFIX_BINARY,SELECT,14,40000,1592
N10000_K1_UNIFORM_100,10000,9500,1,950000,PREFIX_BINARY,SELECT,15,24400,1592
N10000_K1_UNIFORM_100,10000,9500,1,950000,PREFIX_BINARY,SELECT,16,19000,1592
N10000_K1_UNIFORM_100,10000,9500,1,950000,PREFIX_BINARY,SELECT,17,29900,1592
N10000_K1_UNIFORM_100,10000,9500,1,950000,PREFIX_BINARY,SELECT,18,34000,1592
N10000_K1_UNIFORM_100,10000,9500,1,950000,PREFIX_BINARY,SELECT,19,28499,1592
N10000_K1_UNIFORM_100,10000,9500,1,950000,PREFIX_BINARY,TOTAL,0,5483601,842904
N10000_K1_UNIFORM_100,10000,9500,1,950000,PREFIX_BINARY,TOTAL,1,5639200,842904
N10000_K1_UNIFORM_100,10000,9500,1,950000,PREFIX_BINARY,TOTAL,2,4874600,842904
N10000_K1_UNIFORM_100,10000,9500,1,950000,PREFIX_BINARY,TOTAL,3,5019999,842904
N10000_K1_UNIFORM_100,10000,9500,1,950000,PREFIX_BINARY,TOTAL,4,4285400,842904
N10000_K1_UNIFORM_100,10000,9500,1,950000,PREFIX_BINARY,TOTAL,5,5123301,842904
N10000_K1_UNIFORM_100,10000,9500,1,950000,PREFIX_BINARY,TOTAL,6,4447500,842904
N10000_K1_UNIFORM_100,10000,9500,1,950000,PREFIX_BINARY,TOTAL,7,5365200,842904
N10000_K1_UNIFORM_100,10000,9500,1,950000,PREFIX_BINARY,TOTAL,8,4090400,842904
N10000_K1_UNIFORM_100,10000,9500,1,950000,PREFIX_BINARY,TOTAL,9,3897300,842904
N10000_K1_UNIFORM_100,10000,9500,1,950000,PREFIX_BINARY,TOTAL,10,5426900,842904
N10000_K1_UNIFORM_100,10000,9500,1,950000,PREFIX_BINARY,TOTAL,11,4832200,842904
N10000_K1_UNIFORM_100,10000,9500,1,950000,PREFIX_BINARY,TOTAL,12,5040300,842904
N10000_K1_UNIFORM_100,10000,9500,1,950000,PREFIX_BINARY,TOTAL,13,4785100,842904
N10000_K1_UNIFORM_100,10000,9500,1,950000,PREFIX_BINARY,TOTAL,14,5610000,842904
N10000_K1_UNIFORM_100,10000,9500,1,950000,PREFIX_BINARY,TOTAL,15,5689900,842904
N10000_K1_UNIFORM_100,10000,9500,1,950000,PREFIX_BINARY,TOTAL,16,5481701,842904
N10000_K1_UNIFORM_100,10000,9500,1,950000,PREFIX_BINARY,TOTAL,17,5546201,842904
N10000_K1_UNIFORM_100,10000,9500,1,950000,PREFIX_BINARY,TOTAL,18,4781099,842904
N10000_K1_UNIFORM_100,10000,9500,1,950000,PREFIX_BINARY,TOTAL,19,5360300,842904
N10000_K1_UNIFORM_100,10000,9500,1,950000,FENWICK,NORMALIZE,0,4378600,689248
N10000_K1_UNIFORM_100,10000,9500,1,950000,FENWICK,NORMALIZE,1,5030800,689248
N10000_K1_UNIFORM_100,10000,9500,1,950000,FENWICK,NORMALIZE,2,4450500,689248
N10000_K1_UNIFORM_100,10000,9500,1,950000,FENWICK,NORMALIZE,3,5167200,689248
N10000_K1_UNIFORM_100,10000,9500,1,950000,FENWICK,NORMALIZE,4,5491001,689248
N10000_K1_UNIFORM_100,10000,9500,1,950000,FENWICK,NORMALIZE,5,5470200,689248
N10000_K1_UNIFORM_100,10000,9500,1,950000,FENWICK,NORMALIZE,6,5366800,689248
N10000_K1_UNIFORM_100,10000,9500,1,950000,FENWICK,NORMALIZE,7,5483600,689248
N10000_K1_UNIFORM_100,10000,9500,1,950000,FENWICK,NORMALIZE,8,5097800,689248
N10000_K1_UNIFORM_100,10000,9500,1,950000,FENWICK,NORMALIZE,9,5899500,689248
N10000_K1_UNIFORM_100,10000,9500,1,950000,FENWICK,NORMALIZE,10,5119500,689248
N10000_K1_UNIFORM_100,10000,9500,1,950000,FENWICK,NORMALIZE,11,3718499,689248
N10000_K1_UNIFORM_100,10000,9500,1,950000,FENWICK,NORMALIZE,12,3752100,689248
N10000_K1_UNIFORM_100,10000,9500,1,950000,FENWICK,NORMALIZE,13,4378000,689248
N10000_K1_UNIFORM_100,10000,9500,1,950000,FENWICK,NORMALIZE,14,4256900,689248
N10000_K1_UNIFORM_100,10000,9500,1,950000,FENWICK,NORMALIZE,15,5022200,689248
N10000_K1_UNIFORM_100,10000,9500,1,950000,FENWICK,NORMALIZE,16,5323801,689248
N10000_K1_UNIFORM_100,10000,9500,1,950000,FENWICK,NORMALIZE,17,4267199,689248
N10000_K1_UNIFORM_100,10000,9500,1,950000,FENWICK,NORMALIZE,18,3889599,689248
N10000_K1_UNIFORM_100,10000,9500,1,950000,FENWICK,NORMALIZE,19,3617300,689248
N10000_K1_UNIFORM_100,10000,9500,1,950000,FENWICK,BUILD,0,154200,152136
N10000_K1_UNIFORM_100,10000,9500,1,950000,FENWICK,BUILD,1,146700,152136
N10000_K1_UNIFORM_100,10000,9500,1,950000,FENWICK,BUILD,2,138000,152136
N10000_K1_UNIFORM_100,10000,9500,1,950000,FENWICK,BUILD,3,151800,152136
N10000_K1_UNIFORM_100,10000,9500,1,950000,FENWICK,BUILD,4,166401,152136
N10000_K1_UNIFORM_100,10000,9500,1,950000,FENWICK,BUILD,5,159001,152136
N10000_K1_UNIFORM_100,10000,9500,1,950000,FENWICK,BUILD,6,152700,152136
N10000_K1_UNIFORM_100,10000,9500,1,950000,FENWICK,BUILD,7,151901,152136
N10000_K1_UNIFORM_100,10000,9500,1,950000,FENWICK,BUILD,8,183800,152136
N10000_K1_UNIFORM_100,10000,9500,1,950000,FENWICK,BUILD,9,150400,152136
N10000_K1_UNIFORM_100,10000,9500,1,950000,FENWICK,BUILD,10,147699,152136
N10000_K1_UNIFORM_100,10000,9500,1,950000,FENWICK,BUILD,11,250200,152136
N10000_K1_UNIFORM_100,10000,9500,1,950000,FENWICK,BUILD,12,151500,152136
N10000_K1_UNIFORM_100,10000,9500,1,950000,FENWICK,BUILD,13,150800,152136
N10000_K1_UNIFORM_100,10000,9500,1,950000,FENWICK,BUILD,14,170101,152136
N10000_K1_UNIFORM_100,10000,9500,1,950000,FENWICK,BUILD,15,99700,152136
N10000_K1_UNIFORM_100,10000,9500,1,950000,FENWICK,BUILD,16,147699,152136
N10000_K1_UNIFORM_100,10000,9500,1,950000,FENWICK,BUILD,17,158600,152136
N10000_K1_UNIFORM_100,10000,9500,1,950000,FENWICK,BUILD,18,86700,152136
N10000_K1_UNIFORM_100,10000,9500,1,950000,FENWICK,BUILD,19,185701,152136
N10000_K1_UNIFORM_100,10000,9500,1,950000,FENWICK,SELECT,0,34100,1592
N10000_K1_UNIFORM_100,10000,9500,1,950000,FENWICK,SELECT,1,31800,1592
N10000_K1_UNIFORM_100,10000,9500,1,950000,FENWICK,SELECT,2,44600,1592
N10000_K1_UNIFORM_100,10000,9500,1,950000,FENWICK,SELECT,3,30200,1592
N10000_K1_UNIFORM_100,10000,9500,1,950000,FENWICK,SELECT,4,22400,1592
N10000_K1_UNIFORM_100,10000,9500,1,950000,FENWICK,SELECT,5,21899,1592
N10000_K1_UNIFORM_100,10000,9500,1,950000,FENWICK,SELECT,6,31000,1592
N10000_K1_UNIFORM_100,10000,9500,1,950000,FENWICK,SELECT,7,18900,1592
N10000_K1_UNIFORM_100,10000,9500,1,950000,FENWICK,SELECT,8,42700,1592
N10000_K1_UNIFORM_100,10000,9500,1,950000,FENWICK,SELECT,9,28199,1592
N10000_K1_UNIFORM_100,10000,9500,1,950000,FENWICK,SELECT,10,28500,1592
N10000_K1_UNIFORM_100,10000,9500,1,950000,FENWICK,SELECT,11,29100,1592
N10000_K1_UNIFORM_100,10000,9500,1,950000,FENWICK,SELECT,12,33100,1592
N10000_K1_UNIFORM_100,10000,9500,1,950000,FENWICK,SELECT,13,37000,1592
N10000_K1_UNIFORM_100,10000,9500,1,950000,FENWICK,SELECT,14,31200,1592
N10000_K1_UNIFORM_100,10000,9500,1,950000,FENWICK,SELECT,15,11200,1592
N10000_K1_UNIFORM_100,10000,9500,1,950000,FENWICK,SELECT,16,25899,1592
N10000_K1_UNIFORM_100,10000,9500,1,950000,FENWICK,SELECT,17,47900,1592
N10000_K1_UNIFORM_100,10000,9500,1,950000,FENWICK,SELECT,18,25200,1592
N10000_K1_UNIFORM_100,10000,9500,1,950000,FENWICK,SELECT,19,29500,1592
N10000_K1_UNIFORM_100,10000,9500,1,950000,FENWICK,TOTAL,0,5205300,842976
N10000_K1_UNIFORM_100,10000,9500,1,950000,FENWICK,TOTAL,1,4764300,842976
N10000_K1_UNIFORM_100,10000,9500,1,950000,FENWICK,TOTAL,2,5990101,842976
N10000_K1_UNIFORM_100,10000,9500,1,950000,FENWICK,TOTAL,3,6170201,842976
N10000_K1_UNIFORM_100,10000,9500,1,950000,FENWICK,TOTAL,4,5805100,842976
N10000_K1_UNIFORM_100,10000,9500,1,950000,FENWICK,TOTAL,5,5782100,842976
N10000_K1_UNIFORM_100,10000,9500,1,950000,FENWICK,TOTAL,6,5928599,842976
N10000_K1_UNIFORM_100,10000,9500,1,950000,FENWICK,TOTAL,7,5866500,842976
N10000_K1_UNIFORM_100,10000,9500,1,950000,FENWICK,TOTAL,8,6129100,842976
N10000_K1_UNIFORM_100,10000,9500,1,950000,FENWICK,TOTAL,9,4978799,842976
N10000_K1_UNIFORM_100,10000,9500,1,950000,FENWICK,TOTAL,10,5837101,842976
N10000_K1_UNIFORM_100,10000,9500,1,950000,FENWICK,TOTAL,11,4964801,842976
N10000_K1_UNIFORM_100,10000,9500,1,950000,FENWICK,TOTAL,12,5723399,842976
N10000_K1_UNIFORM_100,10000,9500,1,950000,FENWICK,TOTAL,13,5874600,842976
N10000_K1_UNIFORM_100,10000,9500,1,950000,FENWICK,TOTAL,14,5377600,842976
N10000_K1_UNIFORM_100,10000,9500,1,950000,FENWICK,TOTAL,15,5301400,842976
N10000_K1_UNIFORM_100,10000,9500,1,950000,FENWICK,TOTAL,16,5995600,842976
N10000_K1_UNIFORM_100,10000,9500,1,950000,FENWICK,TOTAL,17,5763400,842976
N10000_K1_UNIFORM_100,10000,9500,1,950000,FENWICK,TOTAL,18,5752201,842976
N10000_K1_UNIFORM_100,10000,9500,1,950000,FENWICK,TOTAL,19,5628600,842976
N10000_K95_UNIFORM_100,10000,9500,95,950000,TICKET_ARRAY,NORMALIZE,0,5374501,689248
N10000_K95_UNIFORM_100,10000,9500,95,950000,TICKET_ARRAY,NORMALIZE,1,5260000,689248
N10000_K95_UNIFORM_100,10000,9500,95,950000,TICKET_ARRAY,NORMALIZE,2,4869500,689248
N10000_K95_UNIFORM_100,10000,9500,95,950000,TICKET_ARRAY,NORMALIZE,3,4917699,689248
N10000_K95_UNIFORM_100,10000,9500,95,950000,TICKET_ARRAY,NORMALIZE,4,5185600,689248
N10000_K95_UNIFORM_100,10000,9500,95,950000,TICKET_ARRAY,NORMALIZE,5,4818101,689248
N10000_K95_UNIFORM_100,10000,9500,95,950000,TICKET_ARRAY,NORMALIZE,6,3862901,689248
N10000_K95_UNIFORM_100,10000,9500,95,950000,TICKET_ARRAY,NORMALIZE,7,3994500,689248
N10000_K95_UNIFORM_100,10000,9500,95,950000,TICKET_ARRAY,NORMALIZE,8,4482301,689248
N10000_K95_UNIFORM_100,10000,9500,95,950000,TICKET_ARRAY,NORMALIZE,9,4363700,689248
N10000_K95_UNIFORM_100,10000,9500,95,950000,TICKET_ARRAY,NORMALIZE,10,5986000,689248
N10000_K95_UNIFORM_100,10000,9500,95,950000,TICKET_ARRAY,NORMALIZE,11,5493900,689248
N10000_K95_UNIFORM_100,10000,9500,95,950000,TICKET_ARRAY,NORMALIZE,12,5892401,689248
N10000_K95_UNIFORM_100,10000,9500,95,950000,TICKET_ARRAY,NORMALIZE,13,5661599,689248
N10000_K95_UNIFORM_100,10000,9500,95,950000,TICKET_ARRAY,NORMALIZE,14,5866300,689248
N10000_K95_UNIFORM_100,10000,9500,95,950000,TICKET_ARRAY,NORMALIZE,15,4960200,689248
N10000_K95_UNIFORM_100,10000,9500,95,950000,TICKET_ARRAY,NORMALIZE,16,5573400,689248
N10000_K95_UNIFORM_100,10000,9500,95,950000,TICKET_ARRAY,NORMALIZE,17,5792501,689248
N10000_K95_UNIFORM_100,10000,9500,95,950000,TICKET_ARRAY,NORMALIZE,18,5360500,689248
N10000_K95_UNIFORM_100,10000,9500,95,950000,TICKET_ARRAY,NORMALIZE,19,5708900,689248
N10000_K95_UNIFORM_100,10000,9500,95,950000,TICKET_ARRAY,BUILD,0,1240700,3800040
N10000_K95_UNIFORM_100,10000,9500,95,950000,TICKET_ARRAY,BUILD,1,1822800,3800040
N10000_K95_UNIFORM_100,10000,9500,95,950000,TICKET_ARRAY,BUILD,2,1761699,3800040
N10000_K95_UNIFORM_100,10000,9500,95,950000,TICKET_ARRAY,BUILD,3,1786800,3800040
N10000_K95_UNIFORM_100,10000,9500,95,950000,TICKET_ARRAY,BUILD,4,1701900,3800040
N10000_K95_UNIFORM_100,10000,9500,95,950000,TICKET_ARRAY,BUILD,5,1802000,3800040
N10000_K95_UNIFORM_100,10000,9500,95,950000,TICKET_ARRAY,BUILD,6,1864700,3800040
N10000_K95_UNIFORM_100,10000,9500,95,950000,TICKET_ARRAY,BUILD,7,1689900,3800040
N10000_K95_UNIFORM_100,10000,9500,95,950000,TICKET_ARRAY,BUILD,8,1626599,3800040
N10000_K95_UNIFORM_100,10000,9500,95,950000,TICKET_ARRAY,BUILD,9,1789900,3800040
N10000_K95_UNIFORM_100,10000,9500,95,950000,TICKET_ARRAY,BUILD,10,1730499,3800040
N10000_K95_UNIFORM_100,10000,9500,95,950000,TICKET_ARRAY,BUILD,11,1733700,3800040
N10000_K95_UNIFORM_100,10000,9500,95,950000,TICKET_ARRAY,BUILD,12,1786199,3800040
N10000_K95_UNIFORM_100,10000,9500,95,950000,TICKET_ARRAY,BUILD,13,1731400,3800040
N10000_K95_UNIFORM_100,10000,9500,95,950000,TICKET_ARRAY,BUILD,14,1756700,3800040
N10000_K95_UNIFORM_100,10000,9500,95,950000,TICKET_ARRAY,BUILD,15,1699701,3800040
N10000_K95_UNIFORM_100,10000,9500,95,950000,TICKET_ARRAY,BUILD,16,1719300,3800040
N10000_K95_UNIFORM_100,10000,9500,95,950000,TICKET_ARRAY,BUILD,17,1874500,3800040
N10000_K95_UNIFORM_100,10000,9500,95,950000,TICKET_ARRAY,BUILD,18,1031600,3800040
N10000_K95_UNIFORM_100,10000,9500,95,950000,TICKET_ARRAY,BUILD,19,1739900,3800040
N10000_K95_UNIFORM_100,10000,9500,95,950000,TICKET_ARRAY,SELECT,0,84838601,17568
N10000_K95_UNIFORM_100,10000,9500,95,950000,TICKET_ARRAY,SELECT,1,82794701,17568
N10000_K95_UNIFORM_100,10000,9500,95,950000,TICKET_ARRAY,SELECT,2,83564801,17568
N10000_K95_UNIFORM_100,10000,9500,95,950000,TICKET_ARRAY,SELECT,3,80614000,17568
N10000_K95_UNIFORM_100,10000,9500,95,950000,TICKET_ARRAY,SELECT,4,90273999,17568
N10000_K95_UNIFORM_100,10000,9500,95,950000,TICKET_ARRAY,SELECT,5,85060600,17568
N10000_K95_UNIFORM_100,10000,9500,95,950000,TICKET_ARRAY,SELECT,6,83632500,17568
N10000_K95_UNIFORM_100,10000,9500,95,950000,TICKET_ARRAY,SELECT,7,81677900,17568
N10000_K95_UNIFORM_100,10000,9500,95,950000,TICKET_ARRAY,SELECT,8,82922699,17568
N10000_K95_UNIFORM_100,10000,9500,95,950000,TICKET_ARRAY,SELECT,9,83757100,17568
N10000_K95_UNIFORM_100,10000,9500,95,950000,TICKET_ARRAY,SELECT,10,83381199,17568
N10000_K95_UNIFORM_100,10000,9500,95,950000,TICKET_ARRAY,SELECT,11,81253000,17568
N10000_K95_UNIFORM_100,10000,9500,95,950000,TICKET_ARRAY,SELECT,12,85679799,17568
N10000_K95_UNIFORM_100,10000,9500,95,950000,TICKET_ARRAY,SELECT,13,75842000,17568
N10000_K95_UNIFORM_100,10000,9500,95,950000,TICKET_ARRAY,SELECT,14,83867699,17568
N10000_K95_UNIFORM_100,10000,9500,95,950000,TICKET_ARRAY,SELECT,15,86487201,17568
N10000_K95_UNIFORM_100,10000,9500,95,950000,TICKET_ARRAY,SELECT,16,77909300,17568
N10000_K95_UNIFORM_100,10000,9500,95,950000,TICKET_ARRAY,SELECT,17,85751500,17568
N10000_K95_UNIFORM_100,10000,9500,95,950000,TICKET_ARRAY,SELECT,18,83030499,17568
N10000_K95_UNIFORM_100,10000,9500,95,950000,TICKET_ARRAY,SELECT,19,85067600,17568
N10000_K95_UNIFORM_100,10000,9500,95,950000,TICKET_ARRAY,TOTAL,0,94577701,4506856
N10000_K95_UNIFORM_100,10000,9500,95,950000,TICKET_ARRAY,TOTAL,1,89706500,4506856
N10000_K95_UNIFORM_100,10000,9500,95,950000,TICKET_ARRAY,TOTAL,2,87009301,4506856
N10000_K95_UNIFORM_100,10000,9500,95,950000,TICKET_ARRAY,TOTAL,3,84425900,4506856
N10000_K95_UNIFORM_100,10000,9500,95,950000,TICKET_ARRAY,TOTAL,4,78956501,4506856
N10000_K95_UNIFORM_100,10000,9500,95,950000,TICKET_ARRAY,TOTAL,5,87137000,4506856
N10000_K95_UNIFORM_100,10000,9500,95,950000,TICKET_ARRAY,TOTAL,6,77196101,4506856
N10000_K95_UNIFORM_100,10000,9500,95,950000,TICKET_ARRAY,TOTAL,7,90063200,4506856
N10000_K95_UNIFORM_100,10000,9500,95,950000,TICKET_ARRAY,TOTAL,8,88992099,4506856
N10000_K95_UNIFORM_100,10000,9500,95,950000,TICKET_ARRAY,TOTAL,9,78736400,4506856
N10000_K95_UNIFORM_100,10000,9500,95,950000,TICKET_ARRAY,TOTAL,10,80938000,4506856
N10000_K95_UNIFORM_100,10000,9500,95,950000,TICKET_ARRAY,TOTAL,11,91868899,4506856
N10000_K95_UNIFORM_100,10000,9500,95,950000,TICKET_ARRAY,TOTAL,12,96410700,4506856
N10000_K95_UNIFORM_100,10000,9500,95,950000,TICKET_ARRAY,TOTAL,13,88432701,4506856
N10000_K95_UNIFORM_100,10000,9500,95,950000,TICKET_ARRAY,TOTAL,14,81426500,4506856
N10000_K95_UNIFORM_100,10000,9500,95,950000,TICKET_ARRAY,TOTAL,15,86431400,4506856
N10000_K95_UNIFORM_100,10000,9500,95,950000,TICKET_ARRAY,TOTAL,16,75585600,4506856
N10000_K95_UNIFORM_100,10000,9500,95,950000,TICKET_ARRAY,TOTAL,17,80443601,4506856
N10000_K95_UNIFORM_100,10000,9500,95,950000,TICKET_ARRAY,TOTAL,18,84489899,4506856
N10000_K95_UNIFORM_100,10000,9500,95,950000,TICKET_ARRAY,TOTAL,19,93996200,4506856
N10000_K95_UNIFORM_100,10000,9500,95,950000,PREFIX_LINEAR,NORMALIZE,0,5572500,689248
N10000_K95_UNIFORM_100,10000,9500,95,950000,PREFIX_LINEAR,NORMALIZE,1,5501900,689248
N10000_K95_UNIFORM_100,10000,9500,95,950000,PREFIX_LINEAR,NORMALIZE,2,5555700,689248
N10000_K95_UNIFORM_100,10000,9500,95,950000,PREFIX_LINEAR,NORMALIZE,3,5410000,689248
N10000_K95_UNIFORM_100,10000,9500,95,950000,PREFIX_LINEAR,NORMALIZE,4,4312700,689248
N10000_K95_UNIFORM_100,10000,9500,95,950000,PREFIX_LINEAR,NORMALIZE,5,3859500,689248
N10000_K95_UNIFORM_100,10000,9500,95,950000,PREFIX_LINEAR,NORMALIZE,6,4217299,689248
N10000_K95_UNIFORM_100,10000,9500,95,950000,PREFIX_LINEAR,NORMALIZE,7,5391900,689248
N10000_K95_UNIFORM_100,10000,9500,95,950000,PREFIX_LINEAR,NORMALIZE,8,5398200,689248
N10000_K95_UNIFORM_100,10000,9500,95,950000,PREFIX_LINEAR,NORMALIZE,9,5456699,689248
N10000_K95_UNIFORM_100,10000,9500,95,950000,PREFIX_LINEAR,NORMALIZE,10,5262999,689248
N10000_K95_UNIFORM_100,10000,9500,95,950000,PREFIX_LINEAR,NORMALIZE,11,5518201,689248
N10000_K95_UNIFORM_100,10000,9500,95,950000,PREFIX_LINEAR,NORMALIZE,12,5782501,689248
N10000_K95_UNIFORM_100,10000,9500,95,950000,PREFIX_LINEAR,NORMALIZE,13,5882000,689248
N10000_K95_UNIFORM_100,10000,9500,95,950000,PREFIX_LINEAR,NORMALIZE,14,5613601,689248
N10000_K95_UNIFORM_100,10000,9500,95,950000,PREFIX_LINEAR,NORMALIZE,15,5605700,689248
N10000_K95_UNIFORM_100,10000,9500,95,950000,PREFIX_LINEAR,NORMALIZE,16,5342500,689248
N10000_K95_UNIFORM_100,10000,9500,95,950000,PREFIX_LINEAR,NORMALIZE,17,5656200,689248
N10000_K95_UNIFORM_100,10000,9500,95,950000,PREFIX_LINEAR,NORMALIZE,18,4930300,689248
N10000_K95_UNIFORM_100,10000,9500,95,950000,PREFIX_LINEAR,NORMALIZE,19,5245201,689248
N10000_K95_UNIFORM_100,10000,9500,95,950000,PREFIX_LINEAR,BUILD,0,53400,152064
N10000_K95_UNIFORM_100,10000,9500,95,950000,PREFIX_LINEAR,BUILD,1,51401,152064
N10000_K95_UNIFORM_100,10000,9500,95,950000,PREFIX_LINEAR,BUILD,2,51200,152064
N10000_K95_UNIFORM_100,10000,9500,95,950000,PREFIX_LINEAR,BUILD,3,56301,152064
N10000_K95_UNIFORM_100,10000,9500,95,950000,PREFIX_LINEAR,BUILD,4,66399,152064
N10000_K95_UNIFORM_100,10000,9500,95,950000,PREFIX_LINEAR,BUILD,5,52000,152064
N10000_K95_UNIFORM_100,10000,9500,95,950000,PREFIX_LINEAR,BUILD,6,50300,152064
N10000_K95_UNIFORM_100,10000,9500,95,950000,PREFIX_LINEAR,BUILD,7,101601,152064
N10000_K95_UNIFORM_100,10000,9500,95,950000,PREFIX_LINEAR,BUILD,8,51900,152064
N10000_K95_UNIFORM_100,10000,9500,95,950000,PREFIX_LINEAR,BUILD,9,63000,152064
N10000_K95_UNIFORM_100,10000,9500,95,950000,PREFIX_LINEAR,BUILD,10,75199,152064
N10000_K95_UNIFORM_100,10000,9500,95,950000,PREFIX_LINEAR,BUILD,11,48000,152064
N10000_K95_UNIFORM_100,10000,9500,95,950000,PREFIX_LINEAR,BUILD,12,56500,152064
N10000_K95_UNIFORM_100,10000,9500,95,950000,PREFIX_LINEAR,BUILD,13,52800,152064
N10000_K95_UNIFORM_100,10000,9500,95,950000,PREFIX_LINEAR,BUILD,14,50600,152064
N10000_K95_UNIFORM_100,10000,9500,95,950000,PREFIX_LINEAR,BUILD,15,65100,152064
N10000_K95_UNIFORM_100,10000,9500,95,950000,PREFIX_LINEAR,BUILD,16,44399,152064
N10000_K95_UNIFORM_100,10000,9500,95,950000,PREFIX_LINEAR,BUILD,17,59500,152064
N10000_K95_UNIFORM_100,10000,9500,95,950000,PREFIX_LINEAR,BUILD,18,51000,152064
N10000_K95_UNIFORM_100,10000,9500,95,950000,PREFIX_LINEAR,BUILD,19,36100,152064
N10000_K95_UNIFORM_100,10000,9500,95,950000,PREFIX_LINEAR,SELECT,0,508299,17568
N10000_K95_UNIFORM_100,10000,9500,95,950000,PREFIX_LINEAR,SELECT,1,518700,17568
N10000_K95_UNIFORM_100,10000,9500,95,950000,PREFIX_LINEAR,SELECT,2,518101,17568
N10000_K95_UNIFORM_100,10000,9500,95,950000,PREFIX_LINEAR,SELECT,3,564500,17568
N10000_K95_UNIFORM_100,10000,9500,95,950000,PREFIX_LINEAR,SELECT,4,495900,17568
N10000_K95_UNIFORM_100,10000,9500,95,950000,PREFIX_LINEAR,SELECT,5,601700,17568
N10000_K95_UNIFORM_100,10000,9500,95,950000,PREFIX_LINEAR,SELECT,6,555201,17568
N10000_K95_UNIFORM_100,10000,9500,95,950000,PREFIX_LINEAR,SELECT,7,517599,17568
N10000_K95_UNIFORM_100,10000,9500,95,950000,PREFIX_LINEAR,SELECT,8,495300,17568
N10000_K95_UNIFORM_100,10000,9500,95,950000,PREFIX_LINEAR,SELECT,9,507399,17568
N10000_K95_UNIFORM_100,10000,9500,95,950000,PREFIX_LINEAR,SELECT,10,487201,17568
N10000_K95_UNIFORM_100,10000,9500,95,950000,PREFIX_LINEAR,SELECT,11,510600,17568
N10000_K95_UNIFORM_100,10000,9500,95,950000,PREFIX_LINEAR,SELECT,12,417900,17568
N10000_K95_UNIFORM_100,10000,9500,95,950000,PREFIX_LINEAR,SELECT,13,512100,17568
N10000_K95_UNIFORM_100,10000,9500,95,950000,PREFIX_LINEAR,SELECT,14,501399,17568
N10000_K95_UNIFORM_100,10000,9500,95,950000,PREFIX_LINEAR,SELECT,15,526200,17568
N10000_K95_UNIFORM_100,10000,9500,95,950000,PREFIX_LINEAR,SELECT,16,528700,17568
N10000_K95_UNIFORM_100,10000,9500,95,950000,PREFIX_LINEAR,SELECT,17,511700,17568
N10000_K95_UNIFORM_100,10000,9500,95,950000,PREFIX_LINEAR,SELECT,18,355299,17568
N10000_K95_UNIFORM_100,10000,9500,95,950000,PREFIX_LINEAR,SELECT,19,255700,17568
N10000_K95_UNIFORM_100,10000,9500,95,950000,PREFIX_LINEAR,TOTAL,0,6070300,858880
N10000_K95_UNIFORM_100,10000,9500,95,950000,PREFIX_LINEAR,TOTAL,1,5295799,858880
N10000_K95_UNIFORM_100,10000,9500,95,950000,PREFIX_LINEAR,TOTAL,2,5660901,858880
N10000_K95_UNIFORM_100,10000,9500,95,950000,PREFIX_LINEAR,TOTAL,3,6099200,858880
N10000_K95_UNIFORM_100,10000,9500,95,950000,PREFIX_LINEAR,TOTAL,4,4712799,858880
N10000_K95_UNIFORM_100,10000,9500,95,950000,PREFIX_LINEAR,TOTAL,5,5817101,858880
N10000_K95_UNIFORM_100,10000,9500,95,950000,PREFIX_LINEAR,TOTAL,6,6043700,858880
N10000_K95_UNIFORM_100,10000,9500,95,950000,PREFIX_LINEAR,TOTAL,7,6201500,858880
N10000_K95_UNIFORM_100,10000,9500,95,950000,PREFIX_LINEAR,TOTAL,8,6115200,858880
N10000_K95_UNIFORM_100,10000,9500,95,950000,PREFIX_LINEAR,TOTAL,9,6407200,858880
N10000_K95_UNIFORM_100,10000,9500,95,950000,PREFIX_LINEAR,TOTAL,10,6125499,858880
N10000_K95_UNIFORM_100,10000,9500,95,950000,PREFIX_LINEAR,TOTAL,11,6000600,858880
N10000_K95_UNIFORM_100,10000,9500,95,950000,PREFIX_LINEAR,TOTAL,12,4604300,858880
N10000_K95_UNIFORM_100,10000,9500,95,950000,PREFIX_LINEAR,TOTAL,13,3956901,858880
N10000_K95_UNIFORM_100,10000,9500,95,950000,PREFIX_LINEAR,TOTAL,14,5348201,858880
N10000_K95_UNIFORM_100,10000,9500,95,950000,PREFIX_LINEAR,TOTAL,15,5917000,858880
N10000_K95_UNIFORM_100,10000,9500,95,950000,PREFIX_LINEAR,TOTAL,16,6153100,858880
N10000_K95_UNIFORM_100,10000,9500,95,950000,PREFIX_LINEAR,TOTAL,17,6049300,858880
N10000_K95_UNIFORM_100,10000,9500,95,950000,PREFIX_LINEAR,TOTAL,18,5996300,858880
N10000_K95_UNIFORM_100,10000,9500,95,950000,PREFIX_LINEAR,TOTAL,19,6065701,858880
N10000_K95_UNIFORM_100,10000,9500,95,950000,PREFIX_BINARY,NORMALIZE,0,5842600,689248
N10000_K95_UNIFORM_100,10000,9500,95,950000,PREFIX_BINARY,NORMALIZE,1,4526000,689248
N10000_K95_UNIFORM_100,10000,9500,95,950000,PREFIX_BINARY,NORMALIZE,2,3802500,689248
N10000_K95_UNIFORM_100,10000,9500,95,950000,PREFIX_BINARY,NORMALIZE,3,5728800,689248
N10000_K95_UNIFORM_100,10000,9500,95,950000,PREFIX_BINARY,NORMALIZE,4,5582399,689248
N10000_K95_UNIFORM_100,10000,9500,95,950000,PREFIX_BINARY,NORMALIZE,5,5651000,689248
N10000_K95_UNIFORM_100,10000,9500,95,950000,PREFIX_BINARY,NORMALIZE,6,5792501,689248
N10000_K95_UNIFORM_100,10000,9500,95,950000,PREFIX_BINARY,NORMALIZE,7,5628899,689248
N10000_K95_UNIFORM_100,10000,9500,95,950000,PREFIX_BINARY,NORMALIZE,8,5799701,689248
N10000_K95_UNIFORM_100,10000,9500,95,950000,PREFIX_BINARY,NORMALIZE,9,5800901,689248
N10000_K95_UNIFORM_100,10000,9500,95,950000,PREFIX_BINARY,NORMALIZE,10,4653101,689248
N10000_K95_UNIFORM_100,10000,9500,95,950000,PREFIX_BINARY,NORMALIZE,11,5423099,689248
N10000_K95_UNIFORM_100,10000,9500,95,950000,PREFIX_BINARY,NORMALIZE,12,5282600,689248
N10000_K95_UNIFORM_100,10000,9500,95,950000,PREFIX_BINARY,NORMALIZE,13,5527100,689248
N10000_K95_UNIFORM_100,10000,9500,95,950000,PREFIX_BINARY,NORMALIZE,14,5703701,689248
N10000_K95_UNIFORM_100,10000,9500,95,950000,PREFIX_BINARY,NORMALIZE,15,5955100,689248
N10000_K95_UNIFORM_100,10000,9500,95,950000,PREFIX_BINARY,NORMALIZE,16,4993800,689248
N10000_K95_UNIFORM_100,10000,9500,95,950000,PREFIX_BINARY,NORMALIZE,17,5621400,689248
N10000_K95_UNIFORM_100,10000,9500,95,950000,PREFIX_BINARY,NORMALIZE,18,5484899,689248
N10000_K95_UNIFORM_100,10000,9500,95,950000,PREFIX_BINARY,NORMALIZE,19,5641901,689248
N10000_K95_UNIFORM_100,10000,9500,95,950000,PREFIX_BINARY,BUILD,0,53100,152064
N10000_K95_UNIFORM_100,10000,9500,95,950000,PREFIX_BINARY,BUILD,1,59400,152064
N10000_K95_UNIFORM_100,10000,9500,95,950000,PREFIX_BINARY,BUILD,2,49500,152064
N10000_K95_UNIFORM_100,10000,9500,95,950000,PREFIX_BINARY,BUILD,3,50001,152064
N10000_K95_UNIFORM_100,10000,9500,95,950000,PREFIX_BINARY,BUILD,4,61300,152064
N10000_K95_UNIFORM_100,10000,9500,95,950000,PREFIX_BINARY,BUILD,5,52400,152064
N10000_K95_UNIFORM_100,10000,9500,95,950000,PREFIX_BINARY,BUILD,6,51201,152064
N10000_K95_UNIFORM_100,10000,9500,95,950000,PREFIX_BINARY,BUILD,7,51200,152064
N10000_K95_UNIFORM_100,10000,9500,95,950000,PREFIX_BINARY,BUILD,8,50200,152064
N10000_K95_UNIFORM_100,10000,9500,95,950000,PREFIX_BINARY,BUILD,9,63301,152064
N10000_K95_UNIFORM_100,10000,9500,95,950000,PREFIX_BINARY,BUILD,10,49401,152064
N10000_K95_UNIFORM_100,10000,9500,95,950000,PREFIX_BINARY,BUILD,11,51801,152064
N10000_K95_UNIFORM_100,10000,9500,95,950000,PREFIX_BINARY,BUILD,12,33300,152064
N10000_K95_UNIFORM_100,10000,9500,95,950000,PREFIX_BINARY,BUILD,13,35001,152064
N10000_K95_UNIFORM_100,10000,9500,95,950000,PREFIX_BINARY,BUILD,14,38601,152064
N10000_K95_UNIFORM_100,10000,9500,95,950000,PREFIX_BINARY,BUILD,15,32400,152064
N10000_K95_UNIFORM_100,10000,9500,95,950000,PREFIX_BINARY,BUILD,16,36301,152064
N10000_K95_UNIFORM_100,10000,9500,95,950000,PREFIX_BINARY,BUILD,17,61100,152064
N10000_K95_UNIFORM_100,10000,9500,95,950000,PREFIX_BINARY,BUILD,18,82599,152064
N10000_K95_UNIFORM_100,10000,9500,95,950000,PREFIX_BINARY,BUILD,19,67300,152064
N10000_K95_UNIFORM_100,10000,9500,95,950000,PREFIX_BINARY,SELECT,0,245700,17568
N10000_K95_UNIFORM_100,10000,9500,95,950000,PREFIX_BINARY,SELECT,1,231500,17568
N10000_K95_UNIFORM_100,10000,9500,95,950000,PREFIX_BINARY,SELECT,2,219600,17568
N10000_K95_UNIFORM_100,10000,9500,95,950000,PREFIX_BINARY,SELECT,3,210501,17568
N10000_K95_UNIFORM_100,10000,9500,95,950000,PREFIX_BINARY,SELECT,4,211601,17568
N10000_K95_UNIFORM_100,10000,9500,95,950000,PREFIX_BINARY,SELECT,5,150699,17568
N10000_K95_UNIFORM_100,10000,9500,95,950000,PREFIX_BINARY,SELECT,6,137800,17568
N10000_K95_UNIFORM_100,10000,9500,95,950000,PREFIX_BINARY,SELECT,7,132999,17568
N10000_K95_UNIFORM_100,10000,9500,95,950000,PREFIX_BINARY,SELECT,8,133999,17568
N10000_K95_UNIFORM_100,10000,9500,95,950000,PREFIX_BINARY,SELECT,9,147600,17568
N10000_K95_UNIFORM_100,10000,9500,95,950000,PREFIX_BINARY,SELECT,10,130499,17568
N10000_K95_UNIFORM_100,10000,9500,95,950000,PREFIX_BINARY,SELECT,11,131699,17568
N10000_K95_UNIFORM_100,10000,9500,95,950000,PREFIX_BINARY,SELECT,12,205099,17568
N10000_K95_UNIFORM_100,10000,9500,95,950000,PREFIX_BINARY,SELECT,13,209200,17568
N10000_K95_UNIFORM_100,10000,9500,95,950000,PREFIX_BINARY,SELECT,14,201499,17568
N10000_K95_UNIFORM_100,10000,9500,95,950000,PREFIX_BINARY,SELECT,15,243201,17568
N10000_K95_UNIFORM_100,10000,9500,95,950000,PREFIX_BINARY,SELECT,16,200300,17568
N10000_K95_UNIFORM_100,10000,9500,95,950000,PREFIX_BINARY,SELECT,17,205201,17568
N10000_K95_UNIFORM_100,10000,9500,95,950000,PREFIX_BINARY,SELECT,18,265801,17568
N10000_K95_UNIFORM_100,10000,9500,95,950000,PREFIX_BINARY,SELECT,19,198100,17568
N10000_K95_UNIFORM_100,10000,9500,95,950000,PREFIX_BINARY,TOTAL,0,5869000,858880
N10000_K95_UNIFORM_100,10000,9500,95,950000,PREFIX_BINARY,TOTAL,1,5765600,858880
N10000_K95_UNIFORM_100,10000,9500,95,950000,PREFIX_BINARY,TOTAL,2,5849701,858880
N10000_K95_UNIFORM_100,10000,9500,95,950000,PREFIX_BINARY,TOTAL,3,5596700,858880
N10000_K95_UNIFORM_100,10000,9500,95,950000,PREFIX_BINARY,TOTAL,4,4685299,858880
N10000_K95_UNIFORM_100,10000,9500,95,950000,PREFIX_BINARY,TOTAL,5,5240800,858880
N10000_K95_UNIFORM_100,10000,9500,95,950000,PREFIX_BINARY,TOTAL,6,5534500,858880
N10000_K95_UNIFORM_100,10000,9500,95,950000,PREFIX_BINARY,TOTAL,7,5348801,858880
N10000_K95_UNIFORM_100,10000,9500,95,950000,PREFIX_BINARY,TOTAL,8,4951501,858880
N10000_K95_UNIFORM_100,10000,9500,95,950000,PREFIX_BINARY,TOTAL,9,6012199,858880
N10000_K95_UNIFORM_100,10000,9500,95,950000,PREFIX_BINARY,TOTAL,10,4535899,858880
N10000_K95_UNIFORM_100,10000,9500,95,950000,PREFIX_BINARY,TOTAL,11,4832400,858880
N10000_K95_UNIFORM_100,10000,9500,95,950000,PREFIX_BINARY,TOTAL,12,6037600,858880
N10000_K95_UNIFORM_100,10000,9500,95,950000,PREFIX_BINARY,TOTAL,13,6072000,858880
N10000_K95_UNIFORM_100,10000,9500,95,950000,PREFIX_BINARY,TOTAL,14,5235100,858880
N10000_K95_UNIFORM_100,10000,9500,95,950000,PREFIX_BINARY,TOTAL,15,5377400,858880
N10000_K95_UNIFORM_100,10000,9500,95,950000,PREFIX_BINARY,TOTAL,16,5049999,858880
N10000_K95_UNIFORM_100,10000,9500,95,950000,PREFIX_BINARY,TOTAL,17,5995700,858880
N10000_K95_UNIFORM_100,10000,9500,95,950000,PREFIX_BINARY,TOTAL,18,6007201,858880
N10000_K95_UNIFORM_100,10000,9500,95,950000,PREFIX_BINARY,TOTAL,19,5216301,858880
N10000_K95_UNIFORM_100,10000,9500,95,950000,FENWICK,NORMALIZE,0,5532600,689248
N10000_K95_UNIFORM_100,10000,9500,95,950000,FENWICK,NORMALIZE,1,5717000,689248
N10000_K95_UNIFORM_100,10000,9500,95,950000,FENWICK,NORMALIZE,2,5181299,689248
N10000_K95_UNIFORM_100,10000,9500,95,950000,FENWICK,NORMALIZE,3,5608000,689248
N10000_K95_UNIFORM_100,10000,9500,95,950000,FENWICK,NORMALIZE,4,5825200,689248
N10000_K95_UNIFORM_100,10000,9500,95,950000,FENWICK,NORMALIZE,5,5431999,689248
N10000_K95_UNIFORM_100,10000,9500,95,950000,FENWICK,NORMALIZE,6,5512000,689248
N10000_K95_UNIFORM_100,10000,9500,95,950000,FENWICK,NORMALIZE,7,4324099,689248
N10000_K95_UNIFORM_100,10000,9500,95,950000,FENWICK,NORMALIZE,8,5420900,689248
N10000_K95_UNIFORM_100,10000,9500,95,950000,FENWICK,NORMALIZE,9,5543100,689248
N10000_K95_UNIFORM_100,10000,9500,95,950000,FENWICK,NORMALIZE,10,5128500,689248
N10000_K95_UNIFORM_100,10000,9500,95,950000,FENWICK,NORMALIZE,11,3789700,689248
N10000_K95_UNIFORM_100,10000,9500,95,950000,FENWICK,NORMALIZE,12,5720100,689248
N10000_K95_UNIFORM_100,10000,9500,95,950000,FENWICK,NORMALIZE,13,5724700,689248
N10000_K95_UNIFORM_100,10000,9500,95,950000,FENWICK,NORMALIZE,14,5193501,689248
N10000_K95_UNIFORM_100,10000,9500,95,950000,FENWICK,NORMALIZE,15,5432700,689248
N10000_K95_UNIFORM_100,10000,9500,95,950000,FENWICK,NORMALIZE,16,5372800,689248
N10000_K95_UNIFORM_100,10000,9500,95,950000,FENWICK,NORMALIZE,17,4552200,689248
N10000_K95_UNIFORM_100,10000,9500,95,950000,FENWICK,NORMALIZE,18,5655001,689248
N10000_K95_UNIFORM_100,10000,9500,95,950000,FENWICK,NORMALIZE,19,5522899,689248
N10000_K95_UNIFORM_100,10000,9500,95,950000,FENWICK,BUILD,0,155900,152136
N10000_K95_UNIFORM_100,10000,9500,95,950000,FENWICK,BUILD,1,155299,152136
N10000_K95_UNIFORM_100,10000,9500,95,950000,FENWICK,BUILD,2,91000,152136
N10000_K95_UNIFORM_100,10000,9500,95,950000,FENWICK,BUILD,3,87100,152136
N10000_K95_UNIFORM_100,10000,9500,95,950000,FENWICK,BUILD,4,153799,152136
N10000_K95_UNIFORM_100,10000,9500,95,950000,FENWICK,BUILD,5,109100,152136
N10000_K95_UNIFORM_100,10000,9500,95,950000,FENWICK,BUILD,6,157900,152136
N10000_K95_UNIFORM_100,10000,9500,95,950000,FENWICK,BUILD,7,154000,152136
N10000_K95_UNIFORM_100,10000,9500,95,950000,FENWICK,BUILD,8,146199,152136
N10000_K95_UNIFORM_100,10000,9500,95,950000,FENWICK,BUILD,9,154000,152136
N10000_K95_UNIFORM_100,10000,9500,95,950000,FENWICK,BUILD,10,143600,152136
N10000_K95_UNIFORM_100,10000,9500,95,950000,FENWICK,BUILD,11,95800,152136
N10000_K95_UNIFORM_100,10000,9500,95,950000,FENWICK,BUILD,12,85601,152136
N10000_K95_UNIFORM_100,10000,9500,95,950000,FENWICK,BUILD,13,157801,152136
N10000_K95_UNIFORM_100,10000,9500,95,950000,FENWICK,BUILD,14,100300,152136
N10000_K95_UNIFORM_100,10000,9500,95,950000,FENWICK,BUILD,15,151100,152136
N10000_K95_UNIFORM_100,10000,9500,95,950000,FENWICK,BUILD,16,152900,152136
N10000_K95_UNIFORM_100,10000,9500,95,950000,FENWICK,BUILD,17,178800,152136
N10000_K95_UNIFORM_100,10000,9500,95,950000,FENWICK,BUILD,18,149401,152136
N10000_K95_UNIFORM_100,10000,9500,95,950000,FENWICK,BUILD,19,158200,152136
N10000_K95_UNIFORM_100,10000,9500,95,950000,FENWICK,SELECT,0,105800,17568
N10000_K95_UNIFORM_100,10000,9500,95,950000,FENWICK,SELECT,1,99699,17568
N10000_K95_UNIFORM_100,10000,9500,95,950000,FENWICK,SELECT,2,101200,17568
N10000_K95_UNIFORM_100,10000,9500,95,950000,FENWICK,SELECT,3,90500,17568
N10000_K95_UNIFORM_100,10000,9500,95,950000,FENWICK,SELECT,4,91000,17568
N10000_K95_UNIFORM_100,10000,9500,95,950000,FENWICK,SELECT,5,101600,17568
N10000_K95_UNIFORM_100,10000,9500,95,950000,FENWICK,SELECT,6,93500,17568
N10000_K95_UNIFORM_100,10000,9500,95,950000,FENWICK,SELECT,7,150000,17568
N10000_K95_UNIFORM_100,10000,9500,95,950000,FENWICK,SELECT,8,74400,17568
N10000_K95_UNIFORM_100,10000,9500,95,950000,FENWICK,SELECT,9,89701,17568
N10000_K95_UNIFORM_100,10000,9500,95,950000,FENWICK,SELECT,10,105299,17568
N10000_K95_UNIFORM_100,10000,9500,95,950000,FENWICK,SELECT,11,97001,17568
N10000_K95_UNIFORM_100,10000,9500,95,950000,FENWICK,SELECT,12,78800,17568
N10000_K95_UNIFORM_100,10000,9500,95,950000,FENWICK,SELECT,13,86001,17568
N10000_K95_UNIFORM_100,10000,9500,95,950000,FENWICK,SELECT,14,102800,17568
N10000_K95_UNIFORM_100,10000,9500,95,950000,FENWICK,SELECT,15,92900,17568
N10000_K95_UNIFORM_100,10000,9500,95,950000,FENWICK,SELECT,16,90100,17568
N10000_K95_UNIFORM_100,10000,9500,95,950000,FENWICK,SELECT,17,105099,17568
N10000_K95_UNIFORM_100,10000,9500,95,950000,FENWICK,SELECT,18,88100,17568
N10000_K95_UNIFORM_100,10000,9500,95,950000,FENWICK,SELECT,19,79901,17568
N10000_K95_UNIFORM_100,10000,9500,95,950000,FENWICK,TOTAL,0,4078700,858952
N10000_K95_UNIFORM_100,10000,9500,95,950000,FENWICK,TOTAL,1,5800099,858952
N10000_K95_UNIFORM_100,10000,9500,95,950000,FENWICK,TOTAL,2,5884600,858952
N10000_K95_UNIFORM_100,10000,9500,95,950000,FENWICK,TOTAL,3,4967600,858952
N10000_K95_UNIFORM_100,10000,9500,95,950000,FENWICK,TOTAL,4,6051299,858952
N10000_K95_UNIFORM_100,10000,9500,95,950000,FENWICK,TOTAL,5,5406901,858952
N10000_K95_UNIFORM_100,10000,9500,95,950000,FENWICK,TOTAL,6,5933500,858952
N10000_K95_UNIFORM_100,10000,9500,95,950000,FENWICK,TOTAL,7,6088399,858952
N10000_K95_UNIFORM_100,10000,9500,95,950000,FENWICK,TOTAL,8,6232400,858952
N10000_K95_UNIFORM_100,10000,9500,95,950000,FENWICK,TOTAL,9,6074701,858952
N10000_K95_UNIFORM_100,10000,9500,95,950000,FENWICK,TOTAL,10,5959500,858952
N10000_K95_UNIFORM_100,10000,9500,95,950000,FENWICK,TOTAL,11,5969700,858952
N10000_K95_UNIFORM_100,10000,9500,95,950000,FENWICK,TOTAL,12,5797599,858952
N10000_K95_UNIFORM_100,10000,9500,95,950000,FENWICK,TOTAL,13,5814000,858952
N10000_K95_UNIFORM_100,10000,9500,95,950000,FENWICK,TOTAL,14,5873199,858952
N10000_K95_UNIFORM_100,10000,9500,95,950000,FENWICK,TOTAL,15,5879200,858952
N10000_K95_UNIFORM_100,10000,9500,95,950000,FENWICK,TOTAL,16,5328400,858952
N10000_K95_UNIFORM_100,10000,9500,95,950000,FENWICK,TOTAL,17,6066200,858952
N10000_K95_UNIFORM_100,10000,9500,95,950000,FENWICK,TOTAL,18,6177100,858952
N10000_K95_UNIFORM_100,10000,9500,95,950000,FENWICK,TOTAL,19,5839300,858952
N10000_K950_UNIFORM_100,10000,9500,950,950000,TICKET_ARRAY,NORMALIZE,0,4850900,689248
N10000_K950_UNIFORM_100,10000,9500,950,950000,TICKET_ARRAY,NORMALIZE,1,4341500,689248
N10000_K950_UNIFORM_100,10000,9500,950,950000,TICKET_ARRAY,NORMALIZE,2,4002101,689248
N10000_K950_UNIFORM_100,10000,9500,950,950000,TICKET_ARRAY,NORMALIZE,3,4107499,689248
N10000_K950_UNIFORM_100,10000,9500,950,950000,TICKET_ARRAY,NORMALIZE,4,4418700,689248
N10000_K950_UNIFORM_100,10000,9500,950,950000,TICKET_ARRAY,NORMALIZE,5,5614500,689248
N10000_K950_UNIFORM_100,10000,9500,950,950000,TICKET_ARRAY,NORMALIZE,6,5530799,689248
N10000_K950_UNIFORM_100,10000,9500,950,950000,TICKET_ARRAY,NORMALIZE,7,5556300,689248
N10000_K950_UNIFORM_100,10000,9500,950,950000,TICKET_ARRAY,NORMALIZE,8,5505799,689248
N10000_K950_UNIFORM_100,10000,9500,950,950000,TICKET_ARRAY,NORMALIZE,9,5702900,689248
N10000_K950_UNIFORM_100,10000,9500,950,950000,TICKET_ARRAY,NORMALIZE,10,5154701,689248
N10000_K950_UNIFORM_100,10000,9500,950,950000,TICKET_ARRAY,NORMALIZE,11,5370200,689248
N10000_K950_UNIFORM_100,10000,9500,950,950000,TICKET_ARRAY,NORMALIZE,12,5836700,689248
N10000_K950_UNIFORM_100,10000,9500,950,950000,TICKET_ARRAY,NORMALIZE,13,5780301,689248
N10000_K950_UNIFORM_100,10000,9500,950,950000,TICKET_ARRAY,NORMALIZE,14,5468300,689248
N10000_K950_UNIFORM_100,10000,9500,950,950000,TICKET_ARRAY,NORMALIZE,15,5929700,689248
N10000_K950_UNIFORM_100,10000,9500,950,950000,TICKET_ARRAY,NORMALIZE,16,5637800,689248
N10000_K950_UNIFORM_100,10000,9500,950,950000,TICKET_ARRAY,NORMALIZE,17,5578499,689248
N10000_K950_UNIFORM_100,10000,9500,950,950000,TICKET_ARRAY,NORMALIZE,18,6000600,689248
N10000_K950_UNIFORM_100,10000,9500,950,950000,TICKET_ARRAY,NORMALIZE,19,5671000,689248
N10000_K950_UNIFORM_100,10000,9500,950,950000,TICKET_ARRAY,BUILD,0,1680201,3800040
N10000_K950_UNIFORM_100,10000,9500,950,950000,TICKET_ARRAY,BUILD,1,1736599,3800040
N10000_K950_UNIFORM_100,10000,9500,950,950000,TICKET_ARRAY,BUILD,2,1828400,3800040
N10000_K950_UNIFORM_100,10000,9500,950,950000,TICKET_ARRAY,BUILD,3,1796700,3800040
N10000_K950_UNIFORM_100,10000,9500,950,950000,TICKET_ARRAY,BUILD,4,3123200,3800040
N10000_K950_UNIFORM_100,10000,9500,950,950000,TICKET_ARRAY,BUILD,5,1150801,3800040
N10000_K950_UNIFORM_100,10000,9500,950,950000,TICKET_ARRAY,BUILD,6,1161200,3800040
N10000_K950_UNIFORM_100,10000,9500,950,950000,TICKET_ARRAY,BUILD,7,1451699,3800040
N10000_K950_UNIFORM_100,10000,9500,950,950000,TICKET_ARRAY,BUILD,8,1732900,3800040
N10000_K950_UNIFORM_100,10000,9500,950,950000,TICKET_ARRAY,BUILD,9,1733199,3800040
N10000_K950_UNIFORM_100,10000,9500,950,950000,TICKET_ARRAY,BUILD,10,1704800,3800040
N10000_K950_UNIFORM_100,10000,9500,950,950000,TICKET_ARRAY,BUILD,11,1916200,3800040
N10000_K950_UNIFORM_100,10000,9500,950,950000,TICKET_ARRAY,BUILD,12,1253500,3800040
N10000_K950_UNIFORM_100,10000,9500,950,950000,TICKET_ARRAY,BUILD,13,1700400,3800040
N10000_K950_UNIFORM_100,10000,9500,950,950000,TICKET_ARRAY,BUILD,14,1132001,3800040
N10000_K950_UNIFORM_100,10000,9500,950,950000,TICKET_ARRAY,BUILD,15,1652700,3800040
N10000_K950_UNIFORM_100,10000,9500,950,950000,TICKET_ARRAY,BUILD,16,2002500,3800040
N10000_K950_UNIFORM_100,10000,9500,950,950000,TICKET_ARRAY,BUILD,17,1720000,3800040
N10000_K950_UNIFORM_100,10000,9500,950,950000,TICKET_ARRAY,BUILD,18,1691900,3800040
N10000_K950_UNIFORM_100,10000,9500,950,950000,TICKET_ARRAY,BUILD,19,1789599,3800040
N10000_K950_UNIFORM_100,10000,9500,950,950000,TICKET_ARRAY,SELECT,0,759444299,189840
N10000_K950_UNIFORM_100,10000,9500,950,950000,TICKET_ARRAY,SELECT,1,782807700,189840
N10000_K950_UNIFORM_100,10000,9500,950,950000,TICKET_ARRAY,SELECT,2,783814701,189840
N10000_K950_UNIFORM_100,10000,9500,950,950000,TICKET_ARRAY,SELECT,3,768097501,189840
N10000_K950_UNIFORM_100,10000,9500,950,950000,TICKET_ARRAY,SELECT,4,770120700,189840
N10000_K950_UNIFORM_100,10000,9500,950,950000,TICKET_ARRAY,SELECT,5,776037900,189840
N10000_K950_UNIFORM_100,10000,9500,950,950000,TICKET_ARRAY,SELECT,6,759750401,189840
N10000_K950_UNIFORM_100,10000,9500,950,950000,TICKET_ARRAY,SELECT,7,775322201,189840
N10000_K950_UNIFORM_100,10000,9500,950,950000,TICKET_ARRAY,SELECT,8,769576299,189840
N10000_K950_UNIFORM_100,10000,9500,950,950000,TICKET_ARRAY,SELECT,9,773957800,189840
N10000_K950_UNIFORM_100,10000,9500,950,950000,TICKET_ARRAY,SELECT,10,746279099,189840
N10000_K950_UNIFORM_100,10000,9500,950,950000,TICKET_ARRAY,SELECT,11,760734299,189840
N10000_K950_UNIFORM_100,10000,9500,950,950000,TICKET_ARRAY,SELECT,12,785885200,189840
N10000_K950_UNIFORM_100,10000,9500,950,950000,TICKET_ARRAY,SELECT,13,791520701,189840
N10000_K950_UNIFORM_100,10000,9500,950,950000,TICKET_ARRAY,SELECT,14,756488600,189840
N10000_K950_UNIFORM_100,10000,9500,950,950000,TICKET_ARRAY,SELECT,15,758843501,189840
N10000_K950_UNIFORM_100,10000,9500,950,950000,TICKET_ARRAY,SELECT,16,734566200,189840
N10000_K950_UNIFORM_100,10000,9500,950,950000,TICKET_ARRAY,SELECT,17,780742999,189840
N10000_K950_UNIFORM_100,10000,9500,950,950000,TICKET_ARRAY,SELECT,18,756634300,189840
N10000_K950_UNIFORM_100,10000,9500,950,950000,TICKET_ARRAY,SELECT,19,761935000,189840
N10000_K950_UNIFORM_100,10000,9500,950,950000,TICKET_ARRAY,TOTAL,0,767360500,4679128
N10000_K950_UNIFORM_100,10000,9500,950,950000,TICKET_ARRAY,TOTAL,1,767024901,4679128
N10000_K950_UNIFORM_100,10000,9500,950,950000,TICKET_ARRAY,TOTAL,2,759609800,4679128
N10000_K950_UNIFORM_100,10000,9500,950,950000,TICKET_ARRAY,TOTAL,3,777683400,4679128
N10000_K950_UNIFORM_100,10000,9500,950,950000,TICKET_ARRAY,TOTAL,4,782519400,4679128
N10000_K950_UNIFORM_100,10000,9500,950,950000,TICKET_ARRAY,TOTAL,5,796208901,4679128
N10000_K950_UNIFORM_100,10000,9500,950,950000,TICKET_ARRAY,TOTAL,6,778298200,4679128
N10000_K950_UNIFORM_100,10000,9500,950,950000,TICKET_ARRAY,TOTAL,7,763189300,4679128
N10000_K950_UNIFORM_100,10000,9500,950,950000,TICKET_ARRAY,TOTAL,8,765176300,4679128
N10000_K950_UNIFORM_100,10000,9500,950,950000,TICKET_ARRAY,TOTAL,9,781615201,4679128
N10000_K950_UNIFORM_100,10000,9500,950,950000,TICKET_ARRAY,TOTAL,10,817851400,4679128
N10000_K950_UNIFORM_100,10000,9500,950,950000,TICKET_ARRAY,TOTAL,11,790648999,4679128
N10000_K950_UNIFORM_100,10000,9500,950,950000,TICKET_ARRAY,TOTAL,12,789537100,4679128
N10000_K950_UNIFORM_100,10000,9500,950,950000,TICKET_ARRAY,TOTAL,13,803069700,4679128
N10000_K950_UNIFORM_100,10000,9500,950,950000,TICKET_ARRAY,TOTAL,14,808323400,4679128
N10000_K950_UNIFORM_100,10000,9500,950,950000,TICKET_ARRAY,TOTAL,15,798730999,4679128
N10000_K950_UNIFORM_100,10000,9500,950,950000,TICKET_ARRAY,TOTAL,16,792682100,4679128
N10000_K950_UNIFORM_100,10000,9500,950,950000,TICKET_ARRAY,TOTAL,17,773618100,4679128
N10000_K950_UNIFORM_100,10000,9500,950,950000,TICKET_ARRAY,TOTAL,18,780554000,4679128
N10000_K950_UNIFORM_100,10000,9500,950,950000,TICKET_ARRAY,TOTAL,19,791546600,4679128
N10000_K950_UNIFORM_100,10000,9500,950,950000,PREFIX_LINEAR,NORMALIZE,0,5686800,689248
N10000_K950_UNIFORM_100,10000,9500,950,950000,PREFIX_LINEAR,NORMALIZE,1,5450900,689248
N10000_K950_UNIFORM_100,10000,9500,950,950000,PREFIX_LINEAR,NORMALIZE,2,5463201,689248
N10000_K950_UNIFORM_100,10000,9500,950,950000,PREFIX_LINEAR,NORMALIZE,3,5364600,689248
N10000_K950_UNIFORM_100,10000,9500,950,950000,PREFIX_LINEAR,NORMALIZE,4,3705501,689248
N10000_K950_UNIFORM_100,10000,9500,950,950000,PREFIX_LINEAR,NORMALIZE,5,4131500,689248
N10000_K950_UNIFORM_100,10000,9500,950,950000,PREFIX_LINEAR,NORMALIZE,6,4671900,689248
N10000_K950_UNIFORM_100,10000,9500,950,950000,PREFIX_LINEAR,NORMALIZE,7,5019000,689248
N10000_K950_UNIFORM_100,10000,9500,950,950000,PREFIX_LINEAR,NORMALIZE,8,5074400,689248
N10000_K950_UNIFORM_100,10000,9500,950,950000,PREFIX_LINEAR,NORMALIZE,9,5600699,689248
N10000_K950_UNIFORM_100,10000,9500,950,950000,PREFIX_LINEAR,NORMALIZE,10,5725000,689248
N10000_K950_UNIFORM_100,10000,9500,950,950000,PREFIX_LINEAR,NORMALIZE,11,5023600,689248
N10000_K950_UNIFORM_100,10000,9500,950,950000,PREFIX_LINEAR,NORMALIZE,12,5534300,689248
N10000_K950_UNIFORM_100,10000,9500,950,950000,PREFIX_LINEAR,NORMALIZE,13,4724600,689248
N10000_K950_UNIFORM_100,10000,9500,950,950000,PREFIX_LINEAR,NORMALIZE,14,5583100,689248
N10000_K950_UNIFORM_100,10000,9500,950,950000,PREFIX_LINEAR,NORMALIZE,15,5656700,689248
N10000_K950_UNIFORM_100,10000,9500,950,950000,PREFIX_LINEAR,NORMALIZE,16,4812800,689248
N10000_K950_UNIFORM_100,10000,9500,950,950000,PREFIX_LINEAR,NORMALIZE,17,3971901,689248
N10000_K950_UNIFORM_100,10000,9500,950,950000,PREFIX_LINEAR,NORMALIZE,18,9738300,689248
N10000_K950_UNIFORM_100,10000,9500,950,950000,PREFIX_LINEAR,NORMALIZE,19,5586200,689248
N10000_K950_UNIFORM_100,10000,9500,950,950000,PREFIX_LINEAR,BUILD,0,72700,152064
N10000_K950_UNIFORM_100,10000,9500,950,950000,PREFIX_LINEAR,BUILD,1,57800,152064
N10000_K950_UNIFORM_100,10000,9500,950,950000,PREFIX_LINEAR,BUILD,2,69300,152064
N10000_K950_UNIFORM_100,10000,9500,950,950000,PREFIX_LINEAR,BUILD,3,40200,152064
N10000_K950_UNIFORM_100,10000,9500,950,950000,PREFIX_LINEAR,BUILD,4,50800,152064
N10000_K950_UNIFORM_100,10000,9500,950,950000,PREFIX_LINEAR,BUILD,5,70699,152064
N10000_K950_UNIFORM_100,10000,9500,950,950000,PREFIX_LINEAR,BUILD,6,39001,152064
N10000_K950_UNIFORM_100,10000,9500,950,950000,PREFIX_LINEAR,BUILD,7,65900,152064
N10000_K950_UNIFORM_100,10000,9500,950,950000,PREFIX_LINEAR,BUILD,8,62600,152064
N10000_K950_UNIFORM_100,10000,9500,950,950000,PREFIX_LINEAR,BUILD,9,40801,152064
N10000_K950_UNIFORM_100,10000,9500,950,950000,PREFIX_LINEAR,BUILD,10,44501,152064
N10000_K950_UNIFORM_100,10000,9500,950,950000,PREFIX_LINEAR,BUILD,11,51700,152064
N10000_K950_UNIFORM_100,10000,9500,950,950000,PREFIX_LINEAR,BUILD,12,52999,152064
N10000_K950_UNIFORM_100,10000,9500,950,950000,PREFIX_LINEAR,BUILD,13,49300,152064
N10000_K950_UNIFORM_100,10000,9500,950,950000,PREFIX_LINEAR,BUILD,14,50999,152064
N10000_K950_UNIFORM_100,10000,9500,950,950000,PREFIX_LINEAR,BUILD,15,63200,152064
N10000_K950_UNIFORM_100,10000,9500,950,950000,PREFIX_LINEAR,BUILD,16,49901,152064
N10000_K950_UNIFORM_100,10000,9500,950,950000,PREFIX_LINEAR,BUILD,17,92100,152064
N10000_K950_UNIFORM_100,10000,9500,950,950000,PREFIX_LINEAR,BUILD,18,57601,152064
N10000_K950_UNIFORM_100,10000,9500,950,950000,PREFIX_LINEAR,BUILD,19,54701,152064
N10000_K950_UNIFORM_100,10000,9500,950,950000,PREFIX_LINEAR,SELECT,0,5296100,189840
N10000_K950_UNIFORM_100,10000,9500,950,950000,PREFIX_LINEAR,SELECT,1,2605099,189840
N10000_K950_UNIFORM_100,10000,9500,950,950000,PREFIX_LINEAR,SELECT,2,5451200,189840
N10000_K950_UNIFORM_100,10000,9500,950,950000,PREFIX_LINEAR,SELECT,3,3573600,189840
N10000_K950_UNIFORM_100,10000,9500,950,950000,PREFIX_LINEAR,SELECT,4,5428600,189840
N10000_K950_UNIFORM_100,10000,9500,950,950000,PREFIX_LINEAR,SELECT,5,5545900,189840
N10000_K950_UNIFORM_100,10000,9500,950,950000,PREFIX_LINEAR,SELECT,6,2540501,189840
N10000_K950_UNIFORM_100,10000,9500,950,950000,PREFIX_LINEAR,SELECT,7,5468500,189840
N10000_K950_UNIFORM_100,10000,9500,950,950000,PREFIX_LINEAR,SELECT,8,5568099,189840
N10000_K950_UNIFORM_100,10000,9500,950,950000,PREFIX_LINEAR,SELECT,9,3139700,189840
N10000_K950_UNIFORM_100,10000,9500,950,950000,PREFIX_LINEAR,SELECT,10,4302700,189840
N10000_K950_UNIFORM_100,10000,9500,950,950000,PREFIX_LINEAR,SELECT,11,2662199,189840
N10000_K950_UNIFORM_100,10000,9500,950,950000,PREFIX_LINEAR,SELECT,12,5328400,189840
N10000_K950_UNIFORM_100,10000,9500,950,950000,PREFIX_LINEAR,SELECT,13,2645100,189840
N10000_K950_UNIFORM_100,10000,9500,950,950000,PREFIX_LINEAR,SELECT,14,4358100,189840
N10000_K950_UNIFORM_100,10000,9500,950,950000,PREFIX_LINEAR,SELECT,15,5422101,189840
N10000_K950_UNIFORM_100,10000,9500,950,950000,PREFIX_LINEAR,SELECT,16,5118801,189840
N10000_K950_UNIFORM_100,10000,9500,950,950000,PREFIX_LINEAR,SELECT,17,5378700,189840
N10000_K950_UNIFORM_100,10000,9500,950,950000,PREFIX_LINEAR,SELECT,18,5360000,189840
N10000_K950_UNIFORM_100,10000,9500,950,950000,PREFIX_LINEAR,SELECT,19,2496600,189840
N10000_K950_UNIFORM_100,10000,9500,950,950000,PREFIX_LINEAR,TOTAL,0,6945200,1031152
N10000_K950_UNIFORM_100,10000,9500,950,950000,PREFIX_LINEAR,TOTAL,1,10720099,1031152
N10000_K950_UNIFORM_100,10000,9500,950,950000,PREFIX_LINEAR,TOTAL,2,11004800,1031152
N10000_K950_UNIFORM_100,10000,9500,950,950000,PREFIX_LINEAR,TOTAL,3,10165400,1031152
N10000_K950_UNIFORM_100,10000,9500,950,950000,PREFIX_LINEAR,TOTAL,4,10795399,1031152
N10000_K950_UNIFORM_100,10000,9500,950,950000,PREFIX_LINEAR,TOTAL,5,9860400,1031152
N10000_K950_UNIFORM_100,10000,9500,950,950000,PREFIX_LINEAR,TOTAL,6,9287900,1031152
N10000_K950_UNIFORM_100,10000,9500,950,950000,PREFIX_LINEAR,TOTAL,7,7892501,1031152
N10000_K950_UNIFORM_100,10000,9500,950,950000,PREFIX_LINEAR,TOTAL,8,10482500,1031152
N10000_K950_UNIFORM_100,10000,9500,950,950000,PREFIX_LINEAR,TOTAL,9,11340901,1031152
N10000_K950_UNIFORM_100,10000,9500,950,950000,PREFIX_LINEAR,TOTAL,10,11206500,1031152
N10000_K950_UNIFORM_100,10000,9500,950,950000,PREFIX_LINEAR,TOTAL,11,11032900,1031152
N10000_K950_UNIFORM_100,10000,9500,950,950000,PREFIX_LINEAR,TOTAL,12,11187699,1031152
N10000_K950_UNIFORM_100,10000,9500,950,950000,PREFIX_LINEAR,TOTAL,13,11146900,1031152
N10000_K950_UNIFORM_100,10000,9500,950,950000,PREFIX_LINEAR,TOTAL,14,10876800,1031152
N10000_K950_UNIFORM_100,10000,9500,950,950000,PREFIX_LINEAR,TOTAL,15,10976600,1031152
N10000_K950_UNIFORM_100,10000,9500,950,950000,PREFIX_LINEAR,TOTAL,16,10501001,1031152
N10000_K950_UNIFORM_100,10000,9500,950,950000,PREFIX_LINEAR,TOTAL,17,10679900,1031152
N10000_K950_UNIFORM_100,10000,9500,950,950000,PREFIX_LINEAR,TOTAL,18,10096801,1031152
N10000_K950_UNIFORM_100,10000,9500,950,950000,PREFIX_LINEAR,TOTAL,19,11068600,1031152
N10000_K950_UNIFORM_100,10000,9500,950,950000,PREFIX_BINARY,NORMALIZE,0,5658100,689248
N10000_K950_UNIFORM_100,10000,9500,950,950000,PREFIX_BINARY,NORMALIZE,1,6011800,689248
N10000_K950_UNIFORM_100,10000,9500,950,950000,PREFIX_BINARY,NORMALIZE,2,4576400,689248
N10000_K950_UNIFORM_100,10000,9500,950,950000,PREFIX_BINARY,NORMALIZE,3,5691599,689248
N10000_K950_UNIFORM_100,10000,9500,950,950000,PREFIX_BINARY,NORMALIZE,4,5818100,689248
N10000_K950_UNIFORM_100,10000,9500,950,950000,PREFIX_BINARY,NORMALIZE,5,5554601,689248
N10000_K950_UNIFORM_100,10000,9500,950,950000,PREFIX_BINARY,NORMALIZE,6,5606901,689248
N10000_K950_UNIFORM_100,10000,9500,950,950000,PREFIX_BINARY,NORMALIZE,7,5680100,689248
N10000_K950_UNIFORM_100,10000,9500,950,950000,PREFIX_BINARY,NORMALIZE,8,5727500,689248
N10000_K950_UNIFORM_100,10000,9500,950,950000,PREFIX_BINARY,NORMALIZE,9,5689800,689248
N10000_K950_UNIFORM_100,10000,9500,950,950000,PREFIX_BINARY,NORMALIZE,10,5658699,689248
N10000_K950_UNIFORM_100,10000,9500,950,950000,PREFIX_BINARY,NORMALIZE,11,5612500,689248
N10000_K950_UNIFORM_100,10000,9500,950,950000,PREFIX_BINARY,NORMALIZE,12,5936500,689248
N10000_K950_UNIFORM_100,10000,9500,950,950000,PREFIX_BINARY,NORMALIZE,13,5694900,689248
N10000_K950_UNIFORM_100,10000,9500,950,950000,PREFIX_BINARY,NORMALIZE,14,5605600,689248
N10000_K950_UNIFORM_100,10000,9500,950,950000,PREFIX_BINARY,NORMALIZE,15,5736799,689248
N10000_K950_UNIFORM_100,10000,9500,950,950000,PREFIX_BINARY,NORMALIZE,16,5825600,689248
N10000_K950_UNIFORM_100,10000,9500,950,950000,PREFIX_BINARY,NORMALIZE,17,4880701,689248
N10000_K950_UNIFORM_100,10000,9500,950,950000,PREFIX_BINARY,NORMALIZE,18,5979701,689248
N10000_K950_UNIFORM_100,10000,9500,950,950000,PREFIX_BINARY,NORMALIZE,19,5673900,689248
N10000_K950_UNIFORM_100,10000,9500,950,950000,PREFIX_BINARY,BUILD,0,53400,152064
N10000_K950_UNIFORM_100,10000,9500,950,950000,PREFIX_BINARY,BUILD,1,86100,152064
N10000_K950_UNIFORM_100,10000,9500,950,950000,PREFIX_BINARY,BUILD,2,71601,152064
N10000_K950_UNIFORM_100,10000,9500,950,950000,PREFIX_BINARY,BUILD,3,45800,152064
N10000_K950_UNIFORM_100,10000,9500,950,950000,PREFIX_BINARY,BUILD,4,33600,152064
N10000_K950_UNIFORM_100,10000,9500,950,950000,PREFIX_BINARY,BUILD,5,48900,152064
N10000_K950_UNIFORM_100,10000,9500,950,950000,PREFIX_BINARY,BUILD,6,50800,152064
N10000_K950_UNIFORM_100,10000,9500,950,950000,PREFIX_BINARY,BUILD,7,32600,152064
N10000_K950_UNIFORM_100,10000,9500,950,950000,PREFIX_BINARY,BUILD,8,60600,152064
N10000_K950_UNIFORM_100,10000,9500,950,950000,PREFIX_BINARY,BUILD,9,78301,152064
N10000_K950_UNIFORM_100,10000,9500,950,950000,PREFIX_BINARY,BUILD,10,34500,152064
N10000_K950_UNIFORM_100,10000,9500,950,950000,PREFIX_BINARY,BUILD,11,35601,152064
N10000_K950_UNIFORM_100,10000,9500,950,950000,PREFIX_BINARY,BUILD,12,50600,152064
N10000_K950_UNIFORM_100,10000,9500,950,950000,PREFIX_BINARY,BUILD,13,78501,152064
N10000_K950_UNIFORM_100,10000,9500,950,950000,PREFIX_BINARY,BUILD,14,61100,152064
N10000_K950_UNIFORM_100,10000,9500,950,950000,PREFIX_BINARY,BUILD,15,55000,152064
N10000_K950_UNIFORM_100,10000,9500,950,950000,PREFIX_BINARY,BUILD,16,78699,152064
N10000_K950_UNIFORM_100,10000,9500,950,950000,PREFIX_BINARY,BUILD,17,46900,152064
N10000_K950_UNIFORM_100,10000,9500,950,950000,PREFIX_BINARY,BUILD,18,52800,152064
N10000_K950_UNIFORM_100,10000,9500,950,950000,PREFIX_BINARY,BUILD,19,65501,152064
N10000_K950_UNIFORM_100,10000,9500,950,950000,PREFIX_BINARY,SELECT,0,1842100,189840
N10000_K950_UNIFORM_100,10000,9500,950,950000,PREFIX_BINARY,SELECT,1,1814199,189840
N10000_K950_UNIFORM_100,10000,9500,950,950000,PREFIX_BINARY,SELECT,2,1519301,189840
N10000_K950_UNIFORM_100,10000,9500,950,950000,PREFIX_BINARY,SELECT,3,1765300,189840
N10000_K950_UNIFORM_100,10000,9500,950,950000,PREFIX_BINARY,SELECT,4,1830900,189840
N10000_K950_UNIFORM_100,10000,9500,950,950000,PREFIX_BINARY,SELECT,5,1144700,189840
N10000_K950_UNIFORM_100,10000,9500,950,950000,PREFIX_BINARY,SELECT,6,1087600,189840
N10000_K950_UNIFORM_100,10000,9500,950,950000,PREFIX_BINARY,SELECT,7,1235300,189840
N10000_K950_UNIFORM_100,10000,9500,950,950000,PREFIX_BINARY,SELECT,8,1698200,189840
N10000_K950_UNIFORM_100,10000,9500,950,950000,PREFIX_BINARY,SELECT,9,1772599,189840
N10000_K950_UNIFORM_100,10000,9500,950,950000,PREFIX_BINARY,SELECT,10,1447401,189840
N10000_K950_UNIFORM_100,10000,9500,950,950000,PREFIX_BINARY,SELECT,11,1741300,189840
N10000_K950_UNIFORM_100,10000,9500,950,950000,PREFIX_BINARY,SELECT,12,1862301,189840
N10000_K950_UNIFORM_100,10000,9500,950,950000,PREFIX_BINARY,SELECT,13,1605700,189840
N10000_K950_UNIFORM_100,10000,9500,950,950000,PREFIX_BINARY,SELECT,14,1621400,189840
N10000_K950_UNIFORM_100,10000,9500,950,950000,PREFIX_BINARY,SELECT,15,1577201,189840
N10000_K950_UNIFORM_100,10000,9500,950,950000,PREFIX_BINARY,SELECT,16,1646900,189840
N10000_K950_UNIFORM_100,10000,9500,950,950000,PREFIX_BINARY,SELECT,17,1745001,189840
N10000_K950_UNIFORM_100,10000,9500,950,950000,PREFIX_BINARY,SELECT,18,1814501,189840
N10000_K950_UNIFORM_100,10000,9500,950,950000,PREFIX_BINARY,SELECT,19,1380400,189840
N10000_K950_UNIFORM_100,10000,9500,950,950000,PREFIX_BINARY,TOTAL,0,6757100,1031152
N10000_K950_UNIFORM_100,10000,9500,950,950000,PREFIX_BINARY,TOTAL,1,6995000,1031152
N10000_K950_UNIFORM_100,10000,9500,950,950000,PREFIX_BINARY,TOTAL,2,6795001,1031152
N10000_K950_UNIFORM_100,10000,9500,950,950000,PREFIX_BINARY,TOTAL,3,6733400,1031152
N10000_K950_UNIFORM_100,10000,9500,950,950000,PREFIX_BINARY,TOTAL,4,7427301,1031152
N10000_K950_UNIFORM_100,10000,9500,950,950000,PREFIX_BINARY,TOTAL,5,7152000,1031152
N10000_K950_UNIFORM_100,10000,9500,950,950000,PREFIX_BINARY,TOTAL,6,7345800,1031152
N10000_K950_UNIFORM_100,10000,9500,950,950000,PREFIX_BINARY,TOTAL,7,7203700,1031152
N10000_K950_UNIFORM_100,10000,9500,950,950000,PREFIX_BINARY,TOTAL,8,7306200,1031152
N10000_K950_UNIFORM_100,10000,9500,950,950000,PREFIX_BINARY,TOTAL,9,7290300,1031152
N10000_K950_UNIFORM_100,10000,9500,950,950000,PREFIX_BINARY,TOTAL,10,6885399,1031152
N10000_K950_UNIFORM_100,10000,9500,950,950000,PREFIX_BINARY,TOTAL,11,6459900,1031152
N10000_K950_UNIFORM_100,10000,9500,950,950000,PREFIX_BINARY,TOTAL,12,7042000,1031152
N10000_K950_UNIFORM_100,10000,9500,950,950000,PREFIX_BINARY,TOTAL,13,5185199,1031152
N10000_K950_UNIFORM_100,10000,9500,950,950000,PREFIX_BINARY,TOTAL,14,5594400,1031152
N10000_K950_UNIFORM_100,10000,9500,950,950000,PREFIX_BINARY,TOTAL,15,5504900,1031152
N10000_K950_UNIFORM_100,10000,9500,950,950000,PREFIX_BINARY,TOTAL,16,6940300,1031152
N10000_K950_UNIFORM_100,10000,9500,950,950000,PREFIX_BINARY,TOTAL,17,7784301,1031152
N10000_K950_UNIFORM_100,10000,9500,950,950000,PREFIX_BINARY,TOTAL,18,7048200,1031152
N10000_K950_UNIFORM_100,10000,9500,950,950000,PREFIX_BINARY,TOTAL,19,5923099,1031152
N10000_K950_UNIFORM_100,10000,9500,950,950000,FENWICK,NORMALIZE,0,5536901,689248
N10000_K950_UNIFORM_100,10000,9500,950,950000,FENWICK,NORMALIZE,1,5068100,689248
N10000_K950_UNIFORM_100,10000,9500,950,950000,FENWICK,NORMALIZE,2,5368401,689248
N10000_K950_UNIFORM_100,10000,9500,950,950000,FENWICK,NORMALIZE,3,5561001,689248
N10000_K950_UNIFORM_100,10000,9500,950,950000,FENWICK,NORMALIZE,4,5168400,689248
N10000_K950_UNIFORM_100,10000,9500,950,950000,FENWICK,NORMALIZE,5,5290800,689248
N10000_K950_UNIFORM_100,10000,9500,950,950000,FENWICK,NORMALIZE,6,5688600,689248
N10000_K950_UNIFORM_100,10000,9500,950,950000,FENWICK,NORMALIZE,7,5062000,689248
N10000_K950_UNIFORM_100,10000,9500,950,950000,FENWICK,NORMALIZE,8,5083700,689248
N10000_K950_UNIFORM_100,10000,9500,950,950000,FENWICK,NORMALIZE,9,5391901,689248
N10000_K950_UNIFORM_100,10000,9500,950,950000,FENWICK,NORMALIZE,10,4874800,689248
N10000_K950_UNIFORM_100,10000,9500,950,950000,FENWICK,NORMALIZE,11,5218799,689248
N10000_K950_UNIFORM_100,10000,9500,950,950000,FENWICK,NORMALIZE,12,4791199,689248
N10000_K950_UNIFORM_100,10000,9500,950,950000,FENWICK,NORMALIZE,13,4694100,689248
N10000_K950_UNIFORM_100,10000,9500,950,950000,FENWICK,NORMALIZE,14,5114700,689248
N10000_K950_UNIFORM_100,10000,9500,950,950000,FENWICK,NORMALIZE,15,5551799,689248
N10000_K950_UNIFORM_100,10000,9500,950,950000,FENWICK,NORMALIZE,16,5614200,689248
N10000_K950_UNIFORM_100,10000,9500,950,950000,FENWICK,NORMALIZE,17,5419700,689248
N10000_K950_UNIFORM_100,10000,9500,950,950000,FENWICK,NORMALIZE,18,4608900,689248
N10000_K950_UNIFORM_100,10000,9500,950,950000,FENWICK,NORMALIZE,19,5097400,689248
N10000_K950_UNIFORM_100,10000,9500,950,950000,FENWICK,BUILD,0,182000,152136
N10000_K950_UNIFORM_100,10000,9500,950,950000,FENWICK,BUILD,1,154701,152136
N10000_K950_UNIFORM_100,10000,9500,950,950000,FENWICK,BUILD,2,154300,152136
N10000_K950_UNIFORM_100,10000,9500,950,950000,FENWICK,BUILD,3,88801,152136
N10000_K950_UNIFORM_100,10000,9500,950,950000,FENWICK,BUILD,4,181400,152136
N10000_K950_UNIFORM_100,10000,9500,950,950000,FENWICK,BUILD,5,134999,152136
N10000_K950_UNIFORM_100,10000,9500,950,950000,FENWICK,BUILD,6,109100,152136
N10000_K950_UNIFORM_100,10000,9500,950,950000,FENWICK,BUILD,7,148699,152136
N10000_K950_UNIFORM_100,10000,9500,950,950000,FENWICK,BUILD,8,152501,152136
N10000_K950_UNIFORM_100,10000,9500,950,950000,FENWICK,BUILD,9,179999,152136
N10000_K950_UNIFORM_100,10000,9500,950,950000,FENWICK,BUILD,10,169000,152136
N10000_K950_UNIFORM_100,10000,9500,950,950000,FENWICK,BUILD,11,164701,152136
N10000_K950_UNIFORM_100,10000,9500,950,950000,FENWICK,BUILD,12,171600,152136
N10000_K950_UNIFORM_100,10000,9500,950,950000,FENWICK,BUILD,13,159900,152136
N10000_K950_UNIFORM_100,10000,9500,950,950000,FENWICK,BUILD,14,152500,152136
N10000_K950_UNIFORM_100,10000,9500,950,950000,FENWICK,BUILD,15,206400,152136
N10000_K950_UNIFORM_100,10000,9500,950,950000,FENWICK,BUILD,16,148801,152136
N10000_K950_UNIFORM_100,10000,9500,950,950000,FENWICK,BUILD,17,150299,152136
N10000_K950_UNIFORM_100,10000,9500,950,950000,FENWICK,BUILD,18,199800,152136
N10000_K950_UNIFORM_100,10000,9500,950,950000,FENWICK,BUILD,19,153700,152136
N10000_K950_UNIFORM_100,10000,9500,950,950000,FENWICK,SELECT,0,665400,189840
N10000_K950_UNIFORM_100,10000,9500,950,950000,FENWICK,SELECT,1,695600,189840
N10000_K950_UNIFORM_100,10000,9500,950,950000,FENWICK,SELECT,2,696300,189840
N10000_K950_UNIFORM_100,10000,9500,950,950000,FENWICK,SELECT,3,572700,189840
N10000_K950_UNIFORM_100,10000,9500,950,950000,FENWICK,SELECT,4,558600,189840
N10000_K950_UNIFORM_100,10000,9500,950,950000,FENWICK,SELECT,5,469599,189840
N10000_K950_UNIFORM_100,10000,9500,950,950000,FENWICK,SELECT,6,702600,189840
N10000_K950_UNIFORM_100,10000,9500,950,950000,FENWICK,SELECT,7,671900,189840
N10000_K950_UNIFORM_100,10000,9500,950,950000,FENWICK,SELECT,8,734600,189840
N10000_K950_UNIFORM_100,10000,9500,950,950000,FENWICK,SELECT,9,633499,189840
N10000_K950_UNIFORM_100,10000,9500,950,950000,FENWICK,SELECT,10,626200,189840
N10000_K950_UNIFORM_100,10000,9500,950,950000,FENWICK,SELECT,11,632500,189840
N10000_K950_UNIFORM_100,10000,9500,950,950000,FENWICK,SELECT,12,525800,189840
N10000_K950_UNIFORM_100,10000,9500,950,950000,FENWICK,SELECT,13,624800,189840
N10000_K950_UNIFORM_100,10000,9500,950,950000,FENWICK,SELECT,14,749400,189840
N10000_K950_UNIFORM_100,10000,9500,950,950000,FENWICK,SELECT,15,652001,189840
N10000_K950_UNIFORM_100,10000,9500,950,950000,FENWICK,SELECT,16,694299,189840
N10000_K950_UNIFORM_100,10000,9500,950,950000,FENWICK,SELECT,17,602900,189840
N10000_K950_UNIFORM_100,10000,9500,950,950000,FENWICK,SELECT,18,607999,189840
N10000_K950_UNIFORM_100,10000,9500,950,950000,FENWICK,SELECT,19,657900,189840
N10000_K950_UNIFORM_100,10000,9500,950,950000,FENWICK,TOTAL,0,5244500,1031224
N10000_K950_UNIFORM_100,10000,9500,950,950000,FENWICK,TOTAL,1,6843699,1031224
N10000_K950_UNIFORM_100,10000,9500,950,950000,FENWICK,TOTAL,2,6695400,1031224
N10000_K950_UNIFORM_100,10000,9500,950,950000,FENWICK,TOTAL,3,6735701,1031224
N10000_K950_UNIFORM_100,10000,9500,950,950000,FENWICK,TOTAL,4,6680200,1031224
N10000_K950_UNIFORM_100,10000,9500,950,950000,FENWICK,TOTAL,5,6864800,1031224
N10000_K950_UNIFORM_100,10000,9500,950,950000,FENWICK,TOTAL,6,6130100,1031224
N10000_K950_UNIFORM_100,10000,9500,950,950000,FENWICK,TOTAL,7,5099500,1031224
N10000_K950_UNIFORM_100,10000,9500,950,950000,FENWICK,TOTAL,8,5804300,1031224
N10000_K950_UNIFORM_100,10000,9500,950,950000,FENWICK,TOTAL,9,6375000,1031224
N10000_K950_UNIFORM_100,10000,9500,950,950000,FENWICK,TOTAL,10,6249500,1031224
N10000_K950_UNIFORM_100,10000,9500,950,950000,FENWICK,TOTAL,11,6306100,1031224
N10000_K950_UNIFORM_100,10000,9500,950,950000,FENWICK,TOTAL,12,6918700,1031224
N10000_K950_UNIFORM_100,10000,9500,950,950000,FENWICK,TOTAL,13,6426900,1031224
N10000_K950_UNIFORM_100,10000,9500,950,950000,FENWICK,TOTAL,14,6605800,1031224
N10000_K950_UNIFORM_100,10000,9500,950,950000,FENWICK,TOTAL,15,6253300,1031224
N10000_K950_UNIFORM_100,10000,9500,950,950000,FENWICK,TOTAL,16,6095300,1031224
N10000_K950_UNIFORM_100,10000,9500,950,950000,FENWICK,TOTAL,17,6786799,1031224
N10000_K950_UNIFORM_100,10000,9500,950,950000,FENWICK,TOTAL,18,5694900,1031224
N10000_K950_UNIFORM_100,10000,9500,950,950000,FENWICK,TOTAL,19,6203100,1031224
N10000_K1_SKEWED_1000,10000,9500,1,1008500,PREFIX_LINEAR,NORMALIZE,0,4204000,689248
N10000_K1_SKEWED_1000,10000,9500,1,1008500,PREFIX_LINEAR,NORMALIZE,1,5021300,689248
N10000_K1_SKEWED_1000,10000,9500,1,1008500,PREFIX_LINEAR,NORMALIZE,2,5364099,689248
N10000_K1_SKEWED_1000,10000,9500,1,1008500,PREFIX_LINEAR,NORMALIZE,3,4086100,689248
N10000_K1_SKEWED_1000,10000,9500,1,1008500,PREFIX_LINEAR,NORMALIZE,4,5179601,689248
N10000_K1_SKEWED_1000,10000,9500,1,1008500,PREFIX_LINEAR,NORMALIZE,5,5656100,689248
N10000_K1_SKEWED_1000,10000,9500,1,1008500,PREFIX_LINEAR,NORMALIZE,6,4793100,689248
N10000_K1_SKEWED_1000,10000,9500,1,1008500,PREFIX_LINEAR,NORMALIZE,7,4406499,689248
N10000_K1_SKEWED_1000,10000,9500,1,1008500,PREFIX_LINEAR,NORMALIZE,8,4665499,689248
N10000_K1_SKEWED_1000,10000,9500,1,1008500,PREFIX_LINEAR,NORMALIZE,9,5033000,689248
N10000_K1_SKEWED_1000,10000,9500,1,1008500,PREFIX_LINEAR,NORMALIZE,10,5332200,689248
N10000_K1_SKEWED_1000,10000,9500,1,1008500,PREFIX_LINEAR,NORMALIZE,11,5219400,689248
N10000_K1_SKEWED_1000,10000,9500,1,1008500,PREFIX_LINEAR,NORMALIZE,12,5932000,689248
N10000_K1_SKEWED_1000,10000,9500,1,1008500,PREFIX_LINEAR,NORMALIZE,13,5324700,689248
N10000_K1_SKEWED_1000,10000,9500,1,1008500,PREFIX_LINEAR,NORMALIZE,14,5244200,689248
N10000_K1_SKEWED_1000,10000,9500,1,1008500,PREFIX_LINEAR,NORMALIZE,15,5230700,689248
N10000_K1_SKEWED_1000,10000,9500,1,1008500,PREFIX_LINEAR,NORMALIZE,16,5740500,689248
N10000_K1_SKEWED_1000,10000,9500,1,1008500,PREFIX_LINEAR,NORMALIZE,17,5589000,689248
N10000_K1_SKEWED_1000,10000,9500,1,1008500,PREFIX_LINEAR,NORMALIZE,18,5662201,689248
N10000_K1_SKEWED_1000,10000,9500,1,1008500,PREFIX_LINEAR,NORMALIZE,19,5534100,689248
N10000_K1_SKEWED_1000,10000,9500,1,1008500,PREFIX_LINEAR,BUILD,0,69200,152064
N10000_K1_SKEWED_1000,10000,9500,1,1008500,PREFIX_LINEAR,BUILD,1,41000,152064
N10000_K1_SKEWED_1000,10000,9500,1,1008500,PREFIX_LINEAR,BUILD,2,80701,152064
N10000_K1_SKEWED_1000,10000,9500,1,1008500,PREFIX_LINEAR,BUILD,3,52901,152064
N10000_K1_SKEWED_1000,10000,9500,1,1008500,PREFIX_LINEAR,BUILD,4,58500,152064
N10000_K1_SKEWED_1000,10000,9500,1,1008500,PREFIX_LINEAR,BUILD,5,52001,152064
N10000_K1_SKEWED_1000,10000,9500,1,1008500,PREFIX_LINEAR,BUILD,6,134499,152064
N10000_K1_SKEWED_1000,10000,9500,1,1008500,PREFIX_LINEAR,BUILD,7,62000,152064
N10000_K1_SKEWED_1000,10000,9500,1,1008500,PREFIX_LINEAR,BUILD,8,35500,152064
N10000_K1_SKEWED_1000,10000,9500,1,1008500,PREFIX_LINEAR,BUILD,9,55899,152064
N10000_K1_SKEWED_1000,10000,9500,1,1008500,PREFIX_LINEAR,BUILD,10,77400,152064
N10000_K1_SKEWED_1000,10000,9500,1,1008500,PREFIX_LINEAR,BUILD,11,79300,152064
N10000_K1_SKEWED_1000,10000,9500,1,1008500,PREFIX_LINEAR,BUILD,12,75600,152064
N10000_K1_SKEWED_1000,10000,9500,1,1008500,PREFIX_LINEAR,BUILD,13,38100,152064
N10000_K1_SKEWED_1000,10000,9500,1,1008500,PREFIX_LINEAR,BUILD,14,53800,152064
N10000_K1_SKEWED_1000,10000,9500,1,1008500,PREFIX_LINEAR,BUILD,15,54800,152064
N10000_K1_SKEWED_1000,10000,9500,1,1008500,PREFIX_LINEAR,BUILD,16,56200,152064
N10000_K1_SKEWED_1000,10000,9500,1,1008500,PREFIX_LINEAR,BUILD,17,87201,152064
N10000_K1_SKEWED_1000,10000,9500,1,1008500,PREFIX_LINEAR,BUILD,18,43200,152064
N10000_K1_SKEWED_1000,10000,9500,1,1008500,PREFIX_LINEAR,BUILD,19,35800,152064
N10000_K1_SKEWED_1000,10000,9500,1,1008500,PREFIX_LINEAR,SELECT,0,29800,1592
N10000_K1_SKEWED_1000,10000,9500,1,1008500,PREFIX_LINEAR,SELECT,1,22000,1592
N10000_K1_SKEWED_1000,10000,9500,1,1008500,PREFIX_LINEAR,SELECT,2,50900,1592
N10000_K1_SKEWED_1000,10000,9500,1,1008500,PREFIX_LINEAR,SELECT,3,40299,1592
N10000_K1_SKEWED_1000,10000,9500,1,1008500,PREFIX_LINEAR,SELECT,4,49900,1592
N10000_K1_SKEWED_1000,10000,9500,1,1008500,PREFIX_LINEAR,SELECT,5,53500,1592
N10000_K1_SKEWED_1000,10000,9500,1,1008500,PREFIX_LINEAR,SELECT,6,46901,1592
N10000_K1_SKEWED_1000,10000,9500,1,1008500,PREFIX_LINEAR,SELECT,7,52500,1592
N10000_K1_SKEWED_1000,10000,9500,1,1008500,PREFIX_LINEAR,SELECT,8,54500,1592
N10000_K1_SKEWED_1000,10000,9500,1,1008500,PREFIX_LINEAR,SELECT,9,55301,1592
N10000_K1_SKEWED_1000,10000,9500,1,1008500,PREFIX_LINEAR,SELECT,10,66699,1592
N10000_K1_SKEWED_1000,10000,9500,1,1008500,PREFIX_LINEAR,SELECT,11,53800,1592
N10000_K1_SKEWED_1000,10000,9500,1,1008500,PREFIX_LINEAR,SELECT,12,53800,1592
N10000_K1_SKEWED_1000,10000,9500,1,1008500,PREFIX_LINEAR,SELECT,13,52200,1592
N10000_K1_SKEWED_1000,10000,9500,1,1008500,PREFIX_LINEAR,SELECT,14,41600,1592
N10000_K1_SKEWED_1000,10000,9500,1,1008500,PREFIX_LINEAR,SELECT,15,39300,1592
N10000_K1_SKEWED_1000,10000,9500,1,1008500,PREFIX_LINEAR,SELECT,16,55599,1592
N10000_K1_SKEWED_1000,10000,9500,1,1008500,PREFIX_LINEAR,SELECT,17,56700,1592
N10000_K1_SKEWED_1000,10000,9500,1,1008500,PREFIX_LINEAR,SELECT,18,159901,1592
N10000_K1_SKEWED_1000,10000,9500,1,1008500,PREFIX_LINEAR,SELECT,19,43700,1592
N10000_K1_SKEWED_1000,10000,9500,1,1008500,PREFIX_LINEAR,TOTAL,0,5677901,842904
N10000_K1_SKEWED_1000,10000,9500,1,1008500,PREFIX_LINEAR,TOTAL,1,5498600,842904
N10000_K1_SKEWED_1000,10000,9500,1,1008500,PREFIX_LINEAR,TOTAL,2,4767399,842904
N10000_K1_SKEWED_1000,10000,9500,1,1008500,PREFIX_LINEAR,TOTAL,3,5774400,842904
N10000_K1_SKEWED_1000,10000,9500,1,1008500,PREFIX_LINEAR,TOTAL,4,6094200,842904
N10000_K1_SKEWED_1000,10000,9500,1,1008500,PREFIX_LINEAR,TOTAL,5,5856100,842904
N10000_K1_SKEWED_1000,10000,9500,1,1008500,PREFIX_LINEAR,TOTAL,6,6141400,842904
N10000_K1_SKEWED_1000,10000,9500,1,1008500,PREFIX_LINEAR,TOTAL,7,5895201,842904
N10000_K1_SKEWED_1000,10000,9500,1,1008500,PREFIX_LINEAR,TOTAL,8,4184000,842904
N10000_K1_SKEWED_1000,10000,9500,1,1008500,PREFIX_LINEAR,TOTAL,9,4412801,842904
N10000_K1_SKEWED_1000,10000,9500,1,1008500,PREFIX_LINEAR,TOTAL,10,4831000,842904
N10000_K1_SKEWED_1000,10000,9500,1,1008500,PREFIX_LINEAR,TOTAL,11,3855999,842904
N10000_K1_SKEWED_1000,10000,9500,1,1008500,PREFIX_LINEAR,TOTAL,12,3881699,842904
N10000_K1_SKEWED_1000,10000,9500,1,1008500,PREFIX_LINEAR,TOTAL,13,3886100,842904
N10000_K1_SKEWED_1000,10000,9500,1,1008500,PREFIX_LINEAR,TOTAL,14,3862101,842904
N10000_K1_SKEWED_1000,10000,9500,1,1008500,PREFIX_LINEAR,TOTAL,15,4474700,842904
N10000_K1_SKEWED_1000,10000,9500,1,1008500,PREFIX_LINEAR,TOTAL,16,5609800,842904
N10000_K1_SKEWED_1000,10000,9500,1,1008500,PREFIX_LINEAR,TOTAL,17,5690000,842904
N10000_K1_SKEWED_1000,10000,9500,1,1008500,PREFIX_LINEAR,TOTAL,18,5896999,842904
N10000_K1_SKEWED_1000,10000,9500,1,1008500,PREFIX_LINEAR,TOTAL,19,6433899,842904
N10000_K1_SKEWED_1000,10000,9500,1,1008500,PREFIX_BINARY,NORMALIZE,0,4450199,689248
N10000_K1_SKEWED_1000,10000,9500,1,1008500,PREFIX_BINARY,NORMALIZE,1,4852200,689248
N10000_K1_SKEWED_1000,10000,9500,1,1008500,PREFIX_BINARY,NORMALIZE,2,4937099,689248
N10000_K1_SKEWED_1000,10000,9500,1,1008500,PREFIX_BINARY,NORMALIZE,3,4749601,689248
N10000_K1_SKEWED_1000,10000,9500,1,1008500,PREFIX_BINARY,NORMALIZE,4,5454600,689248
N10000_K1_SKEWED_1000,10000,9500,1,1008500,PREFIX_BINARY,NORMALIZE,5,5372500,689248
N10000_K1_SKEWED_1000,10000,9500,1,1008500,PREFIX_BINARY,NORMALIZE,6,5813700,689248
N10000_K1_SKEWED_1000,10000,9500,1,1008500,PREFIX_BINARY,NORMALIZE,7,4205900,689248
N10000_K1_SKEWED_1000,10000,9500,1,1008500,PREFIX_BINARY,NORMALIZE,8,4418600,689248
N10000_K1_SKEWED_1000,10000,9500,1,1008500,PREFIX_BINARY,NORMALIZE,9,5647399,689248
N10000_K1_SKEWED_1000,10000,9500,1,1008500,PREFIX_BINARY,NORMALIZE,10,5715000,689248
N10000_K1_SKEWED_1000,10000,9500,1,1008500,PREFIX_BINARY,NORMALIZE,11,5692600,689248
N10000_K1_SKEWED_1000,10000,9500,1,1008500,PREFIX_BINARY,NORMALIZE,12,5426601,689248
N10000_K1_SKEWED_1000,10000,9500,1,1008500,PREFIX_BINARY,NORMALIZE,13,5270200,689248
N10000_K1_SKEWED_1000,10000,9500,1,1008500,PREFIX_BINARY,NORMALIZE,14,5903000,689248
N10000_K1_SKEWED_1000,10000,9500,1,1008500,PREFIX_BINARY,NORMALIZE,15,5718700,689248
N10000_K1_SKEWED_1000,10000,9500,1,1008500,PREFIX_BINARY,NORMALIZE,16,5405500,689248
N10000_K1_SKEWED_1000,10000,9500,1,1008500,PREFIX_BINARY,NORMALIZE,17,5706100,689248
N10000_K1_SKEWED_1000,10000,9500,1,1008500,PREFIX_BINARY,NORMALIZE,18,5563101,689248
N10000_K1_SKEWED_1000,10000,9500,1,1008500,PREFIX_BINARY,NORMALIZE,19,5479000,689248
N10000_K1_SKEWED_1000,10000,9500,1,1008500,PREFIX_BINARY,BUILD,0,48299,152064
N10000_K1_SKEWED_1000,10000,9500,1,1008500,PREFIX_BINARY,BUILD,1,56600,152064
N10000_K1_SKEWED_1000,10000,9500,1,1008500,PREFIX_BINARY,BUILD,2,59500,152064
N10000_K1_SKEWED_1000,10000,9500,1,1008500,PREFIX_BINARY,BUILD,3,63000,152064
N10000_K1_SKEWED_1000,10000,9500,1,1008500,PREFIX_BINARY,BUILD,4,56200,152064
N10000_K1_SKEWED_1000,10000,9500,1,1008500,PREFIX_BINARY,BUILD,5,51901,152064
N10000_K1_SKEWED_1000,10000,9500,1,1008500,PREFIX_BINARY,BUILD,6,66000,152064
N10000_K1_SKEWED_1000,10000,9500,1,1008500,PREFIX_BINARY,BUILD,7,52499,152064
N10000_K1_SKEWED_1000,10000,9500,1,1008500,PREFIX_BINARY,BUILD,8,41400,152064
N10000_K1_SKEWED_1000,10000,9500,1,1008500,PREFIX_BINARY,BUILD,9,72899,152064
N10000_K1_SKEWED_1000,10000,9500,1,1008500,PREFIX_BINARY,BUILD,10,66599,152064
N10000_K1_SKEWED_1000,10000,9500,1,1008500,PREFIX_BINARY,BUILD,11,65900,152064
N10000_K1_SKEWED_1000,10000,9500,1,1008500,PREFIX_BINARY,BUILD,12,41700,152064
N10000_K1_SKEWED_1000,10000,9500,1,1008500,PREFIX_BINARY,BUILD,13,55201,152064
N10000_K1_SKEWED_1000,10000,9500,1,1008500,PREFIX_BINARY,BUILD,14,52800,152064
N10000_K1_SKEWED_1000,10000,9500,1,1008500,PREFIX_BINARY,BUILD,15,61600,152064
N10000_K1_SKEWED_1000,10000,9500,1,1008500,PREFIX_BINARY,BUILD,16,74500,152064
N10000_K1_SKEWED_1000,10000,9500,1,1008500,PREFIX_BINARY,BUILD,17,52501,152064
N10000_K1_SKEWED_1000,10000,9500,1,1008500,PREFIX_BINARY,BUILD,18,40700,152064
N10000_K1_SKEWED_1000,10000,9500,1,1008500,PREFIX_BINARY,BUILD,19,33100,152064
N10000_K1_SKEWED_1000,10000,9500,1,1008500,PREFIX_BINARY,SELECT,0,24800,1592
N10000_K1_SKEWED_1000,10000,9500,1,1008500,PREFIX_BINARY,SELECT,1,31300,1592
N10000_K1_SKEWED_1000,10000,9500,1,1008500,PREFIX_BINARY,SELECT,2,43800,1592
N10000_K1_SKEWED_1000,10000,9500,1,1008500,PREFIX_BINARY,SELECT,3,42300,1592
N10000_K1_SKEWED_1000,10000,9500,1,1008500,PREFIX_BINARY,SELECT,4,48399,1592
N10000_K1_SKEWED_1000,10000,9500,1,1008500,PREFIX_BINARY,SELECT,5,42800,1592
N10000_K1_SKEWED_1000,10000,9500,1,1008500,PREFIX_BINARY,SELECT,6,40300,1592
N10000_K1_SKEWED_1000,10000,9500,1,1008500,PREFIX_BINARY,SELECT,7,34000,1592
N10000_K1_SKEWED_1000,10000,9500,1,1008500,PREFIX_BINARY,SELECT,8,40499,1592
N10000_K1_SKEWED_1000,10000,9500,1,1008500,PREFIX_BINARY,SELECT,9,16201,1592
N10000_K1_SKEWED_1000,10000,9500,1,1008500,PREFIX_BINARY,SELECT,10,30800,1592
N10000_K1_SKEWED_1000,10000,9500,1,1008500,PREFIX_BINARY,SELECT,11,36800,1592
N10000_K1_SKEWED_1000,10000,9500,1,1008500,PREFIX_BINARY,SELECT,12,41799,1592
N10000_K1_SKEWED_1000,10000,9500,1,1008500,PREFIX_BINARY,SELECT,13,30600,1592
N10000_K1_SKEWED_1000,10000,9500,1,1008500,PREFIX_BINARY,SELECT,14,55801,1592
N10000_K1_SKEWED_1000,10000,9500,1,1008500,PREFIX_BINARY,SELECT,15,41399,1592
N10000_K1_SKEWED_1000,10000,9500,1,1008500,PREFIX_BINARY,SELECT,16,46500,1592
N10000_K1_SKEWED_1000,10000,9500,1,1008500,PREFIX_BINARY,SELECT,17,50200,1592
N10000_K1_SKEWED_1000,10000,9500,1,1008500,PREFIX_BINARY,SELECT,18,37700,1592
N10000_K1_SKEWED_1000,10000,9500,1,1008500,PREFIX_BINARY,SELECT,19,44099,1592
N10000_K1_SKEWED_1000,10000,9500,1,1008500,PREFIX_BINARY,TOTAL,0,5863400,842904
N10000_K1_SKEWED_1000,10000,9500,1,1008500,PREFIX_BINARY,TOTAL,1,5584301,842904
N10000_K1_SKEWED_1000,10000,9500,1,1008500,PREFIX_BINARY,TOTAL,2,5417300,842904
N10000_K1_SKEWED_1000,10000,9500,1,1008500,PREFIX_BINARY,TOTAL,3,5915101,842904
N10000_K1_SKEWED_1000,10000,9500,1,1008500,PREFIX_BINARY,TOTAL,4,6031200,842904
N10000_K1_SKEWED_1000,10000,9500,1,1008500,PREFIX_BINARY,TOTAL,5,5424800,842904
N10000_K1_SKEWED_1000,10000,9500,1,1008500,PREFIX_BINARY,TOTAL,6,3945399,842904
N10000_K1_SKEWED_1000,10000,9500,1,1008500,PREFIX_BINARY,TOTAL,7,4743999,842904
N10000_K1_SKEWED_1000,10000,9500,1,1008500,PREFIX_BINARY,TOTAL,8,3742700,842904
N10000_K1_SKEWED_1000,10000,9500,1,1008500,PREFIX_BINARY,TOTAL,9,3887900,842904
N10000_K1_SKEWED_1000,10000,9500,1,1008500,PREFIX_BINARY,TOTAL,10,3776200,842904
N10000_K1_SKEWED_1000,10000,9500,1,1008500,PREFIX_BINARY,TOTAL,11,3891700,842904
N10000_K1_SKEWED_1000,10000,9500,1,1008500,PREFIX_BINARY,TOTAL,12,3741500,842904
N10000_K1_SKEWED_1000,10000,9500,1,1008500,PREFIX_BINARY,TOTAL,13,3716300,842904
N10000_K1_SKEWED_1000,10000,9500,1,1008500,PREFIX_BINARY,TOTAL,14,3640700,842904
N10000_K1_SKEWED_1000,10000,9500,1,1008500,PREFIX_BINARY,TOTAL,15,3637200,842904
N10000_K1_SKEWED_1000,10000,9500,1,1008500,PREFIX_BINARY,TOTAL,16,4072901,842904
N10000_K1_SKEWED_1000,10000,9500,1,1008500,PREFIX_BINARY,TOTAL,17,5495900,842904
N10000_K1_SKEWED_1000,10000,9500,1,1008500,PREFIX_BINARY,TOTAL,18,5613000,842904
N10000_K1_SKEWED_1000,10000,9500,1,1008500,PREFIX_BINARY,TOTAL,19,5947300,842904
N10000_K1_SKEWED_1000,10000,9500,1,1008500,FENWICK,NORMALIZE,0,5207799,689248
N10000_K1_SKEWED_1000,10000,9500,1,1008500,FENWICK,NORMALIZE,1,5873700,689248
N10000_K1_SKEWED_1000,10000,9500,1,1008500,FENWICK,NORMALIZE,2,5657700,689248
N10000_K1_SKEWED_1000,10000,9500,1,1008500,FENWICK,NORMALIZE,3,5822501,689248
N10000_K1_SKEWED_1000,10000,9500,1,1008500,FENWICK,NORMALIZE,4,5631200,689248
N10000_K1_SKEWED_1000,10000,9500,1,1008500,FENWICK,NORMALIZE,5,5888100,689248
N10000_K1_SKEWED_1000,10000,9500,1,1008500,FENWICK,NORMALIZE,6,5813300,689248
N10000_K1_SKEWED_1000,10000,9500,1,1008500,FENWICK,NORMALIZE,7,5667499,689248
N10000_K1_SKEWED_1000,10000,9500,1,1008500,FENWICK,NORMALIZE,8,5617600,689248
N10000_K1_SKEWED_1000,10000,9500,1,1008500,FENWICK,NORMALIZE,9,5788301,689248
N10000_K1_SKEWED_1000,10000,9500,1,1008500,FENWICK,NORMALIZE,10,5315300,689248
N10000_K1_SKEWED_1000,10000,9500,1,1008500,FENWICK,NORMALIZE,11,4932400,689248
N10000_K1_SKEWED_1000,10000,9500,1,1008500,FENWICK,NORMALIZE,12,5371300,689248
N10000_K1_SKEWED_1000,10000,9500,1,1008500,FENWICK,NORMALIZE,13,5625500,689248
N10000_K1_SKEWED_1000,10000,9500,1,1008500,FENWICK,NORMALIZE,14,5477400,689248
N10000_K1_SKEWED_1000,10000,9500,1,1008500,FENWICK,NORMALIZE,15,5466100,689248
N10000_K1_SKEWED_1000,10000,9500,1,1008500,FENWICK,NORMALIZE,16,5398700,689248
N10000_K1_SKEWED_1000,10000,9500,1,1008500,FENWICK,NORMALIZE,17,5436000,689248
N10000_K1_SKEWED_1000,10000,9500,1,1008500,FENWICK,NORMALIZE,18,4981600,689248
N10000_K1_SKEWED_1000,10000,9500,1,1008500,FENWICK,NORMALIZE,19,4966501,689248
N10000_K1_SKEWED_1000,10000,9500,1,1008500,FENWICK,BUILD,0,152100,152136
N10000_K1_SKEWED_1000,10000,9500,1,1008500,FENWICK,BUILD,1,161899,152136
N10000_K1_SKEWED_1000,10000,9500,1,1008500,FENWICK,BUILD,2,154400,152136
N10000_K1_SKEWED_1000,10000,9500,1,1008500,FENWICK,BUILD,3,147200,152136
N10000_K1_SKEWED_1000,10000,9500,1,1008500,FENWICK,BUILD,4,153001,152136
N10000_K1_SKEWED_1000,10000,9500,1,1008500,FENWICK,BUILD,5,150400,152136
N10000_K1_SKEWED_1000,10000,9500,1,1008500,FENWICK,BUILD,6,164700,152136
N10000_K1_SKEWED_1000,10000,9500,1,1008500,FENWICK,BUILD,7,152700,152136
N10000_K1_SKEWED_1000,10000,9500,1,1008500,FENWICK,BUILD,8,180001,152136
N10000_K1_SKEWED_1000,10000,9500,1,1008500,FENWICK,BUILD,9,156701,152136
N10000_K1_SKEWED_1000,10000,9500,1,1008500,FENWICK,BUILD,10,157699,152136
N10000_K1_SKEWED_1000,10000,9500,1,1008500,FENWICK,BUILD,11,163701,152136
N10000_K1_SKEWED_1000,10000,9500,1,1008500,FENWICK,BUILD,12,86599,152136
N10000_K1_SKEWED_1000,10000,9500,1,1008500,FENWICK,BUILD,13,165501,152136
N10000_K1_SKEWED_1000,10000,9500,1,1008500,FENWICK,BUILD,14,148200,152136
N10000_K1_SKEWED_1000,10000,9500,1,1008500,FENWICK,BUILD,15,153000,152136
N10000_K1_SKEWED_1000,10000,9500,1,1008500,FENWICK,BUILD,16,159100,152136
N10000_K1_SKEWED_1000,10000,9500,1,1008500,FENWICK,BUILD,17,216301,152136
N10000_K1_SKEWED_1000,10000,9500,1,1008500,FENWICK,BUILD,18,151400,152136
N10000_K1_SKEWED_1000,10000,9500,1,1008500,FENWICK,BUILD,19,155200,152136
N10000_K1_SKEWED_1000,10000,9500,1,1008500,FENWICK,SELECT,0,41800,1592
N10000_K1_SKEWED_1000,10000,9500,1,1008500,FENWICK,SELECT,1,30900,1592
N10000_K1_SKEWED_1000,10000,9500,1,1008500,FENWICK,SELECT,2,38300,1592
N10000_K1_SKEWED_1000,10000,9500,1,1008500,FENWICK,SELECT,3,35100,1592
N10000_K1_SKEWED_1000,10000,9500,1,1008500,FENWICK,SELECT,4,33699,1592
N10000_K1_SKEWED_1000,10000,9500,1,1008500,FENWICK,SELECT,5,30100,1592
N10000_K1_SKEWED_1000,10000,9500,1,1008500,FENWICK,SELECT,6,33199,1592
N10000_K1_SKEWED_1000,10000,9500,1,1008500,FENWICK,SELECT,7,29800,1592
N10000_K1_SKEWED_1000,10000,9500,1,1008500,FENWICK,SELECT,8,27300,1592
N10000_K1_SKEWED_1000,10000,9500,1,1008500,FENWICK,SELECT,9,33100,1592
N10000_K1_SKEWED_1000,10000,9500,1,1008500,FENWICK,SELECT,10,27001,1592
N10000_K1_SKEWED_1000,10000,9500,1,1008500,FENWICK,SELECT,11,64200,1592
N10000_K1_SKEWED_1000,10000,9500,1,1008500,FENWICK,SELECT,12,32200,1592
N10000_K1_SKEWED_1000,10000,9500,1,1008500,FENWICK,SELECT,13,29401,1592
N10000_K1_SKEWED_1000,10000,9500,1,1008500,FENWICK,SELECT,14,27600,1592
N10000_K1_SKEWED_1000,10000,9500,1,1008500,FENWICK,SELECT,15,21999,1592
N10000_K1_SKEWED_1000,10000,9500,1,1008500,FENWICK,SELECT,16,10200,1592
N10000_K1_SKEWED_1000,10000,9500,1,1008500,FENWICK,SELECT,17,7300,1592
N10000_K1_SKEWED_1000,10000,9500,1,1008500,FENWICK,SELECT,18,17499,1592
N10000_K1_SKEWED_1000,10000,9500,1,1008500,FENWICK,SELECT,19,35201,1592
N10000_K1_SKEWED_1000,10000,9500,1,1008500,FENWICK,TOTAL,0,3953101,842976
N10000_K1_SKEWED_1000,10000,9500,1,1008500,FENWICK,TOTAL,1,3668300,842976
N10000_K1_SKEWED_1000,10000,9500,1,1008500,FENWICK,TOTAL,2,5489500,842976
N10000_K1_SKEWED_1000,10000,9500,1,1008500,FENWICK,TOTAL,3,5748100,842976
N10000_K1_SKEWED_1000,10000,9500,1,1008500,FENWICK,TOTAL,4,4840300,842976
N10000_K1_SKEWED_1000,10000,9500,1,1008500,FENWICK,TOTAL,5,5110999,842976
N10000_K1_SKEWED_1000,10000,9500,1,1008500,FENWICK,TOTAL,6,5523800,842976
N10000_K1_SKEWED_1000,10000,9500,1,1008500,FENWICK,TOTAL,7,6095101,842976
N10000_K1_SKEWED_1000,10000,9500,1,1008500,FENWICK,TOTAL,8,5672000,842976
N10000_K1_SKEWED_1000,10000,9500,1,1008500,FENWICK,TOTAL,9,6124400,842976
N10000_K1_SKEWED_1000,10000,9500,1,1008500,FENWICK,TOTAL,10,5883600,842976
N10000_K1_SKEWED_1000,10000,9500,1,1008500,FENWICK,TOTAL,11,5866301,842976
N10000_K1_SKEWED_1000,10000,9500,1,1008500,FENWICK,TOTAL,12,5516900,842976
N10000_K1_SKEWED_1000,10000,9500,1,1008500,FENWICK,TOTAL,13,4615400,842976
N10000_K1_SKEWED_1000,10000,9500,1,1008500,FENWICK,TOTAL,14,5877500,842976
N10000_K1_SKEWED_1000,10000,9500,1,1008500,FENWICK,TOTAL,15,5565800,842976
N10000_K1_SKEWED_1000,10000,9500,1,1008500,FENWICK,TOTAL,16,5384600,842976
N10000_K1_SKEWED_1000,10000,9500,1,1008500,FENWICK,TOTAL,17,3949800,842976
N10000_K1_SKEWED_1000,10000,9500,1,1008500,FENWICK,TOTAL,18,5722999,842976
N10000_K1_SKEWED_1000,10000,9500,1,1008500,FENWICK,TOTAL,19,5822300,842976
N10000_K95_SKEWED_1000,10000,9500,95,1008500,PREFIX_LINEAR,NORMALIZE,0,5373800,689248
N10000_K95_SKEWED_1000,10000,9500,95,1008500,PREFIX_LINEAR,NORMALIZE,1,4912900,689248
N10000_K95_SKEWED_1000,10000,9500,95,1008500,PREFIX_LINEAR,NORMALIZE,2,5274400,689248
N10000_K95_SKEWED_1000,10000,9500,95,1008500,PREFIX_LINEAR,NORMALIZE,3,5357600,689248
N10000_K95_SKEWED_1000,10000,9500,95,1008500,PREFIX_LINEAR,NORMALIZE,4,5459300,689248
N10000_K95_SKEWED_1000,10000,9500,95,1008500,PREFIX_LINEAR,NORMALIZE,5,5740800,689248
N10000_K95_SKEWED_1000,10000,9500,95,1008500,PREFIX_LINEAR,NORMALIZE,6,5381700,689248
N10000_K95_SKEWED_1000,10000,9500,95,1008500,PREFIX_LINEAR,NORMALIZE,7,3981301,689248
N10000_K95_SKEWED_1000,10000,9500,95,1008500,PREFIX_LINEAR,NORMALIZE,8,5408799,689248
N10000_K95_SKEWED_1000,10000,9500,95,1008500,PREFIX_LINEAR,NORMALIZE,9,5410101,689248
N10000_K95_SKEWED_1000,10000,9500,95,1008500,PREFIX_LINEAR,NORMALIZE,10,5658700,689248
N10000_K95_SKEWED_1000,10000,9500,95,1008500,PREFIX_LINEAR,NORMALIZE,11,5476199,689248
N10000_K95_SKEWED_1000,10000,9500,95,1008500,PREFIX_LINEAR,NORMALIZE,12,5323900,689248
N10000_K95_SKEWED_1000,10000,9500,95,1008500,PREFIX_LINEAR,NORMALIZE,13,5290400,689248
N10000_K95_SKEWED_1000,10000,9500,95,1008500,PREFIX_LINEAR,NORMALIZE,14,5176601,689248
N10000_K95_SKEWED_1000,10000,9500,95,1008500,PREFIX_LINEAR,NORMALIZE,15,5126800,689248
N10000_K95_SKEWED_1000,10000,9500,95,1008500,PREFIX_LINEAR,NORMALIZE,16,5160100,689248
N10000_K95_SKEWED_1000,10000,9500,95,1008500,PREFIX_LINEAR,NORMALIZE,17,5070699,689248
N10000_K95_SKEWED_1000,10000,9500,95,1008500,PREFIX_LINEAR,NORMALIZE,18,5504400,689248
N10000_K95_SKEWED_1000,10000,9500,95,1008500,PREFIX_LINEAR,NORMALIZE,19,5387001,689248
N10000_K95_SKEWED_1000,10000,9500,95,1008500,PREFIX_LINEAR,BUILD,0,50300,152064
N10000_K95_SKEWED_1000,10000,9500,95,1008500,PREFIX_LINEAR,BUILD,1,35600,152064
N10000_K95_SKEWED_1000,10000,9500,95,1008500,PREFIX_LINEAR,BUILD,2,52500,152064
N10000_K95_SKEWED_1000,10000,9500,95,1008500,PREFIX_LINEAR,BUILD,3,34300,152064
N10000_K95_SKEWED_1000,10000,9500,95,1008500,PREFIX_LINEAR,BUILD,4,66201,152064
N10000_K95_SKEWED_1000,10000,9500,95,1008500,PREFIX_LINEAR,BUILD,5,55500,152064
N10000_K95_SKEWED_1000,10000,9500,95,1008500,PREFIX_LINEAR,BUILD,6,54200,152064
N10000_K95_SKEWED_1000,10000,9500,95,1008500,PREFIX_LINEAR,BUILD,7,60800,152064
N10000_K95_SKEWED_1000,10000,9500,95,1008500,PREFIX_LINEAR,BUILD,8,51100,152064
N10000_K95_SKEWED_1000,10000,9500,95,1008500,PREFIX_LINEAR,BUILD,9,55500,152064
N10000_K95_SKEWED_1000,10000,9500,95,1008500,PREFIX_LINEAR,BUILD,10,127900,152064
N10000_K95_SKEWED_1000,10000,9500,95,1008500,PREFIX_LINEAR,BUILD,11,50400,152064
N10000_K95_SKEWED_1000,10000,9500,95,1008500,PREFIX_LINEAR,BUILD,12,56900,152064
N10000_K95_SKEWED_1000,10000,9500,95,1008500,PREFIX_LINEAR,BUILD,13,79201,152064
N10000_K95_SKEWED_1000,10000,9500,95,1008500,PREFIX_LINEAR,BUILD,14,60000,152064
N10000_K95_SKEWED_1000,10000,9500,95,1008500,PREFIX_LINEAR,BUILD,15,62800,152064
N10000_K95_SKEWED_1000,10000,9500,95,1008500,PREFIX_LINEAR,BUILD,16,53900,152064
N10000_K95_SKEWED_1000,10000,9500,95,1008500,PREFIX_LINEAR,BUILD,17,58100,152064
N10000_K95_SKEWED_1000,10000,9500,95,1008500,PREFIX_LINEAR,BUILD,18,34301,152064
N10000_K95_SKEWED_1000,10000,9500,95,1008500,PREFIX_LINEAR,BUILD,19,52100,152064
N10000_K95_SKEWED_1000,10000,9500,95,1008500,PREFIX_LINEAR,SELECT,0,569299,17568
N10000_K95_SKEWED_1000,10000,9500,95,1008500,PREFIX_LINEAR,SELECT,1,600000,17568
N10000_K95_SKEWED_1000,10000,9500,95,1008500,PREFIX_LINEAR,SELECT,2,561701,17568
N10000_K95_SKEWED_1000,10000,9500,95,1008500,PREFIX_LINEAR,SELECT,3,551999,17568
N10000_K95_SKEWED_1000,10000,9500,95,1008500,PREFIX_LINEAR,SELECT,4,568999,17568
N10000_K95_SKEWED_1000,10000,9500,95,1008500,PREFIX_LINEAR,SELECT,5,278900,17568
N10000_K95_SKEWED_1000,10000,9500,95,1008500,PREFIX_LINEAR,SELECT,6,263001,17568
N10000_K95_SKEWED_1000,10000,9500,95,1008500,PREFIX_LINEAR,SELECT,7,280500,17568
N10000_K95_SKEWED_1000,10000,9500,95,1008500,PREFIX_LINEAR,SELECT,8,588100,17568
N10000_K95_SKEWED_1000,10000,9500,95,1008500,PREFIX_LINEAR,SELECT,9,268000,17568
N10000_K95_SKEWED_1000,10000,9500,95,1008500,PREFIX_LINEAR,SELECT,10,566000,17568
N10000_K95_SKEWED_1000,10000,9500,95,1008500,PREFIX_LINEAR,SELECT,11,578100,17568
N10000_K95_SKEWED_1000,10000,9500,95,1008500,PREFIX_LINEAR,SELECT,12,549199,17568
N10000_K95_SKEWED_1000,10000,9500,95,1008500,PREFIX_LINEAR,SELECT,13,486300,17568
N10000_K95_SKEWED_1000,10000,9500,95,1008500,PREFIX_LINEAR,SELECT,14,627900,17568
N10000_K95_SKEWED_1000,10000,9500,95,1008500,PREFIX_LINEAR,SELECT,15,608799,17568
N10000_K95_SKEWED_1000,10000,9500,95,1008500,PREFIX_LINEAR,SELECT,16,291900,17568
N10000_K95_SKEWED_1000,10000,9500,95,1008500,PREFIX_LINEAR,SELECT,17,601299,17568
N10000_K95_SKEWED_1000,10000,9500,95,1008500,PREFIX_LINEAR,SELECT,18,570600,17568
N10000_K95_SKEWED_1000,10000,9500,95,1008500,PREFIX_LINEAR,SELECT,19,581500,17568
N10000_K95_SKEWED_1000,10000,9500,95,1008500,PREFIX_LINEAR,TOTAL,0,6201801,858880
N10000_K95_SKEWED_1000,10000,9500,95,1008500,PREFIX_LINEAR,TOTAL,1,6417500,858880
N10000_K95_SKEWED_1000,10000,9500,95,1008500,PREFIX_LINEAR,TOTAL,2,5531100,858880
N10000_K95_SKEWED_1000,10000,9500,95,1008500,PREFIX_LINEAR,TOTAL,3,5588700,858880
N10000_K95_SKEWED_1000,10000,9500,95,1008500,PREFIX_LINEAR,TOTAL,4,6142399,858880
N10000_K95_SKEWED_1000,10000,9500,95,1008500,PREFIX_LINEAR,TOTAL,5,6045900,858880
N10000_K95_SKEWED_1000,10000,9500,95,1008500,PREFIX_LINEAR,TOTAL,6,6162901,858880
N10000_K95_SKEWED_1000,10000,9500,95,1008500,PREFIX_LINEAR,TOTAL,7,5694700,858880
N10000_K95_SKEWED_1000,10000,9500,95,1008500,PREFIX_LINEAR,TOTAL,8,6275400,858880
N10000_K95_SKEWED_1000,10000,9500,95,1008500,PREFIX_LINEAR,TOTAL,9,5945400,858880
N10000_K95_SKEWED_1000,10000,9500,95,1008500,PREFIX_LINEAR,TOTAL,10,6158900,858880
N10000_K95_SKEWED_1000,10000,9500,95,1008500,PREFIX_LINEAR,TOTAL,11,6207600,858880
N10000_K95_SKEWED_1000,10000,9500,95,1008500,PREFIX_LINEAR,TOTAL,12,6163800,858880
N10000_K95_SKEWED_1000,10000,9500,95,1008500,PREFIX_LINEAR,TOTAL,13,6104799,858880
N10000_K95_SKEWED_1000,10000,9500,95,1008500,PREFIX_LINEAR,TOTAL,14,5231499,858880
N10000_K95_SKEWED_1000,10000,9500,95,1008500,PREFIX_LINEAR,TOTAL,15,6141400,858880
N10000_K95_SKEWED_1000,10000,9500,95,1008500,PREFIX_LINEAR,TOTAL,16,5742700,858880
N10000_K95_SKEWED_1000,10000,9500,95,1008500,PREFIX_LINEAR,TOTAL,17,5373400,858880
N10000_K95_SKEWED_1000,10000,9500,95,1008500,PREFIX_LINEAR,TOTAL,18,4194100,858880
N10000_K95_SKEWED_1000,10000,9500,95,1008500,PREFIX_LINEAR,TOTAL,19,6267400,858880
N10000_K95_SKEWED_1000,10000,9500,95,1008500,PREFIX_BINARY,NORMALIZE,0,5420100,689248
N10000_K95_SKEWED_1000,10000,9500,95,1008500,PREFIX_BINARY,NORMALIZE,1,4754800,689248
N10000_K95_SKEWED_1000,10000,9500,95,1008500,PREFIX_BINARY,NORMALIZE,2,3720300,689248
N10000_K95_SKEWED_1000,10000,9500,95,1008500,PREFIX_BINARY,NORMALIZE,3,4281899,689248
N10000_K95_SKEWED_1000,10000,9500,95,1008500,PREFIX_BINARY,NORMALIZE,4,5457900,689248
N10000_K95_SKEWED_1000,10000,9500,95,1008500,PREFIX_BINARY,NORMALIZE,5,5131300,689248
N10000_K95_SKEWED_1000,10000,9500,95,1008500,PREFIX_BINARY,NORMALIZE,6,5380900,689248
N10000_K95_SKEWED_1000,10000,9500,95,1008500,PREFIX_BINARY,NORMALIZE,7,4971800,689248
N10000_K95_SKEWED_1000,10000,9500,95,1008500,PREFIX_BINARY,NORMALIZE,8,5666201,689248
N10000_K95_SKEWED_1000,10000,9500,95,1008500,PREFIX_BINARY,NORMALIZE,9,5980201,689248
N10000_K95_SKEWED_1000,10000,9500,95,1008500,PREFIX_BINARY,NORMALIZE,10,4354000,689248
N10000_K95_SKEWED_1000,10000,9500,95,1008500,PREFIX_BINARY,NORMALIZE,11,4112600,689248
N10000_K95_SKEWED_1000,10000,9500,95,1008500,PREFIX_BINARY,NORMALIZE,12,3945500,689248
N10000_K95_SKEWED_1000,10000,9500,95,1008500,PREFIX_BINARY,NORMALIZE,13,4566500,689248
N10000_K95_SKEWED_1000,10000,9500,95,1008500,PREFIX_BINARY,NORMALIZE,14,3690200,689248
N10000_K95_SKEWED_1000,10000,9500,95,1008500,PREFIX_BINARY,NORMALIZE,15,4652200,689248
N10000_K95_SKEWED_1000,10000,9500,95,1008500,PREFIX_BINARY,NORMALIZE,16,5121700,689248
N10000_K95_SKEWED_1000,10000,9500,95,1008500,PREFIX_BINARY,NORMALIZE,17,5334501,689248
N10000_K95_SKEWED_1000,10000,9500,95,1008500,PREFIX_BINARY,NORMALIZE,18,5567200,689248
N10000_K95_SKEWED_1000,10000,9500,95,1008500,PREFIX_BINARY,NORMALIZE,19,5829800,689248
N10000_K95_SKEWED_1000,10000,9500,95,1008500,PREFIX_BINARY,BUILD,0,49900,152064
N10000_K95_SKEWED_1000,10000,9500,95,1008500,PREFIX_BINARY,BUILD,1,59800,152064
N10000_K95_SKEWED_1000,10000,9500,95,1008500,PREFIX_BINARY,BUILD,2,53400,152064
N10000_K95_SKEWED_1000,10000,9500,95,1008500,PREFIX_BINARY,BUILD,3,50899,152064
N10000_K95_SKEWED_1000,10000,9500,95,1008500,PREFIX_BINARY,BUILD,4,64100,152064
N10000_K95_SKEWED_1000,10000,9500,95,1008500,PREFIX_BINARY,BUILD,5,144200,152064
N10000_K95_SKEWED_1000,10000,9500,95,1008500,PREFIX_BINARY,BUILD,6,55899,152064
N10000_K95_SKEWED_1000,10000,9500,95,1008500,PREFIX_BINARY,BUILD,7,54901,152064
N10000_K95_SKEWED_1000,10000,9500,95,1008500,PREFIX_BINARY,BUILD,8,50100,152064
N10000_K95_SKEWED_1000,10000,9500,95,1008500,PREFIX_BINARY,BUILD,9,65499,152064
N10000_K95_SKEWED_1000,10000,9500,95,1008500,PREFIX_BINARY,BUILD,10,41100,152064
N10000_K95_SKEWED_1000,10000,9500,95,1008500,PREFIX_BINARY,BUILD,11,52400,152064
N10000_K95_SKEWED_1000,10000,9500,95,1008500,PREFIX_BINARY,BUILD,12,34701,152064
N10000_K95_SKEWED_1000,10000,9500,95,1008500,PREFIX_BINARY,BUILD,13,32201,152064
N10000_K95_SKEWED_1000,10000,9500,95,1008500,PREFIX_BINARY,BUILD,14,35799,152064
N10000_K95_SKEWED_1000,10000,9500,95,1008500,PREFIX_BINARY,BUILD,15,32799,152064
N10000_K95_SKEWED_1000,10000,9500,95,1008500,PREFIX_BINARY,BUILD,16,60800,152064
N10000_K95_SKEWED_1000,10000,9500,95,1008500,PREFIX_BINARY,BUILD,17,62800,152064
N10000_K95_SKEWED_1000,10000,9500,95,1008500,PREFIX_BINARY,BUILD,18,52599,152064
N10000_K95_SKEWED_1000,10000,9500,95,1008500,PREFIX_BINARY,BUILD,19,53600,152064
N10000_K95_SKEWED_1000,10000,9500,95,1008500,PREFIX_BINARY,SELECT,0,183500,17568
N10000_K95_SKEWED_1000,10000,9500,95,1008500,PREFIX_BINARY,SELECT,1,193600,17568
N10000_K95_SKEWED_1000,10000,9500,95,1008500,PREFIX_BINARY,SELECT,2,209600,17568
N10000_K95_SKEWED_1000,10000,9500,95,1008500,PREFIX_BINARY,SELECT,3,185001,17568
N10000_K95_SKEWED_1000,10000,9500,95,1008500,PREFIX_BINARY,SELECT,4,144900,17568
N10000_K95_SKEWED_1000,10000,9500,95,1008500,PREFIX_BINARY,SELECT,5,113500,17568
N10000_K95_SKEWED_1000,10000,9500,95,1008500,PREFIX_BINARY,SELECT,6,177200,17568
N10000_K95_SKEWED_1000,10000,9500,95,1008500,PREFIX_BINARY,SELECT,7,191501,17568
N10000_K95_SKEWED_1000,10000,9500,95,1008500,PREFIX_BINARY,SELECT,8,117200,17568
N10000_K95_SKEWED_1000,10000,9500,95,1008500,PREFIX_BINARY,SELECT,9,112001,17568
N10000_K95_SKEWED_1000,10000,9500,95,1008500,PREFIX_BINARY,SELECT,10,218699,17568
N10000_K95_SKEWED_1000,10000,9500,95,1008500,PREFIX_BINARY,SELECT,11,231500,17568
N10000_K95_SKEWED_1000,10000,9500,95,1008500,PREFIX_BINARY,SELECT,12,176400,17568
N10000_K95_SKEWED_1000,10000,9500,95,1008500,PREFIX_BINARY,SELECT,13,197399,17568
N10000_K95_SKEWED_1000,10000,9500,95,1008500,PREFIX_BINARY,SELECT,14,196800,17568
N10000_K95_SKEWED_1000,10000,9500,95,1008500,PREFIX_BINARY,SELECT,15,183400,17568
N10000_K95_SKEWED_1000,10000,9500,95,1008500,PREFIX_BINARY,SELECT,16,201099,17568
N10000_K95_SKEWED_1000,10000,9500,95,1008500,PREFIX_BINARY,SELECT,17,180200,17568
N10000_K95_SKEWED_1000,10000,9500,95,1008500,PREFIX_BINARY,SELECT,18,170300,17568
N10000_K95_SKEWED_1000,10000,9500,95,1008500,PREFIX_BINARY,SELECT,19,182700,17568
N10000_K95_SKEWED_1000,10000,9500,95,1008500,PREFIX_BINARY,TOTAL,0,3900899,858880
N10000_K95_SKEWED_1000,10000,9500,95,1008500,PREFIX_BINARY,TOTAL,1,4899900,858880
N10000_K95_SKEWED_1000,10000,9500,95,1008500,PREFIX_BINARY,TOTAL,2,5634500,858880
N10000_K95_SKEWED_1000,10000,9500,95,1008500,PREFIX_BINARY,TOTAL,3,5505801,858880
N10000_K95_SKEWED_1000,10000,9500,95,1008500,PREFIX_BINARY,TOTAL,4,5827500,858880
N10000_K95_SKEWED_1000,10000,9500,95,1008500,PREFIX_BINARY,TOTAL,5,5583601,858880
N10000_K95_SKEWED_1000,10000,9500,95,1008500,PREFIX_BINARY,TOTAL,6,5932900,858880
N10000_K95_SKEWED_1000,10000,9500,95,1008500,PREFIX_BINARY,TOTAL,7,5872400,858880
N10000_K95_SKEWED_1000,10000,9500,95,1008500,PREFIX_BINARY,TOTAL,8,5581500,858880
N10000_K95_SKEWED_1000,10000,9500,95,1008500,PREFIX_BINARY,TOTAL,9,5724300,858880
N10000_K95_SKEWED_1000,10000,9500,95,1008500,PREFIX_BINARY,TOTAL,10,5601200,858880
N10000_K95_SKEWED_1000,10000,9500,95,1008500,PREFIX_BINARY,TOTAL,11,5371001,858880
N10000_K95_SKEWED_1000,10000,9500,95,1008500,PREFIX_BINARY,TOTAL,12,5799000,858880
N10000_K95_SKEWED_1000,10000,9500,95,1008500,PREFIX_BINARY,TOTAL,13,5727699,858880
N10000_K95_SKEWED_1000,10000,9500,95,1008500,PREFIX_BINARY,TOTAL,14,6010799,858880
N10000_K95_SKEWED_1000,10000,9500,95,1008500,PREFIX_BINARY,TOTAL,15,5925200,858880
N10000_K95_SKEWED_1000,10000,9500,95,1008500,PREFIX_BINARY,TOTAL,16,5497600,858880
N10000_K95_SKEWED_1000,10000,9500,95,1008500,PREFIX_BINARY,TOTAL,17,3925600,858880
N10000_K95_SKEWED_1000,10000,9500,95,1008500,PREFIX_BINARY,TOTAL,18,4366899,858880
N10000_K95_SKEWED_1000,10000,9500,95,1008500,PREFIX_BINARY,TOTAL,19,6330200,858880
N10000_K95_SKEWED_1000,10000,9500,95,1008500,FENWICK,NORMALIZE,0,5433701,689248
N10000_K95_SKEWED_1000,10000,9500,95,1008500,FENWICK,NORMALIZE,1,3767200,689248
N10000_K95_SKEWED_1000,10000,9500,95,1008500,FENWICK,NORMALIZE,2,4404000,689248
N10000_K95_SKEWED_1000,10000,9500,95,1008500,FENWICK,NORMALIZE,3,6183600,689248
N10000_K95_SKEWED_1000,10000,9500,95,1008500,FENWICK,NORMALIZE,4,5639701,689248
N10000_K95_SKEWED_1000,10000,9500,95,1008500,FENWICK,NORMALIZE,5,5715700,689248
N10000_K95_SKEWED_1000,10000,9500,95,1008500,FENWICK,NORMALIZE,6,5972499,689248
N10000_K95_SKEWED_1000,10000,9500,95,1008500,FENWICK,NORMALIZE,7,5692700,689248
N10000_K95_SKEWED_1000,10000,9500,95,1008500,FENWICK,NORMALIZE,8,5633700,689248
N10000_K95_SKEWED_1000,10000,9500,95,1008500,FENWICK,NORMALIZE,9,5269901,689248
N10000_K95_SKEWED_1000,10000,9500,95,1008500,FENWICK,NORMALIZE,10,4918301,689248
N10000_K95_SKEWED_1000,10000,9500,95,1008500,FENWICK,NORMALIZE,11,5798899,689248
N10000_K95_SKEWED_1000,10000,9500,95,1008500,FENWICK,NORMALIZE,12,5507701,689248
N10000_K95_SKEWED_1000,10000,9500,95,1008500,FENWICK,NORMALIZE,13,5746600,689248
N10000_K95_SKEWED_1000,10000,9500,95,1008500,FENWICK,NORMALIZE,14,5567300,689248
N10000_K95_SKEWED_1000,10000,9500,95,1008500,FENWICK,NORMALIZE,15,5635400,689248
N10000_K95_SKEWED_1000,10000,9500,95,1008500,FENWICK,NORMALIZE,16,5101300,689248
N10000_K95_SKEWED_1000,10000,9500,95,1008500,FENWICK,NORMALIZE,17,5879100,689248
N10000_K95_SKEWED_1000,10000,9500,95,1008500,FENWICK,NORMALIZE,18,6128201,689248
N10000_K95_SKEWED_1000,10000,9500,95,1008500,FENWICK,NORMALIZE,19,5466300,689248
N10000_K95_SKEWED_1000,10000,9500,95,1008500,FENWICK,BUILD,0,152200,152136
N10000_K95_SKEWED_1000,10000,9500,95,1008500,FENWICK,BUILD,1,159900,152136
N10000_K95_SKEWED_1000,10000,9500,95,1008500,FENWICK,BUILD,2,154401,152136
N10000_K95_SKEWED_1000,10000,9500,95,1008500,FENWICK,BUILD,3,156600,152136
N10000_K95_SKEWED_1000,10000,9500,95,1008500,FENWICK,BUILD,4,171700,152136
N10000_K95_SKEWED_1000,10000,9500,95,1008500,FENWICK,BUILD,5,155001,152136
N10000_K95_SKEWED_1000,10000,9500,95,1008500,FENWICK,BUILD,6,188701,152136
N10000_K95_SKEWED_1000,10000,9500,95,1008500,FENWICK,BUILD,7,151101,152136
N10000_K95_SKEWED_1000,10000,9500,95,1008500,FENWICK,BUILD,8,161300,152136
N10000_K95_SKEWED_1000,10000,9500,95,1008500,FENWICK,BUILD,9,156800,152136
N10000_K95_SKEWED_1000,10000,9500,95,1008500,FENWICK,BUILD,10,170799,152136
N10000_K95_SKEWED_1000,10000,9500,95,1008500,FENWICK,BUILD,11,151899,152136
N10000_K95_SKEWED_1000,10000,9500,95,1008500,FENWICK,BUILD,12,123601,152136
N10000_K95_SKEWED_1000,10000,9500,95,1008500,FENWICK,BUILD,13,88000,152136
N10000_K95_SKEWED_1000,10000,9500,95,1008500,FENWICK,BUILD,14,96800,152136
N10000_K95_SKEWED_1000,10000,9500,95,1008500,FENWICK,BUILD,15,94801,152136
N10000_K95_SKEWED_1000,10000,9500,95,1008500,FENWICK,BUILD,16,114600,152136
N10000_K95_SKEWED_1000,10000,9500,95,1008500,FENWICK,BUILD,17,148000,152136
N10000_K95_SKEWED_1000,10000,9500,95,1008500,FENWICK,BUILD,18,152900,152136
N10000_K95_SKEWED_1000,10000,9500,95,1008500,FENWICK,BUILD,19,160200,152136
N10000_K95_SKEWED_1000,10000,9500,95,1008500,FENWICK,SELECT,0,111000,17568
N10000_K95_SKEWED_1000,10000,9500,95,1008500,FENWICK,SELECT,1,67700,17568
N10000_K95_SKEWED_1000,10000,9500,95,1008500,FENWICK,SELECT,2,93701,17568
N10000_K95_SKEWED_1000,10000,9500,95,1008500,FENWICK,SELECT,3,99100,17568
N10000_K95_SKEWED_1000,10000,9500,95,1008500,FENWICK,SELECT,4,91900,17568
N10000_K95_SKEWED_1000,10000,9500,95,1008500,FENWICK,SELECT,5,90800,17568
N10000_K95_SKEWED_1000,10000,9500,95,1008500,FENWICK,SELECT,6,135601,17568
N10000_K95_SKEWED_1000,10000,9500,95,1008500,FENWICK,SELECT,7,89901,17568
N10000_K95_SKEWED_1000,10000,9500,95,1008500,FENWICK,SELECT,8,59200,17568
N10000_K95_SKEWED_1000,10000,9500,95,1008500,FENWICK,SELECT,9,66300,17568
N10000_K95_SKEWED_1000,10000,9500,95,1008500,FENWICK,SELECT,10,89100,17568
N10000_K95_SKEWED_1000,10000,9500,95,1008500,FENWICK,SELECT,11,117200,17568
N10000_K95_SKEWED_1000,10000,9500,95,1008500,FENWICK,SELECT,12,92501,17568
N10000_K95_SKEWED_1000,10000,9500,95,1008500,FENWICK,SELECT,13,93300,17568
N10000_K95_SKEWED_1000,10000,9500,95,1008500,FENWICK,SELECT,14,92401,17568
N10000_K95_SKEWED_1000,10000,9500,95,1008500,FENWICK,SELECT,15,99300,17568
N10000_K95_SKEWED_1000,10000,9500,95,1008500,FENWICK,SELECT,16,98800,17568
N10000_K95_SKEWED_1000,10000,9500,95,1008500,FENWICK,SELECT,17,70000,17568
N10000_K95_SKEWED_1000,10000,9500,95,1008500,FENWICK,SELECT,18,98101,17568
N10000_K95_SKEWED_1000,10000,9500,95,1008500,FENWICK,SELECT,19,87900,17568
N10000_K95_SKEWED_1000,10000,9500,95,1008500,FENWICK,TOTAL,0,5811101,858952
N10000_K95_SKEWED_1000,10000,9500,95,1008500,FENWICK,TOTAL,1,6177100,858952
N10000_K95_SKEWED_1000,10000,9500,95,1008500,FENWICK,TOTAL,2,5883501,858952
N10000_K95_SKEWED_1000,10000,9500,95,1008500,FENWICK,TOTAL,3,6235200,858952
N10000_K95_SKEWED_1000,10000,9500,95,1008500,FENWICK,TOTAL,4,6026100,858952
N10000_K95_SKEWED_1000,10000,9500,95,1008500,FENWICK,TOTAL,5,6099201,858952
N10000_K95_SKEWED_1000,10000,9500,95,1008500,FENWICK,TOTAL,6,4448700,858952
N10000_K95_SKEWED_1000,10000,9500,95,1008500,FENWICK,TOTAL,7,5826600,858952
N10000_K95_SKEWED_1000,10000,9500,95,1008500,FENWICK,TOTAL,8,5829599,858952
N10000_K95_SKEWED_1000,10000,9500,95,1008500,FENWICK,TOTAL,9,6262599,858952
N10000_K95_SKEWED_1000,10000,9500,95,1008500,FENWICK,TOTAL,10,5815600,858952
N10000_K95_SKEWED_1000,10000,9500,95,1008500,FENWICK,TOTAL,11,5047601,858952
N10000_K95_SKEWED_1000,10000,9500,95,1008500,FENWICK,TOTAL,12,6025599,858952
N10000_K95_SKEWED_1000,10000,9500,95,1008500,FENWICK,TOTAL,13,5765199,858952
N10000_K95_SKEWED_1000,10000,9500,95,1008500,FENWICK,TOTAL,14,6243399,858952
N10000_K95_SKEWED_1000,10000,9500,95,1008500,FENWICK,TOTAL,15,5453400,858952
N10000_K95_SKEWED_1000,10000,9500,95,1008500,FENWICK,TOTAL,16,5913300,858952
N10000_K95_SKEWED_1000,10000,9500,95,1008500,FENWICK,TOTAL,17,5830301,858952
N10000_K95_SKEWED_1000,10000,9500,95,1008500,FENWICK,TOTAL,18,5821500,858952
N10000_K95_SKEWED_1000,10000,9500,95,1008500,FENWICK,TOTAL,19,5983800,858952
N10000_K950_SKEWED_1000,10000,9500,950,1008500,PREFIX_LINEAR,NORMALIZE,0,4593500,689248
N10000_K950_SKEWED_1000,10000,9500,950,1008500,PREFIX_LINEAR,NORMALIZE,1,4305499,689248
N10000_K950_SKEWED_1000,10000,9500,950,1008500,PREFIX_LINEAR,NORMALIZE,2,3983900,689248
N10000_K950_SKEWED_1000,10000,9500,950,1008500,PREFIX_LINEAR,NORMALIZE,3,3572700,689248
N10000_K950_SKEWED_1000,10000,9500,950,1008500,PREFIX_LINEAR,NORMALIZE,4,4482400,689248
N10000_K950_SKEWED_1000,10000,9500,950,1008500,PREFIX_LINEAR,NORMALIZE,5,5486199,689248
N10000_K950_SKEWED_1000,10000,9500,950,1008500,PREFIX_LINEAR,NORMALIZE,6,5206100,689248
N10000_K950_SKEWED_1000,10000,9500,950,1008500,PREFIX_LINEAR,NORMALIZE,7,5765400,689248
N10000_K950_SKEWED_1000,10000,9500,950,1008500,PREFIX_LINEAR,NORMALIZE,8,5206000,689248
N10000_K950_SKEWED_1000,10000,9500,950,1008500,PREFIX_LINEAR,NORMALIZE,9,5117401,689248
N10000_K950_SKEWED_1000,10000,9500,950,1008500,PREFIX_LINEAR,NORMALIZE,10,5374700,689248
N10000_K950_SKEWED_1000,10000,9500,950,1008500,PREFIX_LINEAR,NORMALIZE,11,5397300,689248
N10000_K950_SKEWED_1000,10000,9500,950,1008500,PREFIX_LINEAR,NORMALIZE,12,5633200,689248
N10000_K950_SKEWED_1000,10000,9500,950,1008500,PREFIX_LINEAR,NORMALIZE,13,5660800,689248
N10000_K950_SKEWED_1000,10000,9500,950,1008500,PREFIX_LINEAR,NORMALIZE,14,5406100,689248
N10000_K950_SKEWED_1000,10000,9500,950,1008500,PREFIX_LINEAR,NORMALIZE,15,3877699,689248
N10000_K950_SKEWED_1000,10000,9500,950,1008500,PREFIX_LINEAR,NORMALIZE,16,3730700,689248
N10000_K950_SKEWED_1000,10000,9500,950,1008500,PREFIX_LINEAR,NORMALIZE,17,3659301,689248
N10000_K950_SKEWED_1000,10000,9500,950,1008500,PREFIX_LINEAR,NORMALIZE,18,3566100,689248
N10000_K950_SKEWED_1000,10000,9500,950,1008500,PREFIX_LINEAR,NORMALIZE,19,6155601,689248
N10000_K950_SKEWED_1000,10000,9500,950,1008500,PREFIX_LINEAR,BUILD,0,50199,152064
N10000_K950_SKEWED_1000,10000,9500,950,1008500,PREFIX_LINEAR,BUILD,1,51901,152064
N10000_K950_SKEWED_1000,10000,9500,950,1008500,PREFIX_LINEAR,BUILD,2,61500,152064
N10000_K950_SKEWED_1000,10000,9500,950,1008500,PREFIX_LINEAR,BUILD,3,53100,152064
N10000_K950_SKEWED_1000,10000,9500,950,1008500,PREFIX_LINEAR,BUILD,4,55701,152064
N10000_K950_SKEWED_1000,10000,9500,950,1008500,PREFIX_LINEAR,BUILD,5,54899,152064
N10000_K950_SKEWED_1000,10000,9500,950,1008500,PREFIX_LINEAR,BUILD,6,66199,152064
N10000_K950_SKEWED_1000,10000,9500,950,1008500,PREFIX_LINEAR,BUILD,7,64700,152064
N10000_K950_SKEWED_1000,10000,9500,950,1008500,PREFIX_LINEAR,BUILD,8,50699,152064
N10000_K950_SKEWED_1000,10000,9500,950,1008500,PREFIX_LINEAR,BUILD,9,51001,152064
N10000_K950_SKEWED_1000,10000,9500,950,1008500,PREFIX_LINEAR,BUILD,10,51601,152064
N10000_K950_SKEWED_1000,10000,9500,950,1008500,PREFIX_LINEAR,BUILD,11,36001,152064
N10000_K950_SKEWED_1000,10000,9500,950,1008500,PREFIX_LINEAR,BUILD,12,61500,152064
N10000_K950_SKEWED_1000,10000,9500,950,1008500,PREFIX_LINEAR,BUILD,13,52100,152064
N10000_K950_SKEWED_1000,10000,9500,950,1008500,PREFIX_LINEAR,BUILD,14,51100,152064
N10000_K950_SKEWED_1000,10000,9500,950,1008500,PREFIX_LINEAR,BUILD,15,50100,152064
N10000_K950_SKEWED_1000,10000,9500,950,1008500,PREFIX_LINEAR,BUILD,16,50600,152064
N10000_K950_SKEWED_1000,10000,9500,950,1008500,PREFIX_LINEAR,BUILD,17,93599,152064
N10000_K950_SKEWED_1000,10000,9500,950,1008500,PREFIX_LINEAR,BUILD,18,53701,152064
N10000_K950_SKEWED_1000,10000,9500,950,1008500,PREFIX_LINEAR,BUILD,19,34199,152064
N10000_K950_SKEWED_1000,10000,9500,950,1008500,PREFIX_LINEAR,SELECT,0,5601800,189840
N10000_K950_SKEWED_1000,10000,9500,950,1008500,PREFIX_LINEAR,SELECT,1,5434800,189840
N10000_K950_SKEWED_1000,10000,9500,950,1008500,PREFIX_LINEAR,SELECT,2,5214300,189840
N10000_K950_SKEWED_1000,10000,9500,950,1008500,PREFIX_LINEAR,SELECT,3,5049500,189840
N10000_K950_SKEWED_1000,10000,9500,950,1008500,PREFIX_LINEAR,SELECT,4,5581400,189840
N10000_K950_SKEWED_1000,10000,9500,950,1008500,PREFIX_LINEAR,SELECT,5,5457700,189840
N10000_K950_SKEWED_1000,10000,9500,950,1008500,PREFIX_LINEAR,SELECT,6,5536699,189840
N10000_K950_SKEWED_1000,10000,9500,950,1008500,PREFIX_LINEAR,SELECT,7,5509601,189840
N10000_K950_SKEWED_1000,10000,9500,950,1008500,PREFIX_LINEAR,SELECT,8,4620699,189840
N10000_K950_SKEWED_1000,10000,9500,950,1008500,PREFIX_LINEAR,SELECT,9,5517499,189840
N10000_K950_SKEWED_1000,10000,9500,950,1008500,PREFIX_LINEAR,SELECT,10,5178101,189840
N10000_K950_SKEWED_1000,10000,9500,950,1008500,PREFIX_LINEAR,SELECT,11,4850800,189840
N10000_K950_SKEWED_1000,10000,9500,950,1008500,PREFIX_LINEAR,SELECT,12,5816600,189840
N10000_K950_SKEWED_1000,10000,9500,950,1008500,PREFIX_LINEAR,SELECT,13,5614100,189840
N10000_K950_SKEWED_1000,10000,9500,950,1008500,PREFIX_LINEAR,SELECT,14,4610999,189840
N10000_K950_SKEWED_1000,10000,9500,950,1008500,PREFIX_LINEAR,SELECT,15,4405800,189840
N10000_K950_SKEWED_1000,10000,9500,950,1008500,PREFIX_LINEAR,SELECT,16,5474700,189840
N10000_K950_SKEWED_1000,10000,9500,950,1008500,PREFIX_LINEAR,SELECT,17,5322699,189840
N10000_K950_SKEWED_1000,10000,9500,950,1008500,PREFIX_LINEAR,SELECT,18,5269001,189840
N10000_K950_SKEWED_1000,10000,9500,950,1008500,PREFIX_LINEAR,SELECT,19,5388200,189840
N10000_K950_SKEWED_1000,10000,9500,950,1008500,PREFIX_LINEAR,TOTAL,0,10597900,1031152
N10000_K950_SKEWED_1000,10000,9500,950,1008500,PREFIX_LINEAR,TOTAL,1,11014000,1031152
N10000_K950_SKEWED_1000,10000,9500,950,1008500,PREFIX_LINEAR,TOTAL,2,11077400,1031152
N10000_K950_SKEWED_1000,10000,9500,950,1008500,PREFIX_LINEAR,TOTAL,3,9428000,1031152
N10000_K950_SKEWED_1000,10000,9500,950,1008500,PREFIX_LINEAR,TOTAL,4,10323601,1031152
N10000_K950_SKEWED_1000,10000,9500,950,1008500,PREFIX_LINEAR,TOTAL,5,10759000,1031152
N10000_K950_SKEWED_1000,10000,9500,950,1008500,PREFIX_LINEAR,TOTAL,6,10204200,1031152
N10000_K950_SKEWED_1000,10000,9500,950,1008500,PREFIX_LINEAR,TOTAL,7,9706400,1031152
N10000_K950_SKEWED_1000,10000,9500,950,1008500,PREFIX_LINEAR,TOTAL,8,8354900,1031152
N10000_K950_SKEWED_1000,10000,9500,950,1008500,PREFIX_LINEAR,TOTAL,9,6573800,1031152
N10000_K950_SKEWED_1000,10000,9500,950,1008500,PREFIX_LINEAR,TOTAL,10,10201401,1031152
N10000_K950_SKEWED_1000,10000,9500,950,1008500,PREFIX_LINEAR,TOTAL,11,10704700,1031152
N10000_K950_SKEWED_1000,10000,9500,950,1008500,PREFIX_LINEAR,TOTAL,12,9306400,1031152
N10000_K950_SKEWED_1000,10000,9500,950,1008500,PREFIX_LINEAR,TOTAL,13,6612400,1031152
N10000_K950_SKEWED_1000,10000,9500,950,1008500,PREFIX_LINEAR,TOTAL,14,6375200,1031152
N10000_K950_SKEWED_1000,10000,9500,950,1008500,PREFIX_LINEAR,TOTAL,15,8298799,1031152
N10000_K950_SKEWED_1000,10000,9500,950,1008500,PREFIX_LINEAR,TOTAL,16,11301700,1031152
N10000_K950_SKEWED_1000,10000,9500,950,1008500,PREFIX_LINEAR,TOTAL,17,10999900,1031152
N10000_K950_SKEWED_1000,10000,9500,950,1008500,PREFIX_LINEAR,TOTAL,18,10947200,1031152
N10000_K950_SKEWED_1000,10000,9500,950,1008500,PREFIX_LINEAR,TOTAL,19,8602400,1031152
N10000_K950_SKEWED_1000,10000,9500,950,1008500,PREFIX_BINARY,NORMALIZE,0,5067000,689248
N10000_K950_SKEWED_1000,10000,9500,950,1008500,PREFIX_BINARY,NORMALIZE,1,5538600,689248
N10000_K950_SKEWED_1000,10000,9500,950,1008500,PREFIX_BINARY,NORMALIZE,2,5482001,689248
N10000_K950_SKEWED_1000,10000,9500,950,1008500,PREFIX_BINARY,NORMALIZE,3,5706000,689248
N10000_K950_SKEWED_1000,10000,9500,950,1008500,PREFIX_BINARY,NORMALIZE,4,5861300,689248
N10000_K950_SKEWED_1000,10000,9500,950,1008500,PREFIX_BINARY,NORMALIZE,5,5940999,689248
N10000_K950_SKEWED_1000,10000,9500,950,1008500,PREFIX_BINARY,NORMALIZE,6,6010200,689248
N10000_K950_SKEWED_1000,10000,9500,950,1008500,PREFIX_BINARY,NORMALIZE,7,5615000,689248
N10000_K950_SKEWED_1000,10000,9500,950,1008500,PREFIX_BINARY,NORMALIZE,8,5645501,689248
N10000_K950_SKEWED_1000,10000,9500,950,1008500,PREFIX_BINARY,NORMALIZE,9,5656300,689248
N10000_K950_SKEWED_1000,10000,9500,950,1008500,PREFIX_BINARY,NORMALIZE,10,4887300,689248
N10000_K950_SKEWED_1000,10000,9500,950,1008500,PREFIX_BINARY,NORMALIZE,11,5547200,689248
N10000_K950_SKEWED_1000,10000,9500,950,1008500,PREFIX_BINARY,NORMALIZE,12,5559900,689248
N10000_K950_SKEWED_1000,10000,9500,950,1008500,PREFIX_BINARY,NORMALIZE,13,5597700,689248
N10000_K950_SKEWED_1000,10000,9500,950,1008500,PREFIX_BINARY,NORMALIZE,14,5619400,689248
N10000_K950_SKEWED_1000,10000,9500,950,1008500,PREFIX_BINARY,NORMALIZE,15,5723701,689248
N10000_K950_SKEWED_1000,10000,9500,950,1008500,PREFIX_BINARY,NORMALIZE,16,5416200,689248
N10000_K950_SKEWED_1000,10000,9500,950,1008500,PREFIX_BINARY,NORMALIZE,17,5687000,689248
N10000_K950_SKEWED_1000,10000,9500,950,1008500,PREFIX_BINARY,NORMALIZE,18,5241999,689248
N10000_K950_SKEWED_1000,10000,9500,950,1008500,PREFIX_BINARY,NORMALIZE,19,5743101,689248
N10000_K950_SKEWED_1000,10000,9500,950,1008500,PREFIX_BINARY,BUILD,0,36700,152064
N10000_K950_SKEWED_1000,10000,9500,950,1008500,PREFIX_BINARY,BUILD,1,50900,152064
N10000_K950_SKEWED_1000,10000,9500,950,1008500,PREFIX_BINARY,BUILD,2,51400,152064
N10000_K950_SKEWED_1000,10000,9500,950,1008500,PREFIX_BINARY,BUILD,3,63401,152064
N10000_K950_SKEWED_1000,10000,9500,950,1008500,PREFIX_BINARY,BUILD,4,50500,152064
N10000_K950_SKEWED_1000,10000,9500,950,1008500,PREFIX_BINARY,BUILD,5,98500,152064
N10000_K950_SKEWED_1000,10000,9500,950,1008500,PREFIX_BINARY,BUILD,6,50599,152064
N10000_K950_SKEWED_1000,10000,9500,950,1008500,PREFIX_BINARY,BUILD,7,64800,152064
N10000_K950_SKEWED_1000,10000,9500,950,1008500,PREFIX_BINARY,BUILD,8,45800,152064
N10000_K950_SKEWED_1000,10000,9500,950,1008500,PREFIX_BINARY,BUILD,9,53400,152064
N10000_K950_SKEWED_1000,10000,9500,950,1008500,PREFIX_BINARY,BUILD,10,50300,152064
N10000_K950_SKEWED_1000,10000,9500,950,1008500,PREFIX_BINARY,BUILD,11,77500,152064
N10000_K950_SKEWED_1000,10000,9500,950,1008500,PREFIX_BINARY,BUILD,12,49599,152064
N10000_K950_SKEWED_1000,10000,9500,950,1008500,PREFIX_BINARY,BUILD,13,97099,152064
N10000_K950_SKEWED_1000,10000,9500,950,1008500,PREFIX_BINARY,BUILD,14,48301,152064
N10000_K950_SKEWED_1000,10000,9500,950,1008500,PREFIX_BINARY,BUILD,15,47000,152064
N10000_K950_SKEWED_1000,10000,9500,950,1008500,PREFIX_BINARY,BUILD,16,101999,152064
N10000_K950_SKEWED_1000,10000,9500,950,1008500,PREFIX_BINARY,BUILD,17,51300,152064
N10000_K950_SKEWED_1000,10000,9500,950,1008500,PREFIX_BINARY,BUILD,18,56700,152064
N10000_K950_SKEWED_1000,10000,9500,950,1008500,PREFIX_BINARY,BUILD,19,63501,152064
N10000_K950_SKEWED_1000,10000,9500,950,1008500,PREFIX_BINARY,SELECT,0,1733100,189840
N10000_K950_SKEWED_1000,10000,9500,950,1008500,PREFIX_BINARY,SELECT,1,1414200,189840
N10000_K950_SKEWED_1000,10000,9500,950,1008500,PREFIX_BINARY,SELECT,2,1715701,189840
N10000_K950_SKEWED_1000,10000,9500,950,1008500,PREFIX_BINARY,SELECT,3,1238900,189840
N10000_K950_SKEWED_1000,10000,9500,950,1008500,PREFIX_BINARY,SELECT,4,1718001,189840
N10000_K950_SKEWED_1000,10000,9500,950,1008500,PREFIX_BINARY,SELECT,5,1784000,189840
N10000_K950_SKEWED_1000,10000,9500,950,1008500,PREFIX_BINARY,SELECT,6,1795100,189840
N10000_K950_SKEWED_1000,10000,9500,950,1008500,PREFIX_BINARY,SELECT,7,1710600,189840
N10000_K950_SKEWED_1000,10000,9500,950,1008500,PREFIX_BINARY,SELECT,8,1727300,189840
N10000_K950_SKEWED_1000,10000,9500,950,1008500,PREFIX_BINARY,SELECT,9,1284701,189840
N10000_K950_SKEWED_1000,10000,9500,950,1008500,PREFIX_BINARY,SELECT,10,1802701,189840
N10000_K950_SKEWED_1000,10000,9500,950,1008500,PREFIX_BINARY,SELECT,11,1746399,189840
N10000_K950_SKEWED_1000,10000,9500,950,1008500,PREFIX_BINARY,SELECT,12,1784299,189840
N10000_K950_SKEWED_1000,10000,9500,950,1008500,PREFIX_BINARY,SELECT,13,1734500,189840
N10000_K950_SKEWED_1000,10000,9500,950,1008500,PREFIX_BINARY,SELECT,14,1249900,189840
N10000_K950_SKEWED_1000,10000,9500,950,1008500,PREFIX_BINARY,SELECT,15,1738799,189840
N10000_K950_SKEWED_1000,10000,9500,950,1008500,PREFIX_BINARY,SELECT,16,1333401,189840
N10000_K950_SKEWED_1000,10000,9500,950,1008500,PREFIX_BINARY,SELECT,17,1856500,189840
N10000_K950_SKEWED_1000,10000,9500,950,1008500,PREFIX_BINARY,SELECT,18,1743700,189840
N10000_K950_SKEWED_1000,10000,9500,950,1008500,PREFIX_BINARY,SELECT,19,1738001,189840
N10000_K950_SKEWED_1000,10000,9500,950,1008500,PREFIX_BINARY,TOTAL,0,7481700,1031152
N10000_K950_SKEWED_1000,10000,9500,950,1008500,PREFIX_BINARY,TOTAL,1,7079300,1031152
N10000_K950_SKEWED_1000,10000,9500,950,1008500,PREFIX_BINARY,TOTAL,2,7352501,1031152
N10000_K950_SKEWED_1000,10000,9500,950,1008500,PREFIX_BINARY,TOTAL,3,6868899,1031152
N10000_K950_SKEWED_1000,10000,9500,950,1008500,PREFIX_BINARY,TOTAL,4,7409099,1031152
N10000_K950_SKEWED_1000,10000,9500,950,1008500,PREFIX_BINARY,TOTAL,5,7306600,1031152
N10000_K950_SKEWED_1000,10000,9500,950,1008500,PREFIX_BINARY,TOTAL,6,7332901,1031152
N10000_K950_SKEWED_1000,10000,9500,950,1008500,PREFIX_BINARY,TOTAL,7,7497601,1031152
N10000_K950_SKEWED_1000,10000,9500,950,1008500,PREFIX_BINARY,TOTAL,8,6098000,1031152
N10000_K950_SKEWED_1000,10000,9500,950,1008500,PREFIX_BINARY,TOTAL,9,7080200,1031152
N10000_K950_SKEWED_1000,10000,9500,950,1008500,PREFIX_BINARY,TOTAL,10,7302699,1031152
N10000_K950_SKEWED_1000,10000,9500,950,1008500,PREFIX_BINARY,TOTAL,11,7471601,1031152
N10000_K950_SKEWED_1000,10000,9500,950,1008500,PREFIX_BINARY,TOTAL,12,5277500,1031152
N10000_K950_SKEWED_1000,10000,9500,950,1008500,PREFIX_BINARY,TOTAL,13,7189900,1031152
N10000_K950_SKEWED_1000,10000,9500,950,1008500,PREFIX_BINARY,TOTAL,14,6985600,1031152
N10000_K950_SKEWED_1000,10000,9500,950,1008500,PREFIX_BINARY,TOTAL,15,6571200,1031152
N10000_K950_SKEWED_1000,10000,9500,950,1008500,PREFIX_BINARY,TOTAL,16,6191800,1031152
N10000_K950_SKEWED_1000,10000,9500,950,1008500,PREFIX_BINARY,TOTAL,17,7340800,1031152
N10000_K950_SKEWED_1000,10000,9500,950,1008500,PREFIX_BINARY,TOTAL,18,6912900,1031152
N10000_K950_SKEWED_1000,10000,9500,950,1008500,PREFIX_BINARY,TOTAL,19,5395100,1031152
N10000_K950_SKEWED_1000,10000,9500,950,1008500,FENWICK,NORMALIZE,0,5604800,689248
N10000_K950_SKEWED_1000,10000,9500,950,1008500,FENWICK,NORMALIZE,1,5847700,689248
N10000_K950_SKEWED_1000,10000,9500,950,1008500,FENWICK,NORMALIZE,2,3792200,689248
N10000_K950_SKEWED_1000,10000,9500,950,1008500,FENWICK,NORMALIZE,3,4015000,689248
N10000_K950_SKEWED_1000,10000,9500,950,1008500,FENWICK,NORMALIZE,4,5725400,689248
N10000_K950_SKEWED_1000,10000,9500,950,1008500,FENWICK,NORMALIZE,5,4483600,689248
N10000_K950_SKEWED_1000,10000,9500,950,1008500,FENWICK,NORMALIZE,6,5323899,689248
N10000_K950_SKEWED_1000,10000,9500,950,1008500,FENWICK,NORMALIZE,7,5428201,689248
N10000_K950_SKEWED_1000,10000,9500,950,1008500,FENWICK,NORMALIZE,8,4571200,689248
N10000_K950_SKEWED_1000,10000,9500,950,1008500,FENWICK,NORMALIZE,9,5401800,689248
N10000_K950_SKEWED_1000,10000,9500,950,1008500,FENWICK,NORMALIZE,10,5338299,689248
N10000_K950_SKEWED_1000,10000,9500,950,1008500,FENWICK,NORMALIZE,11,5450300,689248
N10000_K950_SKEWED_1000,10000,9500,950,1008500,FENWICK,NORMALIZE,12,5505500,689248
N10000_K950_SKEWED_1000,10000,9500,950,1008500,FENWICK,NORMALIZE,13,5603500,689248
N10000_K950_SKEWED_1000,10000,9500,950,1008500,FENWICK,NORMALIZE,14,5012400,689248
N10000_K950_SKEWED_1000,10000,9500,950,1008500,FENWICK,NORMALIZE,15,4429600,689248
N10000_K950_SKEWED_1000,10000,9500,950,1008500,FENWICK,NORMALIZE,16,3835300,689248
N10000_K950_SKEWED_1000,10000,9500,950,1008500,FENWICK,NORMALIZE,17,4907100,689248
N10000_K950_SKEWED_1000,10000,9500,950,1008500,FENWICK,NORMALIZE,18,3741599,689248
N10000_K950_SKEWED_1000,10000,9500,950,1008500,FENWICK,NORMALIZE,19,3960400,689248
N10000_K950_SKEWED_1000,10000,9500,950,1008500,FENWICK,BUILD,0,155901,152136
N10000_K950_SKEWED_1000,10000,9500,950,1008500,FENWICK,BUILD,1,150301,152136
N10000_K950_SKEWED_1000,10000,9500,950,1008500,FENWICK,BUILD,2,152600,152136
N10000_K950_SKEWED_1000,10000,9500,950,1008500,FENWICK,BUILD,3,155501,152136
N10000_K950_SKEWED_1000,10000,9500,950,1008500,FENWICK,BUILD,4,88900,152136
N10000_K950_SKEWED_1000,10000,9500,950,1008500,FENWICK,BUILD,5,86701,152136
N10000_K950_SKEWED_1000,10000,9500,950,1008500,FENWICK,BUILD,6,145800,152136
N10000_K950_SKEWED_1000,10000,9500,950,1008500,FENWICK,BUILD,7,156300,152136
N10000_K950_SKEWED_1000,10000,9500,950,1008500,FENWICK,BUILD,8,176200,152136
N10000_K950_SKEWED_1000,10000,9500,950,1008500,FENWICK,BUILD,9,151601,152136
N10000_K950_SKEWED_1000,10000,9500,950,1008500,FENWICK,BUILD,10,98800,152136
N10000_K950_SKEWED_1000,10000,9500,950,1008500,FENWICK,BUILD,11,164099,152136
N10000_K950_SKEWED_1000,10000,9500,950,1008500,FENWICK,BUILD,12,152700,152136
N10000_K950_SKEWED_1000,10000,9500,950,1008500,FENWICK,BUILD,13,182199,152136
N10000_K950_SKEWED_1000,10000,9500,950,1008500,FENWICK,BUILD,14,91000,152136
N10000_K950_SKEWED_1000,10000,9500,950,1008500,FENWICK,BUILD,15,91100,152136
N10000_K950_SKEWED_1000,10000,9500,950,1008500,FENWICK,BUILD,16,88999,152136
N10000_K950_SKEWED_1000,10000,9500,950,1008500,FENWICK,BUILD,17,159999,152136
N10000_K950_SKEWED_1000,10000,9500,950,1008500,FENWICK,BUILD,18,123399,152136
N10000_K950_SKEWED_1000,10000,9500,950,1008500,FENWICK,BUILD,19,86801,152136
N10000_K950_SKEWED_1000,10000,9500,950,1008500,FENWICK,SELECT,0,694600,189840
N10000_K950_SKEWED_1000,10000,9500,950,1008500,FENWICK,SELECT,1,731500,189840
N10000_K950_SKEWED_1000,10000,9500,950,1008500,FENWICK,SELECT,2,516301,189840
N10000_K950_SKEWED_1000,10000,9500,950,1008500,FENWICK,SELECT,3,725800,189840
N10000_K950_SKEWED_1000,10000,9500,950,1008500,FENWICK,SELECT,4,668700,189840
N10000_K950_SKEWED_1000,10000,9500,950,1008500,FENWICK,SELECT,5,691400,189840
N10000_K950_SKEWED_1000,10000,9500,950,1008500,FENWICK,SELECT,6,680200,189840
N10000_K950_SKEWED_1000,10000,9500,950,1008500,FENWICK,SELECT,7,672200,189840
N10000_K950_SKEWED_1000,10000,9500,950,1008500,FENWICK,SELECT,8,660300,189840
N10000_K950_SKEWED_1000,10000,9500,950,1008500,FENWICK,SELECT,9,682400,189840
N10000_K950_SKEWED_1000,10000,9500,950,1008500,FENWICK,SELECT,10,693099,189840
N10000_K950_SKEWED_1000,10000,9500,950,1008500,FENWICK,SELECT,11,598800,189840
N10000_K950_SKEWED_1000,10000,9500,950,1008500,FENWICK,SELECT,12,625201,189840
N10000_K950_SKEWED_1000,10000,9500,950,1008500,FENWICK,SELECT,13,634800,189840
N10000_K950_SKEWED_1000,10000,9500,950,1008500,FENWICK,SELECT,14,633200,189840
N10000_K950_SKEWED_1000,10000,9500,950,1008500,FENWICK,SELECT,15,671800,189840
N10000_K950_SKEWED_1000,10000,9500,950,1008500,FENWICK,SELECT,16,727000,189840
N10000_K950_SKEWED_1000,10000,9500,950,1008500,FENWICK,SELECT,17,649200,189840
N10000_K950_SKEWED_1000,10000,9500,950,1008500,FENWICK,SELECT,18,693100,189840
N10000_K950_SKEWED_1000,10000,9500,950,1008500,FENWICK,SELECT,19,423400,189840
N10000_K950_SKEWED_1000,10000,9500,950,1008500,FENWICK,TOTAL,0,5765599,1031224
N10000_K950_SKEWED_1000,10000,9500,950,1008500,FENWICK,TOTAL,1,6472700,1031224
N10000_K950_SKEWED_1000,10000,9500,950,1008500,FENWICK,TOTAL,2,6721499,1031224
N10000_K950_SKEWED_1000,10000,9500,950,1008500,FENWICK,TOTAL,3,6603201,1031224
N10000_K950_SKEWED_1000,10000,9500,950,1008500,FENWICK,TOTAL,4,6683800,1031224
N10000_K950_SKEWED_1000,10000,9500,950,1008500,FENWICK,TOTAL,5,6233400,1031224
N10000_K950_SKEWED_1000,10000,9500,950,1008500,FENWICK,TOTAL,6,6753300,1031224
N10000_K950_SKEWED_1000,10000,9500,950,1008500,FENWICK,TOTAL,7,6542600,1031224
N10000_K950_SKEWED_1000,10000,9500,950,1008500,FENWICK,TOTAL,8,6768000,1031224
N10000_K950_SKEWED_1000,10000,9500,950,1008500,FENWICK,TOTAL,9,6201300,1031224
N10000_K950_SKEWED_1000,10000,9500,950,1008500,FENWICK,TOTAL,10,6071000,1031224
N10000_K950_SKEWED_1000,10000,9500,950,1008500,FENWICK,TOTAL,11,6267700,1031224
N10000_K950_SKEWED_1000,10000,9500,950,1008500,FENWICK,TOTAL,12,6156400,1031224
N10000_K950_SKEWED_1000,10000,9500,950,1008500,FENWICK,TOTAL,13,5043101,1031224
N10000_K950_SKEWED_1000,10000,9500,950,1008500,FENWICK,TOTAL,14,4916400,1031224
N10000_K950_SKEWED_1000,10000,9500,950,1008500,FENWICK,TOTAL,15,5821199,1031224
N10000_K950_SKEWED_1000,10000,9500,950,1008500,FENWICK,TOTAL,16,6249199,1031224
N10000_K950_SKEWED_1000,10000,9500,950,1008500,FENWICK,TOTAL,17,5762100,1031224
N10000_K950_SKEWED_1000,10000,9500,950,1008500,FENWICK,TOTAL,18,6438901,1031224
N10000_K950_SKEWED_1000,10000,9500,950,1008500,FENWICK,TOTAL,19,5942301,1031224
N10000_K950_UNIFORM_MILLION,10000,9500,950,9500000000,PREFIX_LINEAR,NORMALIZE,0,5474900,689248
N10000_K950_UNIFORM_MILLION,10000,9500,950,9500000000,PREFIX_LINEAR,NORMALIZE,1,5531800,689248
N10000_K950_UNIFORM_MILLION,10000,9500,950,9500000000,PREFIX_LINEAR,NORMALIZE,2,5544300,689248
N10000_K950_UNIFORM_MILLION,10000,9500,950,9500000000,PREFIX_LINEAR,NORMALIZE,3,5531400,689248
N10000_K950_UNIFORM_MILLION,10000,9500,950,9500000000,PREFIX_LINEAR,NORMALIZE,4,5451599,689248
N10000_K950_UNIFORM_MILLION,10000,9500,950,9500000000,PREFIX_LINEAR,NORMALIZE,5,5215800,689248
N10000_K950_UNIFORM_MILLION,10000,9500,950,9500000000,PREFIX_LINEAR,NORMALIZE,6,5353399,689248
N10000_K950_UNIFORM_MILLION,10000,9500,950,9500000000,PREFIX_LINEAR,NORMALIZE,7,5385400,689248
N10000_K950_UNIFORM_MILLION,10000,9500,950,9500000000,PREFIX_LINEAR,NORMALIZE,8,5535300,689248
N10000_K950_UNIFORM_MILLION,10000,9500,950,9500000000,PREFIX_LINEAR,NORMALIZE,9,5265800,689248
N10000_K950_UNIFORM_MILLION,10000,9500,950,9500000000,PREFIX_LINEAR,NORMALIZE,10,5258700,689248
N10000_K950_UNIFORM_MILLION,10000,9500,950,9500000000,PREFIX_LINEAR,NORMALIZE,11,5613899,689248
N10000_K950_UNIFORM_MILLION,10000,9500,950,9500000000,PREFIX_LINEAR,NORMALIZE,12,4417800,689248
N10000_K950_UNIFORM_MILLION,10000,9500,950,9500000000,PREFIX_LINEAR,NORMALIZE,13,3762000,689248
N10000_K950_UNIFORM_MILLION,10000,9500,950,9500000000,PREFIX_LINEAR,NORMALIZE,14,4659899,689248
N10000_K950_UNIFORM_MILLION,10000,9500,950,9500000000,PREFIX_LINEAR,NORMALIZE,15,5144800,689248
N10000_K950_UNIFORM_MILLION,10000,9500,950,9500000000,PREFIX_LINEAR,NORMALIZE,16,4455601,689248
N10000_K950_UNIFORM_MILLION,10000,9500,950,9500000000,PREFIX_LINEAR,NORMALIZE,17,4009700,689248
N10000_K950_UNIFORM_MILLION,10000,9500,950,9500000000,PREFIX_LINEAR,NORMALIZE,18,3632701,689248
N10000_K950_UNIFORM_MILLION,10000,9500,950,9500000000,PREFIX_LINEAR,NORMALIZE,19,4969900,689248
N10000_K950_UNIFORM_MILLION,10000,9500,950,9500000000,PREFIX_LINEAR,BUILD,0,51699,152064
N10000_K950_UNIFORM_MILLION,10000,9500,950,9500000000,PREFIX_LINEAR,BUILD,1,39100,152064
N10000_K950_UNIFORM_MILLION,10000,9500,950,9500000000,PREFIX_LINEAR,BUILD,2,50301,152064
N10000_K950_UNIFORM_MILLION,10000,9500,950,9500000000,PREFIX_LINEAR,BUILD,3,56401,152064
N10000_K950_UNIFORM_MILLION,10000,9500,950,9500000000,PREFIX_LINEAR,BUILD,4,67301,152064
N10000_K950_UNIFORM_MILLION,10000,9500,950,9500000000,PREFIX_LINEAR,BUILD,5,48100,152064
N10000_K950_UNIFORM_MILLION,10000,9500,950,9500000000,PREFIX_LINEAR,BUILD,6,51899,152064
N10000_K950_UNIFORM_MILLION,10000,9500,950,9500000000,PREFIX_LINEAR,BUILD,7,84000,152064
N10000_K950_UNIFORM_MILLION,10000,9500,950,9500000000,PREFIX_LINEAR,BUILD,8,34201,152064
N10000_K950_UNIFORM_MILLION,10000,9500,950,9500000000,PREFIX_LINEAR,BUILD,9,51101,152064
N10000_K950_UNIFORM_MILLION,10000,9500,950,9500000000,PREFIX_LINEAR,BUILD,10,32401,152064
N10000_K950_UNIFORM_MILLION,10000,9500,950,9500000000,PREFIX_LINEAR,BUILD,11,58500,152064
N10000_K950_UNIFORM_MILLION,10000,9500,950,9500000000,PREFIX_LINEAR,BUILD,12,50400,152064
N10000_K950_UNIFORM_MILLION,10000,9500,950,9500000000,PREFIX_LINEAR,BUILD,13,52700,152064
N10000_K950_UNIFORM_MILLION,10000,9500,950,9500000000,PREFIX_LINEAR,BUILD,14,67099,152064
N10000_K950_UNIFORM_MILLION,10000,9500,950,9500000000,PREFIX_LINEAR,BUILD,15,52700,152064
N10000_K950_UNIFORM_MILLION,10000,9500,950,9500000000,PREFIX_LINEAR,BUILD,16,66800,152064
N10000_K950_UNIFORM_MILLION,10000,9500,950,9500000000,PREFIX_LINEAR,BUILD,17,40900,152064
N10000_K950_UNIFORM_MILLION,10000,9500,950,9500000000,PREFIX_LINEAR,BUILD,18,50999,152064
N10000_K950_UNIFORM_MILLION,10000,9500,950,9500000000,PREFIX_LINEAR,BUILD,19,50999,152064
N10000_K950_UNIFORM_MILLION,10000,9500,950,9500000000,PREFIX_LINEAR,SELECT,0,5354400,189840
N10000_K950_UNIFORM_MILLION,10000,9500,950,9500000000,PREFIX_LINEAR,SELECT,1,3882700,189840
N10000_K950_UNIFORM_MILLION,10000,9500,950,9500000000,PREFIX_LINEAR,SELECT,2,5516499,189840
N10000_K950_UNIFORM_MILLION,10000,9500,950,9500000000,PREFIX_LINEAR,SELECT,3,3693901,189840
N10000_K950_UNIFORM_MILLION,10000,9500,950,9500000000,PREFIX_LINEAR,SELECT,4,5328200,189840
N10000_K950_UNIFORM_MILLION,10000,9500,950,9500000000,PREFIX_LINEAR,SELECT,5,5402500,189840
N10000_K950_UNIFORM_MILLION,10000,9500,950,9500000000,PREFIX_LINEAR,SELECT,6,5207000,189840
N10000_K950_UNIFORM_MILLION,10000,9500,950,9500000000,PREFIX_LINEAR,SELECT,7,4892300,189840
N10000_K950_UNIFORM_MILLION,10000,9500,950,9500000000,PREFIX_LINEAR,SELECT,8,5452000,189840
N10000_K950_UNIFORM_MILLION,10000,9500,950,9500000000,PREFIX_LINEAR,SELECT,9,5417601,189840
N10000_K950_UNIFORM_MILLION,10000,9500,950,9500000000,PREFIX_LINEAR,SELECT,10,5262200,189840
N10000_K950_UNIFORM_MILLION,10000,9500,950,9500000000,PREFIX_LINEAR,SELECT,11,5432500,189840
N10000_K950_UNIFORM_MILLION,10000,9500,950,9500000000,PREFIX_LINEAR,SELECT,12,5377901,189840
N10000_K950_UNIFORM_MILLION,10000,9500,950,9500000000,PREFIX_LINEAR,SELECT,13,4653700,189840
N10000_K950_UNIFORM_MILLION,10000,9500,950,9500000000,PREFIX_LINEAR,SELECT,14,4043500,189840
N10000_K950_UNIFORM_MILLION,10000,9500,950,9500000000,PREFIX_LINEAR,SELECT,15,2449100,189840
N10000_K950_UNIFORM_MILLION,10000,9500,950,9500000000,PREFIX_LINEAR,SELECT,16,5450600,189840
N10000_K950_UNIFORM_MILLION,10000,9500,950,9500000000,PREFIX_LINEAR,SELECT,17,5398199,189840
N10000_K950_UNIFORM_MILLION,10000,9500,950,9500000000,PREFIX_LINEAR,SELECT,18,5453801,189840
N10000_K950_UNIFORM_MILLION,10000,9500,950,9500000000,PREFIX_LINEAR,SELECT,19,3011700,189840
N10000_K950_UNIFORM_MILLION,10000,9500,950,9500000000,PREFIX_LINEAR,TOTAL,0,11281501,1031152
N10000_K950_UNIFORM_MILLION,10000,9500,950,9500000000,PREFIX_LINEAR,TOTAL,1,11170900,1031152
N10000_K950_UNIFORM_MILLION,10000,9500,950,9500000000,PREFIX_LINEAR,TOTAL,2,9957100,1031152
N10000_K950_UNIFORM_MILLION,10000,9500,950,9500000000,PREFIX_LINEAR,TOTAL,3,6807900,1031152
N10000_K950_UNIFORM_MILLION,10000,9500,950,9500000000,PREFIX_LINEAR,TOTAL,4,11379699,1031152
N10000_K950_UNIFORM_MILLION,10000,9500,950,9500000000,PREFIX_LINEAR,TOTAL,5,11077800,1031152
N10000_K950_UNIFORM_MILLION,10000,9500,950,9500000000,PREFIX_LINEAR,TOTAL,6,11601001,1031152
N10000_K950_UNIFORM_MILLION,10000,9500,950,9500000000,PREFIX_LINEAR,TOTAL,7,10712300,1031152
N10000_K950_UNIFORM_MILLION,10000,9500,950,9500000000,PREFIX_LINEAR,TOTAL,8,9843100,1031152
N10000_K950_UNIFORM_MILLION,10000,9500,950,9500000000,PREFIX_LINEAR,TOTAL,9,10131900,1031152
N10000_K950_UNIFORM_MILLION,10000,9500,950,9500000000,PREFIX_LINEAR,TOTAL,10,9349000,1031152
N10000_K950_UNIFORM_MILLION,10000,9500,950,9500000000,PREFIX_LINEAR,TOTAL,11,11015300,1031152
N10000_K950_UNIFORM_MILLION,10000,9500,950,9500000000,PREFIX_LINEAR,TOTAL,12,10386700,1031152
N10000_K950_UNIFORM_MILLION,10000,9500,950,9500000000,PREFIX_LINEAR,TOTAL,13,10834201,1031152
N10000_K950_UNIFORM_MILLION,10000,9500,950,9500000000,PREFIX_LINEAR,TOTAL,14,10164201,1031152
N10000_K950_UNIFORM_MILLION,10000,9500,950,9500000000,PREFIX_LINEAR,TOTAL,15,9601800,1031152
N10000_K950_UNIFORM_MILLION,10000,9500,950,9500000000,PREFIX_LINEAR,TOTAL,16,10699001,1031152
N10000_K950_UNIFORM_MILLION,10000,9500,950,9500000000,PREFIX_LINEAR,TOTAL,17,10576300,1031152
N10000_K950_UNIFORM_MILLION,10000,9500,950,9500000000,PREFIX_LINEAR,TOTAL,18,10463100,1031152
N10000_K950_UNIFORM_MILLION,10000,9500,950,9500000000,PREFIX_LINEAR,TOTAL,19,8605199,1031152
N10000_K950_UNIFORM_MILLION,10000,9500,950,9500000000,PREFIX_BINARY,NORMALIZE,0,4713200,689248
N10000_K950_UNIFORM_MILLION,10000,9500,950,9500000000,PREFIX_BINARY,NORMALIZE,1,5567900,689248
N10000_K950_UNIFORM_MILLION,10000,9500,950,9500000000,PREFIX_BINARY,NORMALIZE,2,5139099,689248
N10000_K950_UNIFORM_MILLION,10000,9500,950,9500000000,PREFIX_BINARY,NORMALIZE,3,4010900,689248
N10000_K950_UNIFORM_MILLION,10000,9500,950,9500000000,PREFIX_BINARY,NORMALIZE,4,4839700,689248
N10000_K950_UNIFORM_MILLION,10000,9500,950,9500000000,PREFIX_BINARY,NORMALIZE,5,5509000,689248
N10000_K950_UNIFORM_MILLION,10000,9500,950,9500000000,PREFIX_BINARY,NORMALIZE,6,5570100,689248
N10000_K950_UNIFORM_MILLION,10000,9500,950,9500000000,PREFIX_BINARY,NORMALIZE,7,5653599,689248
N10000_K950_UNIFORM_MILLION,10000,9500,950,9500000000,PREFIX_BINARY,NORMALIZE,8,5440900,689248
N10000_K950_UNIFORM_MILLION,10000,9500,950,9500000000,PREFIX_BINARY,NORMALIZE,9,5514201,689248
N10000_K950_UNIFORM_MILLION,10000,9500,950,9500000000,PREFIX_BINARY,NORMALIZE,10,5424299,689248
N10000_K950_UNIFORM_MILLION,10000,9500,950,9500000000,PREFIX_BINARY,NORMALIZE,11,4889801,689248
N10000_K950_UNIFORM_MILLION,10000,9500,950,9500000000,PREFIX_BINARY,NORMALIZE,12,5059800,689248
N10000_K950_UNIFORM_MILLION,10000,9500,950,9500000000,PREFIX_BINARY,NORMALIZE,13,5932900,689248
N10000_K950_UNIFORM_MILLION,10000,9500,950,9500000000,PREFIX_BINARY,NORMALIZE,14,5212200,689248
N10000_K950_UNIFORM_MILLION,10000,9500,950,9500000000,PREFIX_BINARY,NORMALIZE,15,5517101,689248
N10000_K950_UNIFORM_MILLION,10000,9500,950,9500000000,PREFIX_BINARY,NORMALIZE,16,5469201,689248
N10000_K950_UNIFORM_MILLION,10000,9500,950,9500000000,PREFIX_BINARY,NORMALIZE,17,5103900,689248
N10000_K950_UNIFORM_MILLION,10000,9500,950,9500000000,PREFIX_BINARY,NORMALIZE,18,4130200,689248
N10000_K950_UNIFORM_MILLION,10000,9500,950,9500000000,PREFIX_BINARY,NORMALIZE,19,4584499,689248
N10000_K950_UNIFORM_MILLION,10000,9500,950,9500000000,PREFIX_BINARY,BUILD,0,63399,152064
N10000_K950_UNIFORM_MILLION,10000,9500,950,9500000000,PREFIX_BINARY,BUILD,1,54000,152064
N10000_K950_UNIFORM_MILLION,10000,9500,950,9500000000,PREFIX_BINARY,BUILD,2,52900,152064
N10000_K950_UNIFORM_MILLION,10000,9500,950,9500000000,PREFIX_BINARY,BUILD,3,73500,152064
N10000_K950_UNIFORM_MILLION,10000,9500,950,9500000000,PREFIX_BINARY,BUILD,4,54299,152064
N10000_K950_UNIFORM_MILLION,10000,9500,950,9500000000,PREFIX_BINARY,BUILD,5,45200,152064
N10000_K950_UNIFORM_MILLION,10000,9500,950,9500000000,PREFIX_BINARY,BUILD,6,80500,152064
N10000_K950_UNIFORM_MILLION,10000,9500,950,9500000000,PREFIX_BINARY,BUILD,7,50200,152064
N10000_K950_UNIFORM_MILLION,10000,9500,950,9500000000,PREFIX_BINARY,BUILD,8,65400,152064
N10000_K950_UNIFORM_MILLION,10000,9500,950,9500000000,PREFIX_BINARY,BUILD,9,51500,152064
N10000_K950_UNIFORM_MILLION,10000,9500,950,9500000000,PREFIX_BINARY,BUILD,10,58499,152064
N10000_K950_UNIFORM_MILLION,10000,9500,950,9500000000,PREFIX_BINARY,BUILD,11,54100,152064
N10000_K950_UNIFORM_MILLION,10000,9500,950,9500000000,PREFIX_BINARY,BUILD,12,58000,152064
N10000_K950_UNIFORM_MILLION,10000,9500,950,9500000000,PREFIX_BINARY,BUILD,13,68800,152064
N10000_K950_UNIFORM_MILLION,10000,9500,950,9500000000,PREFIX_BINARY,BUILD,14,77800,152064
N10000_K950_UNIFORM_MILLION,10000,9500,950,9500000000,PREFIX_BINARY,BUILD,15,50800,152064
N10000_K950_UNIFORM_MILLION,10000,9500,950,9500000000,PREFIX_BINARY,BUILD,16,50000,152064
N10000_K950_UNIFORM_MILLION,10000,9500,950,9500000000,PREFIX_BINARY,BUILD,17,35701,152064
N10000_K950_UNIFORM_MILLION,10000,9500,950,9500000000,PREFIX_BINARY,BUILD,18,61000,152064
N10000_K950_UNIFORM_MILLION,10000,9500,950,9500000000,PREFIX_BINARY,BUILD,19,51200,152064
N10000_K950_UNIFORM_MILLION,10000,9500,950,9500000000,PREFIX_BINARY,SELECT,0,1547201,189840
N10000_K950_UNIFORM_MILLION,10000,9500,950,9500000000,PREFIX_BINARY,SELECT,1,1778500,189840
N10000_K950_UNIFORM_MILLION,10000,9500,950,9500000000,PREFIX_BINARY,SELECT,2,2331100,189840
N10000_K950_UNIFORM_MILLION,10000,9500,950,9500000000,PREFIX_BINARY,SELECT,3,1765400,189840
N10000_K950_UNIFORM_MILLION,10000,9500,950,9500000000,PREFIX_BINARY,SELECT,4,1660300,189840
N10000_K950_UNIFORM_MILLION,10000,9500,950,9500000000,PREFIX_BINARY,SELECT,5,1300600,189840
N10000_K950_UNIFORM_MILLION,10000,9500,950,9500000000,PREFIX_BINARY,SELECT,6,1791999,189840
N10000_K950_UNIFORM_MILLION,10000,9500,950,9500000000,PREFIX_BINARY,SELECT,7,1817199,189840
N10000_K950_UNIFORM_MILLION,10000,9500,950,9500000000,PREFIX_BINARY,SELECT,8,1738199,189840
N10000_K950_UNIFORM_MILLION,10000,9500,950,9500000000,PREFIX_BINARY,SELECT,9,1811199,189840
N10000_K950_UNIFORM_MILLION,10000,9500,950,9500000000,PREFIX_BINARY,SELECT,10,1805099,189840
N10000_K950_UNIFORM_MILLION,10000,9500,950,9500000000,PREFIX_BINARY,SELECT,11,1619800,189840
N10000_K950_UNIFORM_MILLION,10000,9500,950,9500000000,PREFIX_BINARY,SELECT,12,1922799,189840
N10000_K950_UNIFORM_MILLION,10000,9500,950,9500000000,PREFIX_BINARY,SELECT,13,4562900,189840
N10000_K950_UNIFORM_MILLION,10000,9500,950,9500000000,PREFIX_BINARY,SELECT,14,1719000,189840
N10000_K950_UNIFORM_MILLION,10000,9500,950,9500000000,PREFIX_BINARY,SELECT,15,1812300,189840
N10000_K950_UNIFORM_MILLION,10000,9500,950,9500000000,PREFIX_BINARY,SELECT,16,1815000,189840
N10000_K950_UNIFORM_MILLION,10000,9500,950,9500000000,PREFIX_BINARY,SELECT,17,1595900,189840
N10000_K950_UNIFORM_MILLION,10000,9500,950,9500000000,PREFIX_BINARY,SELECT,18,1479400,189840
N10000_K950_UNIFORM_MILLION,10000,9500,950,9500000000,PREFIX_BINARY,SELECT,19,1796900,189840
N10000_K950_UNIFORM_MILLION,10000,9500,950,9500000000,PREFIX_BINARY,TOTAL,0,7274200,1031152
N10000_K950_UNIFORM_MILLION,10000,9500,950,9500000000,PREFIX_BINARY,TOTAL,1,7413299,1031152
N10000_K950_UNIFORM_MILLION,10000,9500,950,9500000000,PREFIX_BINARY,TOTAL,2,7409700,1031152
N10000_K950_UNIFORM_MILLION,10000,9500,950,9500000000,PREFIX_BINARY,TOTAL,3,7235100,1031152
N10000_K950_UNIFORM_MILLION,10000,9500,950,9500000000,PREFIX_BINARY,TOTAL,4,7256600,1031152
N10000_K950_UNIFORM_MILLION,10000,9500,950,9500000000,PREFIX_BINARY,TOTAL,5,7502000,1031152
N10000_K950_UNIFORM_MILLION,10000,9500,950,9500000000,PREFIX_BINARY,TOTAL,6,7001201,1031152
N10000_K950_UNIFORM_MILLION,10000,9500,950,9500000000,PREFIX_BINARY,TOTAL,7,7237001,1031152
N10000_K950_UNIFORM_MILLION,10000,9500,950,9500000000,PREFIX_BINARY,TOTAL,8,6789601,1031152
N10000_K950_UNIFORM_MILLION,10000,9500,950,9500000000,PREFIX_BINARY,TOTAL,9,7352301,1031152
N10000_K950_UNIFORM_MILLION,10000,9500,950,9500000000,PREFIX_BINARY,TOTAL,10,7400600,1031152
N10000_K950_UNIFORM_MILLION,10000,9500,950,9500000000,PREFIX_BINARY,TOTAL,11,7262100,1031152
N10000_K950_UNIFORM_MILLION,10000,9500,950,9500000000,PREFIX_BINARY,TOTAL,12,6866699,1031152
N10000_K950_UNIFORM_MILLION,10000,9500,950,9500000000,PREFIX_BINARY,TOTAL,13,7455201,1031152
N10000_K950_UNIFORM_MILLION,10000,9500,950,9500000000,PREFIX_BINARY,TOTAL,14,7600100,1031152
N10000_K950_UNIFORM_MILLION,10000,9500,950,9500000000,PREFIX_BINARY,TOTAL,15,7630901,1031152
N10000_K950_UNIFORM_MILLION,10000,9500,950,9500000000,PREFIX_BINARY,TOTAL,16,7646901,1031152
N10000_K950_UNIFORM_MILLION,10000,9500,950,9500000000,PREFIX_BINARY,TOTAL,17,7438699,1031152
N10000_K950_UNIFORM_MILLION,10000,9500,950,9500000000,PREFIX_BINARY,TOTAL,18,6495601,1031152
N10000_K950_UNIFORM_MILLION,10000,9500,950,9500000000,PREFIX_BINARY,TOTAL,19,6687799,1031152
N10000_K950_UNIFORM_MILLION,10000,9500,950,9500000000,FENWICK,NORMALIZE,0,4302599,689248
N10000_K950_UNIFORM_MILLION,10000,9500,950,9500000000,FENWICK,NORMALIZE,1,5553199,689248
N10000_K950_UNIFORM_MILLION,10000,9500,950,9500000000,FENWICK,NORMALIZE,2,5496600,689248
N10000_K950_UNIFORM_MILLION,10000,9500,950,9500000000,FENWICK,NORMALIZE,3,5514900,689248
N10000_K950_UNIFORM_MILLION,10000,9500,950,9500000000,FENWICK,NORMALIZE,4,5417201,689248
N10000_K950_UNIFORM_MILLION,10000,9500,950,9500000000,FENWICK,NORMALIZE,5,5225300,689248
N10000_K950_UNIFORM_MILLION,10000,9500,950,9500000000,FENWICK,NORMALIZE,6,5801100,689248
N10000_K950_UNIFORM_MILLION,10000,9500,950,9500000000,FENWICK,NORMALIZE,7,5701099,689248
N10000_K950_UNIFORM_MILLION,10000,9500,950,9500000000,FENWICK,NORMALIZE,8,5310500,689248
N10000_K950_UNIFORM_MILLION,10000,9500,950,9500000000,FENWICK,NORMALIZE,9,5472300,689248
N10000_K950_UNIFORM_MILLION,10000,9500,950,9500000000,FENWICK,NORMALIZE,10,5305200,689248
N10000_K950_UNIFORM_MILLION,10000,9500,950,9500000000,FENWICK,NORMALIZE,11,5045900,689248
N10000_K950_UNIFORM_MILLION,10000,9500,950,9500000000,FENWICK,NORMALIZE,12,5479700,689248
N10000_K950_UNIFORM_MILLION,10000,9500,950,9500000000,FENWICK,NORMALIZE,13,5147600,689248
N10000_K950_UNIFORM_MILLION,10000,9500,950,9500000000,FENWICK,NORMALIZE,14,5071401,689248
N10000_K950_UNIFORM_MILLION,10000,9500,950,9500000000,FENWICK,NORMALIZE,15,5311000,689248
N10000_K950_UNIFORM_MILLION,10000,9500,950,9500000000,FENWICK,NORMALIZE,16,5401301,689248
N10000_K950_UNIFORM_MILLION,10000,9500,950,9500000000,FENWICK,NORMALIZE,17,4946400,689248
N10000_K950_UNIFORM_MILLION,10000,9500,950,9500000000,FENWICK,NORMALIZE,18,5165999,689248
N10000_K950_UNIFORM_MILLION,10000,9500,950,9500000000,FENWICK,NORMALIZE,19,4975700,689248
N10000_K950_UNIFORM_MILLION,10000,9500,950,9500000000,FENWICK,BUILD,0,154899,152136
N10000_K950_UNIFORM_MILLION,10000,9500,950,9500000000,FENWICK,BUILD,1,144200,152136
N10000_K950_UNIFORM_MILLION,10000,9500,950,9500000000,FENWICK,BUILD,2,149300,152136
N10000_K950_UNIFORM_MILLION,10000,9500,950,9500000000,FENWICK,BUILD,3,151000,152136
N10000_K950_UNIFORM_MILLION,10000,9500,950,9500000000,FENWICK,BUILD,4,163700,152136
N10000_K950_UNIFORM_MILLION,10000,9500,950,9500000000,FENWICK,BUILD,5,104500,152136
N10000_K950_UNIFORM_MILLION,10000,9500,950,9500000000,FENWICK,BUILD,6,85000,152136
N10000_K950_UNIFORM_MILLION,10000,9500,950,9500000000,FENWICK,BUILD,7,88299,152136
N10000_K950_UNIFORM_MILLION,10000,9500,950,9500000000,FENWICK,BUILD,8,187100,152136
N10000_K950_UNIFORM_MILLION,10000,9500,950,9500000000,FENWICK,BUILD,9,160700,152136
N10000_K950_UNIFORM_MILLION,10000,9500,950,9500000000,FENWICK,BUILD,10,148600,152136
N10000_K950_UNIFORM_MILLION,10000,9500,950,9500000000,FENWICK,BUILD,11,153400,152136
N10000_K950_UNIFORM_MILLION,10000,9500,950,9500000000,FENWICK,BUILD,12,153800,152136
N10000_K950_UNIFORM_MILLION,10000,9500,950,9500000000,FENWICK,BUILD,13,151601,152136
N10000_K950_UNIFORM_MILLION,10000,9500,950,9500000000,FENWICK,BUILD,14,182300,152136
N10000_K950_UNIFORM_MILLION,10000,9500,950,9500000000,FENWICK,BUILD,15,153000,152136
N10000_K950_UNIFORM_MILLION,10000,9500,950,9500000000,FENWICK,BUILD,16,152500,152136
N10000_K950_UNIFORM_MILLION,10000,9500,950,9500000000,FENWICK,BUILD,17,150199,152136
N10000_K950_UNIFORM_MILLION,10000,9500,950,9500000000,FENWICK,BUILD,18,146999,152136
N10000_K950_UNIFORM_MILLION,10000,9500,950,9500000000,FENWICK,BUILD,19,174200,152136
N10000_K950_UNIFORM_MILLION,10000,9500,950,9500000000,FENWICK,SELECT,0,469199,189840
N10000_K950_UNIFORM_MILLION,10000,9500,950,9500000000,FENWICK,SELECT,1,679900,189840
N10000_K950_UNIFORM_MILLION,10000,9500,950,9500000000,FENWICK,SELECT,2,724400,189840
N10000_K950_UNIFORM_MILLION,10000,9500,950,9500000000,FENWICK,SELECT,3,454600,189840
N10000_K950_UNIFORM_MILLION,10000,9500,950,9500000000,FENWICK,SELECT,4,659300,189840
N10000_K950_UNIFORM_MILLION,10000,9500,950,9500000000,FENWICK,SELECT,5,451801,189840
N10000_K950_UNIFORM_MILLION,10000,9500,950,9500000000,FENWICK,SELECT,6,655700,189840
N10000_K950_UNIFORM_MILLION,10000,9500,950,9500000000,FENWICK,SELECT,7,643799,189840
N10000_K950_UNIFORM_MILLION,10000,9500,950,9500000000,FENWICK,SELECT,8,709800,189840
N10000_K950_UNIFORM_MILLION,10000,9500,950,9500000000,FENWICK,SELECT,9,442800,189840
N10000_K950_UNIFORM_MILLION,10000,9500,950,9500000000,FENWICK,SELECT,10,679600,189840
N10000_K950_UNIFORM_MILLION,10000,9500,950,9500000000,FENWICK,SELECT,11,578500,189840
N10000_K950_UNIFORM_MILLION,10000,9500,950,9500000000,FENWICK,SELECT,12,677601,189840
N10000_K950_UNIFORM_MILLION,10000,9500,950,9500000000,FENWICK,SELECT,13,670399,189840
N10000_K950_UNIFORM_MILLION,10000,9500,950,9500000000,FENWICK,SELECT,14,643099,189840
N10000_K950_UNIFORM_MILLION,10000,9500,950,9500000000,FENWICK,SELECT,15,649700,189840
N10000_K950_UNIFORM_MILLION,10000,9500,950,9500000000,FENWICK,SELECT,16,613200,189840
N10000_K950_UNIFORM_MILLION,10000,9500,950,9500000000,FENWICK,SELECT,17,613700,189840
N10000_K950_UNIFORM_MILLION,10000,9500,950,9500000000,FENWICK,SELECT,18,437700,189840
N10000_K950_UNIFORM_MILLION,10000,9500,950,9500000000,FENWICK,SELECT,19,466600,189840
N10000_K950_UNIFORM_MILLION,10000,9500,950,9500000000,FENWICK,TOTAL,0,6451500,1031224
N10000_K950_UNIFORM_MILLION,10000,9500,950,9500000000,FENWICK,TOTAL,1,6331301,1031224
N10000_K950_UNIFORM_MILLION,10000,9500,950,9500000000,FENWICK,TOTAL,2,6371699,1031224
N10000_K950_UNIFORM_MILLION,10000,9500,950,9500000000,FENWICK,TOTAL,3,6254600,1031224
N10000_K950_UNIFORM_MILLION,10000,9500,950,9500000000,FENWICK,TOTAL,4,6312800,1031224
N10000_K950_UNIFORM_MILLION,10000,9500,950,9500000000,FENWICK,TOTAL,5,5625700,1031224
N10000_K950_UNIFORM_MILLION,10000,9500,950,9500000000,FENWICK,TOTAL,6,5889200,1031224
N10000_K950_UNIFORM_MILLION,10000,9500,950,9500000000,FENWICK,TOTAL,7,6207200,1031224
N10000_K950_UNIFORM_MILLION,10000,9500,950,9500000000,FENWICK,TOTAL,8,4276000,1031224
N10000_K950_UNIFORM_MILLION,10000,9500,950,9500000000,FENWICK,TOTAL,9,4609600,1031224
N10000_K950_UNIFORM_MILLION,10000,9500,950,9500000000,FENWICK,TOTAL,10,6316100,1031224
N10000_K950_UNIFORM_MILLION,10000,9500,950,9500000000,FENWICK,TOTAL,11,6432500,1031224
N10000_K950_UNIFORM_MILLION,10000,9500,950,9500000000,FENWICK,TOTAL,12,6547500,1031224
N10000_K950_UNIFORM_MILLION,10000,9500,950,9500000000,FENWICK,TOTAL,13,6547601,1031224
N10000_K950_UNIFORM_MILLION,10000,9500,950,9500000000,FENWICK,TOTAL,14,5852099,1031224
N10000_K950_UNIFORM_MILLION,10000,9500,950,9500000000,FENWICK,TOTAL,15,5489099,1031224
N10000_K950_UNIFORM_MILLION,10000,9500,950,9500000000,FENWICK,TOTAL,16,5240900,1031224
N10000_K950_UNIFORM_MILLION,10000,9500,950,9500000000,FENWICK,TOTAL,17,4721000,1031224
N10000_K950_UNIFORM_MILLION,10000,9500,950,9500000000,FENWICK,TOTAL,18,6292800,1031224
N10000_K950_UNIFORM_MILLION,10000,9500,950,9500000000,FENWICK,TOTAL,19,6622399,1031224
