scenario,candidates,eligible,winners,total_weight,method,phase,iteration,ns,allocated_bytes
N1000_K1_UNIFORM_1,1000,950,1,950,TICKET_ARRAY,NORMALIZE,0,1589700,70144
N1000_K1_UNIFORM_1,1000,950,1,950,TICKET_ARRAY,NORMALIZE,1,1744000,69800
N1000_K1_UNIFORM_1,1000,950,1,950,TICKET_ARRAY,NORMALIZE,2,1509400,69800
N1000_K1_UNIFORM_1,1000,950,1,950,TICKET_ARRAY,NORMALIZE,3,1641399,69800
N1000_K1_UNIFORM_1,1000,950,1,950,TICKET_ARRAY,NORMALIZE,4,1606900,69800
N1000_K1_UNIFORM_1,1000,950,1,950,TICKET_ARRAY,NORMALIZE,5,1236200,69800
N1000_K1_UNIFORM_1,1000,950,1,950,TICKET_ARRAY,NORMALIZE,6,1195701,69800
N1000_K1_UNIFORM_1,1000,950,1,950,TICKET_ARRAY,NORMALIZE,7,1150499,69800
N1000_K1_UNIFORM_1,1000,950,1,950,TICKET_ARRAY,NORMALIZE,8,1045099,69800
N1000_K1_UNIFORM_1,1000,950,1,950,TICKET_ARRAY,NORMALIZE,9,1212599,69800
N1000_K1_UNIFORM_1,1000,950,1,950,TICKET_ARRAY,NORMALIZE,10,1095899,69800
N1000_K1_UNIFORM_1,1000,950,1,950,TICKET_ARRAY,NORMALIZE,11,1086500,69800
N1000_K1_UNIFORM_1,1000,950,1,950,TICKET_ARRAY,NORMALIZE,12,1114899,69800
N1000_K1_UNIFORM_1,1000,950,1,950,TICKET_ARRAY,NORMALIZE,13,1178900,69800
N1000_K1_UNIFORM_1,1000,950,1,950,TICKET_ARRAY,NORMALIZE,14,1076299,69800
N1000_K1_UNIFORM_1,1000,950,1,950,TICKET_ARRAY,NORMALIZE,15,1076101,69800
N1000_K1_UNIFORM_1,1000,950,1,950,TICKET_ARRAY,NORMALIZE,16,1052600,69800
N1000_K1_UNIFORM_1,1000,950,1,950,TICKET_ARRAY,NORMALIZE,17,1115900,69800
N1000_K1_UNIFORM_1,1000,950,1,950,TICKET_ARRAY,NORMALIZE,18,1099801,69800
N1000_K1_UNIFORM_1,1000,950,1,950,TICKET_ARRAY,NORMALIZE,19,1116900,69800
N1000_K1_UNIFORM_1,1000,950,1,950,TICKET_ARRAY,BUILD,0,257700,3840
N1000_K1_UNIFORM_1,1000,950,1,950,TICKET_ARRAY,BUILD,1,290300,3840
N1000_K1_UNIFORM_1,1000,950,1,950,TICKET_ARRAY,BUILD,2,220599,3840
N1000_K1_UNIFORM_1,1000,950,1,950,TICKET_ARRAY,BUILD,3,251900,3840
N1000_K1_UNIFORM_1,1000,950,1,950,TICKET_ARRAY,BUILD,4,226000,3840
N1000_K1_UNIFORM_1,1000,950,1,950,TICKET_ARRAY,BUILD,5,319301,3840
N1000_K1_UNIFORM_1,1000,950,1,950,TICKET_ARRAY,BUILD,6,215699,3840
N1000_K1_UNIFORM_1,1000,950,1,950,TICKET_ARRAY,BUILD,7,233401,3840
N1000_K1_UNIFORM_1,1000,950,1,950,TICKET_ARRAY,BUILD,8,220300,3840
N1000_K1_UNIFORM_1,1000,950,1,950,TICKET_ARRAY,BUILD,9,219800,3840
N1000_K1_UNIFORM_1,1000,950,1,950,TICKET_ARRAY,BUILD,10,218300,3840
N1000_K1_UNIFORM_1,1000,950,1,950,TICKET_ARRAY,BUILD,11,209100,3840
N1000_K1_UNIFORM_1,1000,950,1,950,TICKET_ARRAY,BUILD,12,205500,3840
N1000_K1_UNIFORM_1,1000,950,1,950,TICKET_ARRAY,BUILD,13,208400,3840
N1000_K1_UNIFORM_1,1000,950,1,950,TICKET_ARRAY,BUILD,14,202800,3840
N1000_K1_UNIFORM_1,1000,950,1,950,TICKET_ARRAY,BUILD,15,200799,3840
N1000_K1_UNIFORM_1,1000,950,1,950,TICKET_ARRAY,BUILD,16,203101,3840
N1000_K1_UNIFORM_1,1000,950,1,950,TICKET_ARRAY,BUILD,17,231899,3840
N1000_K1_UNIFORM_1,1000,950,1,950,TICKET_ARRAY,BUILD,18,273200,3840
N1000_K1_UNIFORM_1,1000,950,1,950,TICKET_ARRAY,BUILD,19,264399,3840
N1000_K1_UNIFORM_1,1000,950,1,950,TICKET_ARRAY,SELECT,0,424500,2008
N1000_K1_UNIFORM_1,1000,950,1,950,TICKET_ARRAY,SELECT,1,499801,2008
N1000_K1_UNIFORM_1,1000,950,1,950,TICKET_ARRAY,SELECT,2,380200,2008
N1000_K1_UNIFORM_1,1000,950,1,950,TICKET_ARRAY,SELECT,3,355800,2008
N1000_K1_UNIFORM_1,1000,950,1,950,TICKET_ARRAY,SELECT,4,391100,2008
N1000_K1_UNIFORM_1,1000,950,1,950,TICKET_ARRAY,SELECT,5,416500,2008
N1000_K1_UNIFORM_1,1000,950,1,950,TICKET_ARRAY,SELECT,6,431300,2008
N1000_K1_UNIFORM_1,1000,950,1,950,TICKET_ARRAY,SELECT,7,427800,2008
N1000_K1_UNIFORM_1,1000,950,1,950,TICKET_ARRAY,SELECT,8,504600,2008
N1000_K1_UNIFORM_1,1000,950,1,950,TICKET_ARRAY,SELECT,9,335101,2008
N1000_K1_UNIFORM_1,1000,950,1,950,TICKET_ARRAY,SELECT,10,318500,2008
N1000_K1_UNIFORM_1,1000,950,1,950,TICKET_ARRAY,SELECT,11,385101,2008
N1000_K1_UNIFORM_1,1000,950,1,950,TICKET_ARRAY,SELECT,12,345601,2008
N1000_K1_UNIFORM_1,1000,950,1,950,TICKET_ARRAY,SELECT,13,356699,2008
N1000_K1_UNIFORM_1,1000,950,1,950,TICKET_ARRAY,SELECT,14,333201,2008
N1000_K1_UNIFORM_1,1000,950,1,950,TICKET_ARRAY,SELECT,15,326001,2008
N1000_K1_UNIFORM_1,1000,950,1,950,TICKET_ARRAY,SELECT,16,316900,2008
N1000_K1_UNIFORM_1,1000,950,1,950,TICKET_ARRAY,SELECT,17,290600,2008
N1000_K1_UNIFORM_1,1000,950,1,950,TICKET_ARRAY,SELECT,18,331699,2008
N1000_K1_UNIFORM_1,1000,950,1,950,TICKET_ARRAY,SELECT,19,182300,2008
N1000_K1_UNIFORM_1,1000,950,1,950,TICKET_ARRAY,TOTAL,0,939200,75648
N1000_K1_UNIFORM_1,1000,950,1,950,TICKET_ARRAY,TOTAL,1,958800,75648
N1000_K1_UNIFORM_1,1000,950,1,950,TICKET_ARRAY,TOTAL,2,1110399,75648
N1000_K1_UNIFORM_1,1000,950,1,950,TICKET_ARRAY,TOTAL,3,1063500,75648
N1000_K1_UNIFORM_1,1000,950,1,950,TICKET_ARRAY,TOTAL,4,1064100,75648
N1000_K1_UNIFORM_1,1000,950,1,950,TICKET_ARRAY,TOTAL,5,1101000,75648
N1000_K1_UNIFORM_1,1000,950,1,950,TICKET_ARRAY,TOTAL,6,1071500,75648
N1000_K1_UNIFORM_1,1000,950,1,950,TICKET_ARRAY,TOTAL,7,1024300,75648
N1000_K1_UNIFORM_1,1000,950,1,950,TICKET_ARRAY,TOTAL,8,1153100,75648
N1000_K1_UNIFORM_1,1000,950,1,950,TICKET_ARRAY,TOTAL,9,1098501,75648
N1000_K1_UNIFORM_1,1000,950,1,950,TICKET_ARRAY,TOTAL,10,977800,75648
N1000_K1_UNIFORM_1,1000,950,1,950,TICKET_ARRAY,TOTAL,11,899599,75648
N1000_K1_UNIFORM_1,1000,950,1,950,TICKET_ARRAY,TOTAL,12,782700,75648
N1000_K1_UNIFORM_1,1000,950,1,950,TICKET_ARRAY,TOTAL,13,820800,75648
N1000_K1_UNIFORM_1,1000,950,1,950,TICKET_ARRAY,TOTAL,14,862400,75648
N1000_K1_UNIFORM_1,1000,950,1,950,TICKET_ARRAY,TOTAL,15,1134901,75648
N1000_K1_UNIFORM_1,1000,950,1,950,TICKET_ARRAY,TOTAL,16,874600,75648
N1000_K1_UNIFORM_1,1000,950,1,950,TICKET_ARRAY,TOTAL,17,857600,75648
N1000_K1_UNIFORM_1,1000,950,1,950,TICKET_ARRAY,TOTAL,18,816600,75648
N1000_K1_UNIFORM_1,1000,950,1,950,TICKET_ARRAY,TOTAL,19,1022001,76592
N1000_K1_UNIFORM_1,1000,950,1,950,PREFIX_LINEAR,NORMALIZE,0,773700,69800
N1000_K1_UNIFORM_1,1000,950,1,950,PREFIX_LINEAR,NORMALIZE,1,814600,69896
N1000_K1_UNIFORM_1,1000,950,1,950,PREFIX_LINEAR,NORMALIZE,2,731501,69800
N1000_K1_UNIFORM_1,1000,950,1,950,PREFIX_LINEAR,NORMALIZE,3,539800,69800
N1000_K1_UNIFORM_1,1000,950,1,950,PREFIX_LINEAR,NORMALIZE,4,592800,69800
N1000_K1_UNIFORM_1,1000,950,1,950,PREFIX_LINEAR,NORMALIZE,5,770300,69800
N1000_K1_UNIFORM_1,1000,950,1,950,PREFIX_LINEAR,NORMALIZE,6,795100,69800
N1000_K1_UNIFORM_1,1000,950,1,950,PREFIX_LINEAR,NORMALIZE,7,739500,69800
N1000_K1_UNIFORM_1,1000,950,1,950,PREFIX_LINEAR,NORMALIZE,8,759200,69800
N1000_K1_UNIFORM_1,1000,950,1,950,PREFIX_LINEAR,NORMALIZE,9,776400,69800
N1000_K1_UNIFORM_1,1000,950,1,950,PREFIX_LINEAR,NORMALIZE,10,836000,69800
N1000_K1_UNIFORM_1,1000,950,1,950,PREFIX_LINEAR,NORMALIZE,11,1489099,69800
N1000_K1_UNIFORM_1,1000,950,1,950,PREFIX_LINEAR,NORMALIZE,12,785700,69800
N1000_K1_UNIFORM_1,1000,950,1,950,PREFIX_LINEAR,NORMALIZE,13,742199,69800
N1000_K1_UNIFORM_1,1000,950,1,950,PREFIX_LINEAR,NORMALIZE,14,7986699,69800
N1000_K1_UNIFORM_1,1000,950,1,950,PREFIX_LINEAR,NORMALIZE,15,586501,69768
N1000_K1_UNIFORM_1,1000,950,1,950,PREFIX_LINEAR,NORMALIZE,16,485101,69768
N1000_K1_UNIFORM_1,1000,950,1,950,PREFIX_LINEAR,NORMALIZE,17,462300,69768
N1000_K1_UNIFORM_1,1000,950,1,950,PREFIX_LINEAR,NORMALIZE,18,451400,69768
N1000_K1_UNIFORM_1,1000,950,1,950,PREFIX_LINEAR,NORMALIZE,19,655000,69768
N1000_K1_UNIFORM_1,1000,950,1,950,PREFIX_LINEAR,BUILD,0,180500,15264
N1000_K1_UNIFORM_1,1000,950,1,950,PREFIX_LINEAR,BUILD,1,189299,15264
N1000_K1_UNIFORM_1,1000,950,1,950,PREFIX_LINEAR,BUILD,2,240800,15264
N1000_K1_UNIFORM_1,1000,950,1,950,PREFIX_LINEAR,BUILD,3,206500,15264
N1000_K1_UNIFORM_1,1000,950,1,950,PREFIX_LINEAR,BUILD,4,184300,15264
N1000_K1_UNIFORM_1,1000,950,1,950,PREFIX_LINEAR,BUILD,5,232001,15264
N1000_K1_UNIFORM_1,1000,950,1,950,PREFIX_LINEAR,BUILD,6,195200,15264
N1000_K1_UNIFORM_1,1000,950,1,950,PREFIX_LINEAR,BUILD,7,186300,15264
N1000_K1_UNIFORM_1,1000,950,1,950,PREFIX_LINEAR,BUILD,8,176199,15264
N1000_K1_UNIFORM_1,1000,950,1,950,PREFIX_LINEAR,BUILD,9,179199,15264
N1000_K1_UNIFORM_1,1000,950,1,950,PREFIX_LINEAR,BUILD,10,180500,15264
N1000_K1_UNIFORM_1,1000,950,1,950,PREFIX_LINEAR,BUILD,11,179199,15264
N1000_K1_UNIFORM_1,1000,950,1,950,PREFIX_LINEAR,BUILD,12,179101,15264
N1000_K1_UNIFORM_1,1000,950,1,950,PREFIX_LINEAR,BUILD,13,177499,15264
N1000_K1_UNIFORM_1,1000,950,1,950,PREFIX_LINEAR,BUILD,14,178601,15264
N1000_K1_UNIFORM_1,1000,950,1,950,PREFIX_LINEAR,BUILD,15,179600,15264
N1000_K1_UNIFORM_1,1000,950,1,950,PREFIX_LINEAR,BUILD,16,177400,15264
N1000_K1_UNIFORM_1,1000,950,1,950,PREFIX_LINEAR,BUILD,17,188200,15264
N1000_K1_UNIFORM_1,1000,950,1,950,PREFIX_LINEAR,BUILD,18,189500,15264
N1000_K1_UNIFORM_1,1000,950,1,950,PREFIX_LINEAR,BUILD,19,188201,15264
N1000_K1_UNIFORM_1,1000,950,1,950,PREFIX_LINEAR,SELECT,0,161700,2008
N1000_K1_UNIFORM_1,1000,950,1,950,PREFIX_LINEAR,SELECT,1,159100,2008
N1000_K1_UNIFORM_1,1000,950,1,950,PREFIX_LINEAR,SELECT,2,153700,2008
N1000_K1_UNIFORM_1,1000,950,1,950,PREFIX_LINEAR,SELECT,3,155499,2008
N1000_K1_UNIFORM_1,1000,950,1,950,PREFIX_LINEAR,SELECT,4,187800,2008
N1000_K1_UNIFORM_1,1000,950,1,950,PREFIX_LINEAR,SELECT,5,379401,2008
N1000_K1_UNIFORM_1,1000,950,1,950,PREFIX_LINEAR,SELECT,6,159400,2008
N1000_K1_UNIFORM_1,1000,950,1,950,PREFIX_LINEAR,SELECT,7,248901,2008
N1000_K1_UNIFORM_1,1000,950,1,950,PREFIX_LINEAR,SELECT,8,174700,2008
N1000_K1_UNIFORM_1,1000,950,1,950,PREFIX_LINEAR,SELECT,9,134500,2008
N1000_K1_UNIFORM_1,1000,950,1,950,PREFIX_LINEAR,SELECT,10,156000,2008
N1000_K1_UNIFORM_1,1000,950,1,950,PREFIX_LINEAR,SELECT,11,154200,2008
N1000_K1_UNIFORM_1,1000,950,1,950,PREFIX_LINEAR,SELECT,12,145100,2008
N1000_K1_UNIFORM_1,1000,950,1,950,PREFIX_LINEAR,SELECT,13,196999,2008
N1000_K1_UNIFORM_1,1000,950,1,950,PREFIX_LINEAR,SELECT,14,335800,2008
N1000_K1_UNIFORM_1,1000,950,1,950,PREFIX_LINEAR,SELECT,15,229400,2008
N1000_K1_UNIFORM_1,1000,950,1,950,PREFIX_LINEAR,SELECT,16,137800,2008
N1000_K1_UNIFORM_1,1000,950,1,950,PREFIX_LINEAR,SELECT,17,167400,2008
N1000_K1_UNIFORM_1,1000,950,1,950,PREFIX_LINEAR,SELECT,18,136600,2008
N1000_K1_UNIFORM_1,1000,950,1,950,PREFIX_LINEAR,SELECT,19,128301,2008
N1000_K1_UNIFORM_1,1000,950,1,950,PREFIX_LINEAR,TOTAL,0,761400,88336
N1000_K1_UNIFORM_1,1000,950,1,950,PREFIX_LINEAR,TOTAL,1,717701,87040
N1000_K1_UNIFORM_1,1000,950,1,950,PREFIX_LINEAR,TOTAL,2,807800,87040
N1000_K1_UNIFORM_1,1000,950,1,950,PREFIX_LINEAR,TOTAL,3,850999,87040
N1000_K1_UNIFORM_1,1000,950,1,950,PREFIX_LINEAR,TOTAL,4,693500,87040
N1000_K1_UNIFORM_1,1000,950,1,950,PREFIX_LINEAR,TOTAL,5,629100,87040
N1000_K1_UNIFORM_1,1000,950,1,950,PREFIX_LINEAR,TOTAL,6,659700,87040
N1000_K1_UNIFORM_1,1000,950,1,950,PREFIX_LINEAR,TOTAL,7,725000,87040
N1000_K1_UNIFORM_1,1000,950,1,950,PREFIX_LINEAR,TOTAL,8,841500,87040
N1000_K1_UNIFORM_1,1000,950,1,950,PREFIX_LINEAR,TOTAL,9,803101,87040
N1000_K1_UNIFORM_1,1000,950,1,950,PREFIX_LINEAR,TOTAL,10,749800,87040
N1000_K1_UNIFORM_1,1000,950,1,950,PREFIX_LINEAR,TOTAL,11,598099,87040
N1000_K1_UNIFORM_1,1000,950,1,950,PREFIX_LINEAR,TOTAL,12,902300,87040
N1000_K1_UNIFORM_1,1000,950,1,950,PREFIX_LINEAR,TOTAL,13,577700,87040
N1000_K1_UNIFORM_1,1000,950,1,950,PREFIX_LINEAR,TOTAL,14,517900,87040
N1000_K1_UNIFORM_1,1000,950,1,950,PREFIX_LINEAR,TOTAL,15,559600,87040
N1000_K1_UNIFORM_1,1000,950,1,950,PREFIX_LINEAR,TOTAL,16,487800,87040
N1000_K1_UNIFORM_1,1000,950,1,950,PREFIX_LINEAR,TOTAL,17,529300,87040
N1000_K1_UNIFORM_1,1000,950,1,950,PREFIX_LINEAR,TOTAL,18,482499,87040
N1000_K1_UNIFORM_1,1000,950,1,950,PREFIX_LINEAR,TOTAL,19,488300,87040
N1000_K1_UNIFORM_1,1000,950,1,950,PREFIX_BINARY,NORMALIZE,0,362299,69768
N1000_K1_UNIFORM_1,1000,950,1,950,PREFIX_BINARY,NORMALIZE,1,408600,69768
N1000_K1_UNIFORM_1,1000,950,1,950,PREFIX_BINARY,NORMALIZE,2,397900,69768
N1000_K1_UNIFORM_1,1000,950,1,950,PREFIX_BINARY,NORMALIZE,3,324301,69768
N1000_K1_UNIFORM_1,1000,950,1,950,PREFIX_BINARY,NORMALIZE,4,532401,69768
N1000_K1_UNIFORM_1,1000,950,1,950,PREFIX_BINARY,NORMALIZE,5,404100,69768
N1000_K1_UNIFORM_1,1000,950,1,950,PREFIX_BINARY,NORMALIZE,6,356199,69768
N1000_K1_UNIFORM_1,1000,950,1,950,PREFIX_BINARY,NORMALIZE,7,319800,69768
N1000_K1_UNIFORM_1,1000,950,1,950,PREFIX_BINARY,NORMALIZE,8,301099,69768
N1000_K1_UNIFORM_1,1000,950,1,950,PREFIX_BINARY,NORMALIZE,9,345501,69768
N1000_K1_UNIFORM_1,1000,950,1,950,PREFIX_BINARY,NORMALIZE,10,285900,69768
N1000_K1_UNIFORM_1,1000,950,1,950,PREFIX_BINARY,NORMALIZE,11,348600,69768
N1000_K1_UNIFORM_1,1000,950,1,950,PREFIX_BINARY,NORMALIZE,12,299500,69768
N1000_K1_UNIFORM_1,1000,950,1,950,PREFIX_BINARY,NORMALIZE,13,546800,69768
N1000_K1_UNIFORM_1,1000,950,1,950,PREFIX_BINARY,NORMALIZE,14,396200,69768
N1000_K1_UNIFORM_1,1000,950,1,950,PREFIX_BINARY,NORMALIZE,15,288299,69768
N1000_K1_UNIFORM_1,1000,950,1,950,PREFIX_BINARY,NORMALIZE,16,267700,69768
N1000_K1_UNIFORM_1,1000,950,1,950,PREFIX_BINARY,NORMALIZE,17,301301,69768
N1000_K1_UNIFORM_1,1000,950,1,950,PREFIX_BINARY,NORMALIZE,18,326001,69768
N1000_K1_UNIFORM_1,1000,950,1,950,PREFIX_BINARY,NORMALIZE,19,264700,69768
N1000_K1_UNIFORM_1,1000,950,1,950,PREFIX_BINARY,BUILD,0,20999,15264
N1000_K1_UNIFORM_1,1000,950,1,950,PREFIX_BINARY,BUILD,1,30800,15264
N1000_K1_UNIFORM_1,1000,950,1,950,PREFIX_BINARY,BUILD,2,21100,15264
N1000_K1_UNIFORM_1,1000,950,1,950,PREFIX_BINARY,BUILD,3,31201,15264
N1000_K1_UNIFORM_1,1000,950,1,950,PREFIX_BINARY,BUILD,4,21699,15264
N1000_K1_UNIFORM_1,1000,950,1,950,PREFIX_BINARY,BUILD,5,21499,15264
N1000_K1_UNIFORM_1,1000,950,1,950,PREFIX_BINARY,BUILD,6,20900,15264
N1000_K1_UNIFORM_1,1000,950,1,950,PREFIX_BINARY,BUILD,7,22600,15264
N1000_K1_UNIFORM_1,1000,950,1,950,PREFIX_BINARY,BUILD,8,20799,15264
N1000_K1_UNIFORM_1,1000,950,1,950,PREFIX_BINARY,BUILD,9,32401,15264
N1000_K1_UNIFORM_1,1000,950,1,950,PREFIX_BINARY,BUILD,10,21600,15264
N1000_K1_UNIFORM_1,1000,950,1,950,PREFIX_BINARY,BUILD,11,30300,15264
N1000_K1_UNIFORM_1,1000,950,1,950,PREFIX_BINARY,BUILD,12,30300,15264
N1000_K1_UNIFORM_1,1000,950,1,950,PREFIX_BINARY,BUILD,13,37300,15264
N1000_K1_UNIFORM_1,1000,950,1,950,PREFIX_BINARY,BUILD,14,23400,15264
N1000_K1_UNIFORM_1,1000,950,1,950,PREFIX_BINARY,BUILD,15,21301,15264
N1000_K1_UNIFORM_1,1000,950,1,950,PREFIX_BINARY,BUILD,16,24399,15264
N1000_K1_UNIFORM_1,1000,950,1,950,PREFIX_BINARY,BUILD,17,22500,15264
N1000_K1_UNIFORM_1,1000,950,1,950,PREFIX_BINARY,BUILD,18,21299,15264
N1000_K1_UNIFORM_1,1000,950,1,950,PREFIX_BINARY,BUILD,19,22200,15264
N1000_K1_UNIFORM_1,1000,950,1,950,PREFIX_BINARY,SELECT,0,175000,2008
N1000_K1_UNIFORM_1,1000,950,1,950,PREFIX_BINARY,SELECT,1,177499,2008
N1000_K1_UNIFORM_1,1000,950,1,950,PREFIX_BINARY,SELECT,2,224100,2008
N1000_K1_UNIFORM_1,1000,950,1,950,PREFIX_BINARY,SELECT,3,201601,2008
N1000_K1_UNIFORM_1,1000,950,1,950,PREFIX_BINARY,SELECT,4,177000,2008
N1000_K1_UNIFORM_1,1000,950,1,950,PREFIX_BINARY,SELECT,5,148601,2008
N1000_K1_UNIFORM_1,1000,950,1,950,PREFIX_BINARY,SELECT,6,237700,2008
N1000_K1_UNIFORM_1,1000,950,1,950,PREFIX_BINARY,SELECT,7,199800,2008
N1000_K1_UNIFORM_1,1000,950,1,950,PREFIX_BINARY,SELECT,8,142001,2008
N1000_K1_UNIFORM_1,1000,950,1,950,PREFIX_BINARY,SELECT,9,142600,2008
N1000_K1_UNIFORM_1,1000,950,1,950,PREFIX_BINARY,SELECT,10,128500,2008
N1000_K1_UNIFORM_1,1000,950,1,950,PREFIX_BINARY,SELECT,11,225601,2008
N1000_K1_UNIFORM_1,1000,950,1,950,PREFIX_BINARY,SELECT,12,152600,2008
N1000_K1_UNIFORM_1,1000,950,1,950,PREFIX_BINARY,SELECT,13,148899,2008
N1000_K1_UNIFORM_1,1000,950,1,950,PREFIX_BINARY,SELECT,14,225199,2008
N1000_K1_UNIFORM_1,1000,950,1,950,PREFIX_BINARY,SELECT,15,206000,2008
N1000_K1_UNIFORM_1,1000,950,1,950,PREFIX_BINARY,SELECT,16,201300,2008
N1000_K1_UNIFORM_1,1000,950,1,950,PREFIX_BINARY,SELECT,17,328201,2008
N1000_K1_UNIFORM_1,1000,950,1,950,PREFIX_BINARY,SELECT,18,1360400,27072
N1000_K1_UNIFORM_1,1000,950,1,950,PREFIX_BINARY,SELECT,19,178601,2008
N1000_K1_UNIFORM_1,1000,950,1,950,PREFIX_BINARY,TOTAL,0,494800,87008
N1000_K1_UNIFORM_1,1000,950,1,950,PREFIX_BINARY,TOTAL,1,423800,87008
N1000_K1_UNIFORM_1,1000,950,1,950,PREFIX_BINARY,TOTAL,2,355301,87008
N1000_K1_UNIFORM_1,1000,950,1,950,PREFIX_BINARY,TOTAL,3,339199,87008
N1000_K1_UNIFORM_1,1000,950,1,950,PREFIX_BINARY,TOTAL,4,359100,87008
N1000_K1_UNIFORM_1,1000,950,1,950,PREFIX_BINARY,TOTAL,5,336700,87008
N1000_K1_UNIFORM_1,1000,950,1,950,PREFIX_BINARY,TOTAL,6,331599,87008
N1000_K1_UNIFORM_1,1000,950,1,950,PREFIX_BINARY,TOTAL,7,329000,87008
N1000_K1_UNIFORM_1,1000,950,1,950,PREFIX_BINARY,TOTAL,8,478299,87008
N1000_K1_UNIFORM_1,1000,950,1,950,PREFIX_BINARY,TOTAL,9,1081001,87008
N1000_K1_UNIFORM_1,1000,950,1,950,PREFIX_BINARY,TOTAL,10,737600,87008
N1000_K1_UNIFORM_1,1000,950,1,950,PREFIX_BINARY,TOTAL,11,624301,87008
N1000_K1_UNIFORM_1,1000,950,1,950,PREFIX_BINARY,TOTAL,12,637501,87008
N1000_K1_UNIFORM_1,1000,950,1,950,PREFIX_BINARY,TOTAL,13,477301,87008
N1000_K1_UNIFORM_1,1000,950,1,950,PREFIX_BINARY,TOTAL,14,405300,87008
N1000_K1_UNIFORM_1,1000,950,1,950,PREFIX_BINARY,TOTAL,15,459300,87008
N1000_K1_UNIFORM_1,1000,950,1,950,PREFIX_BINARY,TOTAL,16,526101,87008
N1000_K1_UNIFORM_1,1000,950,1,950,PREFIX_BINARY,TOTAL,17,514300,87008
N1000_K1_UNIFORM_1,1000,950,1,950,PREFIX_BINARY,TOTAL,18,578199,87008
N1000_K1_UNIFORM_1,1000,950,1,950,PREFIX_BINARY,TOTAL,19,499000,87008
N1000_K1_UNIFORM_1,1000,950,1,950,FENWICK,NORMALIZE,0,317199,69736
N1000_K1_UNIFORM_1,1000,950,1,950,FENWICK,NORMALIZE,1,287599,69736
N1000_K1_UNIFORM_1,1000,950,1,950,FENWICK,NORMALIZE,2,274900,69736
N1000_K1_UNIFORM_1,1000,950,1,950,FENWICK,NORMALIZE,3,251500,69736
N1000_K1_UNIFORM_1,1000,950,1,950,FENWICK,NORMALIZE,4,254799,69736
N1000_K1_UNIFORM_1,1000,950,1,950,FENWICK,NORMALIZE,5,241301,69736
N1000_K1_UNIFORM_1,1000,950,1,950,FENWICK,NORMALIZE,6,231000,69736
N1000_K1_UNIFORM_1,1000,950,1,950,FENWICK,NORMALIZE,7,297700,69736
N1000_K1_UNIFORM_1,1000,950,1,950,FENWICK,NORMALIZE,8,239001,69736
N1000_K1_UNIFORM_1,1000,950,1,950,FENWICK,NORMALIZE,9,237800,69736
N1000_K1_UNIFORM_1,1000,950,1,950,FENWICK,NORMALIZE,10,226701,69736
N1000_K1_UNIFORM_1,1000,950,1,950,FENWICK,NORMALIZE,11,294100,69736
N1000_K1_UNIFORM_1,1000,950,1,950,FENWICK,NORMALIZE,12,286401,69736
N1000_K1_UNIFORM_1,1000,950,1,950,FENWICK,NORMALIZE,13,298200,69736
N1000_K1_UNIFORM_1,1000,950,1,950,FENWICK,NORMALIZE,14,424000,69736
N1000_K1_UNIFORM_1,1000,950,1,950,FENWICK,NORMALIZE,15,361000,69736
N1000_K1_UNIFORM_1,1000,950,1,950,FENWICK,NORMALIZE,16,267400,69736
N1000_K1_UNIFORM_1,1000,950,1,950,FENWICK,NORMALIZE,17,371400,69736
N1000_K1_UNIFORM_1,1000,950,1,950,FENWICK,NORMALIZE,18,255700,69736
N1000_K1_UNIFORM_1,1000,950,1,950,FENWICK,NORMALIZE,19,360300,69736
N1000_K1_UNIFORM_1,1000,950,1,950,FENWICK,BUILD,0,378399,15336
N1000_K1_UNIFORM_1,1000,950,1,950,FENWICK,BUILD,1,285400,15336
N1000_K1_UNIFORM_1,1000,950,1,950,FENWICK,BUILD,2,279499,15336
N1000_K1_UNIFORM_1,1000,950,1,950,FENWICK,BUILD,3,382700,15336
N1000_K1_UNIFORM_1,1000,950,1,950,FENWICK,BUILD,4,314700,15336
N1000_K1_UNIFORM_1,1000,950,1,950,FENWICK,BUILD,5,284899,15336
N1000_K1_UNIFORM_1,1000,950,1,950,FENWICK,BUILD,6,296900,15336
N1000_K1_UNIFORM_1,1000,950,1,950,FENWICK,BUILD,7,289300,15336
N1000_K1_UNIFORM_1,1000,950,1,950,FENWICK,BUILD,8,283799,15336
N1000_K1_UNIFORM_1,1000,950,1,950,FENWICK,BUILD,9,296100,15336
N1000_K1_UNIFORM_1,1000,950,1,950,FENWICK,BUILD,10,292501,15336
N1000_K1_UNIFORM_1,1000,950,1,950,FENWICK,BUILD,11,282800,15336
N1000_K1_UNIFORM_1,1000,950,1,950,FENWICK,BUILD,12,278599,15336
N1000_K1_UNIFORM_1,1000,950,1,950,FENWICK,BUILD,13,310600,15336
N1000_K1_UNIFORM_1,1000,950,1,950,FENWICK,BUILD,14,272000,15336
N1000_K1_UNIFORM_1,1000,950,1,950,FENWICK,BUILD,15,272000,15336
N1000_K1_UNIFORM_1,1000,950,1,950,FENWICK,BUILD,16,271100,15336
N1000_K1_UNIFORM_1,1000,950,1,950,FENWICK,BUILD,17,276000,15336
N1000_K1_UNIFORM_1,1000,950,1,950,FENWICK,BUILD,18,275899,15336
N1000_K1_UNIFORM_1,1000,950,1,950,FENWICK,BUILD,19,276899,15336
N1000_K1_UNIFORM_1,1000,950,1,950,FENWICK,SELECT,0,101601,2008
N1000_K1_UNIFORM_1,1000,950,1,950,FENWICK,SELECT,1,87800,2008
N1000_K1_UNIFORM_1,1000,950,1,950,FENWICK,SELECT,2,92701,2008
N1000_K1_UNIFORM_1,1000,950,1,950,FENWICK,SELECT,3,72700,2008
N1000_K1_UNIFORM_1,1000,950,1,950,FENWICK,SELECT,4,70501,2008
N1000_K1_UNIFORM_1,1000,950,1,950,FENWICK,SELECT,5,68700,2008
N1000_K1_UNIFORM_1,1000,950,1,950,FENWICK,SELECT,6,73400,2008
N1000_K1_UNIFORM_1,1000,950,1,950,FENWICK,SELECT,7,140099,2008
N1000_K1_UNIFORM_1,1000,950,1,950,FENWICK,SELECT,8,99000,2008
N1000_K1_UNIFORM_1,1000,950,1,950,FENWICK,SELECT,9,68300,2008
N1000_K1_UNIFORM_1,1000,950,1,950,FENWICK,SELECT,10,66600,2008
N1000_K1_UNIFORM_1,1000,950,1,950,FENWICK,SELECT,11,62400,2008
N1000_K1_UNIFORM_1,1000,950,1,950,FENWICK,SELECT,12,87300,2008
N1000_K1_UNIFORM_1,1000,950,1,950,FENWICK,SELECT,13,65701,2008
N1000_K1_UNIFORM_1,1000,950,1,950,FENWICK,SELECT,14,66100,2008
N1000_K1_UNIFORM_1,1000,950,1,950,FENWICK,SELECT,15,77000,2008
N1000_K1_UNIFORM_1,1000,950,1,950,FENWICK,SELECT,16,99800,2008
N1000_K1_UNIFORM_1,1000,950,1,950,FENWICK,SELECT,17,77900,2008
N1000_K1_UNIFORM_1,1000,950,1,950,FENWICK,SELECT,18,66499,2008
N1000_K1_UNIFORM_1,1000,950,1,950,FENWICK,SELECT,19,62100,2008
N1000_K1_UNIFORM_1,1000,950,1,950,FENWICK,TOTAL,0,772800,87080
N1000_K1_UNIFORM_1,1000,950,1,950,FENWICK,TOTAL,1,986601,87080
N1000_K1_UNIFORM_1,1000,950,1,950,FENWICK,TOTAL,2,849300,87080
N1000_K1_UNIFORM_1,1000,950,1,950,FENWICK,TOTAL,3,834701,87080
N1000_K1_UNIFORM_1,1000,950,1,950,FENWICK,TOTAL,4,714900,87080
N1000_K1_UNIFORM_1,1000,950,1,950,FENWICK,TOTAL,5,598600,87080
N1000_K1_UNIFORM_1,1000,950,1,950,FENWICK,TOTAL,6,842999,87080
N1000_K1_UNIFORM_1,1000,950,1,950,FENWICK,TOTAL,7,760800,87080
N1000_K1_UNIFORM_1,1000,950,1,950,FENWICK,TOTAL,8,798200,87080
N1000_K1_UNIFORM_1,1000,950,1,950,FENWICK,TOTAL,9,807500,87080
N1000_K1_UNIFORM_1,1000,950,1,950,FENWICK,TOTAL,10,481900,87080
N1000_K1_UNIFORM_1,1000,950,1,950,FENWICK,TOTAL,11,443600,87080
N1000_K1_UNIFORM_1,1000,950,1,950,FENWICK,TOTAL,12,426500,87080
N1000_K1_UNIFORM_1,1000,950,1,950,FENWICK,TOTAL,13,393699,87080
N1000_K1_UNIFORM_1,1000,950,1,950,FENWICK,TOTAL,14,468900,87080
N1000_K1_UNIFORM_1,1000,950,1,950,FENWICK,TOTAL,15,451200,87080
N1000_K1_UNIFORM_1,1000,950,1,950,FENWICK,TOTAL,16,396200,87080
N1000_K1_UNIFORM_1,1000,950,1,950,FENWICK,TOTAL,17,363200,87080
N1000_K1_UNIFORM_1,1000,950,1,950,FENWICK,TOTAL,18,369800,87080
N1000_K1_UNIFORM_1,1000,950,1,950,FENWICK,TOTAL,19,339499,87080
N1000_K9_UNIFORM_1,1000,950,9,950,TICKET_ARRAY,NORMALIZE,0,225299,69736
N1000_K9_UNIFORM_1,1000,950,9,950,TICKET_ARRAY,NORMALIZE,1,224499,69736
N1000_K9_UNIFORM_1,1000,950,9,950,TICKET_ARRAY,NORMALIZE,2,371201,69736
N1000_K9_UNIFORM_1,1000,950,9,950,TICKET_ARRAY,NORMALIZE,3,322000,69736
N1000_K9_UNIFORM_1,1000,950,9,950,TICKET_ARRAY,NORMALIZE,4,336700,69736
N1000_K9_UNIFORM_1,1000,950,9,950,TICKET_ARRAY,NORMALIZE,5,260700,69736
N1000_K9_UNIFORM_1,1000,950,9,950,TICKET_ARRAY,NORMALIZE,6,248400,69736
N1000_K9_UNIFORM_1,1000,950,9,950,TICKET_ARRAY,NORMALIZE,7,270101,69736
N1000_K9_UNIFORM_1,1000,950,9,950,TICKET_ARRAY,NORMALIZE,8,389600,69736
N1000_K9_UNIFORM_1,1000,950,9,950,TICKET_ARRAY,NORMALIZE,9,328700,69736
N1000_K9_UNIFORM_1,1000,950,9,950,TICKET_ARRAY,NORMALIZE,10,256201,69736
N1000_K9_UNIFORM_1,1000,950,9,950,TICKET_ARRAY,NORMALIZE,11,236500,69736
N1000_K9_UNIFORM_1,1000,950,9,950,TICKET_ARRAY,NORMALIZE,12,228201,69736
N1000_K9_UNIFORM_1,1000,950,9,950,TICKET_ARRAY,NORMALIZE,13,235400,69736
N1000_K9_UNIFORM_1,1000,950,9,950,TICKET_ARRAY,NORMALIZE,14,216401,69736
N1000_K9_UNIFORM_1,1000,950,9,950,TICKET_ARRAY,NORMALIZE,15,214000,69736
N1000_K9_UNIFORM_1,1000,950,9,950,TICKET_ARRAY,NORMALIZE,16,213200,69736
N1000_K9_UNIFORM_1,1000,950,9,950,TICKET_ARRAY,NORMALIZE,17,289600,69736
N1000_K9_UNIFORM_1,1000,950,9,950,TICKET_ARRAY,NORMALIZE,18,218399,69736
N1000_K9_UNIFORM_1,1000,950,9,950,TICKET_ARRAY,NORMALIZE,19,258800,69736
N1000_K9_UNIFORM_1,1000,950,9,950,TICKET_ARRAY,BUILD,0,28101,3840
N1000_K9_UNIFORM_1,1000,950,9,950,TICKET_ARRAY,BUILD,1,26799,3840
N1000_K9_UNIFORM_1,1000,950,9,950,TICKET_ARRAY,BUILD,2,94201,3840
N1000_K9_UNIFORM_1,1000,950,9,950,TICKET_ARRAY,BUILD,3,27200,3840
N1000_K9_UNIFORM_1,1000,950,9,950,TICKET_ARRAY,BUILD,4,26199,3840
N1000_K9_UNIFORM_1,1000,950,9,950,TICKET_ARRAY,BUILD,5,46500,3840
N1000_K9_UNIFORM_1,1000,950,9,950,TICKET_ARRAY,BUILD,6,25900,3840
N1000_K9_UNIFORM_1,1000,950,9,950,TICKET_ARRAY,BUILD,7,27100,3840
N1000_K9_UNIFORM_1,1000,950,9,950,TICKET_ARRAY,BUILD,8,25700,3840
N1000_K9_UNIFORM_1,1000,950,9,950,TICKET_ARRAY,BUILD,9,99000,3840
N1000_K9_UNIFORM_1,1000,950,9,950,TICKET_ARRAY,BUILD,10,29100,3840
N1000_K9_UNIFORM_1,1000,950,9,950,TICKET_ARRAY,BUILD,11,25799,3840
N1000_K9_UNIFORM_1,1000,950,9,950,TICKET_ARRAY,BUILD,12,26100,3840
N1000_K9_UNIFORM_1,1000,950,9,950,TICKET_ARRAY,BUILD,13,25801,3840
N1000_K9_UNIFORM_1,1000,950,9,950,TICKET_ARRAY,BUILD,14,25900,3840
N1000_K9_UNIFORM_1,1000,950,9,950,TICKET_ARRAY,BUILD,15,26000,3840
N1000_K9_UNIFORM_1,1000,950,9,950,TICKET_ARRAY,BUILD,16,32499,3840
N1000_K9_UNIFORM_1,1000,950,9,950,TICKET_ARRAY,BUILD,17,58199,3840
N1000_K9_UNIFORM_1,1000,950,9,950,TICKET_ARRAY,BUILD,18,222000,3840
N1000_K9_UNIFORM_1,1000,950,9,950,TICKET_ARRAY,BUILD,19,152300,3840
N1000_K9_UNIFORM_1,1000,950,9,950,TICKET_ARRAY,SELECT,0,249200,3792
N1000_K9_UNIFORM_1,1000,950,9,950,TICKET_ARRAY,SELECT,1,168400,3792
N1000_K9_UNIFORM_1,1000,950,9,950,TICKET_ARRAY,SELECT,2,124499,3792
N1000_K9_UNIFORM_1,1000,950,9,950,TICKET_ARRAY,SELECT,3,228700,3792
N1000_K9_UNIFORM_1,1000,950,9,950,TICKET_ARRAY,SELECT,4,252000,3792
N1000_K9_UNIFORM_1,1000,950,9,950,TICKET_ARRAY,SELECT,5,153700,3792
N1000_K9_UNIFORM_1,1000,950,9,950,TICKET_ARRAY,SELECT,6,108601,3792
N1000_K9_UNIFORM_1,1000,950,9,950,TICKET_ARRAY,SELECT,7,245601,3792
N1000_K9_UNIFORM_1,1000,950,9,950,TICKET_ARRAY,SELECT,8,240800,3792
N1000_K9_UNIFORM_1,1000,950,9,950,TICKET_ARRAY,SELECT,9,199300,3792
N1000_K9_UNIFORM_1,1000,950,9,950,TICKET_ARRAY,SELECT,10,121500,3792
N1000_K9_UNIFORM_1,1000,950,9,950,TICKET_ARRAY,SELECT,11,147601,3792
N1000_K9_UNIFORM_1,1000,950,9,950,TICKET_ARRAY,SELECT,12,148599,3792
N1000_K9_UNIFORM_1,1000,950,9,950,TICKET_ARRAY,SELECT,13,139799,3792
N1000_K9_UNIFORM_1,1000,950,9,950,TICKET_ARRAY,SELECT,14,138200,3792
N1000_K9_UNIFORM_1,1000,950,9,950,TICKET_ARRAY,SELECT,15,97601,3792
N1000_K9_UNIFORM_1,1000,950,9,950,TICKET_ARRAY,SELECT,16,168599,3792
N1000_K9_UNIFORM_1,1000,950,9,950,TICKET_ARRAY,SELECT,17,169800,3792
N1000_K9_UNIFORM_1,1000,950,9,950,TICKET_ARRAY,SELECT,18,148599,3792
N1000_K9_UNIFORM_1,1000,950,9,950,TICKET_ARRAY,SELECT,19,95101,3792
N1000_K9_UNIFORM_1,1000,950,9,950,TICKET_ARRAY,TOTAL,0,454299,77368
N1000_K9_UNIFORM_1,1000,950,9,950,TICKET_ARRAY,TOTAL,1,389500,77368
N1000_K9_UNIFORM_1,1000,950,9,950,TICKET_ARRAY,TOTAL,2,396500,77368
N1000_K9_UNIFORM_1,1000,950,9,950,TICKET_ARRAY,TOTAL,3,368199,77368
N1000_K9_UNIFORM_1,1000,950,9,950,TICKET_ARRAY,TOTAL,4,436300,77368
N1000_K9_UNIFORM_1,1000,950,9,950,TICKET_ARRAY,TOTAL,5,622700,77368
N1000_K9_UNIFORM_1,1000,950,9,950,TICKET_ARRAY,TOTAL,6,482000,77368
N1000_K9_UNIFORM_1,1000,950,9,950,TICKET_ARRAY,TOTAL,7,455201,77368
N1000_K9_UNIFORM_1,1000,950,9,950,TICKET_ARRAY,TOTAL,8,626700,77368
N1000_K9_UNIFORM_1,1000,950,9,950,TICKET_ARRAY,TOTAL,9,773000,77368
N1000_K9_UNIFORM_1,1000,950,9,950,TICKET_ARRAY,TOTAL,10,540800,77368
N1000_K9_UNIFORM_1,1000,950,9,950,TICKET_ARRAY,TOTAL,11,543100,77368
N1000_K9_UNIFORM_1,1000,950,9,950,TICKET_ARRAY,TOTAL,12,540899,77368
N1000_K9_UNIFORM_1,1000,950,9,950,TICKET_ARRAY,TOTAL,13,394701,77368
N1000_K9_UNIFORM_1,1000,950,9,950,TICKET_ARRAY,TOTAL,14,359000,77368
N1000_K9_UNIFORM_1,1000,950,9,950,TICKET_ARRAY,TOTAL,15,351200,77368
N1000_K9_UNIFORM_1,1000,950,9,950,TICKET_ARRAY,TOTAL,16,408300,77368
N1000_K9_UNIFORM_1,1000,950,9,950,TICKET_ARRAY,TOTAL,17,344300,77368
N1000_K9_UNIFORM_1,1000,950,9,950,TICKET_ARRAY,TOTAL,18,877601,77368
N1000_K9_UNIFORM_1,1000,950,9,950,TICKET_ARRAY,TOTAL,19,646899,77368
N1000_K9_UNIFORM_1,1000,950,9,950,PREFIX_LINEAR,NORMALIZE,0,256001,69736
N1000_K9_UNIFORM_1,1000,950,9,950,PREFIX_LINEAR,NORMALIZE,1,231299,69736
N1000_K9_UNIFORM_1,1000,950,9,950,PREFIX_LINEAR,NORMALIZE,2,221600,69736
N1000_K9_UNIFORM_1,1000,950,9,950,PREFIX_LINEAR,NORMALIZE,3,218299,69736
N1000_K9_UNIFORM_1,1000,950,9,950,PREFIX_LINEAR,NORMALIZE,4,216099,69736
N1000_K9_UNIFORM_1,1000,950,9,950,PREFIX_LINEAR,NORMALIZE,5,237600,69736
N1000_K9_UNIFORM_1,1000,950,9,950,PREFIX_LINEAR,NORMALIZE,6,232099,69736
N1000_K9_UNIFORM_1,1000,950,9,950,PREFIX_LINEAR,NORMALIZE,7,220500,69736
N1000_K9_UNIFORM_1,1000,950,9,950,PREFIX_LINEAR,NORMALIZE,8,216800,69736
N1000_K9_UNIFORM_1,1000,950,9,950,PREFIX_LINEAR,NORMALIZE,9,214600,69736
N1000_K9_UNIFORM_1,1000,950,9,950,PREFIX_LINEAR,NORMALIZE,10,214200,69736
N1000_K9_UNIFORM_1,1000,950,9,950,PREFIX_LINEAR,NORMALIZE,11,214200,69736
N1000_K9_UNIFORM_1,1000,950,9,950,PREFIX_LINEAR,NORMALIZE,12,214500,69736
N1000_K9_UNIFORM_1,1000,950,9,950,PREFIX_LINEAR,NORMALIZE,13,214300,69736
N1000_K9_UNIFORM_1,1000,950,9,950,PREFIX_LINEAR,NORMALIZE,14,226901,69736
N1000_K9_UNIFORM_1,1000,950,9,950,PREFIX_LINEAR,NORMALIZE,15,237800,69736
N1000_K9_UNIFORM_1,1000,950,9,950,PREFIX_LINEAR,NORMALIZE,16,218300,69736
N1000_K9_UNIFORM_1,1000,950,9,950,PREFIX_LINEAR,NORMALIZE,17,216100,69736
N1000_K9_UNIFORM_1,1000,950,9,950,PREFIX_LINEAR,NORMALIZE,18,215000,69736
N1000_K9_UNIFORM_1,1000,950,9,950,PREFIX_LINEAR,NORMALIZE,19,215700,69736
N1000_K9_UNIFORM_1,1000,950,9,950,PREFIX_LINEAR,BUILD,0,3200,15264
N1000_K9_UNIFORM_1,1000,950,9,950,PREFIX_LINEAR,BUILD,1,3100,15264
N1000_K9_UNIFORM_1,1000,950,9,950,PREFIX_LINEAR,BUILD,2,3200,15264
N1000_K9_UNIFORM_1,1000,950,9,950,PREFIX_LINEAR,BUILD,3,3199,15264
N1000_K9_UNIFORM_1,1000,950,9,950,PREFIX_LINEAR,BUILD,4,2900,15264
N1000_K9_UNIFORM_1,1000,950,9,950,PREFIX_LINEAR,BUILD,5,2801,15264
N1000_K9_UNIFORM_1,1000,950,9,950,PREFIX_LINEAR,BUILD,6,3000,15264
N1000_K9_UNIFORM_1,1000,950,9,950,PREFIX_LINEAR,BUILD,7,2999,15264
N1000_K9_UNIFORM_1,1000,950,9,950,PREFIX_LINEAR,BUILD,8,2999,15264
N1000_K9_UNIFORM_1,1000,950,9,950,PREFIX_LINEAR,BUILD,9,2901,15264
N1000_K9_UNIFORM_1,1000,950,9,950,PREFIX_LINEAR,BUILD,10,2999,15264
N1000_K9_UNIFORM_1,1000,950,9,950,PREFIX_LINEAR,BUILD,11,3101,15264
N1000_K9_UNIFORM_1,1000,950,9,950,PREFIX_LINEAR,BUILD,12,3000,15264
N1000_K9_UNIFORM_1,1000,950,9,950,PREFIX_LINEAR,BUILD,13,4499,15264
N1000_K9_UNIFORM_1,1000,950,9,950,PREFIX_LINEAR,BUILD,14,2999,15264
N1000_K9_UNIFORM_1,1000,950,9,950,PREFIX_LINEAR,BUILD,15,3200,15264
N1000_K9_UNIFORM_1,1000,950,9,950,PREFIX_LINEAR,BUILD,16,2799,15264
N1000_K9_UNIFORM_1,1000,950,9,950,PREFIX_LINEAR,BUILD,17,3100,15264
N1000_K9_UNIFORM_1,1000,950,9,950,PREFIX_LINEAR,BUILD,18,3001,15264
N1000_K9_UNIFORM_1,1000,950,9,950,PREFIX_LINEAR,BUILD,19,2900,15264
N1000_K9_UNIFORM_1,1000,950,9,950,PREFIX_LINEAR,SELECT,0,158900,3792
N1000_K9_UNIFORM_1,1000,950,9,950,PREFIX_LINEAR,SELECT,1,208401,3792
N1000_K9_UNIFORM_1,1000,950,9,950,PREFIX_LINEAR,SELECT,2,120900,3792
N1000_K9_UNIFORM_1,1000,950,9,950,PREFIX_LINEAR,SELECT,3,78299,3792
N1000_K9_UNIFORM_1,1000,950,9,950,PREFIX_LINEAR,SELECT,4,80400,3792
N1000_K9_UNIFORM_1,1000,950,9,950,PREFIX_LINEAR,SELECT,5,69800,3792
N1000_K9_UNIFORM_1,1000,950,9,950,PREFIX_LINEAR,SELECT,6,171000,3792
N1000_K9_UNIFORM_1,1000,950,9,950,PREFIX_LINEAR,SELECT,7,145300,3792
N1000_K9_UNIFORM_1,1000,950,9,950,PREFIX_LINEAR,SELECT,8,83900,3792
N1000_K9_UNIFORM_1,1000,950,9,950,PREFIX_LINEAR,SELECT,9,94000,3792
N1000_K9_UNIFORM_1,1000,950,9,950,PREFIX_LINEAR,SELECT,10,68199,3792
N1000_K9_UNIFORM_1,1000,950,9,950,PREFIX_LINEAR,SELECT,11,69999,3792
N1000_K9_UNIFORM_1,1000,950,9,950,PREFIX_LINEAR,SELECT,12,68200,3792
N1000_K9_UNIFORM_1,1000,950,9,950,PREFIX_LINEAR,SELECT,13,63600,3792
N1000_K9_UNIFORM_1,1000,950,9,950,PREFIX_LINEAR,SELECT,14,192101,3792
N1000_K9_UNIFORM_1,1000,950,9,950,PREFIX_LINEAR,SELECT,15,98601,3792
N1000_K9_UNIFORM_1,1000,950,9,950,PREFIX_LINEAR,SELECT,16,74600,3792
N1000_K9_UNIFORM_1,1000,950,9,950,PREFIX_LINEAR,SELECT,17,254400,3792
N1000_K9_UNIFORM_1,1000,950,9,950,PREFIX_LINEAR,SELECT,18,91400,3792
N1000_K9_UNIFORM_1,1000,950,9,950,PREFIX_LINEAR,SELECT,19,150401,3792
N1000_K9_UNIFORM_1,1000,950,9,950,PREFIX_LINEAR,TOTAL,0,566500,88792
N1000_K9_UNIFORM_1,1000,950,9,950,PREFIX_LINEAR,TOTAL,1,430501,88792
N1000_K9_UNIFORM_1,1000,950,9,950,PREFIX_LINEAR,TOTAL,2,328700,88792
N1000_K9_UNIFORM_1,1000,950,9,950,PREFIX_LINEAR,TOTAL,3,332501,88792
N1000_K9_UNIFORM_1,1000,950,9,950,PREFIX_LINEAR,TOTAL,4,357500,88792
N1000_K9_UNIFORM_1,1000,950,9,950,PREFIX_LINEAR,TOTAL,5,294500,88792
N1000_K9_UNIFORM_1,1000,950,9,950,PREFIX_LINEAR,TOTAL,6,335300,88792
N1000_K9_UNIFORM_1,1000,950,9,950,PREFIX_LINEAR,TOTAL,7,431999,88792
N1000_K9_UNIFORM_1,1000,950,9,950,PREFIX_LINEAR,TOTAL,8,450000,88792
N1000_K9_UNIFORM_1,1000,950,9,950,PREFIX_LINEAR,TOTAL,9,430901,88792
N1000_K9_UNIFORM_1,1000,950,9,950,PREFIX_LINEAR,TOTAL,10,459400,88792
N1000_K9_UNIFORM_1,1000,950,9,950,PREFIX_LINEAR,TOTAL,11,371800,88792
N1000_K9_UNIFORM_1,1000,950,9,950,PREFIX_LINEAR,TOTAL,12,365300,88792
N1000_K9_UNIFORM_1,1000,950,9,950,PREFIX_LINEAR,TOTAL,13,360600,88792
N1000_K9_UNIFORM_1,1000,950,9,950,PREFIX_LINEAR,TOTAL,14,302001,88792
N1000_K9_UNIFORM_1,1000,950,9,950,PREFIX_LINEAR,TOTAL,15,468201,88792
N1000_K9_UNIFORM_1,1000,950,9,950,PREFIX_LINEAR,TOTAL,16,375901,88792
N1000_K9_UNIFORM_1,1000,950,9,950,PREFIX_LINEAR,TOTAL,17,336300,88792
N1000_K9_UNIFORM_1,1000,950,9,950,PREFIX_LINEAR,TOTAL,18,342799,88792
N1000_K9_UNIFORM_1,1000,950,9,950,PREFIX_LINEAR,TOTAL,19,320800,88792
N1000_K9_UNIFORM_1,1000,950,9,950,PREFIX_BINARY,NORMALIZE,0,216401,69736
N1000_K9_UNIFORM_1,1000,950,9,950,PREFIX_BINARY,NORMALIZE,1,242501,69736
N1000_K9_UNIFORM_1,1000,950,9,950,PREFIX_BINARY,NORMALIZE,2,221500,69736
N1000_K9_UNIFORM_1,1000,950,9,950,PREFIX_BINARY,NORMALIZE,3,217299,69736
N1000_K9_UNIFORM_1,1000,950,9,950,PREFIX_BINARY,NORMALIZE,4,218400,69736
N1000_K9_UNIFORM_1,1000,950,9,950,PREFIX_BINARY,NORMALIZE,5,216199,69736
N1000_K9_UNIFORM_1,1000,950,9,950,PREFIX_BINARY,NORMALIZE,6,213500,69736
N1000_K9_UNIFORM_1,1000,950,9,950,PREFIX_BINARY,NORMALIZE,7,214400,69736
N1000_K9_UNIFORM_1,1000,950,9,950,PREFIX_BINARY,NORMALIZE,8,227601,69736
N1000_K9_UNIFORM_1,1000,950,9,950,PREFIX_BINARY,NORMALIZE,9,219600,69736
N1000_K9_UNIFORM_1,1000,950,9,950,PREFIX_BINARY,NORMALIZE,10,214199,69736
N1000_K9_UNIFORM_1,1000,950,9,950,PREFIX_BINARY,NORMALIZE,11,214500,69736
N1000_K9_UNIFORM_1,1000,950,9,950,PREFIX_BINARY,NORMALIZE,12,236000,69736
N1000_K9_UNIFORM_1,1000,950,9,950,PREFIX_BINARY,NORMALIZE,13,221700,69736
N1000_K9_UNIFORM_1,1000,950,9,950,PREFIX_BINARY,NORMALIZE,14,217199,69736
N1000_K9_UNIFORM_1,1000,950,9,950,PREFIX_BINARY,NORMALIZE,15,259900,69736
N1000_K9_UNIFORM_1,1000,950,9,950,PREFIX_BINARY,NORMALIZE,16,227601,69736
N1000_K9_UNIFORM_1,1000,950,9,950,PREFIX_BINARY,NORMALIZE,17,231199,69736
N1000_K9_UNIFORM_1,1000,950,9,950,PREFIX_BINARY,NORMALIZE,18,216099,69736
N1000_K9_UNIFORM_1,1000,950,9,950,PREFIX_BINARY,NORMALIZE,19,222900,69736
N1000_K9_UNIFORM_1,1000,950,9,950,PREFIX_BINARY,BUILD,0,3000,15264
N1000_K9_UNIFORM_1,1000,950,9,950,PREFIX_BINARY,BUILD,1,2901,15264
N1000_K9_UNIFORM_1,1000,950,9,950,PREFIX_BINARY,BUILD,2,2900,15264
N1000_K9_UNIFORM_1,1000,950,9,950,PREFIX_BINARY,BUILD,3,3100,15264
N1000_K9_UNIFORM_1,1000,950,9,950,PREFIX_BINARY,BUILD,4,3000,15264
N1000_K9_UNIFORM_1,1000,950,9,950,PREFIX_BINARY,BUILD,5,3200,15264
N1000_K9_UNIFORM_1,1000,950,9,950,PREFIX_BINARY,BUILD,6,4399,15264
N1000_K9_UNIFORM_1,1000,950,9,950,PREFIX_BINARY,BUILD,7,3101,15264
N1000_K9_UNIFORM_1,1000,950,9,950,PREFIX_BINARY,BUILD,8,2900,15264
N1000_K9_UNIFORM_1,1000,950,9,950,PREFIX_BINARY,BUILD,9,2800,15264
N1000_K9_UNIFORM_1,1000,950,9,950,PREFIX_BINARY,BUILD,10,2801,15264
N1000_K9_UNIFORM_1,1000,950,9,950,PREFIX_BINARY,BUILD,11,2800,15264
N1000_K9_UNIFORM_1,1000,950,9,950,PREFIX_BINARY,BUILD,12,2700,15264
N1000_K9_UNIFORM_1,1000,950,9,950,PREFIX_BINARY,BUILD,13,3900,15264
N1000_K9_UNIFORM_1,1000,950,9,950,PREFIX_BINARY,BUILD,14,3301,15264
N1000_K9_UNIFORM_1,1000,950,9,950,PREFIX_BINARY,BUILD,15,2900,15264
N1000_K9_UNIFORM_1,1000,950,9,950,PREFIX_BINARY,BUILD,16,2900,15264
N1000_K9_UNIFORM_1,1000,950,9,950,PREFIX_BINARY,BUILD,17,2901,15264
N1000_K9_UNIFORM_1,1000,950,9,950,PREFIX_BINARY,BUILD,18,2800,15264
N1000_K9_UNIFORM_1,1000,950,9,950,PREFIX_BINARY,BUILD,19,3101,15264
N1000_K9_UNIFORM_1,1000,950,9,950,PREFIX_BINARY,SELECT,0,49400,3792
N1000_K9_UNIFORM_1,1000,950,9,950,PREFIX_BINARY,SELECT,1,49001,3792
N1000_K9_UNIFORM_1,1000,950,9,950,PREFIX_BINARY,SELECT,2,44199,3792
N1000_K9_UNIFORM_1,1000,950,9,950,PREFIX_BINARY,SELECT,3,46700,3792
N1000_K9_UNIFORM_1,1000,950,9,950,PREFIX_BINARY,SELECT,4,44701,3792
N1000_K9_UNIFORM_1,1000,950,9,950,PREFIX_BINARY,SELECT,5,47300,3792
N1000_K9_UNIFORM_1,1000,950,9,950,PREFIX_BINARY,SELECT,6,132200,3792
N1000_K9_UNIFORM_1,1000,950,9,950,PREFIX_BINARY,SELECT,7,55400,3792
N1000_K9_UNIFORM_1,1000,950,9,950,PREFIX_BINARY,SELECT,8,47800,3792
N1000_K9_UNIFORM_1,1000,950,9,950,PREFIX_BINARY,SELECT,9,57000,3792
N1000_K9_UNIFORM_1,1000,950,9,950,PREFIX_BINARY,SELECT,10,48300,3792
N1000_K9_UNIFORM_1,1000,950,9,950,PREFIX_BINARY,SELECT,11,45701,3792
N1000_K9_UNIFORM_1,1000,950,9,950,PREFIX_BINARY,SELECT,12,42600,3792
N1000_K9_UNIFORM_1,1000,950,9,950,PREFIX_BINARY,SELECT,13,82301,3792
N1000_K9_UNIFORM_1,1000,950,9,950,PREFIX_BINARY,SELECT,14,51900,3792
N1000_K9_UNIFORM_1,1000,950,9,950,PREFIX_BINARY,SELECT,15,39200,3792
N1000_K9_UNIFORM_1,1000,950,9,950,PREFIX_BINARY,SELECT,16,39699,3792
N1000_K9_UNIFORM_1,1000,950,9,950,PREFIX_BINARY,SELECT,17,42300,3792
N1000_K9_UNIFORM_1,1000,950,9,950,PREFIX_BINARY,SELECT,18,39899,3792
N1000_K9_UNIFORM_1,1000,950,9,950,PREFIX_BINARY,SELECT,19,39801,3792
N1000_K9_UNIFORM_1,1000,950,9,950,PREFIX_BINARY,TOTAL,0,261699,88792
N1000_K9_UNIFORM_1,1000,950,9,950,PREFIX_BINARY,TOTAL,1,264599,88792
N1000_K9_UNIFORM_1,1000,950,9,950,PREFIX_BINARY,TOTAL,2,262101,88792
N1000_K9_UNIFORM_1,1000,950,9,950,PREFIX_BINARY,TOTAL,3,264900,88792
N1000_K9_UNIFORM_1,1000,950,9,950,PREFIX_BINARY,TOTAL,4,283100,88792
N1000_K9_UNIFORM_1,1000,950,9,950,PREFIX_BINARY,TOTAL,5,265500,88792
N1000_K9_UNIFORM_1,1000,950,9,950,PREFIX_BINARY,TOTAL,6,260700,88792
N1000_K9_UNIFORM_1,1000,950,9,950,PREFIX_BINARY,TOTAL,7,369200,88792
N1000_K9_UNIFORM_1,1000,950,9,950,PREFIX_BINARY,TOTAL,8,290800,88792
N1000_K9_UNIFORM_1,1000,950,9,950,PREFIX_BINARY,TOTAL,9,268200,88792
N1000_K9_UNIFORM_1,1000,950,9,950,PREFIX_BINARY,TOTAL,10,281000,88792
N1000_K9_UNIFORM_1,1000,950,9,950,PREFIX_BINARY,TOTAL,11,287599,88792
N1000_K9_UNIFORM_1,1000,950,9,950,PREFIX_BINARY,TOTAL,12,263501,88792
N1000_K9_UNIFORM_1,1000,950,9,950,PREFIX_BINARY,TOTAL,13,262600,88792
N1000_K9_UNIFORM_1,1000,950,9,950,PREFIX_BINARY,TOTAL,14,278599,88792
N1000_K9_UNIFORM_1,1000,950,9,950,PREFIX_BINARY,TOTAL,15,263501,88792
N1000_K9_UNIFORM_1,1000,950,9,950,PREFIX_BINARY,TOTAL,16,265300,88792
N1000_K9_UNIFORM_1,1000,950,9,950,PREFIX_BINARY,TOTAL,17,263601,88792
N1000_K9_UNIFORM_1,1000,950,9,950,PREFIX_BINARY,TOTAL,18,278000,88792
N1000_K9_UNIFORM_1,1000,950,9,950,PREFIX_BINARY,TOTAL,19,265000,88792
N1000_K9_UNIFORM_1,1000,950,9,950,FENWICK,NORMALIZE,0,212600,69736
N1000_K9_UNIFORM_1,1000,950,9,950,FENWICK,NORMALIZE,1,217600,69736
N1000_K9_UNIFORM_1,1000,950,9,950,FENWICK,NORMALIZE,2,216001,69736
N1000_K9_UNIFORM_1,1000,950,9,950,FENWICK,NORMALIZE,3,214500,69736
N1000_K9_UNIFORM_1,1000,950,9,950,FENWICK,NORMALIZE,4,216601,69736
N1000_K9_UNIFORM_1,1000,950,9,950,FENWICK,NORMALIZE,5,215601,69736
N1000_K9_UNIFORM_1,1000,950,9,950,FENWICK,NORMALIZE,6,216800,69736
N1000_K9_UNIFORM_1,1000,950,9,950,FENWICK,NORMALIZE,7,226600,69736
N1000_K9_UNIFORM_1,1000,950,9,950,FENWICK,NORMALIZE,8,218600,69736
N1000_K9_UNIFORM_1,1000,950,9,950,FENWICK,NORMALIZE,9,214500,69736
N1000_K9_UNIFORM_1,1000,950,9,950,FENWICK,NORMALIZE,10,214300,69736
N1000_K9_UNIFORM_1,1000,950,9,950,FENWICK,NORMALIZE,11,213901,69736
N1000_K9_UNIFORM_1,1000,950,9,950,FENWICK,NORMALIZE,12,234900,69736
N1000_K9_UNIFORM_1,1000,950,9,950,FENWICK,NORMALIZE,13,218301,69736
N1000_K9_UNIFORM_1,1000,950,9,950,FENWICK,NORMALIZE,14,215101,69736
N1000_K9_UNIFORM_1,1000,950,9,950,FENWICK,NORMALIZE,15,214000,69736
N1000_K9_UNIFORM_1,1000,950,9,950,FENWICK,NORMALIZE,16,224999,69736
N1000_K9_UNIFORM_1,1000,950,9,950,FENWICK,NORMALIZE,17,215999,69736
N1000_K9_UNIFORM_1,1000,950,9,950,FENWICK,NORMALIZE,18,214000,69736
N1000_K9_UNIFORM_1,1000,950,9,950,FENWICK,NORMALIZE,19,214700,69736
N1000_K9_UNIFORM_1,1000,950,9,950,FENWICK,BUILD,0,52200,15336
N1000_K9_UNIFORM_1,1000,950,9,950,FENWICK,BUILD,1,50100,15336
N1000_K9_UNIFORM_1,1000,950,9,950,FENWICK,BUILD,2,51099,15336
N1000_K9_UNIFORM_1,1000,950,9,950,FENWICK,BUILD,3,36401,15336
N1000_K9_UNIFORM_1,1000,950,9,950,FENWICK,BUILD,4,28700,15336
N1000_K9_UNIFORM_1,1000,950,9,950,FENWICK,BUILD,5,51400,15336
N1000_K9_UNIFORM_1,1000,950,9,950,FENWICK,BUILD,6,33799,15336
N1000_K9_UNIFORM_1,1000,950,9,950,FENWICK,BUILD,7,28100,15336
N1000_K9_UNIFORM_1,1000,950,9,950,FENWICK,BUILD,8,27501,15336
N1000_K9_UNIFORM_1,1000,950,9,950,FENWICK,BUILD,9,27500,15336
N1000_K9_UNIFORM_1,1000,950,9,950,FENWICK,BUILD,10,28000,15336
N1000_K9_UNIFORM_1,1000,950,9,950,FENWICK,BUILD,11,44500,15336
N1000_K9_UNIFORM_1,1000,950,9,950,FENWICK,BUILD,12,27800,15336
N1000_K9_UNIFORM_1,1000,950,9,950,FENWICK,BUILD,13,27700,15336
N1000_K9_UNIFORM_1,1000,950,9,950,FENWICK,BUILD,14,38200,15336
N1000_K9_UNIFORM_1,1000,950,9,950,FENWICK,BUILD,15,55101,15336
N1000_K9_UNIFORM_1,1000,950,9,950,FENWICK,BUILD,16,40900,15336
N1000_K9_UNIFORM_1,1000,950,9,950,FENWICK,BUILD,17,51500,15336
N1000_K9_UNIFORM_1,1000,950,9,950,FENWICK,BUILD,18,29800,15336
N1000_K9_UNIFORM_1,1000,950,9,950,FENWICK,BUILD,19,27901,15336
N1000_K9_UNIFORM_1,1000,950,9,950,FENWICK,SELECT,0,59801,3792
N1000_K9_UNIFORM_1,1000,950,9,950,FENWICK,SELECT,1,119999,3792
N1000_K9_UNIFORM_1,1000,950,9,950,FENWICK,SELECT,2,77000,3792
N1000_K9_UNIFORM_1,1000,950,9,950,FENWICK,SELECT,3,58199,3792
N1000_K9_UNIFORM_1,1000,950,9,950,FENWICK,SELECT,4,57600,3792
N1000_K9_UNIFORM_1,1000,950,9,950,FENWICK,SELECT,5,75301,3792
N1000_K9_UNIFORM_1,1000,950,9,950,FENWICK,SELECT,6,63701,3792
N1000_K9_UNIFORM_1,1000,950,9,950,FENWICK,SELECT,7,59300,3792
N1000_K9_UNIFORM_1,1000,950,9,950,FENWICK,SELECT,8,59500,3792
N1000_K9_UNIFORM_1,1000,950,9,950,FENWICK,SELECT,9,157699,3792
N1000_K9_UNIFORM_1,1000,950,9,950,FENWICK,SELECT,10,143699,3792
N1000_K9_UNIFORM_1,1000,950,9,950,FENWICK,SELECT,11,68600,3792
N1000_K9_UNIFORM_1,1000,950,9,950,FENWICK,SELECT,12,56001,3792
N1000_K9_UNIFORM_1,1000,950,9,950,FENWICK,SELECT,13,51701,3792
N1000_K9_UNIFORM_1,1000,950,9,950,FENWICK,SELECT,14,48899,3792
N1000_K9_UNIFORM_1,1000,950,9,950,FENWICK,SELECT,15,98700,3792
N1000_K9_UNIFORM_1,1000,950,9,950,FENWICK,SELECT,16,220100,3792
N1000_K9_UNIFORM_1,1000,950,9,950,FENWICK,SELECT,17,152199,3792
N1000_K9_UNIFORM_1,1000,950,9,950,FENWICK,SELECT,18,144199,3792
N1000_K9_UNIFORM_1,1000,950,9,950,FENWICK,SELECT,19,109799,3792
N1000_K9_UNIFORM_1,1000,950,9,950,FENWICK,TOTAL,0,380100,88864
N1000_K9_UNIFORM_1,1000,950,9,950,FENWICK,TOTAL,1,382999,88864
N1000_K9_UNIFORM_1,1000,950,9,950,FENWICK,TOTAL,2,377700,88864
N1000_K9_UNIFORM_1,1000,950,9,950,FENWICK,TOTAL,3,318300,88864
N1000_K9_UNIFORM_1,1000,950,9,950,FENWICK,TOTAL,4,339600,88864
N1000_K9_UNIFORM_1,1000,950,9,950,FENWICK,TOTAL,5,310399,88864
N1000_K9_UNIFORM_1,1000,950,9,950,FENWICK,TOTAL,6,292501,88864
N1000_K9_UNIFORM_1,1000,950,9,950,FENWICK,TOTAL,7,759800,88864
N1000_K9_UNIFORM_1,1000,950,9,950,FENWICK,TOTAL,8,530699,88864
N1000_K9_UNIFORM_1,1000,950,9,950,FENWICK,TOTAL,9,494601,88864
N1000_K9_UNIFORM_1,1000,950,9,950,FENWICK,TOTAL,10,518500,88864
N1000_K9_UNIFORM_1,1000,950,9,950,FENWICK,TOTAL,11,418500,88864
N1000_K9_UNIFORM_1,1000,950,9,950,FENWICK,TOTAL,12,620900,88864
N1000_K9_UNIFORM_1,1000,950,9,950,FENWICK,TOTAL,13,436100,88864
N1000_K9_UNIFORM_1,1000,950,9,950,FENWICK,TOTAL,14,378501,88864
N1000_K9_UNIFORM_1,1000,950,9,950,FENWICK,TOTAL,15,407800,88864
N1000_K9_UNIFORM_1,1000,950,9,950,FENWICK,TOTAL,16,706000,88864
N1000_K9_UNIFORM_1,1000,950,9,950,FENWICK,TOTAL,17,390200,88864
N1000_K9_UNIFORM_1,1000,950,9,950,FENWICK,TOTAL,18,349100,88864
N1000_K9_UNIFORM_1,1000,950,9,950,FENWICK,TOTAL,19,322800,88864
N1000_K95_UNIFORM_1,1000,950,95,950,TICKET_ARRAY,NORMALIZE,0,242600,69736
N1000_K95_UNIFORM_1,1000,950,95,950,TICKET_ARRAY,NORMALIZE,1,224900,69736
N1000_K95_UNIFORM_1,1000,950,95,950,TICKET_ARRAY,NORMALIZE,2,263100,69736
N1000_K95_UNIFORM_1,1000,950,95,950,TICKET_ARRAY,NORMALIZE,3,302200,69736
N1000_K95_UNIFORM_1,1000,950,95,950,TICKET_ARRAY,NORMALIZE,4,218100,69736
N1000_K95_UNIFORM_1,1000,950,95,950,TICKET_ARRAY,NORMALIZE,5,213500,69736
N1000_K95_UNIFORM_1,1000,950,95,950,TICKET_ARRAY,NORMALIZE,6,211799,69736
N1000_K95_UNIFORM_1,1000,950,95,950,TICKET_ARRAY,NORMALIZE,7,240199,69736
N1000_K95_UNIFORM_1,1000,950,95,950,TICKET_ARRAY,NORMALIZE,8,295400,69736
N1000_K95_UNIFORM_1,1000,950,95,950,TICKET_ARRAY,NORMALIZE,9,339999,69736
N1000_K95_UNIFORM_1,1000,950,95,950,TICKET_ARRAY,NORMALIZE,10,294600,69736
N1000_K95_UNIFORM_1,1000,950,95,950,TICKET_ARRAY,NORMALIZE,11,314500,69736
N1000_K95_UNIFORM_1,1000,950,95,950,TICKET_ARRAY,NORMALIZE,12,259900,69736
N1000_K95_UNIFORM_1,1000,950,95,950,TICKET_ARRAY,NORMALIZE,13,262000,69736
N1000_K95_UNIFORM_1,1000,950,95,950,TICKET_ARRAY,NORMALIZE,14,262200,69736
N1000_K95_UNIFORM_1,1000,950,95,950,TICKET_ARRAY,NORMALIZE,15,286000,69736
N1000_K95_UNIFORM_1,1000,950,95,950,TICKET_ARRAY,NORMALIZE,16,240801,69736
N1000_K95_UNIFORM_1,1000,950,95,950,TICKET_ARRAY,NORMALIZE,17,216900,69736
N1000_K95_UNIFORM_1,1000,950,95,950,TICKET_ARRAY,NORMALIZE,18,212800,69736
N1000_K95_UNIFORM_1,1000,950,95,950,TICKET_ARRAY,NORMALIZE,19,214799,69736
N1000_K95_UNIFORM_1,1000,950,95,950,TICKET_ARRAY,BUILD,0,4900,3840
N1000_K95_UNIFORM_1,1000,950,95,950,TICKET_ARRAY,BUILD,1,5400,3840
N1000_K95_UNIFORM_1,1000,950,95,950,TICKET_ARRAY,BUILD,2,5000,3840
N1000_K95_UNIFORM_1,1000,950,95,950,TICKET_ARRAY,BUILD,3,5199,3840
N1000_K95_UNIFORM_1,1000,950,95,950,TICKET_ARRAY,BUILD,4,5100,3840
N1000_K95_UNIFORM_1,1000,950,95,950,TICKET_ARRAY,BUILD,5,5101,3840
N1000_K95_UNIFORM_1,1000,950,95,950,TICKET_ARRAY,BUILD,6,5401,3840
N1000_K95_UNIFORM_1,1000,950,95,950,TICKET_ARRAY,BUILD,7,8200,3840
N1000_K95_UNIFORM_1,1000,950,95,950,TICKET_ARRAY,BUILD,8,8501,3840
N1000_K95_UNIFORM_1,1000,950,95,950,TICKET_ARRAY,BUILD,9,8200,3840
N1000_K95_UNIFORM_1,1000,950,95,950,TICKET_ARRAY,BUILD,10,5901,3840
N1000_K95_UNIFORM_1,1000,950,95,950,TICKET_ARRAY,BUILD,11,7700,3840
N1000_K95_UNIFORM_1,1000,950,95,950,TICKET_ARRAY,BUILD,12,5501,3840
N1000_K95_UNIFORM_1,1000,950,95,950,TICKET_ARRAY,BUILD,13,6800,3840
N1000_K95_UNIFORM_1,1000,950,95,950,TICKET_ARRAY,BUILD,14,5800,3840
N1000_K95_UNIFORM_1,1000,950,95,950,TICKET_ARRAY,BUILD,15,6800,3840
N1000_K95_UNIFORM_1,1000,950,95,950,TICKET_ARRAY,BUILD,16,5401,3840
N1000_K95_UNIFORM_1,1000,950,95,950,TICKET_ARRAY,BUILD,17,5300,3840
N1000_K95_UNIFORM_1,1000,950,95,950,TICKET_ARRAY,BUILD,18,5401,3840
N1000_K95_UNIFORM_1,1000,950,95,950,TICKET_ARRAY,BUILD,19,5000,3840
N1000_K95_UNIFORM_1,1000,950,95,950,TICKET_ARRAY,SELECT,0,192499,24536
N1000_K95_UNIFORM_1,1000,950,95,950,TICKET_ARRAY,SELECT,1,194600,24536
N1000_K95_UNIFORM_1,1000,950,95,950,TICKET_ARRAY,SELECT,2,280399,24536
N1000_K95_UNIFORM_1,1000,950,95,950,TICKET_ARRAY,SELECT,3,200400,24536
N1000_K95_UNIFORM_1,1000,950,95,950,TICKET_ARRAY,SELECT,4,198100,24536
N1000_K95_UNIFORM_1,1000,950,95,950,TICKET_ARRAY,SELECT,5,197800,24536
N1000_K95_UNIFORM_1,1000,950,95,950,TICKET_ARRAY,SELECT,6,202701,24536
N1000_K95_UNIFORM_1,1000,950,95,950,TICKET_ARRAY,SELECT,7,193700,24536
N1000_K95_UNIFORM_1,1000,950,95,950,TICKET_ARRAY,SELECT,8,195200,24536
N1000_K95_UNIFORM_1,1000,950,95,950,TICKET_ARRAY,SELECT,9,282500,24536
N1000_K95_UNIFORM_1,1000,950,95,950,TICKET_ARRAY,SELECT,10,206200,24536
N1000_K95_UNIFORM_1,1000,950,95,950,TICKET_ARRAY,SELECT,11,195701,24536
N1000_K95_UNIFORM_1,1000,950,95,950,TICKET_ARRAY,SELECT,12,200600,24536
N1000_K95_UNIFORM_1,1000,950,95,950,TICKET_ARRAY,SELECT,13,199200,24536
N1000_K95_UNIFORM_1,1000,950,95,950,TICKET_ARRAY,SELECT,14,205001,24536
N1000_K95_UNIFORM_1,1000,950,95,950,TICKET_ARRAY,SELECT,15,195101,24536
N1000_K95_UNIFORM_1,1000,950,95,950,TICKET_ARRAY,SELECT,16,246200,24536
N1000_K95_UNIFORM_1,1000,950,95,950,TICKET_ARRAY,SELECT,17,205101,24536
N1000_K95_UNIFORM_1,1000,950,95,950,TICKET_ARRAY,SELECT,18,187200,24536
N1000_K95_UNIFORM_1,1000,950,95,950,TICKET_ARRAY,SELECT,19,729001,25472
N1000_K95_UNIFORM_1,1000,950,95,950,TICKET_ARRAY,TOTAL,0,600501,98112
N1000_K95_UNIFORM_1,1000,950,95,950,TICKET_ARRAY,TOTAL,1,566800,98112
N1000_K95_UNIFORM_1,1000,950,95,950,TICKET_ARRAY,TOTAL,2,510101,98112
N1000_K95_UNIFORM_1,1000,950,95,950,TICKET_ARRAY,TOTAL,3,527800,98112
N1000_K95_UNIFORM_1,1000,950,95,950,TICKET_ARRAY,TOTAL,4,464800,98112
N1000_K95_UNIFORM_1,1000,950,95,950,TICKET_ARRAY,TOTAL,5,1031300,98248
N1000_K95_UNIFORM_1,1000,950,95,950,TICKET_ARRAY,TOTAL,6,597500,98112
N1000_K95_UNIFORM_1,1000,950,95,950,TICKET_ARRAY,TOTAL,7,464199,98112
N1000_K95_UNIFORM_1,1000,950,95,950,TICKET_ARRAY,TOTAL,8,450400,98112
N1000_K95_UNIFORM_1,1000,950,95,950,TICKET_ARRAY,TOTAL,9,442900,98112
N1000_K95_UNIFORM_1,1000,950,95,950,TICKET_ARRAY,TOTAL,10,446201,98112
N1000_K95_UNIFORM_1,1000,950,95,950,TICKET_ARRAY,TOTAL,11,638799,98736
N1000_K95_UNIFORM_1,1000,950,95,950,TICKET_ARRAY,TOTAL,12,427301,98112
N1000_K95_UNIFORM_1,1000,950,95,950,TICKET_ARRAY,TOTAL,13,412001,98112
N1000_K95_UNIFORM_1,1000,950,95,950,TICKET_ARRAY,TOTAL,14,442700,98112
N1000_K95_UNIFORM_1,1000,950,95,950,TICKET_ARRAY,TOTAL,15,455999,98112
N1000_K95_UNIFORM_1,1000,950,95,950,TICKET_ARRAY,TOTAL,16,426899,98112
N1000_K95_UNIFORM_1,1000,950,95,950,TICKET_ARRAY,TOTAL,17,407700,98112
N1000_K95_UNIFORM_1,1000,950,95,950,TICKET_ARRAY,TOTAL,18,440099,98112
N1000_K95_UNIFORM_1,1000,950,95,950,TICKET_ARRAY,TOTAL,19,581400,98112
N1000_K95_UNIFORM_1,1000,950,95,950,PREFIX_LINEAR,NORMALIZE,0,315100,69736
N1000_K95_UNIFORM_1,1000,950,95,950,PREFIX_LINEAR,NORMALIZE,1,445600,69736
N1000_K95_UNIFORM_1,1000,950,95,950,PREFIX_LINEAR,NORMALIZE,2,317000,69736
N1000_K95_UNIFORM_1,1000,950,95,950,PREFIX_LINEAR,NORMALIZE,3,319000,69736
N1000_K95_UNIFORM_1,1000,950,95,950,PREFIX_LINEAR,NORMALIZE,4,297200,69736
N1000_K95_UNIFORM_1,1000,950,95,950,PREFIX_LINEAR,NORMALIZE,5,292901,69736
N1000_K95_UNIFORM_1,1000,950,95,950,PREFIX_LINEAR,NORMALIZE,6,347499,69736
N1000_K95_UNIFORM_1,1000,950,95,950,PREFIX_LINEAR,NORMALIZE,7,358799,69736
N1000_K95_UNIFORM_1,1000,950,95,950,PREFIX_LINEAR,NORMALIZE,8,317800,69736
N1000_K95_UNIFORM_1,1000,950,95,950,PREFIX_LINEAR,NORMALIZE,9,320500,69736
N1000_K95_UNIFORM_1,1000,950,95,950,PREFIX_LINEAR,NORMALIZE,10,274800,69736
N1000_K95_UNIFORM_1,1000,950,95,950,PREFIX_LINEAR,NORMALIZE,11,277300,69736
N1000_K95_UNIFORM_1,1000,950,95,950,PREFIX_LINEAR,NORMALIZE,12,359500,69736
N1000_K95_UNIFORM_1,1000,950,95,950,PREFIX_LINEAR,NORMALIZE,13,240600,69736
N1000_K95_UNIFORM_1,1000,950,95,950,PREFIX_LINEAR,NORMALIZE,14,226201,69736
N1000_K95_UNIFORM_1,1000,950,95,950,PREFIX_LINEAR,NORMALIZE,15,224100,69736
N1000_K95_UNIFORM_1,1000,950,95,950,PREFIX_LINEAR,NORMALIZE,16,220500,69736
N1000_K95_UNIFORM_1,1000,950,95,950,PREFIX_LINEAR,NORMALIZE,17,220900,69736
N1000_K95_UNIFORM_1,1000,950,95,950,PREFIX_LINEAR,NORMALIZE,18,220099,69736
N1000_K95_UNIFORM_1,1000,950,95,950,PREFIX_LINEAR,NORMALIZE,19,292599,69736
N1000_K95_UNIFORM_1,1000,950,95,950,PREFIX_LINEAR,BUILD,0,3300,15264
N1000_K95_UNIFORM_1,1000,950,95,950,PREFIX_LINEAR,BUILD,1,3199,15264
N1000_K95_UNIFORM_1,1000,950,95,950,PREFIX_LINEAR,BUILD,2,9500,15264
N1000_K95_UNIFORM_1,1000,950,95,950,PREFIX_LINEAR,BUILD,3,3400,15264
N1000_K95_UNIFORM_1,1000,950,95,950,PREFIX_LINEAR,BUILD,4,3201,15264
N1000_K95_UNIFORM_1,1000,950,95,950,PREFIX_LINEAR,BUILD,5,3300,15264
N1000_K95_UNIFORM_1,1000,950,95,950,PREFIX_LINEAR,BUILD,6,10699,15264
N1000_K95_UNIFORM_1,1000,950,95,950,PREFIX_LINEAR,BUILD,7,3099,15264
N1000_K95_UNIFORM_1,1000,950,95,950,PREFIX_LINEAR,BUILD,8,3100,15264
N1000_K95_UNIFORM_1,1000,950,95,950,PREFIX_LINEAR,BUILD,9,12899,15264
N1000_K95_UNIFORM_1,1000,950,95,950,PREFIX_LINEAR,BUILD,10,3300,15264
N1000_K95_UNIFORM_1,1000,950,95,950,PREFIX_LINEAR,BUILD,11,3599,15264
N1000_K95_UNIFORM_1,1000,950,95,950,PREFIX_LINEAR,BUILD,12,13800,15264
N1000_K95_UNIFORM_1,1000,950,95,950,PREFIX_LINEAR,BUILD,13,3300,15264
N1000_K95_UNIFORM_1,1000,950,95,950,PREFIX_LINEAR,BUILD,14,3399,15264
N1000_K95_UNIFORM_1,1000,950,95,950,PREFIX_LINEAR,BUILD,15,9699,15264
N1000_K95_UNIFORM_1,1000,950,95,950,PREFIX_LINEAR,BUILD,16,3201,15264
N1000_K95_UNIFORM_1,1000,950,95,950,PREFIX_LINEAR,BUILD,17,3200,15264
N1000_K95_UNIFORM_1,1000,950,95,950,PREFIX_LINEAR,BUILD,18,3599,15264
N1000_K95_UNIFORM_1,1000,950,95,950,PREFIX_LINEAR,BUILD,19,9699,15264
N1000_K95_UNIFORM_1,1000,950,95,950,PREFIX_LINEAR,SELECT,0,279900,24536
N1000_K95_UNIFORM_1,1000,950,95,950,PREFIX_LINEAR,SELECT,1,155500,24536
N1000_K95_UNIFORM_1,1000,950,95,950,PREFIX_LINEAR,SELECT,2,200600,24536
N1000_K95_UNIFORM_1,1000,950,95,950,PREFIX_LINEAR,SELECT,3,154000,24536
N1000_K95_UNIFORM_1,1000,950,95,950,PREFIX_LINEAR,SELECT,4,121300,24536
N1000_K95_UNIFORM_1,1000,950,95,950,PREFIX_LINEAR,SELECT,5,186700,24536
N1000_K95_UNIFORM_1,1000,950,95,950,PREFIX_LINEAR,SELECT,6,112900,24536
N1000_K95_UNIFORM_1,1000,950,95,950,PREFIX_LINEAR,SELECT,7,145899,24536
N1000_K95_UNIFORM_1,1000,950,95,950,PREFIX_LINEAR,SELECT,8,162100,24536
N1000_K95_UNIFORM_1,1000,950,95,950,PREFIX_LINEAR,SELECT,9,130100,24536
N1000_K95_UNIFORM_1,1000,950,95,950,PREFIX_LINEAR,SELECT,10,148201,24536
N1000_K95_UNIFORM_1,1000,950,95,950,PREFIX_LINEAR,SELECT,11,106500,24536
N1000_K95_UNIFORM_1,1000,950,95,950,PREFIX_LINEAR,SELECT,12,131801,24536
N1000_K95_UNIFORM_1,1000,950,95,950,PREFIX_LINEAR,SELECT,13,124400,24536
N1000_K95_UNIFORM_1,1000,950,95,950,PREFIX_LINEAR,SELECT,14,109399,24536
N1000_K95_UNIFORM_1,1000,950,95,950,PREFIX_LINEAR,SELECT,15,104399,24536
N1000_K95_UNIFORM_1,1000,950,95,950,PREFIX_LINEAR,SELECT,16,122700,24536
N1000_K95_UNIFORM_1,1000,950,95,950,PREFIX_LINEAR,SELECT,17,119900,24536
N1000_K95_UNIFORM_1,1000,950,95,950,PREFIX_LINEAR,SELECT,18,118100,24536
N1000_K95_UNIFORM_1,1000,950,95,950,PREFIX_LINEAR,SELECT,19,204699,24536
N1000_K95_UNIFORM_1,1000,950,95,950,PREFIX_LINEAR,TOTAL,0,460699,104216
N1000_K95_UNIFORM_1,1000,950,95,950,PREFIX_LINEAR,TOTAL,1,452299,104216
N1000_K95_UNIFORM_1,1000,950,95,950,PREFIX_LINEAR,TOTAL,2,853899,104216
N1000_K95_UNIFORM_1,1000,950,95,950,PREFIX_LINEAR,TOTAL,3,744000,104216
N1000_K95_UNIFORM_1,1000,950,95,950,PREFIX_LINEAR,TOTAL,4,758401,104216
N1000_K95_UNIFORM_1,1000,950,95,950,PREFIX_LINEAR,TOTAL,5,563301,104216
N1000_K95_UNIFORM_1,1000,950,95,950,PREFIX_LINEAR,TOTAL,6,520300,104216
N1000_K95_UNIFORM_1,1000,950,95,950,PREFIX_LINEAR,TOTAL,7,439000,104216
N1000_K95_UNIFORM_1,1000,950,95,950,PREFIX_LINEAR,TOTAL,8,466600,104216
N1000_K95_UNIFORM_1,1000,950,95,950,PREFIX_LINEAR,TOTAL,9,524800,104216
N1000_K95_UNIFORM_1,1000,950,95,950,PREFIX_LINEAR,TOTAL,10,580000,104216
N1000_K95_UNIFORM_1,1000,950,95,950,PREFIX_LINEAR,TOTAL,11,453801,104216
N1000_K95_UNIFORM_1,1000,950,95,950,PREFIX_LINEAR,TOTAL,12,367400,104216
N1000_K95_UNIFORM_1,1000,950,95,950,PREFIX_LINEAR,TOTAL,13,426101,104216
N1000_K95_UNIFORM_1,1000,950,95,950,PREFIX_LINEAR,TOTAL,14,407001,104216
N1000_K95_UNIFORM_1,1000,950,95,950,PREFIX_LINEAR,TOTAL,15,344100,104216
N1000_K95_UNIFORM_1,1000,950,95,950,PREFIX_LINEAR,TOTAL,16,495300,104560
N1000_K95_UNIFORM_1,1000,950,95,950,PREFIX_LINEAR,TOTAL,17,485100,104216
N1000_K95_UNIFORM_1,1000,950,95,950,PREFIX_LINEAR,TOTAL,18,668399,104216
N1000_K95_UNIFORM_1,1000,950,95,950,PREFIX_LINEAR,TOTAL,19,404900,104216
N1000_K95_UNIFORM_1,1000,950,95,950,PREFIX_BINARY,NORMALIZE,0,375000,69736
N1000_K95_UNIFORM_1,1000,950,95,950,PREFIX_BINARY,NORMALIZE,1,339800,69736
N1000_K95_UNIFORM_1,1000,950,95,950,PREFIX_BINARY,NORMALIZE,2,330000,69736
N1000_K95_UNIFORM_1,1000,950,95,950,PREFIX_BINARY,NORMALIZE,3,357300,69736
N1000_K95_UNIFORM_1,1000,950,95,950,PREFIX_BINARY,NORMALIZE,4,330901,69736
N1000_K95_UNIFORM_1,1000,950,95,950,PREFIX_BINARY,NORMALIZE,5,258500,69736
N1000_K95_UNIFORM_1,1000,950,95,950,PREFIX_BINARY,NORMALIZE,6,307200,69736
N1000_K95_UNIFORM_1,1000,950,95,950,PREFIX_BINARY,NORMALIZE,7,309901,69736
N1000_K95_UNIFORM_1,1000,950,95,950,PREFIX_BINARY,NORMALIZE,8,241801,69736
N1000_K95_UNIFORM_1,1000,950,95,950,PREFIX_BINARY,NORMALIZE,9,227900,69736
N1000_K95_UNIFORM_1,1000,950,95,950,PREFIX_BINARY,NORMALIZE,10,235001,69736
N1000_K95_UNIFORM_1,1000,950,95,950,PREFIX_BINARY,NORMALIZE,11,236500,69736
N1000_K95_UNIFORM_1,1000,950,95,950,PREFIX_BINARY,NORMALIZE,12,224700,69736
N1000_K95_UNIFORM_1,1000,950,95,950,PREFIX_BINARY,NORMALIZE,13,233799,69736
N1000_K95_UNIFORM_1,1000,950,95,950,PREFIX_BINARY,NORMALIZE,14,232399,69736
N1000_K95_UNIFORM_1,1000,950,95,950,PREFIX_BINARY,NORMALIZE,15,359200,69736
N1000_K95_UNIFORM_1,1000,950,95,950,PREFIX_BINARY,NORMALIZE,16,381199,69736
N1000_K95_UNIFORM_1,1000,950,95,950,PREFIX_BINARY,NORMALIZE,17,395700,69736
N1000_K95_UNIFORM_1,1000,950,95,950,PREFIX_BINARY,NORMALIZE,18,580600,69736
N1000_K95_UNIFORM_1,1000,950,95,950,PREFIX_BINARY,NORMALIZE,19,355300,69736
N1000_K95_UNIFORM_1,1000,950,95,950,PREFIX_BINARY,BUILD,0,37000,15264
N1000_K95_UNIFORM_1,1000,950,95,950,PREFIX_BINARY,BUILD,1,4399,15264
N1000_K95_UNIFORM_1,1000,950,95,950,PREFIX_BINARY,BUILD,2,23500,15264
N1000_K95_UNIFORM_1,1000,950,95,950,PREFIX_BINARY,BUILD,3,3999,15264
N1000_K95_UNIFORM_1,1000,950,95,950,PREFIX_BINARY,BUILD,4,3100,15264
N1000_K95_UNIFORM_1,1000,950,95,950,PREFIX_BINARY,BUILD,5,2901,15264
N1000_K95_UNIFORM_1,1000,950,95,950,PREFIX_BINARY,BUILD,6,11299,15264
N1000_K95_UNIFORM_1,1000,950,95,950,PREFIX_BINARY,BUILD,7,3300,15264
N1000_K95_UNIFORM_1,1000,950,95,950,PREFIX_BINARY,BUILD,8,11600,15264
N1000_K95_UNIFORM_1,1000,950,95,950,PREFIX_BINARY,BUILD,9,9500,15264
N1000_K95_UNIFORM_1,1000,950,95,950,PREFIX_BINARY,BUILD,10,2801,15264
N1000_K95_UNIFORM_1,1000,950,95,950,PREFIX_BINARY,BUILD,11,2900,15264
N1000_K95_UNIFORM_1,1000,950,95,950,PREFIX_BINARY,BUILD,12,3000,15264
N1000_K95_UNIFORM_1,1000,950,95,950,PREFIX_BINARY,BUILD,13,3001,15264
N1000_K95_UNIFORM_1,1000,950,95,950,PREFIX_BINARY,BUILD,14,3001,15264
N1000_K95_UNIFORM_1,1000,950,95,950,PREFIX_BINARY,BUILD,15,2901,15264
N1000_K95_UNIFORM_1,1000,950,95,950,PREFIX_BINARY,BUILD,16,18000,15264
N1000_K95_UNIFORM_1,1000,950,95,950,PREFIX_BINARY,BUILD,17,5200,15264
N1000_K95_UNIFORM_1,1000,950,95,950,PREFIX_BINARY,BUILD,18,6600,15264
N1000_K95_UNIFORM_1,1000,950,95,950,PREFIX_BINARY,BUILD,19,18101,15264
N1000_K95_UNIFORM_1,1000,950,95,950,PREFIX_BINARY,SELECT,0,179701,19216
N1000_K95_UNIFORM_1,1000,950,95,950,PREFIX_BINARY,SELECT,1,175300,19216
N1000_K95_UNIFORM_1,1000,950,95,950,PREFIX_BINARY,SELECT,2,141801,19216
N1000_K95_UNIFORM_1,1000,950,95,950,PREFIX_BINARY,SELECT,3,109800,19216
N1000_K95_UNIFORM_1,1000,950,95,950,PREFIX_BINARY,SELECT,4,126700,19216
N1000_K95_UNIFORM_1,1000,950,95,950,PREFIX_BINARY,SELECT,5,438701,19216
N1000_K95_UNIFORM_1,1000,950,95,950,PREFIX_BINARY,SELECT,6,333800,19216
N1000_K95_UNIFORM_1,1000,950,95,950,PREFIX_BINARY,SELECT,7,308901,19216
N1000_K95_UNIFORM_1,1000,950,95,950,PREFIX_BINARY,SELECT,8,160199,19216
N1000_K95_UNIFORM_1,1000,950,95,950,PREFIX_BINARY,SELECT,9,169201,19216
N1000_K95_UNIFORM_1,1000,950,95,950,PREFIX_BINARY,SELECT,10,229300,19216
N1000_K95_UNIFORM_1,1000,950,95,950,PREFIX_BINARY,SELECT,11,212900,19216
N1000_K95_UNIFORM_1,1000,950,95,950,PREFIX_BINARY,SELECT,12,113900,19216
N1000_K95_UNIFORM_1,1000,950,95,950,PREFIX_BINARY,SELECT,13,108700,19216
N1000_K95_UNIFORM_1,1000,950,95,950,PREFIX_BINARY,SELECT,14,164700,19216
N1000_K95_UNIFORM_1,1000,950,95,950,PREFIX_BINARY,SELECT,15,109799,19216
N1000_K95_UNIFORM_1,1000,950,95,950,PREFIX_BINARY,SELECT,16,93801,19216
N1000_K95_UNIFORM_1,1000,950,95,950,PREFIX_BINARY,SELECT,17,89900,19216
N1000_K95_UNIFORM_1,1000,950,95,950,PREFIX_BINARY,SELECT,18,89200,19216
N1000_K95_UNIFORM_1,1000,950,95,950,PREFIX_BINARY,SELECT,19,193200,19216
N1000_K95_UNIFORM_1,1000,950,95,950,PREFIX_BINARY,TOTAL,0,479500,103944
N1000_K95_UNIFORM_1,1000,950,95,950,PREFIX_BINARY,TOTAL,1,400700,103944
N1000_K95_UNIFORM_1,1000,950,95,950,PREFIX_BINARY,TOTAL,2,376501,103944
N1000_K95_UNIFORM_1,1000,950,95,950,PREFIX_BINARY,TOTAL,3,345800,103944
N1000_K95_UNIFORM_1,1000,950,95,950,PREFIX_BINARY,TOTAL,4,342500,103944
N1000_K95_UNIFORM_1,1000,950,95,950,PREFIX_BINARY,TOTAL,5,336700,103944
N1000_K95_UNIFORM_1,1000,950,95,950,PREFIX_BINARY,TOTAL,6,330900,103944
N1000_K95_UNIFORM_1,1000,950,95,950,PREFIX_BINARY,TOTAL,7,345800,103944
N1000_K95_UNIFORM_1,1000,950,95,950,PREFIX_BINARY,TOTAL,8,311001,103944
N1000_K95_UNIFORM_1,1000,950,95,950,PREFIX_BINARY,TOTAL,9,317200,103944
N1000_K95_UNIFORM_1,1000,950,95,950,PREFIX_BINARY,TOTAL,10,358700,103944
N1000_K95_UNIFORM_1,1000,950,95,950,PREFIX_BINARY,TOTAL,11,427200,103944
N1000_K95_UNIFORM_1,1000,950,95,950,PREFIX_BINARY,TOTAL,12,365801,103944
N1000_K95_UNIFORM_1,1000,950,95,950,PREFIX_BINARY,TOTAL,13,341800,103944
N1000_K95_UNIFORM_1,1000,950,95,950,PREFIX_BINARY,TOTAL,14,356100,103944
N1000_K95_UNIFORM_1,1000,950,95,950,PREFIX_BINARY,TOTAL,15,333399,103944
N1000_K95_UNIFORM_1,1000,950,95,950,PREFIX_BINARY,TOTAL,16,473600,103944
N1000_K95_UNIFORM_1,1000,950,95,950,PREFIX_BINARY,TOTAL,17,611000,103944
N1000_K95_UNIFORM_1,1000,950,95,950,PREFIX_BINARY,TOTAL,18,554500,103944
N1000_K95_UNIFORM_1,1000,950,95,950,PREFIX_BINARY,TOTAL,19,467999,103944
N1000_K95_UNIFORM_1,1000,950,95,950,FENWICK,NORMALIZE,0,267900,69736
N1000_K95_UNIFORM_1,1000,950,95,950,FENWICK,NORMALIZE,1,235900,69736
N1000_K95_UNIFORM_1,1000,950,95,950,FENWICK,NORMALIZE,2,246300,69736
N1000_K95_UNIFORM_1,1000,950,95,950,FENWICK,NORMALIZE,3,227199,69736
N1000_K95_UNIFORM_1,1000,950,95,950,FENWICK,NORMALIZE,4,223399,69736
N1000_K95_UNIFORM_1,1000,950,95,950,FENWICK,NORMALIZE,5,237400,69736
N1000_K95_UNIFORM_1,1000,950,95,950,FENWICK,NORMALIZE,6,265000,69736
N1000_K95_UNIFORM_1,1000,950,95,950,FENWICK,NORMALIZE,7,230400,69736
N1000_K95_UNIFORM_1,1000,950,95,950,FENWICK,NORMALIZE,8,226200,69736
N1000_K95_UNIFORM_1,1000,950,95,950,FENWICK,NORMALIZE,9,221800,69736
N1000_K95_UNIFORM_1,1000,950,95,950,FENWICK,NORMALIZE,10,294500,69736
N1000_K95_UNIFORM_1,1000,950,95,950,FENWICK,NORMALIZE,11,233900,69736
N1000_K95_UNIFORM_1,1000,950,95,950,FENWICK,NORMALIZE,12,529601,69736
N1000_K95_UNIFORM_1,1000,950,95,950,FENWICK,NORMALIZE,13,410201,69736
N1000_K95_UNIFORM_1,1000,950,95,950,FENWICK,NORMALIZE,14,416900,69736
N1000_K95_UNIFORM_1,1000,950,95,950,FENWICK,NORMALIZE,15,442900,69736
N1000_K95_UNIFORM_1,1000,950,95,950,FENWICK,NORMALIZE,16,460100,69736
N1000_K95_UNIFORM_1,1000,950,95,950,FENWICK,NORMALIZE,17,509301,69736
N1000_K95_UNIFORM_1,1000,950,95,950,FENWICK,NORMALIZE,18,442700,69736
N1000_K95_UNIFORM_1,1000,950,95,950,FENWICK,NORMALIZE,19,448899,69736
N1000_K95_UNIFORM_1,1000,950,95,950,FENWICK,BUILD,0,9201,15336
N1000_K95_UNIFORM_1,1000,950,95,950,FENWICK,BUILD,1,8699,15336
N1000_K95_UNIFORM_1,1000,950,95,950,FENWICK,BUILD,2,8500,15336
N1000_K95_UNIFORM_1,1000,950,95,950,FENWICK,BUILD,3,15300,15336
N1000_K95_UNIFORM_1,1000,950,95,950,FENWICK,BUILD,4,8899,15336
N1000_K95_UNIFORM_1,1000,950,95,950,FENWICK,BUILD,5,11100,15336
N1000_K95_UNIFORM_1,1000,950,95,950,FENWICK,BUILD,6,36500,15336
N1000_K95_UNIFORM_1,1000,950,95,950,FENWICK,BUILD,7,10601,15336
N1000_K95_UNIFORM_1,1000,950,95,950,FENWICK,BUILD,8,9401,15336
N1000_K95_UNIFORM_1,1000,950,95,950,FENWICK,BUILD,9,12100,15336
N1000_K95_UNIFORM_1,1000,950,95,950,FENWICK,BUILD,10,9000,15336
N1000_K95_UNIFORM_1,1000,950,95,950,FENWICK,BUILD,11,16000,15336
N1000_K95_UNIFORM_1,1000,950,95,950,FENWICK,BUILD,12,17600,15336
N1000_K95_UNIFORM_1,1000,950,95,950,FENWICK,BUILD,13,12300,15336
N1000_K95_UNIFORM_1,1000,950,95,950,FENWICK,BUILD,14,13300,15336
N1000_K95_UNIFORM_1,1000,950,95,950,FENWICK,BUILD,15,17101,15336
N1000_K95_UNIFORM_1,1000,950,95,950,FENWICK,BUILD,16,28200,15336
N1000_K95_UNIFORM_1,1000,950,95,950,FENWICK,BUILD,17,12500,15336
N1000_K95_UNIFORM_1,1000,950,95,950,FENWICK,BUILD,18,9599,15336
N1000_K95_UNIFORM_1,1000,950,95,950,FENWICK,BUILD,19,14200,15336
N1000_K95_UNIFORM_1,1000,950,95,950,FENWICK,SELECT,0,73900,18944
N1000_K95_UNIFORM_1,1000,950,95,950,FENWICK,SELECT,1,87900,18944
N1000_K95_UNIFORM_1,1000,950,95,950,FENWICK,SELECT,2,77699,18944
N1000_K95_UNIFORM_1,1000,950,95,950,FENWICK,SELECT,3,70499,18944
N1000_K95_UNIFORM_1,1000,950,95,950,FENWICK,SELECT,4,77001,18944
N1000_K95_UNIFORM_1,1000,950,95,950,FENWICK,SELECT,5,66999,18944
N1000_K95_UNIFORM_1,1000,950,95,950,FENWICK,SELECT,6,145000,18944
N1000_K95_UNIFORM_1,1000,950,95,950,FENWICK,SELECT,7,99800,18944
N1000_K95_UNIFORM_1,1000,950,95,950,FENWICK,SELECT,8,88300,18944
N1000_K95_UNIFORM_1,1000,950,95,950,FENWICK,SELECT,9,74700,18944
N1000_K95_UNIFORM_1,1000,950,95,950,FENWICK,SELECT,10,66900,18944
N1000_K95_UNIFORM_1,1000,950,95,950,FENWICK,SELECT,11,80200,18944
N1000_K95_UNIFORM_1,1000,950,95,950,FENWICK,SELECT,12,74599,18944
N1000_K95_UNIFORM_1,1000,950,95,950,FENWICK,SELECT,13,110900,18944
N1000_K95_UNIFORM_1,1000,950,95,950,FENWICK,SELECT,14,117301,18944
N1000_K95_UNIFORM_1,1000,950,95,950,FENWICK,SELECT,15,83300,18944
N1000_K95_UNIFORM_1,1000,950,95,950,FENWICK,SELECT,16,69200,18944
N1000_K95_UNIFORM_1,1000,950,95,950,FENWICK,SELECT,17,57800,18944
N1000_K95_UNIFORM_1,1000,950,95,950,FENWICK,SELECT,18,70699,18944
N1000_K95_UNIFORM_1,1000,950,95,950,FENWICK,SELECT,19,92000,18944
N1000_K95_UNIFORM_1,1000,950,95,950,FENWICK,TOTAL,0,459500,104016
N1000_K95_UNIFORM_1,1000,950,95,950,FENWICK,TOTAL,1,380299,104016
N1000_K95_UNIFORM_1,1000,950,95,950,FENWICK,TOTAL,2,393199,104016
N1000_K95_UNIFORM_1,1000,950,95,950,FENWICK,TOTAL,3,507000,104016
N1000_K95_UNIFORM_1,1000,950,95,950,FENWICK,TOTAL,4,561800,104016
N1000_K95_UNIFORM_1,1000,950,95,950,FENWICK,TOTAL,5,562899,104016
N1000_K95_UNIFORM_1,1000,950,95,950,FENWICK,TOTAL,6,564200,104016
N1000_K95_UNIFORM_1,1000,950,95,950,FENWICK,TOTAL,7,427399,104016
N1000_K95_UNIFORM_1,1000,950,95,950,FENWICK,TOTAL,8,391100,104016
N1000_K95_UNIFORM_1,1000,950,95,950,FENWICK,TOTAL,9,407701,104016
N1000_K95_UNIFORM_1,1000,950,95,950,FENWICK,TOTAL,10,350700,104016
N1000_K95_UNIFORM_1,1000,950,95,950,FENWICK,TOTAL,11,356101,104016
N1000_K95_UNIFORM_1,1000,950,95,950,FENWICK,TOTAL,12,329100,104016
N1000_K95_UNIFORM_1,1000,950,95,950,FENWICK,TOTAL,13,461701,104016
N1000_K95_UNIFORM_1,1000,950,95,950,FENWICK,TOTAL,14,439400,104016
N1000_K95_UNIFORM_1,1000,950,95,950,FENWICK,TOTAL,15,494300,104016
N1000_K95_UNIFORM_1,1000,950,95,950,FENWICK,TOTAL,16,446801,104016
N1000_K95_UNIFORM_1,1000,950,95,950,FENWICK,TOTAL,17,432601,104016
N1000_K95_UNIFORM_1,1000,950,95,950,FENWICK,TOTAL,18,568000,104016
N1000_K95_UNIFORM_1,1000,950,95,950,FENWICK,TOTAL,19,538201,104016
N1000_K1_UNIFORM_100,1000,950,1,95000,TICKET_ARRAY,NORMALIZE,0,924800,69736
N1000_K1_UNIFORM_100,1000,950,1,95000,TICKET_ARRAY,NORMALIZE,1,564299,69736
N1000_K1_UNIFORM_100,1000,950,1,95000,TICKET_ARRAY,NORMALIZE,2,457100,69736
N1000_K1_UNIFORM_100,1000,950,1,95000,TICKET_ARRAY,NORMALIZE,3,337501,69736
N1000_K1_UNIFORM_100,1000,950,1,95000,TICKET_ARRAY,NORMALIZE,4,399100,69736
N1000_K1_UNIFORM_100,1000,950,1,95000,TICKET_ARRAY,NORMALIZE,5,329799,69736
N1000_K1_UNIFORM_100,1000,950,1,95000,TICKET_ARRAY,NORMALIZE,6,251600,69736
N1000_K1_UNIFORM_100,1000,950,1,95000,TICKET_ARRAY,NORMALIZE,7,286601,69736
N1000_K1_UNIFORM_100,1000,950,1,95000,TICKET_ARRAY,NORMALIZE,8,265999,69736
N1000_K1_UNIFORM_100,1000,950,1,95000,TICKET_ARRAY,NORMALIZE,9,227600,69736
N1000_K1_UNIFORM_100,1000,950,1,95000,TICKET_ARRAY,NORMALIZE,10,226999,69736
N1000_K1_UNIFORM_100,1000,950,1,95000,TICKET_ARRAY,NORMALIZE,11,230999,69736
N1000_K1_UNIFORM_100,1000,950,1,95000,TICKET_ARRAY,NORMALIZE,12,260700,69736
N1000_K1_UNIFORM_100,1000,950,1,95000,TICKET_ARRAY,NORMALIZE,13,285199,69736
N1000_K1_UNIFORM_100,1000,950,1,95000,TICKET_ARRAY,NORMALIZE,14,464099,69736
N1000_K1_UNIFORM_100,1000,950,1,95000,TICKET_ARRAY,NORMALIZE,15,451700,69736
N1000_K1_UNIFORM_100,1000,950,1,95000,TICKET_ARRAY,NORMALIZE,16,364601,69736
N1000_K1_UNIFORM_100,1000,950,1,95000,TICKET_ARRAY,NORMALIZE,17,350800,69736
N1000_K1_UNIFORM_100,1000,950,1,95000,TICKET_ARRAY,NORMALIZE,18,296101,69736
N1000_K1_UNIFORM_100,1000,950,1,95000,TICKET_ARRAY,NORMALIZE,19,267200,69736
N1000_K1_UNIFORM_100,1000,950,1,95000,TICKET_ARRAY,BUILD,0,151100,380040
N1000_K1_UNIFORM_100,1000,950,1,95000,TICKET_ARRAY,BUILD,1,191901,380040
N1000_K1_UNIFORM_100,1000,950,1,95000,TICKET_ARRAY,BUILD,2,162801,380040
N1000_K1_UNIFORM_100,1000,950,1,95000,TICKET_ARRAY,BUILD,3,222801,380040
N1000_K1_UNIFORM_100,1000,950,1,95000,TICKET_ARRAY,BUILD,4,160300,380040
N1000_K1_UNIFORM_100,1000,950,1,95000,TICKET_ARRAY,BUILD,5,178901,380040
N1000_K1_UNIFORM_100,1000,950,1,95000,TICKET_ARRAY,BUILD,6,156899,380040
N1000_K1_UNIFORM_100,1000,950,1,95000,TICKET_ARRAY,BUILD,7,212600,380040
N1000_K1_UNIFORM_100,1000,950,1,95000,TICKET_ARRAY,BUILD,8,147400,380040
N1000_K1_UNIFORM_100,1000,950,1,95000,TICKET_ARRAY,BUILD,9,187700,380040
N1000_K1_UNIFORM_100,1000,950,1,95000,TICKET_ARRAY,BUILD,10,233100,380040
N1000_K1_UNIFORM_100,1000,950,1,95000,TICKET_ARRAY,BUILD,11,220100,380040
N1000_K1_UNIFORM_100,1000,950,1,95000,TICKET_ARRAY,BUILD,12,153200,380040
N1000_K1_UNIFORM_100,1000,950,1,95000,TICKET_ARRAY,BUILD,13,184100,380040
N1000_K1_UNIFORM_100,1000,950,1,95000,TICKET_ARRAY,BUILD,14,143100,380040
N1000_K1_UNIFORM_100,1000,950,1,95000,TICKET_ARRAY,BUILD,15,206500,380040
N1000_K1_UNIFORM_100,1000,950,1,95000,TICKET_ARRAY,BUILD,16,140300,380040
N1000_K1_UNIFORM_100,1000,950,1,95000,TICKET_ARRAY,BUILD,17,177399,380040
N1000_K1_UNIFORM_100,1000,950,1,95000,TICKET_ARRAY,BUILD,18,147500,380040
N1000_K1_UNIFORM_100,1000,950,1,95000,TICKET_ARRAY,BUILD,19,202400,380040
N1000_K1_UNIFORM_100,1000,950,1,95000,TICKET_ARRAY,SELECT,0,76600,1680
N1000_K1_UNIFORM_100,1000,950,1,95000,TICKET_ARRAY,SELECT,1,81000,1680
N1000_K1_UNIFORM_100,1000,950,1,95000,TICKET_ARRAY,SELECT,2,76900,1680
N1000_K1_UNIFORM_100,1000,950,1,95000,TICKET_ARRAY,SELECT,3,123300,1680
N1000_K1_UNIFORM_100,1000,950,1,95000,TICKET_ARRAY,SELECT,4,79600,1680
N1000_K1_UNIFORM_100,1000,950,1,95000,TICKET_ARRAY,SELECT,5,97799,1680
N1000_K1_UNIFORM_100,1000,950,1,95000,TICKET_ARRAY,SELECT,6,72699,1680
N1000_K1_UNIFORM_100,1000,950,1,95000,TICKET_ARRAY,SELECT,7,70701,1680
N1000_K1_UNIFORM_100,1000,950,1,95000,TICKET_ARRAY,SELECT,8,67799,1680
N1000_K1_UNIFORM_100,1000,950,1,95000,TICKET_ARRAY,SELECT,9,68900,1680
N1000_K1_UNIFORM_100,1000,950,1,95000,TICKET_ARRAY,SELECT,10,73400,1680
N1000_K1_UNIFORM_100,1000,950,1,95000,TICKET_ARRAY,SELECT,11,90000,1680
N1000_K1_UNIFORM_100,1000,950,1,95000,TICKET_ARRAY,SELECT,12,76800,1680
N1000_K1_UNIFORM_100,1000,950,1,95000,TICKET_ARRAY,SELECT,13,125101,1680
N1000_K1_UNIFORM_100,1000,950,1,95000,TICKET_ARRAY,SELECT,14,93901,1680
N1000_K1_UNIFORM_100,1000,950,1,95000,TICKET_ARRAY,SELECT,15,86201,1680
N1000_K1_UNIFORM_100,1000,950,1,95000,TICKET_ARRAY,SELECT,16,81901,1680
N1000_K1_UNIFORM_100,1000,950,1,95000,TICKET_ARRAY,SELECT,17,83300,1680
N1000_K1_UNIFORM_100,1000,950,1,95000,TICKET_ARRAY,SELECT,18,86600,1680
N1000_K1_UNIFORM_100,1000,950,1,95000,TICKET_ARRAY,SELECT,19,73500,1680
N1000_K1_UNIFORM_100,1000,950,1,95000,TICKET_ARRAY,TOTAL,0,618600,451456
N1000_K1_UNIFORM_100,1000,950,1,95000,TICKET_ARRAY,TOTAL,1,645701,451456
N1000_K1_UNIFORM_100,1000,950,1,95000,TICKET_ARRAY,TOTAL,2,530000,451456
N1000_K1_UNIFORM_100,1000,950,1,95000,TICKET_ARRAY,TOTAL,3,603201,451456
N1000_K1_UNIFORM_100,1000,950,1,95000,TICKET_ARRAY,TOTAL,4,563099,451456
N1000_K1_UNIFORM_100,1000,950,1,95000,TICKET_ARRAY,TOTAL,5,513600,451456
N1000_K1_UNIFORM_100,1000,950,1,95000,TICKET_ARRAY,TOTAL,6,503600,451456
N1000_K1_UNIFORM_100,1000,950,1,95000,TICKET_ARRAY,TOTAL,7,483300,451456
N1000_K1_UNIFORM_100,1000,950,1,95000,TICKET_ARRAY,TOTAL,8,458400,451456
N1000_K1_UNIFORM_100,1000,950,1,95000,TICKET_ARRAY,TOTAL,9,497100,451456
N1000_K1_UNIFORM_100,1000,950,1,95000,TICKET_ARRAY,TOTAL,10,461800,451456
N1000_K1_UNIFORM_100,1000,950,1,95000,TICKET_ARRAY,TOTAL,11,492000,451456
N1000_K1_UNIFORM_100,1000,950,1,95000,TICKET_ARRAY,TOTAL,12,462500,451456
N1000_K1_UNIFORM_100,1000,950,1,95000,TICKET_ARRAY,TOTAL,13,491000,451456
N1000_K1_UNIFORM_100,1000,950,1,95000,TICKET_ARRAY,TOTAL,14,485899,451456
N1000_K1_UNIFORM_100,1000,950,1,95000,TICKET_ARRAY,TOTAL,15,504600,451456
N1000_K1_UNIFORM_100,1000,950,1,95000,TICKET_ARRAY,TOTAL,16,480401,451456
N1000_K1_UNIFORM_100,1000,950,1,95000,TICKET_ARRAY,TOTAL,17,591099,451456
N1000_K1_UNIFORM_100,1000,950,1,95000,TICKET_ARRAY,TOTAL,18,638200,451456
N1000_K1_UNIFORM_100,1000,950,1,95000,TICKET_ARRAY,TOTAL,19,679300,451456
N1000_K1_UNIFORM_100,1000,950,1,95000,PREFIX_LINEAR,NORMALIZE,0,267700,69736
N1000_K1_UNIFORM_100,1000,950,1,95000,PREFIX_LINEAR,NORMALIZE,1,244200,69736
N1000_K1_UNIFORM_100,1000,950,1,95000,PREFIX_LINEAR,NORMALIZE,2,239899,69736
N1000_K1_UNIFORM_100,1000,950,1,95000,PREFIX_LINEAR,NORMALIZE,3,255100,69736
N1000_K1_UNIFORM_100,1000,950,1,95000,PREFIX_LINEAR,NORMALIZE,4,229799,69736
N1000_K1_UNIFORM_100,1000,950,1,95000,PREFIX_LINEAR,NORMALIZE,5,234800,69736
N1000_K1_UNIFORM_100,1000,950,1,95000,PREFIX_LINEAR,NORMALIZE,6,222900,69736
N1000_K1_UNIFORM_100,1000,950,1,95000,PREFIX_LINEAR,NORMALIZE,7,241601,69736
N1000_K1_UNIFORM_100,1000,950,1,95000,PREFIX_LINEAR,NORMALIZE,8,227399,69736
N1000_K1_UNIFORM_100,1000,950,1,95000,PREFIX_LINEAR,NORMALIZE,9,276799,69736
N1000_K1_UNIFORM_100,1000,950,1,95000,PREFIX_LINEAR,NORMALIZE,10,231700,69736
N1000_K1_UNIFORM_100,1000,950,1,95000,PREFIX_LINEAR,NORMALIZE,11,225201,69736
N1000_K1_UNIFORM_100,1000,950,1,95000,PREFIX_LINEAR,NORMALIZE,12,225199,69736
N1000_K1_UNIFORM_100,1000,950,1,95000,PREFIX_LINEAR,NORMALIZE,13,259900,69736
N1000_K1_UNIFORM_100,1000,950,1,95000,PREFIX_LINEAR,NORMALIZE,14,230700,69736
N1000_K1_UNIFORM_100,1000,950,1,95000,PREFIX_LINEAR,NORMALIZE,15,239000,69736
N1000_K1_UNIFORM_100,1000,950,1,95000,PREFIX_LINEAR,NORMALIZE,16,239101,69736
N1000_K1_UNIFORM_100,1000,950,1,95000,PREFIX_LINEAR,NORMALIZE,17,234999,69736
N1000_K1_UNIFORM_100,1000,950,1,95000,PREFIX_LINEAR,NORMALIZE,18,299301,69736
N1000_K1_UNIFORM_100,1000,950,1,95000,PREFIX_LINEAR,NORMALIZE,19,250900,69736
N1000_K1_UNIFORM_100,1000,950,1,95000,PREFIX_LINEAR,BUILD,0,2999,15264
N1000_K1_UNIFORM_100,1000,950,1,95000,PREFIX_LINEAR,BUILD,1,6600,15264
N1000_K1_UNIFORM_100,1000,950,1,95000,PREFIX_LINEAR,BUILD,2,3600,15264
N1000_K1_UNIFORM_100,1000,950,1,95000,PREFIX_LINEAR,BUILD,3,4600,15264
N1000_K1_UNIFORM_100,1000,950,1,95000,PREFIX_LINEAR,BUILD,4,3699,15264
N1000_K1_UNIFORM_100,1000,950,1,95000,PREFIX_LINEAR,BUILD,5,3000,15264
N1000_K1_UNIFORM_100,1000,950,1,95000,PREFIX_LINEAR,BUILD,6,12100,15264
N1000_K1_UNIFORM_100,1000,950,1,95000,PREFIX_LINEAR,BUILD,7,3400,15264
N1000_K1_UNIFORM_100,1000,950,1,95000,PREFIX_LINEAR,BUILD,8,2999,15264
N1000_K1_UNIFORM_100,1000,950,1,95000,PREFIX_LINEAR,BUILD,9,13400,15264
N1000_K1_UNIFORM_100,1000,950,1,95000,PREFIX_LINEAR,BUILD,10,21800,15264
N1000_K1_UNIFORM_100,1000,950,1,95000,PREFIX_LINEAR,BUILD,11,2900,15264
N1000_K1_UNIFORM_100,1000,950,1,95000,PREFIX_LINEAR,BUILD,12,3101,15264
N1000_K1_UNIFORM_100,1000,950,1,95000,PREFIX_LINEAR,BUILD,13,2800,15264
N1000_K1_UNIFORM_100,1000,950,1,95000,PREFIX_LINEAR,BUILD,14,3200,15264
N1000_K1_UNIFORM_100,1000,950,1,95000,PREFIX_LINEAR,BUILD,15,3300,15264
N1000_K1_UNIFORM_100,1000,950,1,95000,PREFIX_LINEAR,BUILD,16,31901,15264
N1000_K1_UNIFORM_100,1000,950,1,95000,PREFIX_LINEAR,BUILD,17,3200,15264
N1000_K1_UNIFORM_100,1000,950,1,95000,PREFIX_LINEAR,BUILD,18,3000,15264
N1000_K1_UNIFORM_100,1000,950,1,95000,PREFIX_LINEAR,BUILD,19,18700,15264
N1000_K1_UNIFORM_100,1000,950,1,95000,PREFIX_LINEAR,SELECT,0,12501,1680
N1000_K1_UNIFORM_100,1000,950,1,95000,PREFIX_LINEAR,SELECT,1,13001,1680
N1000_K1_UNIFORM_100,1000,950,1,95000,PREFIX_LINEAR,SELECT,2,12299,1680
N1000_K1_UNIFORM_100,1000,950,1,95000,PREFIX_LINEAR,SELECT,3,14600,1680
N1000_K1_UNIFORM_100,1000,950,1,95000,PREFIX_LINEAR,SELECT,4,12299,1680
N1000_K1_UNIFORM_100,1000,950,1,95000,PREFIX_LINEAR,SELECT,5,12900,1680
N1000_K1_UNIFORM_100,1000,950,1,95000,PREFIX_LINEAR,SELECT,6,12800,1680
N1000_K1_UNIFORM_100,1000,950,1,95000,PREFIX_LINEAR,SELECT,7,12000,1680
N1000_K1_UNIFORM_100,1000,950,1,95000,PREFIX_LINEAR,SELECT,8,12200,1680
N1000_K1_UNIFORM_100,1000,950,1,95000,PREFIX_LINEAR,SELECT,9,21100,1680
N1000_K1_UNIFORM_100,1000,950,1,95000,PREFIX_LINEAR,SELECT,10,13700,1680
N1000_K1_UNIFORM_100,1000,950,1,95000,PREFIX_LINEAR,SELECT,11,14400,1680
N1000_K1_UNIFORM_100,1000,950,1,95000,PREFIX_LINEAR,SELECT,12,12700,1680
N1000_K1_UNIFORM_100,1000,950,1,95000,PREFIX_LINEAR,SELECT,13,12400,1680
N1000_K1_UNIFORM_100,1000,950,1,95000,PREFIX_LINEAR,SELECT,14,12100,1680
N1000_K1_UNIFORM_100,1000,950,1,95000,PREFIX_LINEAR,SELECT,15,13000,1680
N1000_K1_UNIFORM_100,1000,950,1,95000,PREFIX_LINEAR,SELECT,16,14700,1680
N1000_K1_UNIFORM_100,1000,950,1,95000,PREFIX_LINEAR,SELECT,17,14700,1680
N1000_K1_UNIFORM_100,1000,950,1,95000,PREFIX_LINEAR,SELECT,18,31701,1680
N1000_K1_UNIFORM_100,1000,950,1,95000,PREFIX_LINEAR,SELECT,19,13901,1680
N1000_K1_UNIFORM_100,1000,950,1,95000,PREFIX_LINEAR,TOTAL,0,245699,86680
N1000_K1_UNIFORM_100,1000,950,1,95000,PREFIX_LINEAR,TOTAL,1,250399,86680
N1000_K1_UNIFORM_100,1000,950,1,95000,PREFIX_LINEAR,TOTAL,2,267400,86680
N1000_K1_UNIFORM_100,1000,950,1,95000,PREFIX_LINEAR,TOTAL,3,249900,86680
N1000_K1_UNIFORM_100,1000,950,1,95000,PREFIX_LINEAR,TOTAL,4,246899,86680
N1000_K1_UNIFORM_100,1000,950,1,95000,PREFIX_LINEAR,TOTAL,5,252700,86680
N1000_K1_UNIFORM_100,1000,950,1,95000,PREFIX_LINEAR,TOTAL,6,262099,86680
N1000_K1_UNIFORM_100,1000,950,1,95000,PREFIX_LINEAR,TOTAL,7,248800,86680
N1000_K1_UNIFORM_100,1000,950,1,95000,PREFIX_LINEAR,TOTAL,8,268700,86680
N1000_K1_UNIFORM_100,1000,950,1,95000,PREFIX_LINEAR,TOTAL,9,270499,86680
N1000_K1_UNIFORM_100,1000,950,1,95000,PREFIX_LINEAR,TOTAL,10,248101,86680
N1000_K1_UNIFORM_100,1000,950,1,95000,PREFIX_LINEAR,TOTAL,11,251700,86680
N1000_K1_UNIFORM_100,1000,950,1,95000,PREFIX_LINEAR,TOTAL,12,257200,86680
N1000_K1_UNIFORM_100,1000,950,1,95000,PREFIX_LINEAR,TOTAL,13,294000,86680
N1000_K1_UNIFORM_100,1000,950,1,95000,PREFIX_LINEAR,TOTAL,14,254300,86680
N1000_K1_UNIFORM_100,1000,950,1,95000,PREFIX_LINEAR,TOTAL,15,243700,86680
N1000_K1_UNIFORM_100,1000,950,1,95000,PREFIX_LINEAR,TOTAL,16,247701,86680
N1000_K1_UNIFORM_100,1000,950,1,95000,PREFIX_LINEAR,TOTAL,17,254200,86680
N1000_K1_UNIFORM_100,1000,950,1,95000,PREFIX_LINEAR,TOTAL,18,270300,86680
N1000_K1_UNIFORM_100,1000,950,1,95000,PREFIX_LINEAR,TOTAL,19,417499,86680
N1000_K1_UNIFORM_100,1000,950,1,95000,PREFIX_BINARY,NORMALIZE,0,234500,69736
N1000_K1_UNIFORM_100,1000,950,1,95000,PREFIX_BINARY,NORMALIZE,1,229800,69736
N1000_K1_UNIFORM_100,1000,950,1,95000,PREFIX_BINARY,NORMALIZE,2,222700,69736
N1000_K1_UNIFORM_100,1000,950,1,95000,PREFIX_BINARY,NORMALIZE,3,237400,69736
N1000_K1_UNIFORM_100,1000,950,1,95000,PREFIX_BINARY,NORMALIZE,4,237100,69736
N1000_K1_UNIFORM_100,1000,950,1,95000,PREFIX_BINARY,NORMALIZE,5,231500,69736
N1000_K1_UNIFORM_100,1000,950,1,95000,PREFIX_BINARY,NORMALIZE,6,222300,69736
N1000_K1_UNIFORM_100,1000,950,1,95000,PREFIX_BINARY,NORMALIZE,7,221600,69736
N1000_K1_UNIFORM_100,1000,950,1,95000,PREFIX_BINARY,NORMALIZE,8,235200,69736
N1000_K1_UNIFORM_100,1000,950,1,95000,PREFIX_BINARY,NORMALIZE,9,225500,69736
N1000_K1_UNIFORM_100,1000,950,1,95000,PREFIX_BINARY,NORMALIZE,10,239400,69736
N1000_K1_UNIFORM_100,1000,950,1,95000,PREFIX_BINARY,NORMALIZE,11,249200,69736
N1000_K1_UNIFORM_100,1000,950,1,95000,PREFIX_BINARY,NORMALIZE,12,225200,69736
N1000_K1_UNIFORM_100,1000,950,1,95000,PREFIX_BINARY,NORMALIZE,13,233701,69736
N1000_K1_UNIFORM_100,1000,950,1,95000,PREFIX_BINARY,NORMALIZE,14,231301,69736
N1000_K1_UNIFORM_100,1000,950,1,95000,PREFIX_BINARY,NORMALIZE,15,224101,69736
N1000_K1_UNIFORM_100,1000,950,1,95000,PREFIX_BINARY,NORMALIZE,16,224101,69736
N1000_K1_UNIFORM_100,1000,950,1,95000,PREFIX_BINARY,NORMALIZE,17,234801,69736
N1000_K1_UNIFORM_100,1000,950,1,95000,PREFIX_BINARY,NORMALIZE,18,228500,69736
N1000_K1_UNIFORM_100,1000,950,1,95000,PREFIX_BINARY,NORMALIZE,19,222501,69736
N1000_K1_UNIFORM_100,1000,950,1,95000,PREFIX_BINARY,BUILD,0,2901,15264
N1000_K1_UNIFORM_100,1000,950,1,95000,PREFIX_BINARY,BUILD,1,11400,15264
N1000_K1_UNIFORM_100,1000,950,1,95000,PREFIX_BINARY,BUILD,2,5401,15264
N1000_K1_UNIFORM_100,1000,950,1,95000,PREFIX_BINARY,BUILD,3,3300,15264
N1000_K1_UNIFORM_100,1000,950,1,95000,PREFIX_BINARY,BUILD,4,12301,15264
N1000_K1_UNIFORM_100,1000,950,1,95000,PREFIX_BINARY,BUILD,5,3099,15264
N1000_K1_UNIFORM_100,1000,950,1,95000,PREFIX_BINARY,BUILD,6,3000,15264
N1000_K1_UNIFORM_100,1000,950,1,95000,PREFIX_BINARY,BUILD,7,3200,15264
N1000_K1_UNIFORM_100,1000,950,1,95000,PREFIX_BINARY,BUILD,8,3501,15264
N1000_K1_UNIFORM_100,1000,950,1,95000,PREFIX_BINARY,BUILD,9,2700,15264
N1000_K1_UNIFORM_100,1000,950,1,95000,PREFIX_BINARY,BUILD,10,2900,15264
N1000_K1_UNIFORM_100,1000,950,1,95000,PREFIX_BINARY,BUILD,11,19601,15264
N1000_K1_UNIFORM_100,1000,950,1,95000,PREFIX_BINARY,BUILD,12,3200,15264
N1000_K1_UNIFORM_100,1000,950,1,95000,PREFIX_BINARY,BUILD,13,2999,15264
N1000_K1_UNIFORM_100,1000,950,1,95000,PREFIX_BINARY,BUILD,14,12500,15264
N1000_K1_UNIFORM_100,1000,950,1,95000,PREFIX_BINARY,BUILD,15,2700,15264
N1000_K1_UNIFORM_100,1000,950,1,95000,PREFIX_BINARY,BUILD,16,2700,15264
N1000_K1_UNIFORM_100,1000,950,1,95000,PREFIX_BINARY,BUILD,17,9699,15264
N1000_K1_UNIFORM_100,1000,950,1,95000,PREFIX_BINARY,BUILD,18,3200,15264
N1000_K1_UNIFORM_100,1000,950,1,95000,PREFIX_BINARY,BUILD,19,2899,15264
N1000_K1_UNIFORM_100,1000,950,1,95000,PREFIX_BINARY,SELECT,0,28601,1680
N1000_K1_UNIFORM_100,1000,950,1,95000,PREFIX_BINARY,SELECT,1,19100,1680
N1000_K1_UNIFORM_100,1000,950,1,95000,PREFIX_BINARY,SELECT,2,18500,1680
N1000_K1_UNIFORM_100,1000,950,1,95000,PREFIX_BINARY,SELECT,3,12599,1680
N1000_K1_UNIFORM_100,1000,950,1,95000,PREFIX_BINARY,SELECT,4,12500,1680
N1000_K1_UNIFORM_100,1000,950,1,95000,PREFIX_BINARY,SELECT,5,12301,1680
N1000_K1_UNIFORM_100,1000,950,1,95000,PREFIX_BINARY,SELECT,6,12500,1680
N1000_K1_UNIFORM_100,1000,950,1,95000,PREFIX_BINARY,SELECT,7,12000,1680
N1000_K1_UNIFORM_100,1000,950,1,95000,PREFIX_BINARY,SELECT,8,12200,1680
N1000_K1_UNIFORM_100,1000,950,1,95000,PREFIX_BINARY,SELECT,9,23500,1680
N1000_K1_UNIFORM_100,1000,950,1,95000,PREFIX_BINARY,SELECT,10,17399,1680
N1000_K1_UNIFORM_100,1000,950,1,95000,PREFIX_BINARY,SELECT,11,13401,1680
N1000_K1_UNIFORM_100,1000,950,1,95000,PREFIX_BINARY,SELECT,12,12300,1680
N1000_K1_UNIFORM_100,1000,950,1,95000,PREFIX_BINARY,SELECT,13,12701,1680
N1000_K1_UNIFORM_100,1000,950,1,95000,PREFIX_BINARY,SELECT,14,12200,1680
N1000_K1_UNIFORM_100,1000,950,1,95000,PREFIX_BINARY,SELECT,15,12099,1680
N1000_K1_UNIFORM_100,1000,950,1,95000,PREFIX_BINARY,SELECT,16,12700,1680
N1000_K1_UNIFORM_100,1000,950,1,95000,PREFIX_BINARY,SELECT,17,13800,1680
N1000_K1_UNIFORM_100,1000,950,1,95000,PREFIX_BINARY,SELECT,18,13199,1680
N1000_K1_UNIFORM_100,1000,950,1,95000,PREFIX_BINARY,SELECT,19,12700,1680
N1000_K1_UNIFORM_100,1000,950,1,95000,PREFIX_BINARY,TOTAL,0,254600,86680
N1000_K1_UNIFORM_100,1000,950,1,95000,PREFIX_BINARY,TOTAL,1,247600,86680
N1000_K1_UNIFORM_100,1000,950,1,95000,PREFIX_BINARY,TOTAL,2,351999,86680
N1000_K1_UNIFORM_100,1000,950,1,95000,PREFIX_BINARY,TOTAL,3,462201,86680
N1000_K1_UNIFORM_100,1000,950,1,95000,PREFIX_BINARY,TOTAL,4,437100,86680
N1000_K1_UNIFORM_100,1000,950,1,95000,PREFIX_BINARY,TOTAL,5,478400,86680
N1000_K1_UNIFORM_100,1000,950,1,95000,PREFIX_BINARY,TOTAL,6,479500,86680
N1000_K1_UNIFORM_100,1000,950,1,95000,PREFIX_BINARY,TOTAL,7,486301,86680
N1000_K1_UNIFORM_100,1000,950,1,95000,PREFIX_BINARY,TOTAL,8,446600,86680
N1000_K1_UNIFORM_100,1000,950,1,95000,PREFIX_BINARY,TOTAL,9,506801,86680
N1000_K1_UNIFORM_100,1000,950,1,95000,PREFIX_BINARY,TOTAL,10,504300,86680
N1000_K1_UNIFORM_100,1000,950,1,95000,PREFIX_BINARY,TOTAL,11,484200,86680
N1000_K1_UNIFORM_100,1000,950,1,95000,PREFIX_BINARY,TOTAL,12,482200,86680
N1000_K1_UNIFORM_100,1000,950,1,95000,PREFIX_BINARY,TOTAL,13,455899,86680
N1000_K1_UNIFORM_100,1000,950,1,95000,PREFIX_BINARY,TOTAL,14,468600,86680
N1000_K1_UNIFORM_100,1000,950,1,95000,PREFIX_BINARY,TOTAL,15,498800,86680
N1000_K1_UNIFORM_100,1000,950,1,95000,PREFIX_BINARY,TOTAL,16,461001,86680
N1000_K1_UNIFORM_100,1000,950,1,95000,PREFIX_BINARY,TOTAL,17,461299,86680
N1000_K1_UNIFORM_100,1000,950,1,95000,PREFIX_BINARY,TOTAL,18,520400,86680
N1000_K1_UNIFORM_100,1000,950,1,95000,PREFIX_BINARY,TOTAL,19,468101,86680
N1000_K1_UNIFORM_100,1000,950,1,95000,FENWICK,NORMALIZE,0,396400,69736
N1000_K1_UNIFORM_100,1000,950,1,95000,FENWICK,NORMALIZE,1,267600,69736
N1000_K1_UNIFORM_100,1000,950,1,95000,FENWICK,NORMALIZE,2,245000,69736
N1000_K1_UNIFORM_100,1000,950,1,95000,FENWICK,NORMALIZE,3,250700,69736
N1000_K1_UNIFORM_100,1000,950,1,95000,FENWICK,NORMALIZE,4,243300,69736
N1000_K1_UNIFORM_100,1000,950,1,95000,FENWICK,NORMALIZE,5,253000,69736
N1000_K1_UNIFORM_100,1000,950,1,95000,FENWICK,NORMALIZE,6,229400,69736
N1000_K1_UNIFORM_100,1000,950,1,95000,FENWICK,NORMALIZE,7,230900,69736
N1000_K1_UNIFORM_100,1000,950,1,95000,FENWICK,NORMALIZE,8,229901,69736
N1000_K1_UNIFORM_100,1000,950,1,95000,FENWICK,NORMALIZE,9,224900,69736
N1000_K1_UNIFORM_100,1000,950,1,95000,FENWICK,NORMALIZE,10,230700,69736
N1000_K1_UNIFORM_100,1000,950,1,95000,FENWICK,NORMALIZE,11,245801,69736
N1000_K1_UNIFORM_100,1000,950,1,95000,FENWICK,NORMALIZE,12,278299,69736
N1000_K1_UNIFORM_100,1000,950,1,95000,FENWICK,NORMALIZE,13,222100,69736
N1000_K1_UNIFORM_100,1000,950,1,95000,FENWICK,NORMALIZE,14,223100,69736
N1000_K1_UNIFORM_100,1000,950,1,95000,FENWICK,NORMALIZE,15,223599,69736
N1000_K1_UNIFORM_100,1000,950,1,95000,FENWICK,NORMALIZE,16,219600,69736
N1000_K1_UNIFORM_100,1000,950,1,95000,FENWICK,NORMALIZE,17,225000,69736
N1000_K1_UNIFORM_100,1000,950,1,95000,FENWICK,NORMALIZE,18,230300,69736
N1000_K1_UNIFORM_100,1000,950,1,95000,FENWICK,NORMALIZE,19,230900,69736
N1000_K1_UNIFORM_100,1000,950,1,95000,FENWICK,BUILD,0,19200,15336
N1000_K1_UNIFORM_100,1000,950,1,95000,FENWICK,BUILD,1,9101,15336
N1000_K1_UNIFORM_100,1000,950,1,95000,FENWICK,BUILD,2,79599,15336
N1000_K1_UNIFORM_100,1000,950,1,95000,FENWICK,BUILD,3,32399,15336
N1000_K1_UNIFORM_100,1000,950,1,95000,FENWICK,BUILD,4,9701,15336
N1000_K1_UNIFORM_100,1000,950,1,95000,FENWICK,BUILD,5,12799,15336
N1000_K1_UNIFORM_100,1000,950,1,95000,FENWICK,BUILD,6,18500,15336
N1000_K1_UNIFORM_100,1000,950,1,95000,FENWICK,BUILD,7,8800,15336
N1000_K1_UNIFORM_100,1000,950,1,95000,FENWICK,BUILD,8,8700,15336
N1000_K1_UNIFORM_100,1000,950,1,95000,FENWICK,BUILD,9,8200,15336
N1000_K1_UNIFORM_100,1000,950,1,95000,FENWICK,BUILD,10,8300,15336
N1000_K1_UNIFORM_100,1000,950,1,95000,FENWICK,BUILD,11,8200,15336
N1000_K1_UNIFORM_100,1000,950,1,95000,FENWICK,BUILD,12,26001,15336
N1000_K1_UNIFORM_100,1000,950,1,95000,FENWICK,BUILD,13,8600,15336
N1000_K1_UNIFORM_100,1000,950,1,95000,FENWICK,BUILD,14,8100,15336
N1000_K1_UNIFORM_100,1000,950,1,95000,FENWICK,BUILD,15,13701,15336
N1000_K1_UNIFORM_100,1000,950,1,95000,FENWICK,BUILD,16,10400,15336
N1000_K1_UNIFORM_100,1000,950,1,95000,FENWICK,BUILD,17,8100,15336
N1000_K1_UNIFORM_100,1000,950,1,95000,FENWICK,BUILD,18,8100,15336
N1000_K1_UNIFORM_100,1000,950,1,95000,FENWICK,BUILD,19,8399,15336
N1000_K1_UNIFORM_100,1000,950,1,95000,FENWICK,SELECT,0,15400,1680
N1000_K1_UNIFORM_100,1000,950,1,95000,FENWICK,SELECT,1,23801,1680
N1000_K1_UNIFORM_100,1000,950,1,95000,FENWICK,SELECT,2,13501,1680
N1000_K1_UNIFORM_100,1000,950,1,95000,FENWICK,SELECT,3,14599,1680
N1000_K1_UNIFORM_100,1000,950,1,95000,FENWICK,SELECT,4,16301,1680
N1000_K1_UNIFORM_100,1000,950,1,95000,FENWICK,SELECT,5,12301,1680
N1000_K1_UNIFORM_100,1000,950,1,95000,FENWICK,SELECT,6,12900,1680
N1000_K1_UNIFORM_100,1000,950,1,95000,FENWICK,SELECT,7,14500,1680
N1000_K1_UNIFORM_100,1000,950,1,95000,FENWICK,SELECT,8,12001,1680
N1000_K1_UNIFORM_100,1000,950,1,95000,FENWICK,SELECT,9,12200,1680
N1000_K1_UNIFORM_100,1000,950,1,95000,FENWICK,SELECT,10,30300,1680
N1000_K1_UNIFORM_100,1000,950,1,95000,FENWICK,SELECT,11,14300,1680
N1000_K1_UNIFORM_100,1000,950,1,95000,FENWICK,SELECT,12,27499,1680
N1000_K1_UNIFORM_100,1000,950,1,95000,FENWICK,SELECT,13,31801,1680
N1000_K1_UNIFORM_100,1000,950,1,95000,FENWICK,SELECT,14,28400,1680
N1000_K1_UNIFORM_100,1000,950,1,95000,FENWICK,SELECT,15,15200,1680
N1000_K1_UNIFORM_100,1000,950,1,95000,FENWICK,SELECT,16,134100,1680
N1000_K1_UNIFORM_100,1000,950,1,95000,FENWICK,SELECT,17,24399,1680
N1000_K1_UNIFORM_100,1000,950,1,95000,FENWICK,SELECT,18,19801,1680
N1000_K1_UNIFORM_100,1000,950,1,95000,FENWICK,SELECT,19,37501,1680
N1000_K1_UNIFORM_100,1000,950,1,95000,FENWICK,TOTAL,0,389701,86752
N1000_K1_UNIFORM_100,1000,950,1,95000,FENWICK,TOTAL,1,406500,86752
N1000_K1_UNIFORM_100,1000,950,1,95000,FENWICK,TOTAL,2,409400,86752
N1000_K1_UNIFORM_100,1000,950,1,95000,FENWICK,TOTAL,3,402800,86752
N1000_K1_UNIFORM_100,1000,950,1,95000,FENWICK,TOTAL,4,378600,86752
N1000_K1_UNIFORM_100,1000,950,1,95000,FENWICK,TOTAL,5,299200,86752
N1000_K1_UNIFORM_100,1000,950,1,95000,FENWICK,TOTAL,6,274800,86752
N1000_K1_UNIFORM_100,1000,950,1,95000,FENWICK,TOTAL,7,268300,86752
N1000_K1_UNIFORM_100,1000,950,1,95000,FENWICK,TOTAL,8,276500,86752
N1000_K1_UNIFORM_100,1000,950,1,95000,FENWICK,TOTAL,9,282300,86752
N1000_K1_UNIFORM_100,1000,950,1,95000,FENWICK,TOTAL,10,274600,86752
N1000_K1_UNIFORM_100,1000,950,1,95000,FENWICK,TOTAL,11,399800,86752
N1000_K1_UNIFORM_100,1000,950,1,95000,FENWICK,TOTAL,12,319500,86752
N1000_K1_UNIFORM_100,1000,950,1,95000,FENWICK,TOTAL,13,309500,86752
N1000_K1_UNIFORM_100,1000,950,1,95000,FENWICK,TOTAL,14,282000,86752
N1000_K1_UNIFORM_100,1000,950,1,95000,FENWICK,TOTAL,15,324300,86752
N1000_K1_UNIFORM_100,1000,950,1,95000,FENWICK,TOTAL,16,372100,86752
N1000_K1_UNIFORM_100,1000,950,1,95000,FENWICK,TOTAL,17,412700,86752
N1000_K1_UNIFORM_100,1000,950,1,95000,FENWICK,TOTAL,18,282100,86752
N1000_K1_UNIFORM_100,1000,950,1,95000,FENWICK,TOTAL,19,264000,86752
N1000_K9_UNIFORM_100,1000,950,9,95000,TICKET_ARRAY,NORMALIZE,0,222799,69736
N1000_K9_UNIFORM_100,1000,950,9,95000,TICKET_ARRAY,NORMALIZE,1,243100,69736
N1000_K9_UNIFORM_100,1000,950,9,95000,TICKET_ARRAY,NORMALIZE,2,227100,69736
N1000_K9_UNIFORM_100,1000,950,9,95000,TICKET_ARRAY,NORMALIZE,3,229600,69736
N1000_K9_UNIFORM_100,1000,950,9,95000,TICKET_ARRAY,NORMALIZE,4,225499,69736
N1000_K9_UNIFORM_100,1000,950,9,95000,TICKET_ARRAY,NORMALIZE,5,226100,69736
N1000_K9_UNIFORM_100,1000,950,9,95000,TICKET_ARRAY,NORMALIZE,6,257501,69736
N1000_K9_UNIFORM_100,1000,950,9,95000,TICKET_ARRAY,NORMALIZE,7,300200,69736
N1000_K9_UNIFORM_100,1000,950,9,95000,TICKET_ARRAY,NORMALIZE,8,252600,69736
N1000_K9_UNIFORM_100,1000,950,9,95000,TICKET_ARRAY,NORMALIZE,9,246501,69736
N1000_K9_UNIFORM_100,1000,950,9,95000,TICKET_ARRAY,NORMALIZE,10,241301,69736
N1000_K9_UNIFORM_100,1000,950,9,95000,TICKET_ARRAY,NORMALIZE,11,234401,69736
N1000_K9_UNIFORM_100,1000,950,9,95000,TICKET_ARRAY,NORMALIZE,12,241401,69736
N1000_K9_UNIFORM_100,1000,950,9,95000,TICKET_ARRAY,NORMALIZE,13,251600,69736
N1000_K9_UNIFORM_100,1000,950,9,95000,TICKET_ARRAY,NORMALIZE,14,237000,69736
N1000_K9_UNIFORM_100,1000,950,9,95000,TICKET_ARRAY,NORMALIZE,15,239500,69736
N1000_K9_UNIFORM_100,1000,950,9,95000,TICKET_ARRAY,NORMALIZE,16,238000,69736
N1000_K9_UNIFORM_100,1000,950,9,95000,TICKET_ARRAY,NORMALIZE,17,240699,69736
N1000_K9_UNIFORM_100,1000,950,9,95000,TICKET_ARRAY,NORMALIZE,18,238999,69736
N1000_K9_UNIFORM_100,1000,950,9,95000,TICKET_ARRAY,NORMALIZE,19,238600,69736
N1000_K9_UNIFORM_100,1000,950,9,95000,TICKET_ARRAY,BUILD,0,238200,380040
N1000_K9_UNIFORM_100,1000,950,9,95000,TICKET_ARRAY,BUILD,1,168700,380040
N1000_K9_UNIFORM_100,1000,950,9,95000,TICKET_ARRAY,BUILD,2,180601,380040
N1000_K9_UNIFORM_100,1000,950,9,95000,TICKET_ARRAY,BUILD,3,166900,380040
N1000_K9_UNIFORM_100,1000,950,9,95000,TICKET_ARRAY,BUILD,4,197700,380040
N1000_K9_UNIFORM_100,1000,950,9,95000,TICKET_ARRAY,BUILD,5,173101,380040
N1000_K9_UNIFORM_100,1000,950,9,95000,TICKET_ARRAY,BUILD,6,139601,380040
N1000_K9_UNIFORM_100,1000,950,9,95000,TICKET_ARRAY,BUILD,7,219699,380040
N1000_K9_UNIFORM_100,1000,950,9,95000,TICKET_ARRAY,BUILD,8,172401,380040
N1000_K9_UNIFORM_100,1000,950,9,95000,TICKET_ARRAY,BUILD,9,187700,380040
N1000_K9_UNIFORM_100,1000,950,9,95000,TICKET_ARRAY,BUILD,10,170099,380040
N1000_K9_UNIFORM_100,1000,950,9,95000,TICKET_ARRAY,BUILD,11,185801,380040
N1000_K9_UNIFORM_100,1000,950,9,95000,TICKET_ARRAY,BUILD,12,156400,380040
N1000_K9_UNIFORM_100,1000,950,9,95000,TICKET_ARRAY,BUILD,13,262900,380040
N1000_K9_UNIFORM_100,1000,950,9,95000,TICKET_ARRAY,BUILD,14,189199,380040
N1000_K9_UNIFORM_100,1000,950,9,95000,TICKET_ARRAY,BUILD,15,194800,380040
N1000_K9_UNIFORM_100,1000,950,9,95000,TICKET_ARRAY,BUILD,16,150400,380040
N1000_K9_UNIFORM_100,1000,950,9,95000,TICKET_ARRAY,BUILD,17,197200,380040
N1000_K9_UNIFORM_100,1000,950,9,95000,TICKET_ARRAY,BUILD,18,164800,380040
N1000_K9_UNIFORM_100,1000,950,9,95000,TICKET_ARRAY,BUILD,19,184300,380040
N1000_K9_UNIFORM_100,1000,950,9,95000,TICKET_ARRAY,SELECT,0,673501,3016
N1000_K9_UNIFORM_100,1000,950,9,95000,TICKET_ARRAY,SELECT,1,592099,3016
N1000_K9_UNIFORM_100,1000,950,9,95000,TICKET_ARRAY,SELECT,2,733400,3016
N1000_K9_UNIFORM_100,1000,950,9,95000,TICKET_ARRAY,SELECT,3,597000,3016
N1000_K9_UNIFORM_100,1000,950,9,95000,TICKET_ARRAY,SELECT,4,627700,3016
N1000_K9_UNIFORM_100,1000,950,9,95000,TICKET_ARRAY,SELECT,5,541600,3016
N1000_K9_UNIFORM_100,1000,950,9,95000,TICKET_ARRAY,SELECT,6,519000,3016
N1000_K9_UNIFORM_100,1000,950,9,95000,TICKET_ARRAY,SELECT,7,527200,3016
N1000_K9_UNIFORM_100,1000,950,9,95000,TICKET_ARRAY,SELECT,8,512900,3016
N1000_K9_UNIFORM_100,1000,950,9,95000,TICKET_ARRAY,SELECT,9,778200,2848
N1000_K9_UNIFORM_100,1000,950,9,95000,TICKET_ARRAY,SELECT,10,525799,2848
N1000_K9_UNIFORM_100,1000,950,9,95000,TICKET_ARRAY,SELECT,11,524400,2848
N1000_K9_UNIFORM_100,1000,950,9,95000,TICKET_ARRAY,SELECT,12,518500,2848
N1000_K9_UNIFORM_100,1000,950,9,95000,TICKET_ARRAY,SELECT,13,705000,2848
N1000_K9_UNIFORM_100,1000,950,9,95000,TICKET_ARRAY,SELECT,14,554800,2848
N1000_K9_UNIFORM_100,1000,950,9,95000,TICKET_ARRAY,SELECT,15,544500,2848
N1000_K9_UNIFORM_100,1000,950,9,95000,TICKET_ARRAY,SELECT,16,563800,2848
N1000_K9_UNIFORM_100,1000,950,9,95000,TICKET_ARRAY,SELECT,17,552900,2848
N1000_K9_UNIFORM_100,1000,950,9,95000,TICKET_ARRAY,SELECT,18,530101,2848
N1000_K9_UNIFORM_100,1000,950,9,95000,TICKET_ARRAY,SELECT,19,518200,2848
N1000_K9_UNIFORM_100,1000,950,9,95000,TICKET_ARRAY,TOTAL,0,1096900,452592
N1000_K9_UNIFORM_100,1000,950,9,95000,TICKET_ARRAY,TOTAL,1,1129099,452592
N1000_K9_UNIFORM_100,1000,950,9,95000,TICKET_ARRAY,TOTAL,2,1063500,452592
N1000_K9_UNIFORM_100,1000,950,9,95000,TICKET_ARRAY,TOTAL,3,1070200,452592
N1000_K9_UNIFORM_100,1000,950,9,95000,TICKET_ARRAY,TOTAL,4,984000,452592
N1000_K9_UNIFORM_100,1000,950,9,95000,TICKET_ARRAY,TOTAL,5,1000700,452592
N1000_K9_UNIFORM_100,1000,950,9,95000,TICKET_ARRAY,TOTAL,6,944599,452592
N1000_K9_UNIFORM_100,1000,950,9,95000,TICKET_ARRAY,TOTAL,7,979100,452592
N1000_K9_UNIFORM_100,1000,950,9,95000,TICKET_ARRAY,TOTAL,8,961800,452592
N1000_K9_UNIFORM_100,1000,950,9,95000,TICKET_ARRAY,TOTAL,9,996500,452592
N1000_K9_UNIFORM_100,1000,950,9,95000,TICKET_ARRAY,TOTAL,10,972600,452592
N1000_K9_UNIFORM_100,1000,950,9,95000,TICKET_ARRAY,TOTAL,11,993800,452592
N1000_K9_UNIFORM_100,1000,950,9,95000,TICKET_ARRAY,TOTAL,12,924201,452592
N1000_K9_UNIFORM_100,1000,950,9,95000,TICKET_ARRAY,TOTAL,13,972999,452592
N1000_K9_UNIFORM_100,1000,950,9,95000,TICKET_ARRAY,TOTAL,14,931101,452592
N1000_K9_UNIFORM_100,1000,950,9,95000,TICKET_ARRAY,TOTAL,15,967801,452592
N1000_K9_UNIFORM_100,1000,950,9,95000,TICKET_ARRAY,TOTAL,16,1002600,452592
N1000_K9_UNIFORM_100,1000,950,9,95000,TICKET_ARRAY,TOTAL,17,1091400,452592
N1000_K9_UNIFORM_100,1000,950,9,95000,TICKET_ARRAY,TOTAL,18,975999,452592
N1000_K9_UNIFORM_100,1000,950,9,95000,TICKET_ARRAY,TOTAL,19,1132400,452592
N1000_K9_UNIFORM_100,1000,950,9,95000,PREFIX_LINEAR,NORMALIZE,0,238200,69704
N1000_K9_UNIFORM_100,1000,950,9,95000,PREFIX_LINEAR,NORMALIZE,1,233600,69704
N1000_K9_UNIFORM_100,1000,950,9,95000,PREFIX_LINEAR,NORMALIZE,2,225300,69704
N1000_K9_UNIFORM_100,1000,950,9,95000,PREFIX_LINEAR,NORMALIZE,3,229700,69704
N1000_K9_UNIFORM_100,1000,950,9,95000,PREFIX_LINEAR,NORMALIZE,4,238801,69704
N1000_K9_UNIFORM_100,1000,950,9,95000,PREFIX_LINEAR,NORMALIZE,5,227101,69704
N1000_K9_UNIFORM_100,1000,950,9,95000,PREFIX_LINEAR,NORMALIZE,6,227099,69704
N1000_K9_UNIFORM_100,1000,950,9,95000,PREFIX_LINEAR,NORMALIZE,7,239899,69704
N1000_K9_UNIFORM_100,1000,950,9,95000,PREFIX_LINEAR,NORMALIZE,8,228300,69704
N1000_K9_UNIFORM_100,1000,950,9,95000,PREFIX_LINEAR,NORMALIZE,9,246700,69704
N1000_K9_UNIFORM_100,1000,950,9,95000,PREFIX_LINEAR,NORMALIZE,10,236700,69704
N1000_K9_UNIFORM_100,1000,950,9,95000,PREFIX_LINEAR,NORMALIZE,11,223000,69704
N1000_K9_UNIFORM_100,1000,950,9,95000,PREFIX_LINEAR,NORMALIZE,12,227001,69704
N1000_K9_UNIFORM_100,1000,950,9,95000,PREFIX_LINEAR,NORMALIZE,13,222500,69704
N1000_K9_UNIFORM_100,1000,950,9,95000,PREFIX_LINEAR,NORMALIZE,14,221400,69704
N1000_K9_UNIFORM_100,1000,950,9,95000,PREFIX_LINEAR,NORMALIZE,15,228400,69704
N1000_K9_UNIFORM_100,1000,950,9,95000,PREFIX_LINEAR,NORMALIZE,16,252100,69704
N1000_K9_UNIFORM_100,1000,950,9,95000,PREFIX_LINEAR,NORMALIZE,17,222900,69704
N1000_K9_UNIFORM_100,1000,950,9,95000,PREFIX_LINEAR,NORMALIZE,18,219500,69704
N1000_K9_UNIFORM_100,1000,950,9,95000,PREFIX_LINEAR,NORMALIZE,19,258601,69704
N1000_K9_UNIFORM_100,1000,950,9,95000,PREFIX_LINEAR,BUILD,0,11900,15264
N1000_K9_UNIFORM_100,1000,950,9,95000,PREFIX_LINEAR,BUILD,1,3000,15264
N1000_K9_UNIFORM_100,1000,950,9,95000,PREFIX_LINEAR,BUILD,2,3000,15264
N1000_K9_UNIFORM_100,1000,950,9,95000,PREFIX_LINEAR,BUILD,3,11600,15264
N1000_K9_UNIFORM_100,1000,950,9,95000,PREFIX_LINEAR,BUILD,4,2799,15264
N1000_K9_UNIFORM_100,1000,950,9,95000,PREFIX_LINEAR,BUILD,5,2800,15264
N1000_K9_UNIFORM_100,1000,950,9,95000,PREFIX_LINEAR,BUILD,6,3200,15264
N1000_K9_UNIFORM_100,1000,950,9,95000,PREFIX_LINEAR,BUILD,7,2700,15264
N1000_K9_UNIFORM_100,1000,950,9,95000,PREFIX_LINEAR,BUILD,8,3199,15264
N1000_K9_UNIFORM_100,1000,950,9,95000,PREFIX_LINEAR,BUILD,9,4199,15264
N1000_K9_UNIFORM_100,1000,950,9,95000,PREFIX_LINEAR,BUILD,10,28600,15264
N1000_K9_UNIFORM_100,1000,950,9,95000,PREFIX_LINEAR,BUILD,11,3200,15264
N1000_K9_UNIFORM_100,1000,950,9,95000,PREFIX_LINEAR,BUILD,12,2799,15264
N1000_K9_UNIFORM_100,1000,950,9,95000,PREFIX_LINEAR,BUILD,13,11599,15264
N1000_K9_UNIFORM_100,1000,950,9,95000,PREFIX_LINEAR,BUILD,14,2799,15264
N1000_K9_UNIFORM_100,1000,950,9,95000,PREFIX_LINEAR,BUILD,15,2801,15264
N1000_K9_UNIFORM_100,1000,950,9,95000,PREFIX_LINEAR,BUILD,16,11900,15264
N1000_K9_UNIFORM_100,1000,950,9,95000,PREFIX_LINEAR,BUILD,17,3099,15264
N1000_K9_UNIFORM_100,1000,950,9,95000,PREFIX_LINEAR,BUILD,18,3000,15264
N1000_K9_UNIFORM_100,1000,950,9,95000,PREFIX_LINEAR,BUILD,19,12400,15264
N1000_K9_UNIFORM_100,1000,950,9,95000,PREFIX_LINEAR,SELECT,0,20801,2848
N1000_K9_UNIFORM_100,1000,950,9,95000,PREFIX_LINEAR,SELECT,1,254399,2848
N1000_K9_UNIFORM_100,1000,950,9,95000,PREFIX_LINEAR,SELECT,2,34300,2848
N1000_K9_UNIFORM_100,1000,950,9,95000,PREFIX_LINEAR,SELECT,3,18100,2848
N1000_K9_UNIFORM_100,1000,950,9,95000,PREFIX_LINEAR,SELECT,4,16700,2848
N1000_K9_UNIFORM_100,1000,950,9,95000,PREFIX_LINEAR,SELECT,5,15400,2848
N1000_K9_UNIFORM_100,1000,950,9,95000,PREFIX_LINEAR,SELECT,6,20801,2848
N1000_K9_UNIFORM_100,1000,950,9,95000,PREFIX_LINEAR,SELECT,7,16300,2848
N1000_K9_UNIFORM_100,1000,950,9,95000,PREFIX_LINEAR,SELECT,8,16200,2848
N1000_K9_UNIFORM_100,1000,950,9,95000,PREFIX_LINEAR,SELECT,9,18899,2848
N1000_K9_UNIFORM_100,1000,950,9,95000,PREFIX_LINEAR,SELECT,10,16099,2848
N1000_K9_UNIFORM_100,1000,950,9,95000,PREFIX_LINEAR,SELECT,11,15999,2848
N1000_K9_UNIFORM_100,1000,950,9,95000,PREFIX_LINEAR,SELECT,12,15200,2848
N1000_K9_UNIFORM_100,1000,950,9,95000,PREFIX_LINEAR,SELECT,13,15700,2848
N1000_K9_UNIFORM_100,1000,950,9,95000,PREFIX_LINEAR,SELECT,14,15600,2848
N1000_K9_UNIFORM_100,1000,950,9,95000,PREFIX_LINEAR,SELECT,15,18099,2848
N1000_K9_UNIFORM_100,1000,950,9,95000,PREFIX_LINEAR,SELECT,16,17001,2848
N1000_K9_UNIFORM_100,1000,950,9,95000,PREFIX_LINEAR,SELECT,17,99100,2848
N1000_K9_UNIFORM_100,1000,950,9,95000,PREFIX_LINEAR,SELECT,18,171301,4664
N1000_K9_UNIFORM_100,1000,950,9,95000,PREFIX_LINEAR,SELECT,19,21099,2848
N1000_K9_UNIFORM_100,1000,950,9,95000,PREFIX_LINEAR,TOTAL,0,245800,87816
N1000_K9_UNIFORM_100,1000,950,9,95000,PREFIX_LINEAR,TOTAL,1,259800,87816
N1000_K9_UNIFORM_100,1000,950,9,95000,PREFIX_LINEAR,TOTAL,2,247899,87816
N1000_K9_UNIFORM_100,1000,950,9,95000,PREFIX_LINEAR,TOTAL,3,251200,87816
N1000_K9_UNIFORM_100,1000,950,9,95000,PREFIX_LINEAR,TOTAL,4,267700,87816
N1000_K9_UNIFORM_100,1000,950,9,95000,PREFIX_LINEAR,TOTAL,5,259900,87816
N1000_K9_UNIFORM_100,1000,950,9,95000,PREFIX_LINEAR,TOTAL,6,269600,87816
N1000_K9_UNIFORM_100,1000,950,9,95000,PREFIX_LINEAR,TOTAL,7,241300,87816
N1000_K9_UNIFORM_100,1000,950,9,95000,PREFIX_LINEAR,TOTAL,8,294300,87816
N1000_K9_UNIFORM_100,1000,950,9,95000,PREFIX_LINEAR,TOTAL,9,353800,87816
N1000_K9_UNIFORM_100,1000,950,9,95000,PREFIX_LINEAR,TOTAL,10,250501,87816
N1000_K9_UNIFORM_100,1000,950,9,95000,PREFIX_LINEAR,TOTAL,11,252700,87816
N1000_K9_UNIFORM_100,1000,950,9,95000,PREFIX_LINEAR,TOTAL,12,246699,87816
N1000_K9_UNIFORM_100,1000,950,9,95000,PREFIX_LINEAR,TOTAL,13,237700,87816
N1000_K9_UNIFORM_100,1000,950,9,95000,PREFIX_LINEAR,TOTAL,14,335100,87816
N1000_K9_UNIFORM_100,1000,950,9,95000,PREFIX_LINEAR,TOTAL,15,379199,87816
N1000_K9_UNIFORM_100,1000,950,9,95000,PREFIX_LINEAR,TOTAL,16,336300,87816
N1000_K9_UNIFORM_100,1000,950,9,95000,PREFIX_LINEAR,TOTAL,17,264599,87816
N1000_K9_UNIFORM_100,1000,950,9,95000,PREFIX_LINEAR,TOTAL,18,331001,87816
N1000_K9_UNIFORM_100,1000,950,9,95000,PREFIX_LINEAR,TOTAL,19,319300,87816
N1000_K9_UNIFORM_100,1000,950,9,95000,PREFIX_BINARY,NORMALIZE,0,220400,69704
N1000_K9_UNIFORM_100,1000,950,9,95000,PREFIX_BINARY,NORMALIZE,1,231300,69704
N1000_K9_UNIFORM_100,1000,950,9,95000,PREFIX_BINARY,NORMALIZE,2,234199,69704
N1000_K9_UNIFORM_100,1000,950,9,95000,PREFIX_BINARY,NORMALIZE,3,235300,69704
N1000_K9_UNIFORM_100,1000,950,9,95000,PREFIX_BINARY,NORMALIZE,4,225300,69704
N1000_K9_UNIFORM_100,1000,950,9,95000,PREFIX_BINARY,NORMALIZE,5,236300,69704
N1000_K9_UNIFORM_100,1000,950,9,95000,PREFIX_BINARY,NORMALIZE,6,269601,69704
N1000_K9_UNIFORM_100,1000,950,9,95000,PREFIX_BINARY,NORMALIZE,7,304601,69704
N1000_K9_UNIFORM_100,1000,950,9,95000,PREFIX_BINARY,NORMALIZE,8,402299,69704
N1000_K9_UNIFORM_100,1000,950,9,95000,PREFIX_BINARY,NORMALIZE,9,415499,69704
N1000_K9_UNIFORM_100,1000,950,9,95000,PREFIX_BINARY,NORMALIZE,10,446200,69704
N1000_K9_UNIFORM_100,1000,950,9,95000,PREFIX_BINARY,NORMALIZE,11,406800,69704
N1000_K9_UNIFORM_100,1000,950,9,95000,PREFIX_BINARY,NORMALIZE,12,434100,69704
N1000_K9_UNIFORM_100,1000,950,9,95000,PREFIX_BINARY,NORMALIZE,13,397800,69704
N1000_K9_UNIFORM_100,1000,950,9,95000,PREFIX_BINARY,NORMALIZE,14,390000,69704
N1000_K9_UNIFORM_100,1000,950,9,95000,PREFIX_BINARY,NORMALIZE,15,368401,69704
N1000_K9_UNIFORM_100,1000,950,9,95000,PREFIX_BINARY,NORMALIZE,16,456900,69704
N1000_K9_UNIFORM_100,1000,950,9,95000,PREFIX_BINARY,NORMALIZE,17,344199,69704
N1000_K9_UNIFORM_100,1000,950,9,95000,PREFIX_BINARY,NORMALIZE,18,298600,69704
N1000_K9_UNIFORM_100,1000,950,9,95000,PREFIX_BINARY,NORMALIZE,19,274900,69704
N1000_K9_UNIFORM_100,1000,950,9,95000,PREFIX_BINARY,BUILD,0,4001,15264
N1000_K9_UNIFORM_100,1000,950,9,95000,PREFIX_BINARY,BUILD,1,3201,15264
N1000_K9_UNIFORM_100,1000,950,9,95000,PREFIX_BINARY,BUILD,2,9401,15264
N1000_K9_UNIFORM_100,1000,950,9,95000,PREFIX_BINARY,BUILD,3,2999,15264
N1000_K9_UNIFORM_100,1000,950,9,95000,PREFIX_BINARY,BUILD,4,3101,15264
N1000_K9_UNIFORM_100,1000,950,9,95000,PREFIX_BINARY,BUILD,5,14600,15264
N1000_K9_UNIFORM_100,1000,950,9,95000,PREFIX_BINARY,BUILD,6,4400,15264
N1000_K9_UNIFORM_100,1000,950,9,95000,PREFIX_BINARY,BUILD,7,2800,15264
N1000_K9_UNIFORM_100,1000,950,9,95000,PREFIX_BINARY,BUILD,8,3099,15264
N1000_K9_UNIFORM_100,1000,950,9,95000,PREFIX_BINARY,BUILD,9,2901,15264
N1000_K9_UNIFORM_100,1000,950,9,95000,PREFIX_BINARY,BUILD,10,2901,15264
N1000_K9_UNIFORM_100,1000,950,9,95000,PREFIX_BINARY,BUILD,11,16000,15264
N1000_K9_UNIFORM_100,1000,950,9,95000,PREFIX_BINARY,BUILD,12,12500,15264
N1000_K9_UNIFORM_100,1000,950,9,95000,PREFIX_BINARY,BUILD,13,2599,15264
N1000_K9_UNIFORM_100,1000,950,9,95000,PREFIX_BINARY,BUILD,14,3099,15264
N1000_K9_UNIFORM_100,1000,950,9,95000,PREFIX_BINARY,BUILD,15,9200,15264
N1000_K9_UNIFORM_100,1000,950,9,95000,PREFIX_BINARY,BUILD,16,3401,15264
N1000_K9_UNIFORM_100,1000,950,9,95000,PREFIX_BINARY,BUILD,17,11199,15264
N1000_K9_UNIFORM_100,1000,950,9,95000,PREFIX_BINARY,BUILD,18,9000,15264
N1000_K9_UNIFORM_100,1000,950,9,95000,PREFIX_BINARY,BUILD,19,2800,15264
N1000_K9_UNIFORM_100,1000,950,9,95000,PREFIX_BINARY,SELECT,0,26100,2848
N1000_K9_UNIFORM_100,1000,950,9,95000,PREFIX_BINARY,SELECT,1,38300,2848
N1000_K9_UNIFORM_100,1000,950,9,95000,PREFIX_BINARY,SELECT,2,25301,2848
N1000_K9_UNIFORM_100,1000,950,9,95000,PREFIX_BINARY,SELECT,3,21900,2848
N1000_K9_UNIFORM_100,1000,950,9,95000,PREFIX_BINARY,SELECT,4,19499,2848
N1000_K9_UNIFORM_100,1000,950,9,95000,PREFIX_BINARY,SELECT,5,21100,2848
N1000_K9_UNIFORM_100,1000,950,9,95000,PREFIX_BINARY,SELECT,6,21799,2848
N1000_K9_UNIFORM_100,1000,950,9,95000,PREFIX_BINARY,SELECT,7,41001,2848
N1000_K9_UNIFORM_100,1000,950,9,95000,PREFIX_BINARY,SELECT,8,32600,2848
N1000_K9_UNIFORM_100,1000,950,9,95000,PREFIX_BINARY,SELECT,9,19800,2848
N1000_K9_UNIFORM_100,1000,950,9,95000,PREFIX_BINARY,SELECT,10,23200,2848
N1000_K9_UNIFORM_100,1000,950,9,95000,PREFIX_BINARY,SELECT,11,19299,2848
N1000_K9_UNIFORM_100,1000,950,9,95000,PREFIX_BINARY,SELECT,12,18799,2848
N1000_K9_UNIFORM_100,1000,950,9,95000,PREFIX_BINARY,SELECT,13,18799,2848
N1000_K9_UNIFORM_100,1000,950,9,95000,PREFIX_BINARY,SELECT,14,54701,2848
N1000_K9_UNIFORM_100,1000,950,9,95000,PREFIX_BINARY,SELECT,15,38800,2848
N1000_K9_UNIFORM_100,1000,950,9,95000,PREFIX_BINARY,SELECT,16,22001,2848
N1000_K9_UNIFORM_100,1000,950,9,95000,PREFIX_BINARY,SELECT,17,22400,2848
N1000_K9_UNIFORM_100,1000,950,9,95000,PREFIX_BINARY,SELECT,18,19200,2848
N1000_K9_UNIFORM_100,1000,950,9,95000,PREFIX_BINARY,SELECT,19,18399,2848
N1000_K9_UNIFORM_100,1000,950,9,95000,PREFIX_BINARY,TOTAL,0,266401,87816
N1000_K9_UNIFORM_100,1000,950,9,95000,PREFIX_BINARY,TOTAL,1,252200,87816
N1000_K9_UNIFORM_100,1000,950,9,95000,PREFIX_BINARY,TOTAL,2,248200,87816
N1000_K9_UNIFORM_100,1000,950,9,95000,PREFIX_BINARY,TOTAL,3,351199,87816
N1000_K9_UNIFORM_100,1000,950,9,95000,PREFIX_BINARY,TOTAL,4,256200,87816
N1000_K9_UNIFORM_100,1000,950,9,95000,PREFIX_BINARY,TOTAL,5,257400,87816
N1000_K9_UNIFORM_100,1000,950,9,95000,PREFIX_BINARY,TOTAL,6,257000,87816
N1000_K9_UNIFORM_100,1000,950,9,95000,PREFIX_BINARY,TOTAL,7,248199,87816
N1000_K9_UNIFORM_100,1000,950,9,95000,PREFIX_BINARY,TOTAL,8,243301,87816
N1000_K9_UNIFORM_100,1000,950,9,95000,PREFIX_BINARY,TOTAL,9,487800,87816
N1000_K9_UNIFORM_100,1000,950,9,95000,PREFIX_BINARY,TOTAL,10,412300,87816
N1000_K9_UNIFORM_100,1000,950,9,95000,PREFIX_BINARY,TOTAL,11,316900,87816
N1000_K9_UNIFORM_100,1000,950,9,95000,PREFIX_BINARY,TOTAL,12,274199,87816
N1000_K9_UNIFORM_100,1000,950,9,95000,PREFIX_BINARY,TOTAL,13,272400,87816
N1000_K9_UNIFORM_100,1000,950,9,95000,PREFIX_BINARY,TOTAL,14,297100,87816
N1000_K9_UNIFORM_100,1000,950,9,95000,PREFIX_BINARY,TOTAL,15,352801,87816
N1000_K9_UNIFORM_100,1000,950,9,95000,PREFIX_BINARY,TOTAL,16,268000,87816
N1000_K9_UNIFORM_100,1000,950,9,95000,PREFIX_BINARY,TOTAL,17,266301,87816
N1000_K9_UNIFORM_100,1000,950,9,95000,PREFIX_BINARY,TOTAL,18,262700,87816
N1000_K9_UNIFORM_100,1000,950,9,95000,PREFIX_BINARY,TOTAL,19,267300,87816
N1000_K9_UNIFORM_100,1000,950,9,95000,FENWICK,NORMALIZE,0,222800,69704
N1000_K9_UNIFORM_100,1000,950,9,95000,FENWICK,NORMALIZE,1,221900,69704
N1000_K9_UNIFORM_100,1000,950,9,95000,FENWICK,NORMALIZE,2,221000,69704
N1000_K9_UNIFORM_100,1000,950,9,95000,FENWICK,NORMALIZE,3,237200,69704
N1000_K9_UNIFORM_100,1000,950,9,95000,FENWICK,NORMALIZE,4,259700,69704
N1000_K9_UNIFORM_100,1000,950,9,95000,FENWICK,NORMALIZE,5,232799,69704
N1000_K9_UNIFORM_100,1000,950,9,95000,FENWICK,NORMALIZE,6,250000,69704
N1000_K9_UNIFORM_100,1000,950,9,95000,FENWICK,NORMALIZE,7,245199,69704
N1000_K9_UNIFORM_100,1000,950,9,95000,FENWICK,NORMALIZE,8,235501,69704
N1000_K9_UNIFORM_100,1000,950,9,95000,FENWICK,NORMALIZE,9,225099,69704
N1000_K9_UNIFORM_100,1000,950,9,95000,FENWICK,NORMALIZE,10,234700,69704
N1000_K9_UNIFORM_100,1000,950,9,95000,FENWICK,NORMALIZE,11,241199,69704
N1000_K9_UNIFORM_100,1000,950,9,95000,FENWICK,NORMALIZE,12,224500,69704
N1000_K9_UNIFORM_100,1000,950,9,95000,FENWICK,NORMALIZE,13,217000,69704
N1000_K9_UNIFORM_100,1000,950,9,95000,FENWICK,NORMALIZE,14,261400,69704
N1000_K9_UNIFORM_100,1000,950,9,95000,FENWICK,NORMALIZE,15,289500,69704
N1000_K9_UNIFORM_100,1000,950,9,95000,FENWICK,NORMALIZE,16,236900,69704
N1000_K9_UNIFORM_100,1000,950,9,95000,FENWICK,NORMALIZE,17,218199,69704
N1000_K9_UNIFORM_100,1000,950,9,95000,FENWICK,NORMALIZE,18,227900,69704
N1000_K9_UNIFORM_100,1000,950,9,95000,FENWICK,NORMALIZE,19,263399,69704
N1000_K9_UNIFORM_100,1000,950,9,95000,FENWICK,BUILD,0,8700,15336
N1000_K9_UNIFORM_100,1000,950,9,95000,FENWICK,BUILD,1,13300,15336
N1000_K9_UNIFORM_100,1000,950,9,95000,FENWICK,BUILD,2,8700,15336
N1000_K9_UNIFORM_100,1000,950,9,95000,FENWICK,BUILD,3,10999,15336
N1000_K9_UNIFORM_100,1000,950,9,95000,FENWICK,BUILD,4,8500,15336
N1000_K9_UNIFORM_100,1000,950,9,95000,FENWICK,BUILD,5,8300,15336
N1000_K9_UNIFORM_100,1000,950,9,95000,FENWICK,BUILD,6,8500,15336
N1000_K9_UNIFORM_100,1000,950,9,95000,FENWICK,BUILD,7,8400,15336
N1000_K9_UNIFORM_100,1000,950,9,95000,FENWICK,BUILD,8,15600,15336
N1000_K9_UNIFORM_100,1000,950,9,95000,FENWICK,BUILD,9,8200,15336
N1000_K9_UNIFORM_100,1000,950,9,95000,FENWICK,BUILD,10,8500,15336
N1000_K9_UNIFORM_100,1000,950,9,95000,FENWICK,BUILD,11,62600,15336
N1000_K9_UNIFORM_100,1000,950,9,95000,FENWICK,BUILD,12,14800,15336
N1000_K9_UNIFORM_100,1000,950,9,95000,FENWICK,BUILD,13,14400,15336
N1000_K9_UNIFORM_100,1000,950,9,95000,FENWICK,BUILD,14,18300,15336
N1000_K9_UNIFORM_100,1000,950,9,95000,FENWICK,BUILD,15,17800,15336
N1000_K9_UNIFORM_100,1000,950,9,95000,FENWICK,BUILD,16,8900,15336
N1000_K9_UNIFORM_100,1000,950,9,95000,FENWICK,BUILD,17,8700,15336
N1000_K9_UNIFORM_100,1000,950,9,95000,FENWICK,BUILD,18,14700,15336
N1000_K9_UNIFORM_100,1000,950,9,95000,FENWICK,BUILD,19,10499,15336
N1000_K9_UNIFORM_100,1000,950,9,95000,FENWICK,SELECT,0,14500,2848
N1000_K9_UNIFORM_100,1000,950,9,95000,FENWICK,SELECT,1,13701,2848
N1000_K9_UNIFORM_100,1000,950,9,95000,FENWICK,SELECT,2,12501,2848
N1000_K9_UNIFORM_100,1000,950,9,95000,FENWICK,SELECT,3,12700,2848
N1000_K9_UNIFORM_100,1000,950,9,95000,FENWICK,SELECT,4,21200,2848
N1000_K9_UNIFORM_100,1000,950,9,95000,FENWICK,SELECT,5,13000,2848
N1000_K9_UNIFORM_100,1000,950,9,95000,FENWICK,SELECT,6,13000,2848
N1000_K9_UNIFORM_100,1000,950,9,95000,FENWICK,SELECT,7,15200,2848
N1000_K9_UNIFORM_100,1000,950,9,95000,FENWICK,SELECT,8,12500,2848
N1000_K9_UNIFORM_100,1000,950,9,95000,FENWICK,SELECT,9,13100,2848
N1000_K9_UNIFORM_100,1000,950,9,95000,FENWICK,SELECT,10,15900,2848
N1000_K9_UNIFORM_100,1000,950,9,95000,FENWICK,SELECT,11,12800,2848
N1000_K9_UNIFORM_100,1000,950,9,95000,FENWICK,SELECT,12,12701,2848
N1000_K9_UNIFORM_100,1000,950,9,95000,FENWICK,SELECT,13,12200,2848
N1000_K9_UNIFORM_100,1000,950,9,95000,FENWICK,SELECT,14,16200,2848
N1000_K9_UNIFORM_100,1000,950,9,95000,FENWICK,SELECT,15,15000,2848
N1000_K9_UNIFORM_100,1000,950,9,95000,FENWICK,SELECT,16,12700,2848
N1000_K9_UNIFORM_100,1000,950,9,95000,FENWICK,SELECT,17,12900,2848
N1000_K9_UNIFORM_100,1000,950,9,95000,FENWICK,SELECT,18,12700,2848
N1000_K9_UNIFORM_100,1000,950,9,95000,FENWICK,SELECT,19,31901,2848
N1000_K9_UNIFORM_100,1000,950,9,95000,FENWICK,TOTAL,0,310600,87888
N1000_K9_UNIFORM_100,1000,950,9,95000,FENWICK,TOTAL,1,254701,87888
N1000_K9_UNIFORM_100,1000,950,9,95000,FENWICK,TOTAL,2,255900,87888
N1000_K9_UNIFORM_100,1000,950,9,95000,FENWICK,TOTAL,3,274500,87888
N1000_K9_UNIFORM_100,1000,950,9,95000,FENWICK,TOTAL,4,254200,87888
N1000_K9_UNIFORM_100,1000,950,9,95000,FENWICK,TOTAL,5,266100,87888
N1000_K9_UNIFORM_100,1000,950,9,95000,FENWICK,TOTAL,6,243300,87888
N1000_K9_UNIFORM_100,1000,950,9,95000,FENWICK,TOTAL,7,243600,87888
N1000_K9_UNIFORM_100,1000,950,9,95000,FENWICK,TOTAL,8,250899,87888
N1000_K9_UNIFORM_100,1000,950,9,95000,FENWICK,TOTAL,9,260799,87888
N1000_K9_UNIFORM_100,1000,950,9,95000,FENWICK,TOTAL,10,267500,87888
N1000_K9_UNIFORM_100,1000,950,9,95000,FENWICK,TOTAL,11,271099,87888
N1000_K9_UNIFORM_100,1000,950,9,95000,FENWICK,TOTAL,12,307701,87888
N1000_K9_UNIFORM_100,1000,950,9,95000,FENWICK,TOTAL,13,273500,87888
N1000_K9_UNIFORM_100,1000,950,9,95000,FENWICK,TOTAL,14,253900,87888
N1000_K9_UNIFORM_100,1000,950,9,95000,FENWICK,TOTAL,15,251800,87888
N1000_K9_UNIFORM_100,1000,950,9,95000,FENWICK,TOTAL,16,270301,87888
N1000_K9_UNIFORM_100,1000,950,9,95000,FENWICK,TOTAL,17,252500,87888
N1000_K9_UNIFORM_100,1000,950,9,95000,FENWICK,TOTAL,18,244700,87888
N1000_K9_UNIFORM_100,1000,950,9,95000,FENWICK,TOTAL,19,264900,87888
N1000_K95_UNIFORM_100,1000,950,95,95000,TICKET_ARRAY,NORMALIZE,0,226301,69704
N1000_K95_UNIFORM_100,1000,950,95,95000,TICKET_ARRAY,NORMALIZE,1,230200,69704
N1000_K95_UNIFORM_100,1000,950,95,95000,TICKET_ARRAY,NORMALIZE,2,226800,69704
N1000_K95_UNIFORM_100,1000,950,95,95000,TICKET_ARRAY,NORMALIZE,3,252800,69704
N1000_K95_UNIFORM_100,1000,950,95,95000,TICKET_ARRAY,NORMALIZE,4,270101,69704
N1000_K95_UNIFORM_100,1000,950,95,95000,TICKET_ARRAY,NORMALIZE,5,232499,69704
N1000_K95_UNIFORM_100,1000,950,95,95000,TICKET_ARRAY,NORMALIZE,6,236200,69704
N1000_K95_UNIFORM_100,1000,950,95,95000,TICKET_ARRAY,NORMALIZE,7,232001,69704
N1000_K95_UNIFORM_100,1000,950,95,95000,TICKET_ARRAY,NORMALIZE,8,236700,69704
N1000_K95_UNIFORM_100,1000,950,95,95000,TICKET_ARRAY,NORMALIZE,9,231700,69704
N1000_K95_UNIFORM_100,1000,950,95,95000,TICKET_ARRAY,NORMALIZE,10,231600,69704
N1000_K95_UNIFORM_100,1000,950,95,95000,TICKET_ARRAY,NORMALIZE,11,224900,69704
N1000_K95_UNIFORM_100,1000,950,95,95000,TICKET_ARRAY,NORMALIZE,12,218599,69704
N1000_K95_UNIFORM_100,1000,950,95,95000,TICKET_ARRAY,NORMALIZE,13,218500,69704
N1000_K95_UNIFORM_100,1000,950,95,95000,TICKET_ARRAY,NORMALIZE,14,223401,69704
N1000_K95_UNIFORM_100,1000,950,95,95000,TICKET_ARRAY,NORMALIZE,15,240200,69704
N1000_K95_UNIFORM_100,1000,950,95,95000,TICKET_ARRAY,NORMALIZE,16,226201,69704
N1000_K95_UNIFORM_100,1000,950,95,95000,TICKET_ARRAY,NORMALIZE,17,227399,69704
N1000_K95_UNIFORM_100,1000,950,95,95000,TICKET_ARRAY,NORMALIZE,18,250700,69704
N1000_K95_UNIFORM_100,1000,950,95,95000,TICKET_ARRAY,NORMALIZE,19,239300,69704
N1000_K95_UNIFORM_100,1000,950,95,95000,TICKET_ARRAY,BUILD,0,183900,380040
N1000_K95_UNIFORM_100,1000,950,95,95000,TICKET_ARRAY,BUILD,1,151000,380040
N1000_K95_UNIFORM_100,1000,950,95,95000,TICKET_ARRAY,BUILD,2,181701,380040
N1000_K95_UNIFORM_100,1000,950,95,95000,TICKET_ARRAY,BUILD,3,142199,380040
N1000_K95_UNIFORM_100,1000,950,95,95000,TICKET_ARRAY,BUILD,4,180800,380040
N1000_K95_UNIFORM_100,1000,950,95,95000,TICKET_ARRAY,BUILD,5,168200,380040
N1000_K95_UNIFORM_100,1000,950,95,95000,TICKET_ARRAY,BUILD,6,175600,380040
N1000_K95_UNIFORM_100,1000,950,95,95000,TICKET_ARRAY,BUILD,7,153000,380040
N1000_K95_UNIFORM_100,1000,950,95,95000,TICKET_ARRAY,BUILD,8,187700,380040
N1000_K95_UNIFORM_100,1000,950,95,95000,TICKET_ARRAY,BUILD,9,145200,380040
N1000_K95_UNIFORM_100,1000,950,95,95000,TICKET_ARRAY,BUILD,10,175500,380040
N1000_K95_UNIFORM_100,1000,950,95,95000,TICKET_ARRAY,BUILD,11,152600,380040
N1000_K95_UNIFORM_100,1000,950,95,95000,TICKET_ARRAY,BUILD,12,176801,380040
N1000_K95_UNIFORM_100,1000,950,95,95000,TICKET_ARRAY,BUILD,13,142799,380040
N1000_K95_UNIFORM_100,1000,950,95,95000,TICKET_ARRAY,BUILD,14,178600,380040
N1000_K95_UNIFORM_100,1000,950,95,95000,TICKET_ARRAY,BUILD,15,151501,380040
N1000_K95_UNIFORM_100,1000,950,95,95000,TICKET_ARRAY,BUILD,16,172600,380040
N1000_K95_UNIFORM_100,1000,950,95,95000,TICKET_ARRAY,BUILD,17,148800,380040
N1000_K95_UNIFORM_100,1000,950,95,95000,TICKET_ARRAY,BUILD,18,168500,380040
N1000_K95_UNIFORM_100,1000,950,95,95000,TICKET_ARRAY,BUILD,19,173399,380040
N1000_K95_UNIFORM_100,1000,950,95,95000,TICKET_ARRAY,SELECT,0,5299701,17600
N1000_K95_UNIFORM_100,1000,950,95,95000,TICKET_ARRAY,SELECT,1,5150499,17600
N1000_K95_UNIFORM_100,1000,950,95,95000,TICKET_ARRAY,SELECT,2,5095101,17600
N1000_K95_UNIFORM_100,1000,950,95,95000,TICKET_ARRAY,SELECT,3,5513301,17600
N1000_K95_UNIFORM_100,1000,950,95,95000,TICKET_ARRAY,SELECT,4,5105900,17600
N1000_K95_UNIFORM_100,1000,950,95,95000,TICKET_ARRAY,SELECT,5,5733500,17600
N1000_K95_UNIFORM_100,1000,950,95,95000,TICKET_ARRAY,SELECT,6,5304400,17600
N1000_K95_UNIFORM_100,1000,950,95,95000,TICKET_ARRAY,SELECT,7,5505601,17600
N1000_K95_UNIFORM_100,1000,950,95,95000,TICKET_ARRAY,SELECT,8,5342501,17600
N1000_K95_UNIFORM_100,1000,950,95,95000,TICKET_ARRAY,SELECT,9,5253401,17600
N1000_K95_UNIFORM_100,1000,950,95,95000,TICKET_ARRAY,SELECT,10,5153601,17600
N1000_K95_UNIFORM_100,1000,950,95,95000,TICKET_ARRAY,SELECT,11,5179900,17600
N1000_K95_UNIFORM_100,1000,950,95,95000,TICKET_ARRAY,SELECT,12,6064599,17600
N1000_K95_UNIFORM_100,1000,950,95,95000,TICKET_ARRAY,SELECT,13,8688299,17600
N1000_K95_UNIFORM_100,1000,950,95,95000,TICKET_ARRAY,SELECT,14,5427700,17600
N1000_K95_UNIFORM_100,1000,950,95,95000,TICKET_ARRAY,SELECT,15,5723101,17600
N1000_K95_UNIFORM_100,1000,950,95,95000,TICKET_ARRAY,SELECT,16,5444700,17600
N1000_K95_UNIFORM_100,1000,950,95,95000,TICKET_ARRAY,SELECT,17,5329200,17568
N1000_K95_UNIFORM_100,1000,950,95,95000,TICKET_ARRAY,SELECT,18,5300800,17568
N1000_K95_UNIFORM_100,1000,950,95,95000,TICKET_ARRAY,SELECT,19,5299400,17568
N1000_K95_UNIFORM_100,1000,950,95,95000,TICKET_ARRAY,TOTAL,0,9956100,467312
N1000_K95_UNIFORM_100,1000,950,95,95000,TICKET_ARRAY,TOTAL,1,10037300,467312
N1000_K95_UNIFORM_100,1000,950,95,95000,TICKET_ARRAY,TOTAL,2,6132999,467312
N1000_K95_UNIFORM_100,1000,950,95,95000,TICKET_ARRAY,TOTAL,3,5633700,467312
N1000_K95_UNIFORM_100,1000,950,95,95000,TICKET_ARRAY,TOTAL,4,5699799,467312
N1000_K95_UNIFORM_100,1000,950,95,95000,TICKET_ARRAY,TOTAL,5,5699600,467312
N1000_K95_UNIFORM_100,1000,950,95,95000,TICKET_ARRAY,TOTAL,6,5681599,467312
N1000_K95_UNIFORM_100,1000,950,95,95000,TICKET_ARRAY,TOTAL,7,5979799,467312
N1000_K95_UNIFORM_100,1000,950,95,95000,TICKET_ARRAY,TOTAL,8,5812300,467312
N1000_K95_UNIFORM_100,1000,950,95,95000,TICKET_ARRAY,TOTAL,9,5689500,467312
N1000_K95_UNIFORM_100,1000,950,95,95000,TICKET_ARRAY,TOTAL,10,5678199,467312
N1000_K95_UNIFORM_100,1000,950,95,95000,TICKET_ARRAY,TOTAL,11,5751399,467312
N1000_K95_UNIFORM_100,1000,950,95,95000,TICKET_ARRAY,TOTAL,12,7076601,467312
N1000_K95_UNIFORM_100,1000,950,95,95000,TICKET_ARRAY,TOTAL,13,5742899,467312
N1000_K95_UNIFORM_100,1000,950,95,95000,TICKET_ARRAY,TOTAL,14,5653900,467312
N1000_K95_UNIFORM_100,1000,950,95,95000,TICKET_ARRAY,TOTAL,15,5605299,467312
N1000_K95_UNIFORM_100,1000,950,95,95000,TICKET_ARRAY,TOTAL,16,5684001,467312
N1000_K95_UNIFORM_100,1000,950,95,95000,TICKET_ARRAY,TOTAL,17,5545699,467312
N1000_K95_UNIFORM_100,1000,950,95,95000,TICKET_ARRAY,TOTAL,18,5721499,467312
N1000_K95_UNIFORM_100,1000,950,95,95000,TICKET_ARRAY,TOTAL,19,5670500,467312
N1000_K95_UNIFORM_100,1000,950,95,95000,PREFIX_LINEAR,NORMALIZE,0,227400,69704
N1000_K95_UNIFORM_100,1000,950,95,95000,PREFIX_LINEAR,NORMALIZE,1,226900,69704
N1000_K95_UNIFORM_100,1000,950,95,95000,PREFIX_LINEAR,NORMALIZE,2,220500,69704
N1000_K95_UNIFORM_100,1000,950,95,95000,PREFIX_LINEAR,NORMALIZE,3,286099,69704
N1000_K95_UNIFORM_100,1000,950,95,95000,PREFIX_LINEAR,NORMALIZE,4,229800,69704
N1000_K95_UNIFORM_100,1000,950,95,95000,PREFIX_LINEAR,NORMALIZE,5,243900,69704
N1000_K95_UNIFORM_100,1000,950,95,95000,PREFIX_LINEAR,NORMALIZE,6,221100,69704
N1000_K95_UNIFORM_100,1000,950,95,95000,PREFIX_LINEAR,NORMALIZE,7,219900,69704
N1000_K95_UNIFORM_100,1000,950,95,95000,PREFIX_LINEAR,NORMALIZE,8,222800,69704
N1000_K95_UNIFORM_100,1000,950,95,95000,PREFIX_LINEAR,NORMALIZE,9,216701,69704
N1000_K95_UNIFORM_100,1000,950,95,95000,PREFIX_LINEAR,NORMALIZE,10,219501,69704
N1000_K95_UNIFORM_100,1000,950,95,95000,PREFIX_LINEAR,NORMALIZE,11,230400,69704
N1000_K95_UNIFORM_100,1000,950,95,95000,PREFIX_LINEAR,NORMALIZE,12,237200,69704
N1000_K95_UNIFORM_100,1000,950,95,95000,PREFIX_LINEAR,NORMALIZE,13,226301,69704
N1000_K95_UNIFORM_100,1000,950,95,95000,PREFIX_LINEAR,NORMALIZE,14,230100,69704
N1000_K95_UNIFORM_100,1000,950,95,95000,PREFIX_LINEAR,NORMALIZE,15,218401,69704
N1000_K95_UNIFORM_100,1000,950,95,95000,PREFIX_LINEAR,NORMALIZE,16,252400,69704
N1000_K95_UNIFORM_100,1000,950,95,95000,PREFIX_LINEAR,NORMALIZE,17,258400,69704
N1000_K95_UNIFORM_100,1000,950,95,95000,PREFIX_LINEAR,NORMALIZE,18,271301,69704
N1000_K95_UNIFORM_100,1000,950,95,95000,PREFIX_LINEAR,NORMALIZE,19,226700,69704
N1000_K95_UNIFORM_100,1000,950,95,95000,PREFIX_LINEAR,BUILD,0,2801,15264
N1000_K95_UNIFORM_100,1000,950,95,95000,PREFIX_LINEAR,BUILD,1,9400,15264
N1000_K95_UNIFORM_100,1000,950,95,95000,PREFIX_LINEAR,BUILD,2,2900,15264
N1000_K95_UNIFORM_100,1000,950,95,95000,PREFIX_LINEAR,BUILD,3,2800,15264
N1000_K95_UNIFORM_100,1000,950,95,95000,PREFIX_LINEAR,BUILD,4,9501,15264
N1000_K95_UNIFORM_100,1000,950,95,95000,PREFIX_LINEAR,BUILD,5,15001,15264
N1000_K95_UNIFORM_100,1000,950,95,95000,PREFIX_LINEAR,BUILD,6,3099,15264
N1000_K95_UNIFORM_100,1000,950,95,95000,PREFIX_LINEAR,BUILD,7,3101,15264
N1000_K95_UNIFORM_100,1000,950,95,95000,PREFIX_LINEAR,BUILD,8,3001,15264
N1000_K95_UNIFORM_100,1000,950,95,95000,PREFIX_LINEAR,BUILD,9,2800,15264
N1000_K95_UNIFORM_100,1000,950,95,95000,PREFIX_LINEAR,BUILD,10,3101,15264
N1000_K95_UNIFORM_100,1000,950,95,95000,PREFIX_LINEAR,BUILD,11,17201,15264
N1000_K95_UNIFORM_100,1000,950,95,95000,PREFIX_LINEAR,BUILD,12,3600,15264
N1000_K95_UNIFORM_100,1000,950,95,95000,PREFIX_LINEAR,BUILD,13,3001,15264
N1000_K95_UNIFORM_100,1000,950,95,95000,PREFIX_LINEAR,BUILD,14,37700,15264
N1000_K95_UNIFORM_100,1000,950,95,95000,PREFIX_LINEAR,BUILD,15,3000,15264
N1000_K95_UNIFORM_100,1000,950,95,95000,PREFIX_LINEAR,BUILD,16,3000,15264
N1000_K95_UNIFORM_100,1000,950,95,95000,PREFIX_LINEAR,BUILD,17,15200,15264
N1000_K95_UNIFORM_100,1000,950,95,95000,PREFIX_LINEAR,BUILD,18,3101,15264
N1000_K95_UNIFORM_100,1000,950,95,95000,PREFIX_LINEAR,BUILD,19,2800,15264
N1000_K95_UNIFORM_100,1000,950,95,95000,PREFIX_LINEAR,SELECT,0,58900,17568
N1000_K95_UNIFORM_100,1000,950,95,95000,PREFIX_LINEAR,SELECT,1,56200,17568
N1000_K95_UNIFORM_100,1000,950,95,95000,PREFIX_LINEAR,SELECT,2,61600,17568
N1000_K95_UNIFORM_100,1000,950,95,95000,PREFIX_LINEAR,SELECT,3,70200,17568
N1000_K95_UNIFORM_100,1000,950,95,95000,PREFIX_LINEAR,SELECT,4,59900,17568
N1000_K95_UNIFORM_100,1000,950,95,95000,PREFIX_LINEAR,SELECT,5,62800,17568
N1000_K95_UNIFORM_100,1000,950,95,95000,PREFIX_LINEAR,SELECT,6,55699,17568
N1000_K95_UNIFORM_100,1000,950,95,95000,PREFIX_LINEAR,SELECT,7,60800,17568
N1000_K95_UNIFORM_100,1000,950,95,95000,PREFIX_LINEAR,SELECT,8,54800,17568
N1000_K95_UNIFORM_100,1000,950,95,95000,PREFIX_LINEAR,SELECT,9,54300,17568
N1000_K95_UNIFORM_100,1000,950,95,95000,PREFIX_LINEAR,SELECT,10,59400,17568
N1000_K95_UNIFORM_100,1000,950,95,95000,PREFIX_LINEAR,SELECT,11,53400,17568
N1000_K95_UNIFORM_100,1000,950,95,95000,PREFIX_LINEAR,SELECT,12,70300,17568
N1000_K95_UNIFORM_100,1000,950,95,95000,PREFIX_LINEAR,SELECT,13,65000,17568
N1000_K95_UNIFORM_100,1000,950,95,95000,PREFIX_LINEAR,SELECT,14,59700,17568
N1000_K95_UNIFORM_100,1000,950,95,95000,PREFIX_LINEAR,SELECT,15,57600,17568
N1000_K95_UNIFORM_100,1000,950,95,95000,PREFIX_LINEAR,SELECT,16,58400,17568
N1000_K95_UNIFORM_100,1000,950,95,95000,PREFIX_LINEAR,SELECT,17,60500,17568
N1000_K95_UNIFORM_100,1000,950,95,95000,PREFIX_LINEAR,SELECT,18,111200,17568
N1000_K95_UNIFORM_100,1000,950,95,95000,PREFIX_LINEAR,SELECT,19,64800,17568
N1000_K95_UNIFORM_100,1000,950,95,95000,PREFIX_LINEAR,TOTAL,0,274900,102536
N1000_K95_UNIFORM_100,1000,950,95,95000,PREFIX_LINEAR,TOTAL,1,283600,102536
N1000_K95_UNIFORM_100,1000,950,95,95000,PREFIX_LINEAR,TOTAL,2,287699,102536
N1000_K95_UNIFORM_100,1000,950,95,95000,PREFIX_LINEAR,TOTAL,3,295200,102536
N1000_K95_UNIFORM_100,1000,950,95,95000,PREFIX_LINEAR,TOTAL,4,340499,102536
N1000_K95_UNIFORM_100,1000,950,95,95000,PREFIX_LINEAR,TOTAL,5,305000,102536
N1000_K95_UNIFORM_100,1000,950,95,95000,PREFIX_LINEAR,TOTAL,6,288300,102536
N1000_K95_UNIFORM_100,1000,950,95,95000,PREFIX_LINEAR,TOTAL,7,280601,102536
N1000_K95_UNIFORM_100,1000,950,95,95000,PREFIX_LINEAR,TOTAL,8,347899,102536
N1000_K95_UNIFORM_100,1000,950,95,95000,PREFIX_LINEAR,TOTAL,9,321500,102536
N1000_K95_UNIFORM_100,1000,950,95,95000,PREFIX_LINEAR,TOTAL,10,283500,102536
N1000_K95_UNIFORM_100,1000,950,95,95000,PREFIX_LINEAR,TOTAL,11,285300,102536
N1000_K95_UNIFORM_100,1000,950,95,95000,PREFIX_LINEAR,TOTAL,12,305000,102536
N1000_K95_UNIFORM_100,1000,950,95,95000,PREFIX_LINEAR,TOTAL,13,291700,102536
N1000_K95_UNIFORM_100,1000,950,95,95000,PREFIX_LINEAR,TOTAL,14,287599,102536
N1000_K95_UNIFORM_100,1000,950,95,95000,PREFIX_LINEAR,TOTAL,15,295500,102536
N1000_K95_UNIFORM_100,1000,950,95,95000,PREFIX_LINEAR,TOTAL,16,278200,102536
N1000_K95_UNIFORM_100,1000,950,95,95000,PREFIX_LINEAR,TOTAL,17,307600,102536
N1000_K95_UNIFORM_100,1000,950,95,95000,PREFIX_LINEAR,TOTAL,18,290900,102536
N1000_K95_UNIFORM_100,1000,950,95,95000,PREFIX_LINEAR,TOTAL,19,343900,102536
N1000_K95_UNIFORM_100,1000,950,95,95000,PREFIX_BINARY,NORMALIZE,0,238400,69704
N1000_K95_UNIFORM_100,1000,950,95,95000,PREFIX_BINARY,NORMALIZE,1,235901,69704
N1000_K95_UNIFORM_100,1000,950,95,95000,PREFIX_BINARY,NORMALIZE,2,223000,69704
N1000_K95_UNIFORM_100,1000,950,95,95000,PREFIX_BINARY,NORMALIZE,3,215800,69704
N1000_K95_UNIFORM_100,1000,950,95,95000,PREFIX_BINARY,NORMALIZE,4,216000,69704
N1000_K95_UNIFORM_100,1000,950,95,95000,PREFIX_BINARY,NORMALIZE,5,215401,69704
N1000_K95_UNIFORM_100,1000,950,95,95000,PREFIX_BINARY,NORMALIZE,6,219601,69704
N1000_K95_UNIFORM_100,1000,950,95,95000,PREFIX_BINARY,NORMALIZE,7,227399,69704
N1000_K95_UNIFORM_100,1000,950,95,95000,PREFIX_BINARY,NORMALIZE,8,260200,69704
N1000_K95_UNIFORM_100,1000,950,95,95000,PREFIX_BINARY,NORMALIZE,9,223900,69704
N1000_K95_UNIFORM_100,1000,950,95,95000,PREFIX_BINARY,NORMALIZE,10,221700,69704
N1000_K95_UNIFORM_100,1000,950,95,95000,PREFIX_BINARY,NORMALIZE,11,225800,69704
N1000_K95_UNIFORM_100,1000,950,95,95000,PREFIX_BINARY,NORMALIZE,12,222600,69704
N1000_K95_UNIFORM_100,1000,950,95,95000,PREFIX_BINARY,NORMALIZE,13,223901,69704
N1000_K95_UNIFORM_100,1000,950,95,95000,PREFIX_BINARY,NORMALIZE,14,219201,69704
N1000_K95_UNIFORM_100,1000,950,95,95000,PREFIX_BINARY,NORMALIZE,15,221400,69704
N1000_K95_UNIFORM_100,1000,950,95,95000,PREFIX_BINARY,NORMALIZE,16,234301,69704
N1000_K95_UNIFORM_100,1000,950,95,95000,PREFIX_BINARY,NORMALIZE,17,229100,69704
N1000_K95_UNIFORM_100,1000,950,95,95000,PREFIX_BINARY,NORMALIZE,18,229300,69704
N1000_K95_UNIFORM_100,1000,950,95,95000,PREFIX_BINARY,NORMALIZE,19,217700,69704
N1000_K95_UNIFORM_100,1000,950,95,95000,PREFIX_BINARY,BUILD,0,3000,15264
N1000_K95_UNIFORM_100,1000,950,95,95000,PREFIX_BINARY,BUILD,1,11599,15264
N1000_K95_UNIFORM_100,1000,950,95,95000,PREFIX_BINARY,BUILD,2,2701,15264
N1000_K95_UNIFORM_100,1000,950,95,95000,PREFIX_BINARY,BUILD,3,2900,15264
N1000_K95_UNIFORM_100,1000,950,95,95000,PREFIX_BINARY,BUILD,4,2799,15264
N1000_K95_UNIFORM_100,1000,950,95,95000,PREFIX_BINARY,BUILD,5,8800,15264
N1000_K95_UNIFORM_100,1000,950,95,95000,PREFIX_BINARY,BUILD,6,2900,15264
N1000_K95_UNIFORM_100,1000,950,95,95000,PREFIX_BINARY,BUILD,7,2800,15264
N1000_K95_UNIFORM_100,1000,950,95,95000,PREFIX_BINARY,BUILD,8,11800,15264
N1000_K95_UNIFORM_100,1000,950,95,95000,PREFIX_BINARY,BUILD,9,10601,15264
N1000_K95_UNIFORM_100,1000,950,95,95000,PREFIX_BINARY,BUILD,10,3000,15264
N1000_K95_UNIFORM_100,1000,950,95,95000,PREFIX_BINARY,BUILD,11,8600,15264
N1000_K95_UNIFORM_100,1000,950,95,95000,PREFIX_BINARY,BUILD,12,2901,15264
N1000_K95_UNIFORM_100,1000,950,95,95000,PREFIX_BINARY,BUILD,13,2801,15264
N1000_K95_UNIFORM_100,1000,950,95,95000,PREFIX_BINARY,BUILD,14,2900,15264
N1000_K95_UNIFORM_100,1000,950,95,95000,PREFIX_BINARY,BUILD,15,2701,15264
N1000_K95_UNIFORM_100,1000,950,95,95000,PREFIX_BINARY,BUILD,16,2800,15264
N1000_K95_UNIFORM_100,1000,950,95,95000,PREFIX_BINARY,BUILD,17,2900,15264
N1000_K95_UNIFORM_100,1000,950,95,95000,PREFIX_BINARY,BUILD,18,8801,15264
N1000_K95_UNIFORM_100,1000,950,95,95000,PREFIX_BINARY,BUILD,19,2699,15264
N1000_K95_UNIFORM_100,1000,950,95,95000,PREFIX_BINARY,SELECT,0,46799,17568
N1000_K95_UNIFORM_100,1000,950,95,95000,PREFIX_BINARY,SELECT,1,48200,17568
N1000_K95_UNIFORM_100,1000,950,95,95000,PREFIX_BINARY,SELECT,2,55000,17568
N1000_K95_UNIFORM_100,1000,950,95,95000,PREFIX_BINARY,SELECT,3,48400,17568
N1000_K95_UNIFORM_100,1000,950,95,95000,PREFIX_BINARY,SELECT,4,51700,17568
N1000_K95_UNIFORM_100,1000,950,95,95000,PREFIX_BINARY,SELECT,5,47801,17568
N1000_K95_UNIFORM_100,1000,950,95,95000,PREFIX_BINARY,SELECT,6,56300,17568
N1000_K95_UNIFORM_100,1000,950,95,95000,PREFIX_BINARY,SELECT,7,61399,17568
N1000_K95_UNIFORM_100,1000,950,95,95000,PREFIX_BINARY,SELECT,8,49201,17568
N1000_K95_UNIFORM_100,1000,950,95,95000,PREFIX_BINARY,SELECT,9,54400,17568
N1000_K95_UNIFORM_100,1000,950,95,95000,PREFIX_BINARY,SELECT,10,60100,17568
N1000_K95_UNIFORM_100,1000,950,95,95000,PREFIX_BINARY,SELECT,11,51201,17568
N1000_K95_UNIFORM_100,1000,950,95,95000,PREFIX_BINARY,SELECT,12,49200,17568
N1000_K95_UNIFORM_100,1000,950,95,95000,PREFIX_BINARY,SELECT,13,45600,17568
N1000_K95_UNIFORM_100,1000,950,95,95000,PREFIX_BINARY,SELECT,14,52500,17568
N1000_K95_UNIFORM_100,1000,950,95,95000,PREFIX_BINARY,SELECT,15,43500,17568
N1000_K95_UNIFORM_100,1000,950,95,95000,PREFIX_BINARY,SELECT,16,115800,17568
N1000_K95_UNIFORM_100,1000,950,95,95000,PREFIX_BINARY,SELECT,17,71200,17568
N1000_K95_UNIFORM_100,1000,950,95,95000,PREFIX_BINARY,SELECT,18,81999,17568
N1000_K95_UNIFORM_100,1000,950,95,95000,PREFIX_BINARY,SELECT,19,65199,17568
N1000_K95_UNIFORM_100,1000,950,95,95000,PREFIX_BINARY,TOTAL,0,278900,102536
N1000_K95_UNIFORM_100,1000,950,95,95000,PREFIX_BINARY,TOTAL,1,309901,102536
N1000_K95_UNIFORM_100,1000,950,95,95000,PREFIX_BINARY,TOTAL,2,675899,102536
N1000_K95_UNIFORM_100,1000,950,95,95000,PREFIX_BINARY,TOTAL,3,443700,102536
N1000_K95_UNIFORM_100,1000,950,95,95000,PREFIX_BINARY,TOTAL,4,358500,102536
N1000_K95_UNIFORM_100,1000,950,95,95000,PREFIX_BINARY,TOTAL,5,349801,102536
N1000_K95_UNIFORM_100,1000,950,95,95000,PREFIX_BINARY,TOTAL,6,345399,102536
N1000_K95_UNIFORM_100,1000,950,95,95000,PREFIX_BINARY,TOTAL,7,378500,102536
N1000_K95_UNIFORM_100,1000,950,95,95000,PREFIX_BINARY,TOTAL,8,306800,102536
N1000_K95_UNIFORM_100,1000,950,95,95000,PREFIX_BINARY,TOTAL,9,318500,102536
N1000_K95_UNIFORM_100,1000,950,95,95000,PREFIX_BINARY,TOTAL,10,289700,102536
N1000_K95_UNIFORM_100,1000,950,95,95000,PREFIX_BINARY,TOTAL,11,378299,102536
N1000_K95_UNIFORM_100,1000,950,95,95000,PREFIX_BINARY,TOTAL,12,538999,102536
N1000_K95_UNIFORM_100,1000,950,95,95000,PREFIX_BINARY,TOTAL,13,383200,102536
N1000_K95_UNIFORM_100,1000,950,95,95000,PREFIX_BINARY,TOTAL,14,360899,102536
N1000_K95_UNIFORM_100,1000,950,95,95000,PREFIX_BINARY,TOTAL,15,328999,102536
N1000_K95_UNIFORM_100,1000,950,95,95000,PREFIX_BINARY,TOTAL,16,444099,102536
N1000_K95_UNIFORM_100,1000,950,95,95000,PREFIX_BINARY,TOTAL,17,358500,102536
N1000_K95_UNIFORM_100,1000,950,95,95000,PREFIX_BINARY,TOTAL,18,326700,102536
N1000_K95_UNIFORM_100,1000,950,95,95000,PREFIX_BINARY,TOTAL,19,357401,102536
N1000_K95_UNIFORM_100,1000,950,95,95000,FENWICK,NORMALIZE,0,225300,69704
N1000_K95_UNIFORM_100,1000,950,95,95000,FENWICK,NORMALIZE,1,234300,69704
N1000_K95_UNIFORM_100,1000,950,95,95000,FENWICK,NORMALIZE,2,227299,69704
N1000_K95_UNIFORM_100,1000,950,95,95000,FENWICK,NORMALIZE,3,226800,69704
N1000_K95_UNIFORM_100,1000,950,95,95000,FENWICK,NORMALIZE,4,222300,69704
N1000_K95_UNIFORM_100,1000,950,95,95000,FENWICK,NORMALIZE,5,225300,69704
N1000_K95_UNIFORM_100,1000,950,95,95000,FENWICK,NORMALIZE,6,220701,69704
N1000_K95_UNIFORM_100,1000,950,95,95000,FENWICK,NORMALIZE,7,231400,69704
N1000_K95_UNIFORM_100,1000,950,95,95000,FENWICK,NORMALIZE,8,219700,69704
N1000_K95_UNIFORM_100,1000,950,95,95000,FENWICK,NORMALIZE,9,221500,69704
N1000_K95_UNIFORM_100,1000,950,95,95000,FENWICK,NORMALIZE,10,238300,69704
N1000_K95_UNIFORM_100,1000,950,95,95000,FENWICK,NORMALIZE,11,219100,69704
N1000_K95_UNIFORM_100,1000,950,95,95000,FENWICK,NORMALIZE,12,250899,69704
N1000_K95_UNIFORM_100,1000,950,95,95000,FENWICK,NORMALIZE,13,269399,69704
N1000_K95_UNIFORM_100,1000,950,95,95000,FENWICK,NORMALIZE,14,226800,69704
N1000_K95_UNIFORM_100,1000,950,95,95000,FENWICK,NORMALIZE,15,227501,69704
N1000_K95_UNIFORM_100,1000,950,95,95000,FENWICK,NORMALIZE,16,228700,69704
N1000_K95_UNIFORM_100,1000,950,95,95000,FENWICK,NORMALIZE,17,223700,69704
N1000_K95_UNIFORM_100,1000,950,95,95000,FENWICK,NORMALIZE,18,235300,69704
N1000_K95_UNIFORM_100,1000,950,95,95000,FENWICK,NORMALIZE,19,229500,69704
N1000_K95_UNIFORM_100,1000,950,95,95000,FENWICK,BUILD,0,10201,15336
N1000_K95_UNIFORM_100,1000,950,95,95000,FENWICK,BUILD,1,19200,15336
N1000_K95_UNIFORM_100,1000,950,95,95000,FENWICK,BUILD,2,21200,15336
N1000_K95_UNIFORM_100,1000,950,95,95000,FENWICK,BUILD,3,9000,15336
N1000_K95_UNIFORM_100,1000,950,95,95000,FENWICK,BUILD,4,8100,15336
N1000_K95_UNIFORM_100,1000,950,95,95000,FENWICK,BUILD,5,8200,15336
N1000_K95_UNIFORM_100,1000,950,95,95000,FENWICK,BUILD,6,12700,15336
N1000_K95_UNIFORM_100,1000,950,95,95000,FENWICK,BUILD,7,9601,15336
N1000_K95_UNIFORM_100,1000,950,95,95000,FENWICK,BUILD,8,8600,15336
N1000_K95_UNIFORM_100,1000,950,95,95000,FENWICK,BUILD,9,17300,15336
N1000_K95_UNIFORM_100,1000,950,95,95000,FENWICK,BUILD,10,8000,15336
N1000_K95_UNIFORM_100,1000,950,95,95000,FENWICK,BUILD,11,8200,15336
N1000_K95_UNIFORM_100,1000,950,95,95000,FENWICK,BUILD,12,13600,15336
N1000_K95_UNIFORM_100,1000,950,95,95000,FENWICK,BUILD,13,15800,15336
N1000_K95_UNIFORM_100,1000,950,95,95000,FENWICK,BUILD,14,8000,15336
N1000_K95_UNIFORM_100,1000,950,95,95000,FENWICK,BUILD,15,11900,15336
N1000_K95_UNIFORM_100,1000,950,95,95000,FENWICK,BUILD,16,8600,15336
N1000_K95_UNIFORM_100,1000,950,95,95000,FENWICK,BUILD,17,8401,15336
N1000_K95_UNIFORM_100,1000,950,95,95000,FENWICK,BUILD,18,8300,15336
N1000_K95_UNIFORM_100,1000,950,95,95000,FENWICK,BUILD,19,19501,15336
N1000_K95_UNIFORM_100,1000,950,95,95000,FENWICK,SELECT,0,73699,17568
N1000_K95_UNIFORM_100,1000,950,95,95000,FENWICK,SELECT,1,85999,17568
N1000_K95_UNIFORM_100,1000,950,95,95000,FENWICK,SELECT,2,64700,17568
N1000_K95_UNIFORM_100,1000,950,95,95000,FENWICK,SELECT,3,67000,17568
N1000_K95_UNIFORM_100,1000,950,95,95000,FENWICK,SELECT,4,68200,17568
N1000_K95_UNIFORM_100,1000,950,95,95000,FENWICK,SELECT,5,60700,17568
N1000_K95_UNIFORM_100,1000,950,95,95000,FENWICK,SELECT,6,94001,17568
N1000_K95_UNIFORM_100,1000,950,95,95000,FENWICK,SELECT,7,62300,17568
N1000_K95_UNIFORM_100,1000,950,95,95000,FENWICK,SELECT,8,70801,17568
N1000_K95_UNIFORM_100,1000,950,95,95000,FENWICK,SELECT,9,74599,17568
N1000_K95_UNIFORM_100,1000,950,95,95000,FENWICK,SELECT,10,61700,17568
N1000_K95_UNIFORM_100,1000,950,95,95000,FENWICK,SELECT,11,87600,17568
N1000_K95_UNIFORM_100,1000,950,95,95000,FENWICK,SELECT,12,74000,17568
N1000_K95_UNIFORM_100,1000,950,95,95000,FENWICK,SELECT,13,105801,17568
N1000_K95_UNIFORM_100,1000,950,95,95000,FENWICK,SELECT,14,60300,17568
N1000_K95_UNIFORM_100,1000,950,95,95000,FENWICK,SELECT,15,53200,17568
N1000_K95_UNIFORM_100,1000,950,95,95000,FENWICK,SELECT,16,37000,17568
N1000_K95_UNIFORM_100,1000,950,95,95000,FENWICK,SELECT,17,62399,17568
N1000_K95_UNIFORM_100,1000,950,95,95000,FENWICK,SELECT,18,58000,17568
N1000_K95_UNIFORM_100,1000,950,95,95000,FENWICK,SELECT,19,41400,17568
N1000_K95_UNIFORM_100,1000,950,95,95000,FENWICK,TOTAL,0,286700,102608
N1000_K95_UNIFORM_100,1000,950,95,95000,FENWICK,TOTAL,1,302301,102608
N1000_K95_UNIFORM_100,1000,950,95,95000,FENWICK,TOTAL,2,277600,102608
N1000_K95_UNIFORM_100,1000,950,95,95000,FENWICK,TOTAL,3,273800,102608
N1000_K95_UNIFORM_100,1000,950,95,95000,FENWICK,TOTAL,4,271300,102608
N1000_K95_UNIFORM_100,1000,950,95,95000,FENWICK,TOTAL,5,315900,102608
N1000_K95_UNIFORM_100,1000,950,95,95000,FENWICK,TOTAL,6,286400,102608
N1000_K95_UNIFORM_100,1000,950,95,95000,FENWICK,TOTAL,7,276000,102608
N1000_K95_UNIFORM_100,1000,950,95,95000,FENWICK,TOTAL,8,280900,102608
N1000_K95_UNIFORM_100,1000,950,95,95000,FENWICK,TOTAL,9,270000,102608
N1000_K95_UNIFORM_100,1000,950,95,95000,FENWICK,TOTAL,10,283600,102608
N1000_K95_UNIFORM_100,1000,950,95,95000,FENWICK,TOTAL,11,285600,102608
N1000_K95_UNIFORM_100,1000,950,95,95000,FENWICK,TOTAL,12,283799,102608
N1000_K95_UNIFORM_100,1000,950,95,95000,FENWICK,TOTAL,13,342300,102608
N1000_K95_UNIFORM_100,1000,950,95,95000,FENWICK,TOTAL,14,296599,102608
N1000_K95_UNIFORM_100,1000,950,95,95000,FENWICK,TOTAL,15,323900,102608
N1000_K95_UNIFORM_100,1000,950,95,95000,FENWICK,TOTAL,16,286000,102608
N1000_K95_UNIFORM_100,1000,950,95,95000,FENWICK,TOTAL,17,266100,102608
N1000_K95_UNIFORM_100,1000,950,95,95000,FENWICK,TOTAL,18,297201,102608
N1000_K95_UNIFORM_100,1000,950,95,95000,FENWICK,TOTAL,19,339301,102608
N1000_K1_SKEWED_1000,1000,950,1,100850,TICKET_ARRAY,NORMALIZE,0,235699,69704
N1000_K1_SKEWED_1000,1000,950,1,100850,TICKET_ARRAY,NORMALIZE,1,228800,69704
N1000_K1_SKEWED_1000,1000,950,1,100850,TICKET_ARRAY,NORMALIZE,2,225499,69704
N1000_K1_SKEWED_1000,1000,950,1,100850,TICKET_ARRAY,NORMALIZE,3,223799,69704
N1000_K1_SKEWED_1000,1000,950,1,100850,TICKET_ARRAY,NORMALIZE,4,235800,69704
N1000_K1_SKEWED_1000,1000,950,1,100850,TICKET_ARRAY,NORMALIZE,5,220900,69704
N1000_K1_SKEWED_1000,1000,950,1,100850,TICKET_ARRAY,NORMALIZE,6,224900,69704
N1000_K1_SKEWED_1000,1000,950,1,100850,TICKET_ARRAY,NORMALIZE,7,313200,69704
N1000_K1_SKEWED_1000,1000,950,1,100850,TICKET_ARRAY,NORMALIZE,8,409400,69704
N1000_K1_SKEWED_1000,1000,950,1,100850,TICKET_ARRAY,NORMALIZE,9,359900,69704
N1000_K1_SKEWED_1000,1000,950,1,100850,TICKET_ARRAY,NORMALIZE,10,395800,69704
N1000_K1_SKEWED_1000,1000,950,1,100850,TICKET_ARRAY,NORMALIZE,11,404700,69704
N1000_K1_SKEWED_1000,1000,950,1,100850,TICKET_ARRAY,NORMALIZE,12,391099,69704
N1000_K1_SKEWED_1000,1000,950,1,100850,TICKET_ARRAY,NORMALIZE,13,394000,69704
N1000_K1_SKEWED_1000,1000,950,1,100850,TICKET_ARRAY,NORMALIZE,14,314000,69704
N1000_K1_SKEWED_1000,1000,950,1,100850,TICKET_ARRAY,NORMALIZE,15,303599,69704
N1000_K1_SKEWED_1000,1000,950,1,100850,TICKET_ARRAY,NORMALIZE,16,272101,69704
N1000_K1_SKEWED_1000,1000,950,1,100850,TICKET_ARRAY,NORMALIZE,17,274500,69704
N1000_K1_SKEWED_1000,1000,950,1,100850,TICKET_ARRAY,NORMALIZE,18,258300,69704
N1000_K1_SKEWED_1000,1000,950,1,100850,TICKET_ARRAY,NORMALIZE,19,241399,69704
N1000_K1_SKEWED_1000,1000,950,1,100850,TICKET_ARRAY,BUILD,0,139999,403440
N1000_K1_SKEWED_1000,1000,950,1,100850,TICKET_ARRAY,BUILD,1,160800,403440
N1000_K1_SKEWED_1000,1000,950,1,100850,TICKET_ARRAY,BUILD,2,141100,403440
N1000_K1_SKEWED_1000,1000,950,1,100850,TICKET_ARRAY,BUILD,3,180400,403440
N1000_K1_SKEWED_1000,1000,950,1,100850,TICKET_ARRAY,BUILD,4,139201,403440
N1000_K1_SKEWED_1000,1000,950,1,100850,TICKET_ARRAY,BUILD,5,169300,403440
N1000_K1_SKEWED_1000,1000,950,1,100850,TICKET_ARRAY,BUILD,6,138101,403440
N1000_K1_SKEWED_1000,1000,950,1,100850,TICKET_ARRAY,BUILD,7,222600,403440
N1000_K1_SKEWED_1000,1000,950,1,100850,TICKET_ARRAY,BUILD,8,159400,403440
N1000_K1_SKEWED_1000,1000,950,1,100850,TICKET_ARRAY,BUILD,9,200301,403440
N1000_K1_SKEWED_1000,1000,950,1,100850,TICKET_ARRAY,BUILD,10,149600,403440
N1000_K1_SKEWED_1000,1000,950,1,100850,TICKET_ARRAY,BUILD,11,179099,403440
N1000_K1_SKEWED_1000,1000,950,1,100850,TICKET_ARRAY,BUILD,12,138100,403440
N1000_K1_SKEWED_1000,1000,950,1,100850,TICKET_ARRAY,BUILD,13,170500,403440
N1000_K1_SKEWED_1000,1000,950,1,100850,TICKET_ARRAY,BUILD,14,140301,403440
N1000_K1_SKEWED_1000,1000,950,1,100850,TICKET_ARRAY,BUILD,15,166101,403440
N1000_K1_SKEWED_1000,1000,950,1,100850,TICKET_ARRAY,BUILD,16,135999,403440
N1000_K1_SKEWED_1000,1000,950,1,100850,TICKET_ARRAY,BUILD,17,175700,403440
N1000_K1_SKEWED_1000,1000,950,1,100850,TICKET_ARRAY,BUILD,18,137600,403440
N1000_K1_SKEWED_1000,1000,950,1,100850,TICKET_ARRAY,BUILD,19,185600,403440
N1000_K1_SKEWED_1000,1000,950,1,100850,TICKET_ARRAY,SELECT,0,69200,1592
N1000_K1_SKEWED_1000,1000,950,1,100850,TICKET_ARRAY,SELECT,1,72900,1592
N1000_K1_SKEWED_1000,1000,950,1,100850,TICKET_ARRAY,SELECT,2,74600,1592
N1000_K1_SKEWED_1000,1000,950,1,100850,TICKET_ARRAY,SELECT,3,67800,1592
N1000_K1_SKEWED_1000,1000,950,1,100850,TICKET_ARRAY,SELECT,4,68399,1592
N1000_K1_SKEWED_1000,1000,950,1,100850,TICKET_ARRAY,SELECT,5,67399,1592
N1000_K1_SKEWED_1000,1000,950,1,100850,TICKET_ARRAY,SELECT,6,78299,1592
N1000_K1_SKEWED_1000,1000,950,1,100850,TICKET_ARRAY,SELECT,7,68100,1592
N1000_K1_SKEWED_1000,1000,950,1,100850,TICKET_ARRAY,SELECT,8,71699,1592
N1000_K1_SKEWED_1000,1000,950,1,100850,TICKET_ARRAY,SELECT,9,67500,1592
N1000_K1_SKEWED_1000,1000,950,1,100850,TICKET_ARRAY,SELECT,10,67699,1592
N1000_K1_SKEWED_1000,1000,950,1,100850,TICKET_ARRAY,SELECT,11,70500,1592
N1000_K1_SKEWED_1000,1000,950,1,100850,TICKET_ARRAY,SELECT,12,79800,1592
N1000_K1_SKEWED_1000,1000,950,1,100850,TICKET_ARRAY,SELECT,13,74600,1592
N1000_K1_SKEWED_1000,1000,950,1,100850,TICKET_ARRAY,SELECT,14,74700,1592
N1000_K1_SKEWED_1000,1000,950,1,100850,TICKET_ARRAY,SELECT,15,78000,1592
N1000_K1_SKEWED_1000,1000,950,1,100850,TICKET_ARRAY,SELECT,16,70500,1592
N1000_K1_SKEWED_1000,1000,950,1,100850,TICKET_ARRAY,SELECT,17,107800,1592
N1000_K1_SKEWED_1000,1000,950,1,100850,TICKET_ARRAY,SELECT,18,104699,1592
N1000_K1_SKEWED_1000,1000,950,1,100850,TICKET_ARRAY,SELECT,19,82699,1592
N1000_K1_SKEWED_1000,1000,950,1,100850,TICKET_ARRAY,TOTAL,0,449201,474736
N1000_K1_SKEWED_1000,1000,950,1,100850,TICKET_ARRAY,TOTAL,1,600000,474736
N1000_K1_SKEWED_1000,1000,950,1,100850,TICKET_ARRAY,TOTAL,2,455900,474736
N1000_K1_SKEWED_1000,1000,950,1,100850,TICKET_ARRAY,TOTAL,3,490101,474736
N1000_K1_SKEWED_1000,1000,950,1,100850,TICKET_ARRAY,TOTAL,4,431901,474736
N1000_K1_SKEWED_1000,1000,950,1,100850,TICKET_ARRAY,TOTAL,5,485899,474736
N1000_K1_SKEWED_1000,1000,950,1,100850,TICKET_ARRAY,TOTAL,6,440799,474736
N1000_K1_SKEWED_1000,1000,950,1,100850,TICKET_ARRAY,TOTAL,7,490300,474736
N1000_K1_SKEWED_1000,1000,950,1,100850,TICKET_ARRAY,TOTAL,8,473200,474736
N1000_K1_SKEWED_1000,1000,950,1,100850,TICKET_ARRAY,TOTAL,9,472100,474736
N1000_K1_SKEWED_1000,1000,950,1,100850,TICKET_ARRAY,TOTAL,10,437500,474736
N1000_K1_SKEWED_1000,1000,950,1,100850,TICKET_ARRAY,TOTAL,11,457900,474736
N1000_K1_SKEWED_1000,1000,950,1,100850,TICKET_ARRAY,TOTAL,12,433900,474736
N1000_K1_SKEWED_1000,1000,950,1,100850,TICKET_ARRAY,TOTAL,13,487700,474736
N1000_K1_SKEWED_1000,1000,950,1,100850,TICKET_ARRAY,TOTAL,14,444500,474736
N1000_K1_SKEWED_1000,1000,950,1,100850,TICKET_ARRAY,TOTAL,15,469300,474736
N1000_K1_SKEWED_1000,1000,950,1,100850,TICKET_ARRAY,TOTAL,16,428200,474736
N1000_K1_SKEWED_1000,1000,950,1,100850,TICKET_ARRAY,TOTAL,17,473300,474736
N1000_K1_SKEWED_1000,1000,950,1,100850,TICKET_ARRAY,TOTAL,18,440900,474736
N1000_K1_SKEWED_1000,1000,950,1,100850,TICKET_ARRAY,TOTAL,19,458700,474736
N1000_K1_SKEWED_1000,1000,950,1,100850,PREFIX_LINEAR,NORMALIZE,0,219999,69704
N1000_K1_SKEWED_1000,1000,950,1,100850,PREFIX_LINEAR,NORMALIZE,1,224199,69704
N1000_K1_SKEWED_1000,1000,950,1,100850,PREFIX_LINEAR,NORMALIZE,2,218400,69704
N1000_K1_SKEWED_1000,1000,950,1,100850,PREFIX_LINEAR,NORMALIZE,3,217001,69704
N1000_K1_SKEWED_1000,1000,950,1,100850,PREFIX_LINEAR,NORMALIZE,4,224901,69704
N1000_K1_SKEWED_1000,1000,950,1,100850,PREFIX_LINEAR,NORMALIZE,5,227699,69704
N1000_K1_SKEWED_1000,1000,950,1,100850,PREFIX_LINEAR,NORMALIZE,6,231599,69704
N1000_K1_SKEWED_1000,1000,950,1,100850,PREFIX_LINEAR,NORMALIZE,7,223600,69704
N1000_K1_SKEWED_1000,1000,950,1,100850,PREFIX_LINEAR,NORMALIZE,8,273900,69704
N1000_K1_SKEWED_1000,1000,950,1,100850,PREFIX_LINEAR,NORMALIZE,9,233501,69704
N1000_K1_SKEWED_1000,1000,950,1,100850,PREFIX_LINEAR,NORMALIZE,10,221800,69704
N1000_K1_SKEWED_1000,1000,950,1,100850,PREFIX_LINEAR,NORMALIZE,11,222000,69704
N1000_K1_SKEWED_1000,1000,950,1,100850,PREFIX_LINEAR,NORMALIZE,12,239901,69704
N1000_K1_SKEWED_1000,1000,950,1,100850,PREFIX_LINEAR,NORMALIZE,13,229300,69704
N1000_K1_SKEWED_1000,1000,950,1,100850,PREFIX_LINEAR,NORMALIZE,14,299399,69704
N1000_K1_SKEWED_1000,1000,950,1,100850,PREFIX_LINEAR,NORMALIZE,15,236500,69704
N1000_K1_SKEWED_1000,1000,950,1,100850,PREFIX_LINEAR,NORMALIZE,16,257200,69704
N1000_K1_SKEWED_1000,1000,950,1,100850,PREFIX_LINEAR,NORMALIZE,17,333700,69704
N1000_K1_SKEWED_1000,1000,950,1,100850,PREFIX_LINEAR,NORMALIZE,18,345300,69704
N1000_K1_SKEWED_1000,1000,950,1,100850,PREFIX_LINEAR,NORMALIZE,19,340001,69704
N1000_K1_SKEWED_1000,1000,950,1,100850,PREFIX_LINEAR,BUILD,0,3000,15264
N1000_K1_SKEWED_1000,1000,950,1,100850,PREFIX_LINEAR,BUILD,1,3300,15264
N1000_K1_SKEWED_1000,1000,950,1,100850,PREFIX_LINEAR,BUILD,2,12000,15264
N1000_K1_SKEWED_1000,1000,950,1,100850,PREFIX_LINEAR,BUILD,3,3799,15264
N1000_K1_SKEWED_1000,1000,950,1,100850,PREFIX_LINEAR,BUILD,4,3200,15264
N1000_K1_SKEWED_1000,1000,950,1,100850,PREFIX_LINEAR,BUILD,5,10401,15264
N1000_K1_SKEWED_1000,1000,950,1,100850,PREFIX_LINEAR,BUILD,6,2900,15264
N1000_K1_SKEWED_1000,1000,950,1,100850,PREFIX_LINEAR,BUILD,7,3301,15264
N1000_K1_SKEWED_1000,1000,950,1,100850,PREFIX_LINEAR,BUILD,8,3000,15264
N1000_K1_SKEWED_1000,1000,950,1,100850,PREFIX_LINEAR,BUILD,9,28400,15264
N1000_K1_SKEWED_1000,1000,950,1,100850,PREFIX_LINEAR,BUILD,10,2900,15264
N1000_K1_SKEWED_1000,1000,950,1,100850,PREFIX_LINEAR,BUILD,11,3000,15264
N1000_K1_SKEWED_1000,1000,950,1,100850,PREFIX_LINEAR,BUILD,12,14701,15264
N1000_K1_SKEWED_1000,1000,950,1,100850,PREFIX_LINEAR,BUILD,13,2600,15264
N1000_K1_SKEWED_1000,1000,950,1,100850,PREFIX_LINEAR,BUILD,14,3399,15264
N1000_K1_SKEWED_1000,1000,950,1,100850,PREFIX_LINEAR,BUILD,15,13199,15264
N1000_K1_SKEWED_1000,1000,950,1,100850,PREFIX_LINEAR,BUILD,16,2800,15264
N1000_K1_SKEWED_1000,1000,950,1,100850,PREFIX_LINEAR,BUILD,17,3199,15264
N1000_K1_SKEWED_1000,1000,950,1,100850,PREFIX_LINEAR,BUILD,18,9200,15264
N1000_K1_SKEWED_1000,1000,950,1,100850,PREFIX_LINEAR,BUILD,19,3100,15264
N1000_K1_SKEWED_1000,1000,950,1,100850,PREFIX_LINEAR,SELECT,0,8899,1592
N1000_K1_SKEWED_1000,1000,950,1,100850,PREFIX_LINEAR,SELECT,1,10101,1592
N1000_K1_SKEWED_1000,1000,950,1,100850,PREFIX_LINEAR,SELECT,2,10000,1592
N1000_K1_SKEWED_1000,1000,950,1,100850,PREFIX_LINEAR,SELECT,3,12801,1592
N1000_K1_SKEWED_1000,1000,950,1,100850,PREFIX_LINEAR,SELECT,4,9200,1592
N1000_K1_SKEWED_1000,1000,950,1,100850,PREFIX_LINEAR,SELECT,5,14400,1592
N1000_K1_SKEWED_1000,1000,950,1,100850,PREFIX_LINEAR,SELECT,6,17400,1592
N1000_K1_SKEWED_1000,1000,950,1,100850,PREFIX_LINEAR,SELECT,7,9899,1592
N1000_K1_SKEWED_1000,1000,950,1,100850,PREFIX_LINEAR,SELECT,8,16500,1592
N1000_K1_SKEWED_1000,1000,950,1,100850,PREFIX_LINEAR,SELECT,9,22100,1592
N1000_K1_SKEWED_1000,1000,950,1,100850,PREFIX_LINEAR,SELECT,10,17600,1592
N1000_K1_SKEWED_1000,1000,950,1,100850,PREFIX_LINEAR,SELECT,11,11101,1592
N1000_K1_SKEWED_1000,1000,950,1,100850,PREFIX_LINEAR,SELECT,12,10301,1592
N1000_K1_SKEWED_1000,1000,950,1,100850,PREFIX_LINEAR,SELECT,13,8999,1592
N1000_K1_SKEWED_1000,1000,950,1,100850,PREFIX_LINEAR,SELECT,14,8599,1592
N1000_K1_SKEWED_1000,1000,950,1,100850,PREFIX_LINEAR,SELECT,15,8800,1592
N1000_K1_SKEWED_1000,1000,950,1,100850,PREFIX_LINEAR,SELECT,16,21400,1592
N1000_K1_SKEWED_1000,1000,950,1,100850,PREFIX_LINEAR,SELECT,17,15700,1592
N1000_K1_SKEWED_1000,1000,950,1,100850,PREFIX_LINEAR,SELECT,18,9099,1592
N1000_K1_SKEWED_1000,1000,950,1,100850,PREFIX_LINEAR,SELECT,19,8700,1592
N1000_K1_SKEWED_1000,1000,950,1,100850,PREFIX_LINEAR,TOTAL,0,241900,86560
N1000_K1_SKEWED_1000,1000,950,1,100850,PREFIX_LINEAR,TOTAL,1,237799,86560
N1000_K1_SKEWED_1000,1000,950,1,100850,PREFIX_LINEAR,TOTAL,2,247700,86560
N1000_K1_SKEWED_1000,1000,950,1,100850,PREFIX_LINEAR,TOTAL,3,271799,86560
N1000_K1_SKEWED_1000,1000,950,1,100850,PREFIX_LINEAR,TOTAL,4,265200,86560
N1000_K1_SKEWED_1000,1000,950,1,100850,PREFIX_LINEAR,TOTAL,5,253799,86560
N1000_K1_SKEWED_1000,1000,950,1,100850,PREFIX_LINEAR,TOTAL,6,235001,86560
N1000_K1_SKEWED_1000,1000,950,1,100850,PREFIX_LINEAR,TOTAL,7,237400,86560
N1000_K1_SKEWED_1000,1000,950,1,100850,PREFIX_LINEAR,TOTAL,8,302100,86560
N1000_K1_SKEWED_1000,1000,950,1,100850,PREFIX_LINEAR,TOTAL,9,239499,86560
N1000_K1_SKEWED_1000,1000,950,1,100850,PREFIX_LINEAR,TOTAL,10,238799,86560
N1000_K1_SKEWED_1000,1000,950,1,100850,PREFIX_LINEAR,TOTAL,11,239501,86560
N1000_K1_SKEWED_1000,1000,950,1,100850,PREFIX_LINEAR,TOTAL,12,246701,86560
N1000_K1_SKEWED_1000,1000,950,1,100850,PREFIX_LINEAR,TOTAL,13,239900,86560
N1000_K1_SKEWED_1000,1000,950,1,100850,PREFIX_LINEAR,TOTAL,14,263100,86560
N1000_K1_SKEWED_1000,1000,950,1,100850,PREFIX_LINEAR,TOTAL,15,239699,86560
N1000_K1_SKEWED_1000,1000,950,1,100850,PREFIX_LINEAR,TOTAL,16,245200,86560
N1000_K1_SKEWED_1000,1000,950,1,100850,PREFIX_LINEAR,TOTAL,17,240700,86560
N1000_K1_SKEWED_1000,1000,950,1,100850,PREFIX_LINEAR,TOTAL,18,238200,86560
N1000_K1_SKEWED_1000,1000,950,1,100850,PREFIX_LINEAR,TOTAL,19,231200,86560
N1000_K1_SKEWED_1000,1000,950,1,100850,PREFIX_BINARY,NORMALIZE,0,233699,69704
N1000_K1_SKEWED_1000,1000,950,1,100850,PREFIX_BINARY,NORMALIZE,1,223799,69704
N1000_K1_SKEWED_1000,1000,950,1,100850,PREFIX_BINARY,NORMALIZE,2,225600,69704
N1000_K1_SKEWED_1000,1000,950,1,100850,PREFIX_BINARY,NORMALIZE,3,216401,69704
N1000_K1_SKEWED_1000,1000,950,1,100850,PREFIX_BINARY,NORMALIZE,4,223700,69704
N1000_K1_SKEWED_1000,1000,950,1,100850,PREFIX_BINARY,NORMALIZE,5,303799,69928
N1000_K1_SKEWED_1000,1000,950,1,100850,PREFIX_BINARY,NORMALIZE,6,226100,69704
N1000_K1_SKEWED_1000,1000,950,1,100850,PREFIX_BINARY,NORMALIZE,7,217001,69704
N1000_K1_SKEWED_1000,1000,950,1,100850,PREFIX_BINARY,NORMALIZE,8,251800,69704
N1000_K1_SKEWED_1000,1000,950,1,100850,PREFIX_BINARY,NORMALIZE,9,249000,69704
N1000_K1_SKEWED_1000,1000,950,1,100850,PREFIX_BINARY,NORMALIZE,10,248000,69704
N1000_K1_SKEWED_1000,1000,950,1,100850,PREFIX_BINARY,NORMALIZE,11,239300,69704
N1000_K1_SKEWED_1000,1000,950,1,100850,PREFIX_BINARY,NORMALIZE,12,227700,69704
N1000_K1_SKEWED_1000,1000,950,1,100850,PREFIX_BINARY,NORMALIZE,13,222299,69704
N1000_K1_SKEWED_1000,1000,950,1,100850,PREFIX_BINARY,NORMALIZE,14,222900,69704
N1000_K1_SKEWED_1000,1000,950,1,100850,PREFIX_BINARY,NORMALIZE,15,222500,69704
N1000_K1_SKEWED_1000,1000,950,1,100850,PREFIX_BINARY,NORMALIZE,16,218601,69704
N1000_K1_SKEWED_1000,1000,950,1,100850,PREFIX_BINARY,NORMALIZE,17,234699,69704
N1000_K1_SKEWED_1000,1000,950,1,100850,PREFIX_BINARY,NORMALIZE,18,224599,69704
N1000_K1_SKEWED_1000,1000,950,1,100850,PREFIX_BINARY,NORMALIZE,19,244100,69704
N1000_K1_SKEWED_1000,1000,950,1,100850,PREFIX_BINARY,BUILD,0,4101,15264
N1000_K1_SKEWED_1000,1000,950,1,100850,PREFIX_BINARY,BUILD,1,3601,15264
N1000_K1_SKEWED_1000,1000,950,1,100850,PREFIX_BINARY,BUILD,2,10199,15264
N1000_K1_SKEWED_1000,1000,950,1,100850,PREFIX_BINARY,BUILD,3,2900,15264
N1000_K1_SKEWED_1000,1000,950,1,100850,PREFIX_BINARY,BUILD,4,2800,15264
N1000_K1_SKEWED_1000,1000,950,1,100850,PREFIX_BINARY,BUILD,5,9600,15264
N1000_K1_SKEWED_1000,1000,950,1,100850,PREFIX_BINARY,BUILD,6,3000,15264
N1000_K1_SKEWED_1000,1000,950,1,100850,PREFIX_BINARY,BUILD,7,3001,15264
N1000_K1_SKEWED_1000,1000,950,1,100850,PREFIX_BINARY,BUILD,8,3000,15264
N1000_K1_SKEWED_1000,1000,950,1,100850,PREFIX_BINARY,BUILD,9,2801,15264
N1000_K1_SKEWED_1000,1000,950,1,100850,PREFIX_BINARY,BUILD,10,3000,15264
N1000_K1_SKEWED_1000,1000,950,1,100850,PREFIX_BINARY,BUILD,11,9901,15264
N1000_K1_SKEWED_1000,1000,950,1,100850,PREFIX_BINARY,BUILD,12,9699,15264
N1000_K1_SKEWED_1000,1000,950,1,100850,PREFIX_BINARY,BUILD,13,2799,15264
N1000_K1_SKEWED_1000,1000,950,1,100850,PREFIX_BINARY,BUILD,14,2801,15264
N1000_K1_SKEWED_1000,1000,950,1,100850,PREFIX_BINARY,BUILD,15,9801,15264
N1000_K1_SKEWED_1000,1000,950,1,100850,PREFIX_BINARY,BUILD,16,2800,15264
N1000_K1_SKEWED_1000,1000,950,1,100850,PREFIX_BINARY,BUILD,17,10299,15264
N1000_K1_SKEWED_1000,1000,950,1,100850,PREFIX_BINARY,BUILD,18,9300,15264
N1000_K1_SKEWED_1000,1000,950,1,100850,PREFIX_BINARY,BUILD,19,2699,15264
N1000_K1_SKEWED_1000,1000,950,1,100850,PREFIX_BINARY,SELECT,0,13701,1592
N1000_K1_SKEWED_1000,1000,950,1,100850,PREFIX_BINARY,SELECT,1,9201,1592
N1000_K1_SKEWED_1000,1000,950,1,100850,PREFIX_BINARY,SELECT,2,8500,1592
N1000_K1_SKEWED_1000,1000,950,1,100850,PREFIX_BINARY,SELECT,3,25800,1592
N1000_K1_SKEWED_1000,1000,950,1,100850,PREFIX_BINARY,SELECT,4,13101,1592
N1000_K1_SKEWED_1000,1000,950,1,100850,PREFIX_BINARY,SELECT,5,10999,1592
N1000_K1_SKEWED_1000,1000,950,1,100850,PREFIX_BINARY,SELECT,6,9299,1592
N1000_K1_SKEWED_1000,1000,950,1,100850,PREFIX_BINARY,SELECT,7,9000,1592
N1000_K1_SKEWED_1000,1000,950,1,100850,PREFIX_BINARY,SELECT,8,9299,1592
N1000_K1_SKEWED_1000,1000,950,1,100850,PREFIX_BINARY,SELECT,9,8201,1592
N1000_K1_SKEWED_1000,1000,950,1,100850,PREFIX_BINARY,SELECT,10,8300,1592
N1000_K1_SKEWED_1000,1000,950,1,100850,PREFIX_BINARY,SELECT,11,9301,1592
N1000_K1_SKEWED_1000,1000,950,1,100850,PREFIX_BINARY,SELECT,12,8300,1592
N1000_K1_SKEWED_1000,1000,950,1,100850,PREFIX_BINARY,SELECT,13,8400,1592
N1000_K1_SKEWED_1000,1000,950,1,100850,PREFIX_BINARY,SELECT,14,17299,1592
N1000_K1_SKEWED_1000,1000,950,1,100850,PREFIX_BINARY,SELECT,15,9500,1592
N1000_K1_SKEWED_1000,1000,950,1,100850,PREFIX_BINARY,SELECT,16,11801,1592
N1000_K1_SKEWED_1000,1000,950,1,100850,PREFIX_BINARY,SELECT,17,8499,1592
N1000_K1_SKEWED_1000,1000,950,1,100850,PREFIX_BINARY,SELECT,18,8500,1592
N1000_K1_SKEWED_1000,1000,950,1,100850,PREFIX_BINARY,SELECT,19,8501,1592
N1000_K1_SKEWED_1000,1000,950,1,100850,PREFIX_BINARY,TOTAL,0,235600,86560
N1000_K1_SKEWED_1000,1000,950,1,100850,PREFIX_BINARY,TOTAL,1,224901,86560
N1000_K1_SKEWED_1000,1000,950,1,100850,PREFIX_BINARY,TOTAL,2,237700,86560
N1000_K1_SKEWED_1000,1000,950,1,100850,PREFIX_BINARY,TOTAL,3,234100,86560
N1000_K1_SKEWED_1000,1000,950,1,100850,PREFIX_BINARY,TOTAL,4,253700,86560
N1000_K1_SKEWED_1000,1000,950,1,100850,PREFIX_BINARY,TOTAL,5,259300,86560
N1000_K1_SKEWED_1000,1000,950,1,100850,PREFIX_BINARY,TOTAL,6,239200,86560
N1000_K1_SKEWED_1000,1000,950,1,100850,PREFIX_BINARY,TOTAL,7,225699,86560
N1000_K1_SKEWED_1000,1000,950,1,100850,PREFIX_BINARY,TOTAL,8,225600,86560
N1000_K1_SKEWED_1000,1000,950,1,100850,PREFIX_BINARY,TOTAL,9,231001,86560
N1000_K1_SKEWED_1000,1000,950,1,100850,PREFIX_BINARY,TOTAL,10,227501,86560
N1000_K1_SKEWED_1000,1000,950,1,100850,PREFIX_BINARY,TOTAL,11,237200,87456
N1000_K1_SKEWED_1000,1000,950,1,100850,PREFIX_BINARY,TOTAL,12,267800,86560
N1000_K1_SKEWED_1000,1000,950,1,100850,PREFIX_BINARY,TOTAL,13,229200,86560
N1000_K1_SKEWED_1000,1000,950,1,100850,PREFIX_BINARY,TOTAL,14,220101,86560
N1000_K1_SKEWED_1000,1000,950,1,100850,PREFIX_BINARY,TOTAL,15,227000,86560
N1000_K1_SKEWED_1000,1000,950,1,100850,PREFIX_BINARY,TOTAL,16,230801,86560
N1000_K1_SKEWED_1000,1000,950,1,100850,PREFIX_BINARY,TOTAL,17,222000,86560
N1000_K1_SKEWED_1000,1000,950,1,100850,PREFIX_BINARY,TOTAL,18,228501,86560
N1000_K1_SKEWED_1000,1000,950,1,100850,PREFIX_BINARY,TOTAL,19,222200,86560
N1000_K1_SKEWED_1000,1000,950,1,100850,FENWICK,NORMALIZE,0,206400,69704
N1000_K1_SKEWED_1000,1000,950,1,100850,FENWICK,NORMALIZE,1,214400,69704
N1000_K1_SKEWED_1000,1000,950,1,100850,FENWICK,NORMALIZE,2,213000,69704
N1000_K1_SKEWED_1000,1000,950,1,100850,FENWICK,NORMALIZE,3,229900,69704
N1000_K1_SKEWED_1000,1000,950,1,100850,FENWICK,NORMALIZE,4,214300,69704
N1000_K1_SKEWED_1000,1000,950,1,100850,FENWICK,NORMALIZE,5,206800,69704
N1000_K1_SKEWED_1000,1000,950,1,100850,FENWICK,NORMALIZE,6,213001,69704
N1000_K1_SKEWED_1000,1000,950,1,100850,FENWICK,NORMALIZE,7,209600,69704
N1000_K1_SKEWED_1000,1000,950,1,100850,FENWICK,NORMALIZE,8,210100,69704
N1000_K1_SKEWED_1000,1000,950,1,100850,FENWICK,NORMALIZE,9,209000,69704
N1000_K1_SKEWED_1000,1000,950,1,100850,FENWICK,NORMALIZE,10,211600,69704
N1000_K1_SKEWED_1000,1000,950,1,100850,FENWICK,NORMALIZE,11,223800,69704
N1000_K1_SKEWED_1000,1000,950,1,100850,FENWICK,NORMALIZE,12,225200,69704
N1000_K1_SKEWED_1000,1000,950,1,100850,FENWICK,NORMALIZE,13,209999,69704
N1000_K1_SKEWED_1000,1000,950,1,100850,FENWICK,NORMALIZE,14,227799,69704
N1000_K1_SKEWED_1000,1000,950,1,100850,FENWICK,NORMALIZE,15,211501,69704
N1000_K1_SKEWED_1000,1000,950,1,100850,FENWICK,NORMALIZE,16,212600,69704
N1000_K1_SKEWED_1000,1000,950,1,100850,FENWICK,NORMALIZE,17,211701,69704
N1000_K1_SKEWED_1000,1000,950,1,100850,FENWICK,NORMALIZE,18,209700,69704
N1000_K1_SKEWED_1000,1000,950,1,100850,FENWICK,NORMALIZE,19,207800,69704
N1000_K1_SKEWED_1000,1000,950,1,100850,FENWICK,BUILD,0,8100,15336
N1000_K1_SKEWED_1000,1000,950,1,100850,FENWICK,BUILD,1,8100,15336
N1000_K1_SKEWED_1000,1000,950,1,100850,FENWICK,BUILD,2,8099,15336
N1000_K1_SKEWED_1000,1000,950,1,100850,FENWICK,BUILD,3,8600,15336
N1000_K1_SKEWED_1000,1000,950,1,100850,FENWICK,BUILD,4,7900,15336
N1000_K1_SKEWED_1000,1000,950,1,100850,FENWICK,BUILD,5,10100,15336
N1000_K1_SKEWED_1000,1000,950,1,100850,FENWICK,BUILD,6,8600,15336
N1000_K1_SKEWED_1000,1000,950,1,100850,FENWICK,BUILD,7,8599,15336
N1000_K1_SKEWED_1000,1000,950,1,100850,FENWICK,BUILD,8,11400,15336
N1000_K1_SKEWED_1000,1000,950,1,100850,FENWICK,BUILD,9,8301,15336
N1000_K1_SKEWED_1000,1000,950,1,100850,FENWICK,BUILD,10,10000,15336
N1000_K1_SKEWED_1000,1000,950,1,100850,FENWICK,BUILD,11,13199,15336
N1000_K1_SKEWED_1000,1000,950,1,100850,FENWICK,BUILD,12,8900,15336
N1000_K1_SKEWED_1000,1000,950,1,100850,FENWICK,BUILD,13,8000,15336
N1000_K1_SKEWED_1000,1000,950,1,100850,FENWICK,BUILD,14,7800,15336
N1000_K1_SKEWED_1000,1000,950,1,100850,FENWICK,BUILD,15,7700,15336
N1000_K1_SKEWED_1000,1000,950,1,100850,FENWICK,BUILD,16,7800,15336
N1000_K1_SKEWED_1000,1000,950,1,100850,FENWICK,BUILD,17,8200,15336
N1000_K1_SKEWED_1000,1000,950,1,100850,FENWICK,BUILD,18,8500,15336
N1000_K1_SKEWED_1000,1000,950,1,100850,FENWICK,BUILD,19,8100,15336
N1000_K1_SKEWED_1000,1000,950,1,100850,FENWICK,SELECT,0,8900,1592
N1000_K1_SKEWED_1000,1000,950,1,100850,FENWICK,SELECT,1,8800,1592
N1000_K1_SKEWED_1000,1000,950,1,100850,FENWICK,SELECT,2,11400,1592
N1000_K1_SKEWED_1000,1000,950,1,100850,FENWICK,SELECT,3,8600,1592
N1000_K1_SKEWED_1000,1000,950,1,100850,FENWICK,SELECT,4,8500,1592
N1000_K1_SKEWED_1000,1000,950,1,100850,FENWICK,SELECT,5,8700,1592
N1000_K1_SKEWED_1000,1000,950,1,100850,FENWICK,SELECT,6,12401,1592
N1000_K1_SKEWED_1000,1000,950,1,100850,FENWICK,SELECT,7,7800,1592
N1000_K1_SKEWED_1000,1000,950,1,100850,FENWICK,SELECT,8,9500,1592
N1000_K1_SKEWED_1000,1000,950,1,100850,FENWICK,SELECT,9,10601,1592
N1000_K1_SKEWED_1000,1000,950,1,100850,FENWICK,SELECT,10,8299,1592
N1000_K1_SKEWED_1000,1000,950,1,100850,FENWICK,SELECT,11,8200,1592
N1000_K1_SKEWED_1000,1000,950,1,100850,FENWICK,SELECT,12,15200,1592
N1000_K1_SKEWED_1000,1000,950,1,100850,FENWICK,SELECT,13,8000,1592
N1000_K1_SKEWED_1000,1000,950,1,100850,FENWICK,SELECT,14,10600,1592
N1000_K1_SKEWED_1000,1000,950,1,100850,FENWICK,SELECT,15,8300,1592
N1000_K1_SKEWED_1000,1000,950,1,100850,FENWICK,SELECT,16,18601,1592
N1000_K1_SKEWED_1000,1000,950,1,100850,FENWICK,SELECT,17,10601,1592
N1000_K1_SKEWED_1000,1000,950,1,100850,FENWICK,SELECT,18,10000,1592
N1000_K1_SKEWED_1000,1000,950,1,100850,FENWICK,SELECT,19,9100,1592
N1000_K1_SKEWED_1000,1000,950,1,100850,FENWICK,TOTAL,0,246500,86632
N1000_K1_SKEWED_1000,1000,950,1,100850,FENWICK,TOTAL,1,234100,86632
N1000_K1_SKEWED_1000,1000,950,1,100850,FENWICK,TOTAL,2,226799,86632
N1000_K1_SKEWED_1000,1000,950,1,100850,FENWICK,TOTAL,3,236800,86632
N1000_K1_SKEWED_1000,1000,950,1,100850,FENWICK,TOTAL,4,229000,86632
N1000_K1_SKEWED_1000,1000,950,1,100850,FENWICK,TOTAL,5,229100,86632
N1000_K1_SKEWED_1000,1000,950,1,100850,FENWICK,TOTAL,6,227799,86632
N1000_K1_SKEWED_1000,1000,950,1,100850,FENWICK,TOTAL,7,242600,86632
N1000_K1_SKEWED_1000,1000,950,1,100850,FENWICK,TOTAL,8,223601,86632
N1000_K1_SKEWED_1000,1000,950,1,100850,FENWICK,TOTAL,9,233401,86632
N1000_K1_SKEWED_1000,1000,950,1,100850,FENWICK,TOTAL,10,237100,86632
N1000_K1_SKEWED_1000,1000,950,1,100850,FENWICK,TOTAL,11,226900,86632
N1000_K1_SKEWED_1000,1000,950,1,100850,FENWICK,TOTAL,12,228001,86632
N1000_K1_SKEWED_1000,1000,950,1,100850,FENWICK,TOTAL,13,241099,86632
N1000_K1_SKEWED_1000,1000,950,1,100850,FENWICK,TOTAL,14,223000,86632
N1000_K1_SKEWED_1000,1000,950,1,100850,FENWICK,TOTAL,15,239500,86632
N1000_K1_SKEWED_1000,1000,950,1,100850,FENWICK,TOTAL,16,228700,86632
N1000_K1_SKEWED_1000,1000,950,1,100850,FENWICK,TOTAL,17,223600,86632
N1000_K1_SKEWED_1000,1000,950,1,100850,FENWICK,TOTAL,18,245501,86632
N1000_K1_SKEWED_1000,1000,950,1,100850,FENWICK,TOTAL,19,231201,86632
N1000_K9_SKEWED_1000,1000,950,9,100850,TICKET_ARRAY,NORMALIZE,0,207000,69704
N1000_K9_SKEWED_1000,1000,950,9,100850,TICKET_ARRAY,NORMALIZE,1,208999,69704
N1000_K9_SKEWED_1000,1000,950,9,100850,TICKET_ARRAY,NORMALIZE,2,213100,69704
N1000_K9_SKEWED_1000,1000,950,9,100850,TICKET_ARRAY,NORMALIZE,3,212199,69704
N1000_K9_SKEWED_1000,1000,950,9,100850,TICKET_ARRAY,NORMALIZE,4,213500,69704
N1000_K9_SKEWED_1000,1000,950,9,100850,TICKET_ARRAY,NORMALIZE,5,241401,69704
N1000_K9_SKEWED_1000,1000,950,9,100850,TICKET_ARRAY,NORMALIZE,6,224700,69704
N1000_K9_SKEWED_1000,1000,950,9,100850,TICKET_ARRAY,NORMALIZE,7,213500,69704
N1000_K9_SKEWED_1000,1000,950,9,100850,TICKET_ARRAY,NORMALIZE,8,210401,69704
N1000_K9_SKEWED_1000,1000,950,9,100850,TICKET_ARRAY,NORMALIZE,9,208301,69704
N1000_K9_SKEWED_1000,1000,950,9,100850,TICKET_ARRAY,NORMALIZE,10,207199,69704
N1000_K9_SKEWED_1000,1000,950,9,100850,TICKET_ARRAY,NORMALIZE,11,212900,69704
N1000_K9_SKEWED_1000,1000,950,9,100850,TICKET_ARRAY,NORMALIZE,12,211799,69704
N1000_K9_SKEWED_1000,1000,950,9,100850,TICKET_ARRAY,NORMALIZE,13,209499,69704
N1000_K9_SKEWED_1000,1000,950,9,100850,TICKET_ARRAY,NORMALIZE,14,210499,69704
N1000_K9_SKEWED_1000,1000,950,9,100850,TICKET_ARRAY,NORMALIZE,15,221200,69704
N1000_K9_SKEWED_1000,1000,950,9,100850,TICKET_ARRAY,NORMALIZE,16,211500,69704
N1000_K9_SKEWED_1000,1000,950,9,100850,TICKET_ARRAY,NORMALIZE,17,213400,69704
N1000_K9_SKEWED_1000,1000,950,9,100850,TICKET_ARRAY,NORMALIZE,18,216800,69704
N1000_K9_SKEWED_1000,1000,950,9,100850,TICKET_ARRAY,NORMALIZE,19,210100,69704
N1000_K9_SKEWED_1000,1000,950,9,100850,TICKET_ARRAY,BUILD,0,97199,403440
N1000_K9_SKEWED_1000,1000,950,9,100850,TICKET_ARRAY,BUILD,1,92800,403440
N1000_K9_SKEWED_1000,1000,950,9,100850,TICKET_ARRAY,BUILD,2,90900,403440
N1000_K9_SKEWED_1000,1000,950,9,100850,TICKET_ARRAY,BUILD,3,105700,403440
N1000_K9_SKEWED_1000,1000,950,9,100850,TICKET_ARRAY,BUILD,4,91300,403440
N1000_K9_SKEWED_1000,1000,950,9,100850,TICKET_ARRAY,BUILD,5,92000,403440
N1000_K9_SKEWED_1000,1000,950,9,100850,TICKET_ARRAY,BUILD,6,89100,403440
N1000_K9_SKEWED_1000,1000,950,9,100850,TICKET_ARRAY,BUILD,7,97900,403440
N1000_K9_SKEWED_1000,1000,950,9,100850,TICKET_ARRAY,BUILD,8,91700,403440
N1000_K9_SKEWED_1000,1000,950,9,100850,TICKET_ARRAY,BUILD,9,90900,403440
N1000_K9_SKEWED_1000,1000,950,9,100850,TICKET_ARRAY,BUILD,10,88301,403440
N1000_K9_SKEWED_1000,1000,950,9,100850,TICKET_ARRAY,BUILD,11,108300,403440
N1000_K9_SKEWED_1000,1000,950,9,100850,TICKET_ARRAY,BUILD,12,88701,403440
N1000_K9_SKEWED_1000,1000,950,9,100850,TICKET_ARRAY,BUILD,13,91500,403440
N1000_K9_SKEWED_1000,1000,950,9,100850,TICKET_ARRAY,BUILD,14,101000,403440
N1000_K9_SKEWED_1000,1000,950,9,100850,TICKET_ARRAY,BUILD,15,94299,403440
N1000_K9_SKEWED_1000,1000,950,9,100850,TICKET_ARRAY,BUILD,16,90100,403440
N1000_K9_SKEWED_1000,1000,950,9,100850,TICKET_ARRAY,BUILD,17,99800,403440
N1000_K9_SKEWED_1000,1000,950,9,100850,TICKET_ARRAY,BUILD,18,92500,403440
N1000_K9_SKEWED_1000,1000,950,9,100850,TICKET_ARRAY,BUILD,19,91400,403440
N1000_K9_SKEWED_1000,1000,950,9,100850,TICKET_ARRAY,SELECT,0,529700,2816
N1000_K9_SKEWED_1000,1000,950,9,100850,TICKET_ARRAY,SELECT,1,527300,2816
N1000_K9_SKEWED_1000,1000,950,9,100850,TICKET_ARRAY,SELECT,2,521499,2816
N1000_K9_SKEWED_1000,1000,950,9,100850,TICKET_ARRAY,SELECT,3,528600,2816
N1000_K9_SKEWED_1000,1000,950,9,100850,TICKET_ARRAY,SELECT,4,550300,2816
N1000_K9_SKEWED_1000,1000,950,9,100850,TICKET_ARRAY,SELECT,5,550000,2816
N1000_K9_SKEWED_1000,1000,950,9,100850,TICKET_ARRAY,SELECT,6,536300,2816
N1000_K9_SKEWED_1000,1000,950,9,100850,TICKET_ARRAY,SELECT,7,554100,2816
N1000_K9_SKEWED_1000,1000,950,9,100850,TICKET_ARRAY,SELECT,8,543401,2816
N1000_K9_SKEWED_1000,1000,950,9,100850,TICKET_ARRAY,SELECT,9,592099,2816
N1000_K9_SKEWED_1000,1000,950,9,100850,TICKET_ARRAY,SELECT,10,540500,2816
N1000_K9_SKEWED_1000,1000,950,9,100850,TICKET_ARRAY,SELECT,11,532699,2816
N1000_K9_SKEWED_1000,1000,950,9,100850,TICKET_ARRAY,SELECT,12,537999,2816
N1000_K9_SKEWED_1000,1000,950,9,100850,TICKET_ARRAY,SELECT,13,529299,2816
N1000_K9_SKEWED_1000,1000,950,9,100850,TICKET_ARRAY,SELECT,14,622501,2816
N1000_K9_SKEWED_1000,1000,950,9,100850,TICKET_ARRAY,SELECT,15,544800,2816
N1000_K9_SKEWED_1000,1000,950,9,100850,TICKET_ARRAY,SELECT,16,521800,2816
N1000_K9_SKEWED_1000,1000,950,9,100850,TICKET_ARRAY,SELECT,17,529300,2816
N1000_K9_SKEWED_1000,1000,950,9,100850,TICKET_ARRAY,SELECT,18,522800,2816
N1000_K9_SKEWED_1000,1000,950,9,100850,TICKET_ARRAY,SELECT,19,538500,2816
N1000_K9_SKEWED_1000,1000,950,9,100850,TICKET_ARRAY,TOTAL,0,869699,475960
N1000_K9_SKEWED_1000,1000,950,9,100850,TICKET_ARRAY,TOTAL,1,853000,475960
N1000_K9_SKEWED_1000,1000,950,9,100850,TICKET_ARRAY,TOTAL,2,831501,475960
N1000_K9_SKEWED_1000,1000,950,9,100850,TICKET_ARRAY,TOTAL,3,867099,475960
N1000_K9_SKEWED_1000,1000,950,9,100850,TICKET_ARRAY,TOTAL,4,1547700,475960
N1000_K9_SKEWED_1000,1000,950,9,100850,TICKET_ARRAY,TOTAL,5,1079300,475960
N1000_K9_SKEWED_1000,1000,950,9,100850,TICKET_ARRAY,TOTAL,6,945800,475960
N1000_K9_SKEWED_1000,1000,950,9,100850,TICKET_ARRAY,TOTAL,7,1010899,475960
N1000_K9_SKEWED_1000,1000,950,9,100850,TICKET_ARRAY,TOTAL,8,930599,475960
N1000_K9_SKEWED_1000,1000,950,9,100850,TICKET_ARRAY,TOTAL,9,881001,475960
N1000_K9_SKEWED_1000,1000,950,9,100850,TICKET_ARRAY,TOTAL,10,852899,475960
N1000_K9_SKEWED_1000,1000,950,9,100850,TICKET_ARRAY,TOTAL,11,913800,475960
N1000_K9_SKEWED_1000,1000,950,9,100850,TICKET_ARRAY,TOTAL,12,915399,475960
N1000_K9_SKEWED_1000,1000,950,9,100850,TICKET_ARRAY,TOTAL,13,865601,475960
N1000_K9_SKEWED_1000,1000,950,9,100850,TICKET_ARRAY,TOTAL,14,854600,475960
N1000_K9_SKEWED_1000,1000,950,9,100850,TICKET_ARRAY,TOTAL,15,867700,475960
N1000_K9_SKEWED_1000,1000,950,9,100850,TICKET_ARRAY,TOTAL,16,832600,475960
N1000_K9_SKEWED_1000,1000,950,9,100850,TICKET_ARRAY,TOTAL,17,834000,475960
N1000_K9_SKEWED_1000,1000,950,9,100850,TICKET_ARRAY,TOTAL,18,840000,475960
N1000_K9_SKEWED_1000,1000,950,9,100850,TICKET_ARRAY,TOTAL,19,860601,475960
N1000_K9_SKEWED_1000,1000,950,9,100850,PREFIX_LINEAR,NORMALIZE,0,232000,69704
N1000_K9_SKEWED_1000,1000,950,9,100850,PREFIX_LINEAR,NORMALIZE,1,217500,69704
N1000_K9_SKEWED_1000,1000,950,9,100850,PREFIX_LINEAR,NORMALIZE,2,209700,69704
N1000_K9_SKEWED_1000,1000,950,9,100850,PREFIX_LINEAR,NORMALIZE,3,210200,69704
N1000_K9_SKEWED_1000,1000,950,9,100850,PREFIX_LINEAR,NORMALIZE,4,215000,69704
N1000_K9_SKEWED_1000,1000,950,9,100850,PREFIX_LINEAR,NORMALIZE,5,214901,69704
N1000_K9_SKEWED_1000,1000,950,9,100850,PREFIX_LINEAR,NORMALIZE,6,219900,69704
N1000_K9_SKEWED_1000,1000,950,9,100850,PREFIX_LINEAR,NORMALIZE,7,207901,69704
N1000_K9_SKEWED_1000,1000,950,9,100850,PREFIX_LINEAR,NORMALIZE,8,230999,69704
N1000_K9_SKEWED_1000,1000,950,9,100850,PREFIX_LINEAR,NORMALIZE,9,213900,69704
N1000_K9_SKEWED_1000,1000,950,9,100850,PREFIX_LINEAR,NORMALIZE,10,209600,69704
N1000_K9_SKEWED_1000,1000,950,9,100850,PREFIX_LINEAR,NORMALIZE,11,209599,69704
N1000_K9_SKEWED_1000,1000,950,9,100850,PREFIX_LINEAR,NORMALIZE,12,213500,69704
N1000_K9_SKEWED_1000,1000,950,9,100850,PREFIX_LINEAR,NORMALIZE,13,268800,69704
N1000_K9_SKEWED_1000,1000,950,9,100850,PREFIX_LINEAR,NORMALIZE,14,219500,69704
N1000_K9_SKEWED_1000,1000,950,9,100850,PREFIX_LINEAR,NORMALIZE,15,218700,69704
N1000_K9_SKEWED_1000,1000,950,9,100850,PREFIX_LINEAR,NORMALIZE,16,227801,69704
N1000_K9_SKEWED_1000,1000,950,9,100850,PREFIX_LINEAR,NORMALIZE,17,227100,69704
N1000_K9_SKEWED_1000,1000,950,9,100850,PREFIX_LINEAR,NORMALIZE,18,217800,69704
N1000_K9_SKEWED_1000,1000,950,9,100850,PREFIX_LINEAR,NORMALIZE,19,213499,69704
N1000_K9_SKEWED_1000,1000,950,9,100850,PREFIX_LINEAR,BUILD,0,2701,15264
N1000_K9_SKEWED_1000,1000,950,9,100850,PREFIX_LINEAR,BUILD,1,2501,15264
N1000_K9_SKEWED_1000,1000,950,9,100850,PREFIX_LINEAR,BUILD,2,2401,15264
N1000_K9_SKEWED_1000,1000,950,9,100850,PREFIX_LINEAR,BUILD,3,5199,15264
N1000_K9_SKEWED_1000,1000,950,9,100850,PREFIX_LINEAR,BUILD,4,2600,15264
N1000_K9_SKEWED_1000,1000,950,9,100850,PREFIX_LINEAR,BUILD,5,2901,15264
N1000_K9_SKEWED_1000,1000,950,9,100850,PREFIX_LINEAR,BUILD,6,3200,15264
N1000_K9_SKEWED_1000,1000,950,9,100850,PREFIX_LINEAR,BUILD,7,2800,15264
N1000_K9_SKEWED_1000,1000,950,9,100850,PREFIX_LINEAR,BUILD,8,2900,15264
N1000_K9_SKEWED_1000,1000,950,9,100850,PREFIX_LINEAR,BUILD,9,7800,15264
N1000_K9_SKEWED_1000,1000,950,9,100850,PREFIX_LINEAR,BUILD,10,2800,15264
N1000_K9_SKEWED_1000,1000,950,9,100850,PREFIX_LINEAR,BUILD,11,2401,15264
N1000_K9_SKEWED_1000,1000,950,9,100850,PREFIX_LINEAR,BUILD,12,2700,15264
N1000_K9_SKEWED_1000,1000,950,9,100850,PREFIX_LINEAR,BUILD,13,2800,15264
N1000_K9_SKEWED_1000,1000,950,9,100850,PREFIX_LINEAR,BUILD,14,2400,15264
N1000_K9_SKEWED_1000,1000,950,9,100850,PREFIX_LINEAR,BUILD,15,2501,15264
N1000_K9_SKEWED_1000,1000,950,9,100850,PREFIX_LINEAR,BUILD,16,2400,15264
N1000_K9_SKEWED_1000,1000,950,9,100850,PREFIX_LINEAR,BUILD,17,2600,15264
N1000_K9_SKEWED_1000,1000,950,9,100850,PREFIX_LINEAR,BUILD,18,2601,15264
N1000_K9_SKEWED_1000,1000,950,9,100850,PREFIX_LINEAR,BUILD,19,2501,15264
N1000_K9_SKEWED_1000,1000,950,9,100850,PREFIX_LINEAR,SELECT,0,12300,2816
N1000_K9_SKEWED_1000,1000,950,9,100850,PREFIX_LINEAR,SELECT,1,30100,2816
N1000_K9_SKEWED_1000,1000,950,9,100850,PREFIX_LINEAR,SELECT,2,12800,2816
N1000_K9_SKEWED_1000,1000,950,9,100850,PREFIX_LINEAR,SELECT,3,12400,2816
N1000_K9_SKEWED_1000,1000,950,9,100850,PREFIX_LINEAR,SELECT,4,11700,2816
N1000_K9_SKEWED_1000,1000,950,9,100850,PREFIX_LINEAR,SELECT,5,18701,2816
N1000_K9_SKEWED_1000,1000,950,9,100850,PREFIX_LINEAR,SELECT,6,18700,2816
N1000_K9_SKEWED_1000,1000,950,9,100850,PREFIX_LINEAR,SELECT,7,15801,2816
N1000_K9_SKEWED_1000,1000,950,9,100850,PREFIX_LINEAR,SELECT,8,14199,2816
N1000_K9_SKEWED_1000,1000,950,9,100850,PREFIX_LINEAR,SELECT,9,19100,2816
N1000_K9_SKEWED_1000,1000,950,9,100850,PREFIX_LINEAR,SELECT,10,13300,2816
N1000_K9_SKEWED_1000,1000,950,9,100850,PREFIX_LINEAR,SELECT,11,13000,2816
N1000_K9_SKEWED_1000,1000,950,9,100850,PREFIX_LINEAR,SELECT,12,11901,2816
N1000_K9_SKEWED_1000,1000,950,9,100850,PREFIX_LINEAR,SELECT,13,11800,2816
N1000_K9_SKEWED_1000,1000,950,9,100850,PREFIX_LINEAR,SELECT,14,12299,2816
N1000_K9_SKEWED_1000,1000,950,9,100850,PREFIX_LINEAR,SELECT,15,12100,2816
N1000_K9_SKEWED_1000,1000,950,9,100850,PREFIX_LINEAR,SELECT,16,12700,2816
N1000_K9_SKEWED_1000,1000,950,9,100850,PREFIX_LINEAR,SELECT,17,12501,2816
N1000_K9_SKEWED_1000,1000,950,9,100850,PREFIX_LINEAR,SELECT,18,11800,2816
N1000_K9_SKEWED_1000,1000,950,9,100850,PREFIX_LINEAR,SELECT,19,12400,2816
N1000_K9_SKEWED_1000,1000,950,9,100850,PREFIX_LINEAR,TOTAL,0,299100,87784
N1000_K9_SKEWED_1000,1000,950,9,100850,PREFIX_LINEAR,TOTAL,1,231701,87784
N1000_K9_SKEWED_1000,1000,950,9,100850,PREFIX_LINEAR,TOTAL,2,225100,87784
N1000_K9_SKEWED_1000,1000,950,9,100850,PREFIX_LINEAR,TOTAL,3,230800,87784
N1000_K9_SKEWED_1000,1000,950,9,100850,PREFIX_LINEAR,TOTAL,4,232800,87784
N1000_K9_SKEWED_1000,1000,950,9,100850,PREFIX_LINEAR,TOTAL,5,247000,87784
N1000_K9_SKEWED_1000,1000,950,9,100850,PREFIX_LINEAR,TOTAL,6,242000,87784
N1000_K9_SKEWED_1000,1000,950,9,100850,PREFIX_LINEAR,TOTAL,7,238400,87784
N1000_K9_SKEWED_1000,1000,950,9,100850,PREFIX_LINEAR,TOTAL,8,230600,87784
N1000_K9_SKEWED_1000,1000,950,9,100850,PREFIX_LINEAR,TOTAL,9,232801,87784
N1000_K9_SKEWED_1000,1000,950,9,100850,PREFIX_LINEAR,TOTAL,10,330300,87784
N1000_K9_SKEWED_1000,1000,950,9,100850,PREFIX_LINEAR,TOTAL,11,230600,87784
N1000_K9_SKEWED_1000,1000,950,9,100850,PREFIX_LINEAR,TOTAL,12,230200,87784
N1000_K9_SKEWED_1000,1000,950,9,100850,PREFIX_LINEAR,TOTAL,13,227101,87784
N1000_K9_SKEWED_1000,1000,950,9,100850,PREFIX_LINEAR,TOTAL,14,233299,87784
N1000_K9_SKEWED_1000,1000,950,9,100850,PREFIX_LINEAR,TOTAL,15,238100,87784
N1000_K9_SKEWED_1000,1000,950,9,100850,PREFIX_LINEAR,TOTAL,16,223301,87784
N1000_K9_SKEWED_1000,1000,950,9,100850,PREFIX_LINEAR,TOTAL,17,224600,87784
N1000_K9_SKEWED_1000,1000,950,9,100850,PREFIX_LINEAR,TOTAL,18,224700,87784
N1000_K9_SKEWED_1000,1000,950,9,100850,PREFIX_LINEAR,TOTAL,19,251500,87784
N1000_K9_SKEWED_1000,1000,950,9,100850,PREFIX_BINARY,NORMALIZE,0,208300,69704
N1000_K9_SKEWED_1000,1000,950,9,100850,PREFIX_BINARY,NORMALIZE,1,211101,69704
N1000_K9_SKEWED_1000,1000,950,9,100850,PREFIX_BINARY,NORMALIZE,2,209200,69704
N1000_K9_SKEWED_1000,1000,950,9,100850,PREFIX_BINARY,NORMALIZE,3,207700,69704
N1000_K9_SKEWED_1000,1000,950,9,100850,PREFIX_BINARY,NORMALIZE,4,206500,69704
N1000_K9_SKEWED_1000,1000,950,9,100850,PREFIX_BINARY,NORMALIZE,5,217400,69704
N1000_K9_SKEWED_1000,1000,950,9,100850,PREFIX_BINARY,NORMALIZE,6,212500,69704
N1000_K9_SKEWED_1000,1000,950,9,100850,PREFIX_BINARY,NORMALIZE,7,206600,69704
N1000_K9_SKEWED_1000,1000,950,9,100850,PREFIX_BINARY,NORMALIZE,8,205900,69704
N1000_K9_SKEWED_1000,1000,950,9,100850,PREFIX_BINARY,NORMALIZE,9,230899,69704
N1000_K9_SKEWED_1000,1000,950,9,100850,PREFIX_BINARY,NORMALIZE,10,212200,69704
N1000_K9_SKEWED_1000,1000,950,9,100850,PREFIX_BINARY,NORMALIZE,11,212101,69704
N1000_K9_SKEWED_1000,1000,950,9,100850,PREFIX_BINARY,NORMALIZE,12,206700,69704
N1000_K9_SKEWED_1000,1000,950,9,100850,PREFIX_BINARY,NORMALIZE,13,218101,69704
N1000_K9_SKEWED_1000,1000,950,9,100850,PREFIX_BINARY,NORMALIZE,14,219501,69704
N1000_K9_SKEWED_1000,1000,950,9,100850,PREFIX_BINARY,NORMALIZE,15,212199,69704
N1000_K9_SKEWED_1000,1000,950,9,100850,PREFIX_BINARY,NORMALIZE,16,221900,69704
N1000_K9_SKEWED_1000,1000,950,9,100850,PREFIX_BINARY,NORMALIZE,17,215000,69704
N1000_K9_SKEWED_1000,1000,950,9,100850,PREFIX_BINARY,NORMALIZE,18,215600,69704
N1000_K9_SKEWED_1000,1000,950,9,100850,PREFIX_BINARY,NORMALIZE,19,215200,69704
N1000_K9_SKEWED_1000,1000,950,9,100850,PREFIX_BINARY,BUILD,0,2700,15264
N1000_K9_SKEWED_1000,1000,950,9,100850,PREFIX_BINARY,BUILD,1,2599,15264
N1000_K9_SKEWED_1000,1000,950,9,100850,PREFIX_BINARY,BUILD,2,2600,15264
N1000_K9_SKEWED_1000,1000,950,9,100850,PREFIX_BINARY,BUILD,3,2700,15264
N1000_K9_SKEWED_1000,1000,950,9,100850,PREFIX_BINARY,BUILD,4,2701,15264
N1000_K9_SKEWED_1000,1000,950,9,100850,PREFIX_BINARY,BUILD,5,3099,15264
N1000_K9_SKEWED_1000,1000,950,9,100850,PREFIX_BINARY,BUILD,6,3501,15264
N1000_K9_SKEWED_1000,1000,950,9,100850,PREFIX_BINARY,BUILD,7,2501,15264
N1000_K9_SKEWED_1000,1000,950,9,100850,PREFIX_BINARY,BUILD,8,2501,15264
N1000_K9_SKEWED_1000,1000,950,9,100850,PREFIX_BINARY,BUILD,9,2800,15264
N1000_K9_SKEWED_1000,1000,950,9,100850,PREFIX_BINARY,BUILD,10,2901,15264
N1000_K9_SKEWED_1000,1000,950,9,100850,PREFIX_BINARY,BUILD,11,2901,15264
N1000_K9_SKEWED_1000,1000,950,9,100850,PREFIX_BINARY,BUILD,12,2600,15264
N1000_K9_SKEWED_1000,1000,950,9,100850,PREFIX_BINARY,BUILD,13,2800,15264
N1000_K9_SKEWED_1000,1000,950,9,100850,PREFIX_BINARY,BUILD,14,3000,15264
N1000_K9_SKEWED_1000,1000,950,9,100850,PREFIX_BINARY,BUILD,15,2701,15264
N1000_K9_SKEWED_1000,1000,950,9,100850,PREFIX_BINARY,BUILD,16,3000,15264
N1000_K9_SKEWED_1000,1000,950,9,100850,PREFIX_BINARY,BUILD,17,2800,15264
N1000_K9_SKEWED_1000,1000,950,9,100850,PREFIX_BINARY,BUILD,18,2900,15264
N1000_K9_SKEWED_1000,1000,950,9,100850,PREFIX_BINARY,BUILD,19,2600,15264
N1000_K9_SKEWED_1000,1000,950,9,100850,PREFIX_BINARY,SELECT,0,10500,2816
N1000_K9_SKEWED_1000,1000,950,9,100850,PREFIX_BINARY,SELECT,1,14800,2816
N1000_K9_SKEWED_1000,1000,950,9,100850,PREFIX_BINARY,SELECT,2,14400,2816
N1000_K9_SKEWED_1000,1000,950,9,100850,PREFIX_BINARY,SELECT,3,13399,2816
N1000_K9_SKEWED_1000,1000,950,9,100850,PREFIX_BINARY,SELECT,4,11200,2816
N1000_K9_SKEWED_1000,1000,950,9,100850,PREFIX_BINARY,SELECT,5,16700,2816
N1000_K9_SKEWED_1000,1000,950,9,100850,PREFIX_BINARY,SELECT,6,11600,2816
N1000_K9_SKEWED_1000,1000,950,9,100850,PREFIX_BINARY,SELECT,7,11200,2816
N1000_K9_SKEWED_1000,1000,950,9,100850,PREFIX_BINARY,SELECT,8,11300,2816
N1000_K9_SKEWED_1000,1000,950,9,100850,PREFIX_BINARY,SELECT,9,11199,2816
N1000_K9_SKEWED_1000,1000,950,9,100850,PREFIX_BINARY,SELECT,10,11001,2816
N1000_K9_SKEWED_1000,1000,950,9,100850,PREFIX_BINARY,SELECT,11,12301,2816
N1000_K9_SKEWED_1000,1000,950,9,100850,PREFIX_BINARY,SELECT,12,12500,2816
N1000_K9_SKEWED_1000,1000,950,9,100850,PREFIX_BINARY,SELECT,13,11101,2816
N1000_K9_SKEWED_1000,1000,950,9,100850,PREFIX_BINARY,SELECT,14,11700,2816
N1000_K9_SKEWED_1000,1000,950,9,100850,PREFIX_BINARY,SELECT,15,11101,2816
N1000_K9_SKEWED_1000,1000,950,9,100850,PREFIX_BINARY,SELECT,16,10700,2816
N1000_K9_SKEWED_1000,1000,950,9,100850,PREFIX_BINARY,SELECT,17,10599,2816
N1000_K9_SKEWED_1000,1000,950,9,100850,PREFIX_BINARY,SELECT,18,11001,2816
N1000_K9_SKEWED_1000,1000,950,9,100850,PREFIX_BINARY,SELECT,19,13199,2816
N1000_K9_SKEWED_1000,1000,950,9,100850,PREFIX_BINARY,TOTAL,0,222799,87784
N1000_K9_SKEWED_1000,1000,950,9,100850,PREFIX_BINARY,TOTAL,1,223299,87784
N1000_K9_SKEWED_1000,1000,950,9,100850,PREFIX_BINARY,TOTAL,2,231500,87784
N1000_K9_SKEWED_1000,1000,950,9,100850,PREFIX_BINARY,TOTAL,3,226200,87784
N1000_K9_SKEWED_1000,1000,950,9,100850,PREFIX_BINARY,TOTAL,4,228199,87784
N1000_K9_SKEWED_1000,1000,950,9,100850,PREFIX_BINARY,TOTAL,5,265000,87784
N1000_K9_SKEWED_1000,1000,950,9,100850,PREFIX_BINARY,TOTAL,6,242399,87784
N1000_K9_SKEWED_1000,1000,950,9,100850,PREFIX_BINARY,TOTAL,7,235500,87784
N1000_K9_SKEWED_1000,1000,950,9,100850,PREFIX_BINARY,TOTAL,8,335800,87784
N1000_K9_SKEWED_1000,1000,950,9,100850,PREFIX_BINARY,TOTAL,9,353799,87784
N1000_K9_SKEWED_1000,1000,950,9,100850,PREFIX_BINARY,TOTAL,10,327500,87784
N1000_K9_SKEWED_1000,1000,950,9,100850,PREFIX_BINARY,TOTAL,11,299200,87784
N1000_K9_SKEWED_1000,1000,950,9,100850,PREFIX_BINARY,TOTAL,12,271799,87784
N1000_K9_SKEWED_1000,1000,950,9,100850,PREFIX_BINARY,TOTAL,13,254699,87784
N1000_K9_SKEWED_1000,1000,950,9,100850,PREFIX_BINARY,TOTAL,14,322200,87784
N1000_K9_SKEWED_1000,1000,950,9,100850,PREFIX_BINARY,TOTAL,15,244700,87784
N1000_K9_SKEWED_1000,1000,950,9,100850,PREFIX_BINARY,TOTAL,16,229500,87784
N1000_K9_SKEWED_1000,1000,950,9,100850,PREFIX_BINARY,TOTAL,17,232600,87784
N1000_K9_SKEWED_1000,1000,950,9,100850,PREFIX_BINARY,TOTAL,18,227500,87784
N1000_K9_SKEWED_1000,1000,950,9,100850,PREFIX_BINARY,TOTAL,19,221400,87784
N1000_K9_SKEWED_1000,1000,950,9,100850,FENWICK,NORMALIZE,0,267100,69704
N1000_K9_SKEWED_1000,1000,950,9,100850,FENWICK,NORMALIZE,1,303300,69704
N1000_K9_SKEWED_1000,1000,950,9,100850,FENWICK,NORMALIZE,2,229200,69704
N1000_K9_SKEWED_1000,1000,950,9,100850,FENWICK,NORMALIZE,3,211399,69704
N1000_K9_SKEWED_1000,1000,950,9,100850,FENWICK,NORMALIZE,4,206800,69704
N1000_K9_SKEWED_1000,1000,950,9,100850,FENWICK,NORMALIZE,5,217799,69704
N1000_K9_SKEWED_1000,1000,950,9,100850,FENWICK,NORMALIZE,6,207399,69704
N1000_K9_SKEWED_1000,1000,950,9,100850,FENWICK,NORMALIZE,7,205900,69704
N1000_K9_SKEWED_1000,1000,950,9,100850,FENWICK,NORMALIZE,8,208701,69704
N1000_K9_SKEWED_1000,1000,950,9,100850,FENWICK,NORMALIZE,9,236800,69704
N1000_K9_SKEWED_1000,1000,950,9,100850,FENWICK,NORMALIZE,10,213600,69704
N1000_K9_SKEWED_1000,1000,950,9,100850,FENWICK,NORMALIZE,11,206400,69704
N1000_K9_SKEWED_1000,1000,950,9,100850,FENWICK,NORMALIZE,12,205900,69704
N1000_K9_SKEWED_1000,1000,950,9,100850,FENWICK,NORMALIZE,13,242301,69704
N1000_K9_SKEWED_1000,1000,950,9,100850,FENWICK,NORMALIZE,14,213200,69704
N1000_K9_SKEWED_1000,1000,950,9,100850,FENWICK,NORMALIZE,15,290700,69704
N1000_K9_SKEWED_1000,1000,950,9,100850,FENWICK,NORMALIZE,16,214300,69704
N1000_K9_SKEWED_1000,1000,950,9,100850,FENWICK,NORMALIZE,17,213000,69704
N1000_K9_SKEWED_1000,1000,950,9,100850,FENWICK,NORMALIZE,18,223600,69704
N1000_K9_SKEWED_1000,1000,950,9,100850,FENWICK,NORMALIZE,19,214100,69704
N1000_K9_SKEWED_1000,1000,950,9,100850,FENWICK,BUILD,0,7800,15336
N1000_K9_SKEWED_1000,1000,950,9,100850,FENWICK,BUILD,1,8200,15336
N1000_K9_SKEWED_1000,1000,950,9,100850,FENWICK,BUILD,2,7700,15336
N1000_K9_SKEWED_1000,1000,950,9,100850,FENWICK,BUILD,3,7800,15336
N1000_K9_SKEWED_1000,1000,950,9,100850,FENWICK,BUILD,4,8100,15336
N1000_K9_SKEWED_1000,1000,950,9,100850,FENWICK,BUILD,5,7901,15336
N1000_K9_SKEWED_1000,1000,950,9,100850,FENWICK,BUILD,6,8000,15336
N1000_K9_SKEWED_1000,1000,950,9,100850,FENWICK,BUILD,7,9901,15336
N1000_K9_SKEWED_1000,1000,950,9,100850,FENWICK,BUILD,8,8200,15336
N1000_K9_SKEWED_1000,1000,950,9,100850,FENWICK,BUILD,9,8400,15336
N1000_K9_SKEWED_1000,1000,950,9,100850,FENWICK,BUILD,10,9599,15336
N1000_K9_SKEWED_1000,1000,950,9,100850,FENWICK,BUILD,11,8900,15336
N1000_K9_SKEWED_1000,1000,950,9,100850,FENWICK,BUILD,12,8300,15336
N1000_K9_SKEWED_1000,1000,950,9,100850,FENWICK,BUILD,13,7799,15336
N1000_K9_SKEWED_1000,1000,950,9,100850,FENWICK,BUILD,14,8100,15336
N1000_K9_SKEWED_1000,1000,950,9,100850,FENWICK,BUILD,15,8000,15336
N1000_K9_SKEWED_1000,1000,950,9,100850,FENWICK,BUILD,16,8200,15336
N1000_K9_SKEWED_1000,1000,950,9,100850,FENWICK,BUILD,17,8200,15336
N1000_K9_SKEWED_1000,1000,950,9,100850,FENWICK,BUILD,18,8700,15336
N1000_K9_SKEWED_1000,1000,950,9,100850,FENWICK,BUILD,19,8899,15336
N1000_K9_SKEWED_1000,1000,950,9,100850,FENWICK,SELECT,0,9001,2816
N1000_K9_SKEWED_1000,1000,950,9,100850,FENWICK,SELECT,1,10700,2816
N1000_K9_SKEWED_1000,1000,950,9,100850,FENWICK,SELECT,2,13499,2816
N1000_K9_SKEWED_1000,1000,950,9,100850,FENWICK,SELECT,3,9900,2816
N1000_K9_SKEWED_1000,1000,950,9,100850,FENWICK,SELECT,4,14900,2816
N1000_K9_SKEWED_1000,1000,950,9,100850,FENWICK,SELECT,5,10100,2816
N1000_K9_SKEWED_1000,1000,950,9,100850,FENWICK,SELECT,6,47000,2816
N1000_K9_SKEWED_1000,1000,950,9,100850,FENWICK,SELECT,7,33101,2816
N1000_K9_SKEWED_1000,1000,950,9,100850,FENWICK,SELECT,8,34000,2816
N1000_K9_SKEWED_1000,1000,950,9,100850,FENWICK,SELECT,9,31600,2816
N1000_K9_SKEWED_1000,1000,950,9,100850,FENWICK,SELECT,10,28200,2816
N1000_K9_SKEWED_1000,1000,950,9,100850,FENWICK,SELECT,11,12500,2816
N1000_K9_SKEWED_1000,1000,950,9,100850,FENWICK,SELECT,12,11600,2816
N1000_K9_SKEWED_1000,1000,950,9,100850,FENWICK,SELECT,13,10499,2816
N1000_K9_SKEWED_1000,1000,950,9,100850,FENWICK,SELECT,14,9699,2816
N1000_K9_SKEWED_1000,1000,950,9,100850,FENWICK,SELECT,15,24201,2816
N1000_K9_SKEWED_1000,1000,950,9,100850,FENWICK,SELECT,16,19001,2816
N1000_K9_SKEWED_1000,1000,950,9,100850,FENWICK,SELECT,17,18401,2816
N1000_K9_SKEWED_1000,1000,950,9,100850,FENWICK,SELECT,18,10700,2816
N1000_K9_SKEWED_1000,1000,950,9,100850,FENWICK,SELECT,19,11000,2816
N1000_K9_SKEWED_1000,1000,950,9,100850,FENWICK,TOTAL,0,241500,87856
N1000_K9_SKEWED_1000,1000,950,9,100850,FENWICK,TOTAL,1,253601,87856
N1000_K9_SKEWED_1000,1000,950,9,100850,FENWICK,TOTAL,2,232300,87856
N1000_K9_SKEWED_1000,1000,950,9,100850,FENWICK,TOTAL,3,243600,87856
N1000_K9_SKEWED_1000,1000,950,9,100850,FENWICK,TOTAL,4,289500,87856
N1000_K9_SKEWED_1000,1000,950,9,100850,FENWICK,TOTAL,5,268300,87856
N1000_K9_SKEWED_1000,1000,950,9,100850,FENWICK,TOTAL,6,242200,87856
N1000_K9_SKEWED_1000,1000,950,9,100850,FENWICK,TOTAL,7,250599,87856
N1000_K9_SKEWED_1000,1000,950,9,100850,FENWICK,TOTAL,8,249900,87856
N1000_K9_SKEWED_1000,1000,950,9,100850,FENWICK,TOTAL,9,248801,87856
N1000_K9_SKEWED_1000,1000,950,9,100850,FENWICK,TOTAL,10,235500,87856
N1000_K9_SKEWED_1000,1000,950,9,100850,FENWICK,TOTAL,11,235799,87856
N1000_K9_SKEWED_1000,1000,950,9,100850,FENWICK,TOTAL,12,234800,87856
N1000_K9_SKEWED_1000,1000,950,9,100850,FENWICK,TOTAL,13,229900,87856
N1000_K9_SKEWED_1000,1000,950,9,100850,FENWICK,TOTAL,14,234501,87856
N1000_K9_SKEWED_1000,1000,950,9,100850,FENWICK,TOTAL,15,241399,87856
N1000_K9_SKEWED_1000,1000,950,9,100850,FENWICK,TOTAL,16,230201,87856
N1000_K9_SKEWED_1000,1000,950,9,100850,FENWICK,TOTAL,17,248900,87856
N1000_K9_SKEWED_1000,1000,950,9,100850,FENWICK,TOTAL,18,232599,87856
N1000_K9_SKEWED_1000,1000,950,9,100850,FENWICK,TOTAL,19,264200,87856
N1000_K95_SKEWED_1000,1000,950,95,100850,TICKET_ARRAY,NORMALIZE,0,254800,69704
N1000_K95_SKEWED_1000,1000,950,95,100850,TICKET_ARRAY,NORMALIZE,1,284000,69704
N1000_K95_SKEWED_1000,1000,950,95,100850,TICKET_ARRAY,NORMALIZE,2,240799,69704
N1000_K95_SKEWED_1000,1000,950,95,100850,TICKET_ARRAY,NORMALIZE,3,217600,69704
N1000_K95_SKEWED_1000,1000,950,95,100850,TICKET_ARRAY,NORMALIZE,4,228100,69704
N1000_K95_SKEWED_1000,1000,950,95,100850,TICKET_ARRAY,NORMALIZE,5,210000,69704
N1000_K95_SKEWED_1000,1000,950,95,100850,TICKET_ARRAY,NORMALIZE,6,209400,69704
N1000_K95_SKEWED_1000,1000,950,95,100850,TICKET_ARRAY,NORMALIZE,7,213700,69704
N1000_K95_SKEWED_1000,1000,950,95,100850,TICKET_ARRAY,NORMALIZE,8,231500,69704
N1000_K95_SKEWED_1000,1000,950,95,100850,TICKET_ARRAY,NORMALIZE,9,213100,69704
N1000_K95_SKEWED_1000,1000,950,95,100850,TICKET_ARRAY,NORMALIZE,10,211100,69704
N1000_K95_SKEWED_1000,1000,950,95,100850,TICKET_ARRAY,NORMALIZE,11,207200,69704
N1000_K95_SKEWED_1000,1000,950,95,100850,TICKET_ARRAY,NORMALIZE,12,215499,69704
N1000_K95_SKEWED_1000,1000,950,95,100850,TICKET_ARRAY,NORMALIZE,13,286200,69704
N1000_K95_SKEWED_1000,1000,950,95,100850,TICKET_ARRAY,NORMALIZE,14,327599,69704
N1000_K95_SKEWED_1000,1000,950,95,100850,TICKET_ARRAY,NORMALIZE,15,317401,69704
N1000_K95_SKEWED_1000,1000,950,95,100850,TICKET_ARRAY,NORMALIZE,16,270300,69704
N1000_K95_SKEWED_1000,1000,950,95,100850,TICKET_ARRAY,NORMALIZE,17,266400,69704
N1000_K95_SKEWED_1000,1000,950,95,100850,TICKET_ARRAY,NORMALIZE,18,321300,69704
N1000_K95_SKEWED_1000,1000,950,95,100850,TICKET_ARRAY,NORMALIZE,19,258000,69704
N1000_K95_SKEWED_1000,1000,950,95,100850,TICKET_ARRAY,BUILD,0,94300,403440
N1000_K95_SKEWED_1000,1000,950,95,100850,TICKET_ARRAY,BUILD,1,90501,403440
N1000_K95_SKEWED_1000,1000,950,95,100850,TICKET_ARRAY,BUILD,2,94899,403440
N1000_K95_SKEWED_1000,1000,950,95,100850,TICKET_ARRAY,BUILD,3,92400,403440
N1000_K95_SKEWED_1000,1000,950,95,100850,TICKET_ARRAY,BUILD,4,125300,403440
N1000_K95_SKEWED_1000,1000,950,95,100850,TICKET_ARRAY,BUILD,5,102101,403440
N1000_K95_SKEWED_1000,1000,950,95,100850,TICKET_ARRAY,BUILD,6,95700,403440
N1000_K95_SKEWED_1000,1000,950,95,100850,TICKET_ARRAY,BUILD,7,99200,403440
N1000_K95_SKEWED_1000,1000,950,95,100850,TICKET_ARRAY,BUILD,8,92799,403440
N1000_K95_SKEWED_1000,1000,950,95,100850,TICKET_ARRAY,BUILD,9,95600,403440
N1000_K95_SKEWED_1000,1000,950,95,100850,TICKET_ARRAY,BUILD,10,106100,403440
N1000_K95_SKEWED_1000,1000,950,95,100850,TICKET_ARRAY,BUILD,11,98601,403440
N1000_K95_SKEWED_1000,1000,950,95,100850,TICKET_ARRAY,BUILD,12,100799,403440
N1000_K95_SKEWED_1000,1000,950,95,100850,TICKET_ARRAY,BUILD,13,133100,403440
N1000_K95_SKEWED_1000,1000,950,95,100850,TICKET_ARRAY,BUILD,14,114800,403440
N1000_K95_SKEWED_1000,1000,950,95,100850,TICKET_ARRAY,BUILD,15,108800,403440
N1000_K95_SKEWED_1000,1000,950,95,100850,TICKET_ARRAY,BUILD,16,99600,403440
N1000_K95_SKEWED_1000,1000,950,95,100850,TICKET_ARRAY,BUILD,17,91000,403440
N1000_K95_SKEWED_1000,1000,950,95,100850,TICKET_ARRAY,BUILD,18,90200,403440
N1000_K95_SKEWED_1000,1000,950,95,100850,TICKET_ARRAY,BUILD,19,102799,403440
N1000_K95_SKEWED_1000,1000,950,95,100850,TICKET_ARRAY,SELECT,0,3127700,17568
N1000_K95_SKEWED_1000,1000,950,95,100850,TICKET_ARRAY,SELECT,1,3236500,17568
N1000_K95_SKEWED_1000,1000,950,95,100850,TICKET_ARRAY,SELECT,2,3339500,17568
N1000_K95_SKEWED_1000,1000,950,95,100850,TICKET_ARRAY,SELECT,3,3218200,17568
N1000_K95_SKEWED_1000,1000,950,95,100850,TICKET_ARRAY,SELECT,4,3163399,17568
N1000_K95_SKEWED_1000,1000,950,95,100850,TICKET_ARRAY,SELECT,5,3208799,17568
N1000_K95_SKEWED_1000,1000,950,95,100850,TICKET_ARRAY,SELECT,6,3203000,17568
N1000_K95_SKEWED_1000,1000,950,95,100850,TICKET_ARRAY,SELECT,7,3202900,17568
N1000_K95_SKEWED_1000,1000,950,95,100850,TICKET_ARRAY,SELECT,8,3218800,17568
N1000_K95_SKEWED_1000,1000,950,95,100850,TICKET_ARRAY,SELECT,9,3120199,17568
N1000_K95_SKEWED_1000,1000,950,95,100850,TICKET_ARRAY,SELECT,10,3731300,17568
N1000_K95_SKEWED_1000,1000,950,95,100850,TICKET_ARRAY,SELECT,11,3190200,17568
N1000_K95_SKEWED_1000,1000,950,95,100850,TICKET_ARRAY,SELECT,12,3148600,17568
N1000_K95_SKEWED_1000,1000,950,95,100850,TICKET_ARRAY,SELECT,13,3124899,17568
N1000_K95_SKEWED_1000,1000,950,95,100850,TICKET_ARRAY,SELECT,14,3220899,17568
N1000_K95_SKEWED_1000,1000,950,95,100850,TICKET_ARRAY,SELECT,15,3155401,17568
N1000_K95_SKEWED_1000,1000,950,95,100850,TICKET_ARRAY,SELECT,16,3125300,17568
N1000_K95_SKEWED_1000,1000,950,95,100850,TICKET_ARRAY,SELECT,17,3122801,17568
N1000_K95_SKEWED_1000,1000,950,95,100850,TICKET_ARRAY,SELECT,18,3112401,17568
N1000_K95_SKEWED_1000,1000,950,95,100850,TICKET_ARRAY,SELECT,19,3251801,17568
N1000_K95_SKEWED_1000,1000,950,95,100850,TICKET_ARRAY,TOTAL,0,3462900,490712
N1000_K95_SKEWED_1000,1000,950,95,100850,TICKET_ARRAY,TOTAL,1,3421200,490712
N1000_K95_SKEWED_1000,1000,950,95,100850,TICKET_ARRAY,TOTAL,2,3610800,490712
N1000_K95_SKEWED_1000,1000,950,95,100850,TICKET_ARRAY,TOTAL,3,3483499,490712
N1000_K95_SKEWED_1000,1000,950,95,100850,TICKET_ARRAY,TOTAL,4,3581300,490712
N1000_K95_SKEWED_1000,1000,950,95,100850,TICKET_ARRAY,TOTAL,5,3458299,490712
N1000_K95_SKEWED_1000,1000,950,95,100850,TICKET_ARRAY,TOTAL,6,3429300,490712
N1000_K95_SKEWED_1000,1000,950,95,100850,TICKET_ARRAY,TOTAL,7,3553800,490712
N1000_K95_SKEWED_1000,1000,950,95,100850,TICKET_ARRAY,TOTAL,8,3467301,490712
N1000_K95_SKEWED_1000,1000,950,95,100850,TICKET_ARRAY,TOTAL,9,3406199,490712
N1000_K95_SKEWED_1000,1000,950,95,100850,TICKET_ARRAY,TOTAL,10,3403601,490712
N1000_K95_SKEWED_1000,1000,950,95,100850,TICKET_ARRAY,TOTAL,11,3450500,490712
N1000_K95_SKEWED_1000,1000,950,95,100850,TICKET_ARRAY,TOTAL,12,3496001,490712
N1000_K95_SKEWED_1000,1000,950,95,100850,TICKET_ARRAY,TOTAL,13,3504500,490712
N1000_K95_SKEWED_1000,1000,950,95,100850,TICKET_ARRAY,TOTAL,14,3478900,490712
N1000_K95_SKEWED_1000,1000,950,95,100850,TICKET_ARRAY,TOTAL,15,3518899,490712
N1000_K95_SKEWED_1000,1000,950,95,100850,TICKET_ARRAY,TOTAL,16,5026000,490712
N1000_K95_SKEWED_1000,1000,950,95,100850,TICKET_ARRAY,TOTAL,17,3659000,490712
N1000_K95_SKEWED_1000,1000,950,95,100850,TICKET_ARRAY,TOTAL,18,3504700,490712
N1000_K95_SKEWED_1000,1000,950,95,100850,TICKET_ARRAY,TOTAL,19,3568700,490712
N1000_K95_SKEWED_1000,1000,950,95,100850,PREFIX_LINEAR,NORMALIZE,0,220500,69704
N1000_K95_SKEWED_1000,1000,950,95,100850,PREFIX_LINEAR,NORMALIZE,1,215301,69704
N1000_K95_SKEWED_1000,1000,950,95,100850,PREFIX_LINEAR,NORMALIZE,2,207999,69704
N1000_K95_SKEWED_1000,1000,950,95,100850,PREFIX_LINEAR,NORMALIZE,3,222200,69704
N1000_K95_SKEWED_1000,1000,950,95,100850,PREFIX_LINEAR,NORMALIZE,4,207900,69704
N1000_K95_SKEWED_1000,1000,950,95,100850,PREFIX_LINEAR,NORMALIZE,5,209800,69704
N1000_K95_SKEWED_1000,1000,950,95,100850,PREFIX_LINEAR,NORMALIZE,6,221100,69704
N1000_K95_SKEWED_1000,1000,950,95,100850,PREFIX_LINEAR,NORMALIZE,7,208100,69704
N1000_K95_SKEWED_1000,1000,950,95,100850,PREFIX_LINEAR,NORMALIZE,8,208001,69704
N1000_K95_SKEWED_1000,1000,950,95,100850,PREFIX_LINEAR,NORMALIZE,9,206600,69704
N1000_K95_SKEWED_1000,1000,950,95,100850,PREFIX_LINEAR,NORMALIZE,10,206100,69704
N1000_K95_SKEWED_1000,1000,950,95,100850,PREFIX_LINEAR,NORMALIZE,11,206999,69704
N1000_K95_SKEWED_1000,1000,950,95,100850,PREFIX_LINEAR,NORMALIZE,12,205600,69704
N1000_K95_SKEWED_1000,1000,950,95,100850,PREFIX_LINEAR,NORMALIZE,13,207099,69704
N1000_K95_SKEWED_1000,1000,950,95,100850,PREFIX_LINEAR,NORMALIZE,14,206400,69704
N1000_K95_SKEWED_1000,1000,950,95,100850,PREFIX_LINEAR,NORMALIZE,15,217800,69704
N1000_K95_SKEWED_1000,1000,950,95,100850,PREFIX_LINEAR,NORMALIZE,16,207300,69704
N1000_K95_SKEWED_1000,1000,950,95,100850,PREFIX_LINEAR,NORMALIZE,17,206300,69704
N1000_K95_SKEWED_1000,1000,950,95,100850,PREFIX_LINEAR,NORMALIZE,18,206100,69704
N1000_K95_SKEWED_1000,1000,950,95,100850,PREFIX_LINEAR,NORMALIZE,19,220600,69704
N1000_K95_SKEWED_1000,1000,950,95,100850,PREFIX_LINEAR,BUILD,0,2600,15264
N1000_K95_SKEWED_1000,1000,950,95,100850,PREFIX_LINEAR,BUILD,1,2800,15264
N1000_K95_SKEWED_1000,1000,950,95,100850,PREFIX_LINEAR,BUILD,2,2901,15264
N1000_K95_SKEWED_1000,1000,950,95,100850,PREFIX_LINEAR,BUILD,3,2699,15264
N1000_K95_SKEWED_1000,1000,950,95,100850,PREFIX_LINEAR,BUILD,4,7200,15264
N1000_K95_SKEWED_1000,1000,950,95,100850,PREFIX_LINEAR,BUILD,5,2700,15264
N1000_K95_SKEWED_1000,1000,950,95,100850,PREFIX_LINEAR,BUILD,6,2599,15264
N1000_K95_SKEWED_1000,1000,950,95,100850,PREFIX_LINEAR,BUILD,7,12299,15264
N1000_K95_SKEWED_1000,1000,950,95,100850,PREFIX_LINEAR,BUILD,8,2600,15264
N1000_K95_SKEWED_1000,1000,950,95,100850,PREFIX_LINEAR,BUILD,9,3700,15264
N1000_K95_SKEWED_1000,1000,950,95,100850,PREFIX_LINEAR,BUILD,10,3000,15264
N1000_K95_SKEWED_1000,1000,950,95,100850,PREFIX_LINEAR,BUILD,11,2799,15264
N1000_K95_SKEWED_1000,1000,950,95,100850,PREFIX_LINEAR,BUILD,12,2700,15264
N1000_K95_SKEWED_1000,1000,950,95,100850,PREFIX_LINEAR,BUILD,13,2800,15264
N1000_K95_SKEWED_1000,1000,950,95,100850,PREFIX_LINEAR,BUILD,14,2501,15264
N1000_K95_SKEWED_1000,1000,950,95,100850,PREFIX_LINEAR,BUILD,15,5500,15264
N1000_K95_SKEWED_1000,1000,950,95,100850,PREFIX_LINEAR,BUILD,16,2801,15264
N1000_K95_SKEWED_1000,1000,950,95,100850,PREFIX_LINEAR,BUILD,17,2500,15264
N1000_K95_SKEWED_1000,1000,950,95,100850,PREFIX_LINEAR,BUILD,18,2701,15264
N1000_K95_SKEWED_1000,1000,950,95,100850,PREFIX_LINEAR,BUILD,19,2600,15264
N1000_K95_SKEWED_1000,1000,950,95,100850,PREFIX_LINEAR,SELECT,0,49300,17568
N1000_K95_SKEWED_1000,1000,950,95,100850,PREFIX_LINEAR,SELECT,1,51200,17568
N1000_K95_SKEWED_1000,1000,950,95,100850,PREFIX_LINEAR,SELECT,2,52600,17568
N1000_K95_SKEWED_1000,1000,950,95,100850,PREFIX_LINEAR,SELECT,3,52300,17568
N1000_K95_SKEWED_1000,1000,950,95,100850,PREFIX_LINEAR,SELECT,4,53700,17568
N1000_K95_SKEWED_1000,1000,950,95,100850,PREFIX_LINEAR,SELECT,5,52000,17568
N1000_K95_SKEWED_1000,1000,950,95,100850,PREFIX_LINEAR,SELECT,6,61601,17568
N1000_K95_SKEWED_1000,1000,950,95,100850,PREFIX_LINEAR,SELECT,7,97400,17568
N1000_K95_SKEWED_1000,1000,950,95,100850,PREFIX_LINEAR,SELECT,8,112701,17568
N1000_K95_SKEWED_1000,1000,950,95,100850,PREFIX_LINEAR,SELECT,9,59700,17568
N1000_K95_SKEWED_1000,1000,950,95,100850,PREFIX_LINEAR,SELECT,10,91300,17568
N1000_K95_SKEWED_1000,1000,950,95,100850,PREFIX_LINEAR,SELECT,11,70501,17568
N1000_K95_SKEWED_1000,1000,950,95,100850,PREFIX_LINEAR,SELECT,12,54699,17568
N1000_K95_SKEWED_1000,1000,950,95,100850,PREFIX_LINEAR,SELECT,13,53100,17568
N1000_K95_SKEWED_1000,1000,950,95,100850,PREFIX_LINEAR,SELECT,14,52599,17568
N1000_K95_SKEWED_1000,1000,950,95,100850,PREFIX_LINEAR,SELECT,15,51900,17568
N1000_K95_SKEWED_1000,1000,950,95,100850,PREFIX_LINEAR,SELECT,16,54999,17568
N1000_K95_SKEWED_1000,1000,950,95,100850,PREFIX_LINEAR,SELECT,17,53500,17568
N1000_K95_SKEWED_1000,1000,950,95,100850,PREFIX_LINEAR,SELECT,18,52500,17568
N1000_K95_SKEWED_1000,1000,950,95,100850,PREFIX_LINEAR,SELECT,19,51300,17568
N1000_K95_SKEWED_1000,1000,950,95,100850,PREFIX_LINEAR,TOTAL,0,265999,102536
N1000_K95_SKEWED_1000,1000,950,95,100850,PREFIX_LINEAR,TOTAL,1,267200,102536
N1000_K95_SKEWED_1000,1000,950,95,100850,PREFIX_LINEAR,TOTAL,2,279100,102536
N1000_K95_SKEWED_1000,1000,950,95,100850,PREFIX_LINEAR,TOTAL,3,267200,102536
N1000_K95_SKEWED_1000,1000,950,95,100850,PREFIX_LINEAR,TOTAL,4,280800,102536
N1000_K95_SKEWED_1000,1000,950,95,100850,PREFIX_LINEAR,TOTAL,5,269600,102536
N1000_K95_SKEWED_1000,1000,950,95,100850,PREFIX_LINEAR,TOTAL,6,265399,102536
N1000_K95_SKEWED_1000,1000,950,95,100850,PREFIX_LINEAR,TOTAL,7,280300,102536
N1000_K95_SKEWED_1000,1000,950,95,100850,PREFIX_LINEAR,TOTAL,8,266900,102536
N1000_K95_SKEWED_1000,1000,950,95,100850,PREFIX_LINEAR,TOTAL,9,263799,102536
N1000_K95_SKEWED_1000,1000,950,95,100850,PREFIX_LINEAR,TOTAL,10,265100,102536
N1000_K95_SKEWED_1000,1000,950,95,100850,PREFIX_LINEAR,TOTAL,11,276400,102536
N1000_K95_SKEWED_1000,1000,950,95,100850,PREFIX_LINEAR,TOTAL,12,266600,102536
N1000_K95_SKEWED_1000,1000,950,95,100850,PREFIX_LINEAR,TOTAL,13,263099,102536
N1000_K95_SKEWED_1000,1000,950,95,100850,PREFIX_LINEAR,TOTAL,14,263800,102536
N1000_K95_SKEWED_1000,1000,950,95,100850,PREFIX_LINEAR,TOTAL,15,264701,102536
N1000_K95_SKEWED_1000,1000,950,95,100850,PREFIX_LINEAR,TOTAL,16,262900,102536
N1000_K95_SKEWED_1000,1000,950,95,100850,PREFIX_LINEAR,TOTAL,17,275800,102536
N1000_K95_SKEWED_1000,1000,950,95,100850,PREFIX_LINEAR,TOTAL,18,275500,102536
N1000_K95_SKEWED_1000,1000,950,95,100850,PREFIX_LINEAR,TOTAL,19,264000,102536
N1000_K95_SKEWED_1000,1000,950,95,100850,PREFIX_BINARY,NORMALIZE,0,221100,69704
N1000_K95_SKEWED_1000,1000,950,95,100850,PREFIX_BINARY,NORMALIZE,1,207701,69704
N1000_K95_SKEWED_1000,1000,950,95,100850,PREFIX_BINARY,NORMALIZE,2,206500,69704
N1000_K95_SKEWED_1000,1000,950,95,100850,PREFIX_BINARY,NORMALIZE,3,206000,69704
N1000_K95_SKEWED_1000,1000,950,95,100850,PREFIX_BINARY,NORMALIZE,4,210000,69704
N1000_K95_SKEWED_1000,1000,950,95,100850,PREFIX_BINARY,NORMALIZE,5,215199,69704
N1000_K95_SKEWED_1000,1000,950,95,100850,PREFIX_BINARY,NORMALIZE,6,206000,69704
N1000_K95_SKEWED_1000,1000,950,95,100850,PREFIX_BINARY,NORMALIZE,7,206500,69704
N1000_K95_SKEWED_1000,1000,950,95,100850,PREFIX_BINARY,NORMALIZE,8,222899,69704
N1000_K95_SKEWED_1000,1000,950,95,100850,PREFIX_BINARY,NORMALIZE,9,208201,69704
N1000_K95_SKEWED_1000,1000,950,95,100850,PREFIX_BINARY,NORMALIZE,10,206100,69704
N1000_K95_SKEWED_1000,1000,950,95,100850,PREFIX_BINARY,NORMALIZE,11,237700,69704
N1000_K95_SKEWED_1000,1000,950,95,100850,PREFIX_BINARY,NORMALIZE,12,211099,69704
N1000_K95_SKEWED_1000,1000,950,95,100850,PREFIX_BINARY,NORMALIZE,13,326601,69704
N1000_K95_SKEWED_1000,1000,950,95,100850,PREFIX_BINARY,NORMALIZE,14,338300,69704
N1000_K95_SKEWED_1000,1000,950,95,100850,PREFIX_BINARY,NORMALIZE,15,364700,69704
N1000_K95_SKEWED_1000,1000,950,95,100850,PREFIX_BINARY,NORMALIZE,16,334701,69704
N1000_K95_SKEWED_1000,1000,950,95,100850,PREFIX_BINARY,NORMALIZE,17,227800,69704
N1000_K95_SKEWED_1000,1000,950,95,100850,PREFIX_BINARY,NORMALIZE,18,216600,69704
N1000_K95_SKEWED_1000,1000,950,95,100850,PREFIX_BINARY,NORMALIZE,19,229500,69704
N1000_K95_SKEWED_1000,1000,950,95,100850,PREFIX_BINARY,BUILD,0,2400,15264
N1000_K95_SKEWED_1000,1000,950,95,100850,PREFIX_BINARY,BUILD,1,2701,15264
N1000_K95_SKEWED_1000,1000,950,95,100850,PREFIX_BINARY,BUILD,2,2900,15264
N1000_K95_SKEWED_1000,1000,950,95,100850,PREFIX_BINARY,BUILD,3,2901,15264
N1000_K95_SKEWED_1000,1000,950,95,100850,PREFIX_BINARY,BUILD,4,2801,15264
N1000_K95_SKEWED_1000,1000,950,95,100850,PREFIX_BINARY,BUILD,5,2501,15264
N1000_K95_SKEWED_1000,1000,950,95,100850,PREFIX_BINARY,BUILD,6,13700,15264
N1000_K95_SKEWED_1000,1000,950,95,100850,PREFIX_BINARY,BUILD,7,2900,15264
N1000_K95_SKEWED_1000,1000,950,95,100850,PREFIX_BINARY,BUILD,8,2500,15264
N1000_K95_SKEWED_1000,1000,950,95,100850,PREFIX_BINARY,BUILD,9,2500,15264
N1000_K95_SKEWED_1000,1000,950,95,100850,PREFIX_BINARY,BUILD,10,2601,15264
N1000_K95_SKEWED_1000,1000,950,95,100850,PREFIX_BINARY,BUILD,11,2601,15264
N1000_K95_SKEWED_1000,1000,950,95,100850,PREFIX_BINARY,BUILD,12,2499,15264
N1000_K95_SKEWED_1000,1000,950,95,100850,PREFIX_BINARY,BUILD,13,2599,15264
N1000_K95_SKEWED_1000,1000,950,95,100850,PREFIX_BINARY,BUILD,14,3099,15264
N1000_K95_SKEWED_1000,1000,950,95,100850,PREFIX_BINARY,BUILD,15,2600,15264
N1000_K95_SKEWED_1000,1000,950,95,100850,PREFIX_BINARY,BUILD,16,2599,15264
N1000_K95_SKEWED_1000,1000,950,95,100850,PREFIX_BINARY,BUILD,17,2599,15264
N1000_K95_SKEWED_1000,1000,950,95,100850,PREFIX_BINARY,BUILD,18,2500,15264
N1000_K95_SKEWED_1000,1000,950,95,100850,PREFIX_BINARY,BUILD,19,5100,15264
N1000_K95_SKEWED_1000,1000,950,95,100850,PREFIX_BINARY,SELECT,0,47800,17568
N1000_K95_SKEWED_1000,1000,950,95,100850,PREFIX_BINARY,SELECT,1,48400,17568
N1000_K95_SKEWED_1000,1000,950,95,100850,PREFIX_BINARY,SELECT,2,48801,17568
N1000_K95_SKEWED_1000,1000,950,95,100850,PREFIX_BINARY,SELECT,3,45900,17568
N1000_K95_SKEWED_1000,1000,950,95,100850,PREFIX_BINARY,SELECT,4,45600,17568
N1000_K95_SKEWED_1000,1000,950,95,100850,PREFIX_BINARY,SELECT,5,47400,17568
N1000_K95_SKEWED_1000,1000,950,95,100850,PREFIX_BINARY,SELECT,6,44600,17568
N1000_K95_SKEWED_1000,1000,950,95,100850,PREFIX_BINARY,SELECT,7,46900,17568
N1000_K95_SKEWED_1000,1000,950,95,100850,PREFIX_BINARY,SELECT,8,47300,17568
N1000_K95_SKEWED_1000,1000,950,95,100850,PREFIX_BINARY,SELECT,9,46900,17568
N1000_K95_SKEWED_1000,1000,950,95,100850,PREFIX_BINARY,SELECT,10,45100,17568
N1000_K95_SKEWED_1000,1000,950,95,100850,PREFIX_BINARY,SELECT,11,46200,17568
N1000_K95_SKEWED_1000,1000,950,95,100850,PREFIX_BINARY,SELECT,12,42100,17568
N1000_K95_SKEWED_1000,1000,950,95,100850,PREFIX_BINARY,SELECT,13,46100,17568
N1000_K95_SKEWED_1000,1000,950,95,100850,PREFIX_BINARY,SELECT,14,44600,17568
N1000_K95_SKEWED_1000,1000,950,95,100850,PREFIX_BINARY,SELECT,15,41800,17568
N1000_K95_SKEWED_1000,1000,950,95,100850,PREFIX_BINARY,SELECT,16,39800,17568
N1000_K95_SKEWED_1000,1000,950,95,100850,PREFIX_BINARY,SELECT,17,53700,17568
N1000_K95_SKEWED_1000,1000,950,95,100850,PREFIX_BINARY,SELECT,18,43499,17568
N1000_K95_SKEWED_1000,1000,950,95,100850,PREFIX_BINARY,SELECT,19,48300,17568
N1000_K95_SKEWED_1000,1000,950,95,100850,PREFIX_BINARY,TOTAL,0,264899,102536
N1000_K95_SKEWED_1000,1000,950,95,100850,PREFIX_BINARY,TOTAL,1,276201,102536
N1000_K95_SKEWED_1000,1000,950,95,100850,PREFIX_BINARY,TOTAL,2,263801,102536
N1000_K95_SKEWED_1000,1000,950,95,100850,PREFIX_BINARY,TOTAL,3,258300,102536
N1000_K95_SKEWED_1000,1000,950,95,100850,PREFIX_BINARY,TOTAL,4,259800,102536
N1000_K95_SKEWED_1000,1000,950,95,100850,PREFIX_BINARY,TOTAL,5,260600,102536
N1000_K95_SKEWED_1000,1000,950,95,100850,PREFIX_BINARY,TOTAL,6,259800,102536
N1000_K95_SKEWED_1000,1000,950,95,100850,PREFIX_BINARY,TOTAL,7,256900,102536
N1000_K95_SKEWED_1000,1000,950,95,100850,PREFIX_BINARY,TOTAL,8,256800,102536
N1000_K95_SKEWED_1000,1000,950,95,100850,PREFIX_BINARY,TOTAL,9,268601,102536
N1000_K95_SKEWED_1000,1000,950,95,100850,PREFIX_BINARY,TOTAL,10,260199,102536
N1000_K95_SKEWED_1000,1000,950,95,100850,PREFIX_BINARY,TOTAL,11,257400,102536
N1000_K95_SKEWED_1000,1000,950,95,100850,PREFIX_BINARY,TOTAL,12,252800,102536
N1000_K95_SKEWED_1000,1000,950,95,100850,PREFIX_BINARY,TOTAL,13,255399,102536
N1000_K95_SKEWED_1000,1000,950,95,100850,PREFIX_BINARY,TOTAL,14,256000,102536
N1000_K95_SKEWED_1000,1000,950,95,100850,PREFIX_BINARY,TOTAL,15,255800,102536
N1000_K95_SKEWED_1000,1000,950,95,100850,PREFIX_BINARY,TOTAL,16,262401,102536
N1000_K95_SKEWED_1000,1000,950,95,100850,PREFIX_BINARY,TOTAL,17,257601,102536
N1000_K95_SKEWED_1000,1000,950,95,100850,PREFIX_BINARY,TOTAL,18,282300,102536
N1000_K95_SKEWED_1000,1000,950,95,100850,PREFIX_BINARY,TOTAL,19,294901,102536
N1000_K95_SKEWED_1000,1000,950,95,100850,FENWICK,NORMALIZE,0,211200,69704
N1000_K95_SKEWED_1000,1000,950,95,100850,FENWICK,NORMALIZE,1,237300,69704
N1000_K95_SKEWED_1000,1000,950,95,100850,FENWICK,NORMALIZE,2,215900,69704
N1000_K95_SKEWED_1000,1000,950,95,100850,FENWICK,NORMALIZE,3,213900,69704
N1000_K95_SKEWED_1000,1000,950,95,100850,FENWICK,NORMALIZE,4,209601,69704
N1000_K95_SKEWED_1000,1000,950,95,100850,FENWICK,NORMALIZE,5,206400,69704
N1000_K95_SKEWED_1000,1000,950,95,100850,FENWICK,NORMALIZE,6,204999,69704
N1000_K95_SKEWED_1000,1000,950,95,100850,FENWICK,NORMALIZE,7,217699,69704
N1000_K95_SKEWED_1000,1000,950,95,100850,FENWICK,NORMALIZE,8,206400,69704
N1000_K95_SKEWED_1000,1000,950,95,100850,FENWICK,NORMALIZE,9,305900,69704
N1000_K95_SKEWED_1000,1000,950,95,100850,FENWICK,NORMALIZE,10,218001,69704
N1000_K95_SKEWED_1000,1000,950,95,100850,FENWICK,NORMALIZE,11,210700,69704
N1000_K95_SKEWED_1000,1000,950,95,100850,FENWICK,NORMALIZE,12,208600,69704
N1000_K95_SKEWED_1000,1000,950,95,100850,FENWICK,NORMALIZE,13,207001,69704
N1000_K95_SKEWED_1000,1000,950,95,100850,FENWICK,NORMALIZE,14,205700,69704
N1000_K95_SKEWED_1000,1000,950,95,100850,FENWICK,NORMALIZE,15,206900,69704
N1000_K95_SKEWED_1000,1000,950,95,100850,FENWICK,NORMALIZE,16,216899,69704
N1000_K95_SKEWED_1000,1000,950,95,100850,FENWICK,NORMALIZE,17,207400,69704
N1000_K95_SKEWED_1000,1000,950,95,100850,FENWICK,NORMALIZE,18,206500,69704
N1000_K95_SKEWED_1000,1000,950,95,100850,FENWICK,NORMALIZE,19,213501,69704
N1000_K95_SKEWED_1000,1000,950,95,100850,FENWICK,BUILD,0,7800,15336
N1000_K95_SKEWED_1000,1000,950,95,100850,FENWICK,BUILD,1,8200,15336
N1000_K95_SKEWED_1000,1000,950,95,100850,FENWICK,BUILD,2,7800,15336
N1000_K95_SKEWED_1000,1000,950,95,100850,FENWICK,BUILD,3,8000,15336
N1000_K95_SKEWED_1000,1000,950,95,100850,FENWICK,BUILD,4,7800,15336
N1000_K95_SKEWED_1000,1000,950,95,100850,FENWICK,BUILD,5,7900,15336
N1000_K95_SKEWED_1000,1000,950,95,100850,FENWICK,BUILD,6,8000,15336
N1000_K95_SKEWED_1000,1000,950,95,100850,FENWICK,BUILD,7,7800,15336
N1000_K95_SKEWED_1000,1000,950,95,100850,FENWICK,BUILD,8,9200,15336
N1000_K95_SKEWED_1000,1000,950,95,100850,FENWICK,BUILD,9,8000,15336
N1000_K95_SKEWED_1000,1000,950,95,100850,FENWICK,BUILD,10,7800,15336
N1000_K95_SKEWED_1000,1000,950,95,100850,FENWICK,BUILD,11,7900,15336
N1000_K95_SKEWED_1000,1000,950,95,100850,FENWICK,BUILD,12,7899,15336
N1000_K95_SKEWED_1000,1000,950,95,100850,FENWICK,BUILD,13,7900,15336
N1000_K95_SKEWED_1000,1000,950,95,100850,FENWICK,BUILD,14,7800,15336
N1000_K95_SKEWED_1000,1000,950,95,100850,FENWICK,BUILD,15,7900,15336
N1000_K95_SKEWED_1000,1000,950,95,100850,FENWICK,BUILD,16,7800,15336
N1000_K95_SKEWED_1000,1000,950,95,100850,FENWICK,BUILD,17,10601,15336
N1000_K95_SKEWED_1000,1000,950,95,100850,FENWICK,BUILD,18,7700,15336
N1000_K95_SKEWED_1000,1000,950,95,100850,FENWICK,BUILD,19,7700,15336
N1000_K95_SKEWED_1000,1000,950,95,100850,FENWICK,SELECT,0,31000,17568
N1000_K95_SKEWED_1000,1000,950,95,100850,FENWICK,SELECT,1,31900,17568
N1000_K95_SKEWED_1000,1000,950,95,100850,FENWICK,SELECT,2,35800,17568
N1000_K95_SKEWED_1000,1000,950,95,100850,FENWICK,SELECT,3,32100,17568
N1000_K95_SKEWED_1000,1000,950,95,100850,FENWICK,SELECT,4,31300,17568
N1000_K95_SKEWED_1000,1000,950,95,100850,FENWICK,SELECT,5,32200,17568
N1000_K95_SKEWED_1000,1000,950,95,100850,FENWICK,SELECT,6,32200,17568
N1000_K95_SKEWED_1000,1000,950,95,100850,FENWICK,SELECT,7,31500,17568
N1000_K95_SKEWED_1000,1000,950,95,100850,FENWICK,SELECT,8,31600,17568
N1000_K95_SKEWED_1000,1000,950,95,100850,FENWICK,SELECT,9,39901,17568
N1000_K95_SKEWED_1000,1000,950,95,100850,FENWICK,SELECT,10,37100,17568
N1000_K95_SKEWED_1000,1000,950,95,100850,FENWICK,SELECT,11,33699,17568
N1000_K95_SKEWED_1000,1000,950,95,100850,FENWICK,SELECT,12,34400,17568
N1000_K95_SKEWED_1000,1000,950,95,100850,FENWICK,SELECT,13,37400,17568
N1000_K95_SKEWED_1000,1000,950,95,100850,FENWICK,SELECT,14,33101,17568
N1000_K95_SKEWED_1000,1000,950,95,100850,FENWICK,SELECT,15,31800,17568
N1000_K95_SKEWED_1000,1000,950,95,100850,FENWICK,SELECT,16,32800,17568
N1000_K95_SKEWED_1000,1000,950,95,100850,FENWICK,SELECT,17,42199,17568
N1000_K95_SKEWED_1000,1000,950,95,100850,FENWICK,SELECT,18,32701,17568
N1000_K95_SKEWED_1000,1000,950,95,100850,FENWICK,SELECT,19,31300,17568
N1000_K95_SKEWED_1000,1000,950,95,100850,FENWICK,TOTAL,0,246400,102608
N1000_K95_SKEWED_1000,1000,950,95,100850,FENWICK,TOTAL,1,249400,102608
N1000_K95_SKEWED_1000,1000,950,95,100850,FENWICK,TOTAL,2,273301,102608
N1000_K95_SKEWED_1000,1000,950,95,100850,FENWICK,TOTAL,3,254100,102608
N1000_K95_SKEWED_1000,1000,950,95,100850,FENWICK,TOTAL,4,248399,102608
N1000_K95_SKEWED_1000,1000,950,95,100850,FENWICK,TOTAL,5,248199,102608
N1000_K95_SKEWED_1000,1000,950,95,100850,FENWICK,TOTAL,6,246699,102608
N1000_K95_SKEWED_1000,1000,950,95,100850,FENWICK,TOTAL,7,245500,102608
N1000_K95_SKEWED_1000,1000,950,95,100850,FENWICK,TOTAL,8,249699,102608
N1000_K95_SKEWED_1000,1000,950,95,100850,FENWICK,TOTAL,9,255499,102608
N1000_K95_SKEWED_1000,1000,950,95,100850,FENWICK,TOTAL,10,259000,102608
N1000_K95_SKEWED_1000,1000,950,95,100850,FENWICK,TOTAL,11,274300,102608
N1000_K95_SKEWED_1000,1000,950,95,100850,FENWICK,TOTAL,12,273900,102608
N1000_K95_SKEWED_1000,1000,950,95,100850,FENWICK,TOTAL,13,265099,102608
N1000_K95_SKEWED_1000,1000,950,95,100850,FENWICK,TOTAL,14,252400,102608
N1000_K95_SKEWED_1000,1000,950,95,100850,FENWICK,TOTAL,15,249799,102608
N1000_K95_SKEWED_1000,1000,950,95,100850,FENWICK,TOTAL,16,302200,102608
N1000_K95_SKEWED_1000,1000,950,95,100850,FENWICK,TOTAL,17,330601,102608
N1000_K95_SKEWED_1000,1000,950,95,100850,FENWICK,TOTAL,18,258900,102608
N1000_K95_SKEWED_1000,1000,950,95,100850,FENWICK,TOTAL,19,253800,102608
N1000_K95_UNIFORM_MILLION,1000,950,95,950000000,PREFIX_LINEAR,NORMALIZE,0,213901,69704
N1000_K95_UNIFORM_MILLION,1000,950,95,950000000,PREFIX_LINEAR,NORMALIZE,1,237400,69704
N1000_K95_UNIFORM_MILLION,1000,950,95,950000000,PREFIX_LINEAR,NORMALIZE,2,213800,69704
N1000_K95_UNIFORM_MILLION,1000,950,95,950000000,PREFIX_LINEAR,NORMALIZE,3,208999,69704
N1000_K95_UNIFORM_MILLION,1000,950,95,950000000,PREFIX_LINEAR,NORMALIZE,4,207000,69704
N1000_K95_UNIFORM_MILLION,1000,950,95,950000000,PREFIX_LINEAR,NORMALIZE,5,269501,69704
N1000_K95_UNIFORM_MILLION,1000,950,95,950000000,PREFIX_LINEAR,NORMALIZE,6,291200,69704
N1000_K95_UNIFORM_MILLION,1000,950,95,950000000,PREFIX_LINEAR,NORMALIZE,7,310801,69704
N1000_K95_UNIFORM_MILLION,1000,950,95,950000000,PREFIX_LINEAR,NORMALIZE,8,299101,69704
N1000_K95_UNIFORM_MILLION,1000,950,95,950000000,PREFIX_LINEAR,NORMALIZE,9,230199,69704
N1000_K95_UNIFORM_MILLION,1000,950,95,950000000,PREFIX_LINEAR,NORMALIZE,10,213700,69704
N1000_K95_UNIFORM_MILLION,1000,950,95,950000000,PREFIX_LINEAR,NORMALIZE,11,208500,69704
N1000_K95_UNIFORM_MILLION,1000,950,95,950000000,PREFIX_LINEAR,NORMALIZE,12,226401,69704
N1000_K95_UNIFORM_MILLION,1000,950,95,950000000,PREFIX_LINEAR,NORMALIZE,13,221300,69704
N1000_K95_UNIFORM_MILLION,1000,950,95,950000000,PREFIX_LINEAR,NORMALIZE,14,215399,69704
N1000_K95_UNIFORM_MILLION,1000,950,95,950000000,PREFIX_LINEAR,NORMALIZE,15,214200,69704
N1000_K95_UNIFORM_MILLION,1000,950,95,950000000,PREFIX_LINEAR,NORMALIZE,16,242500,69704
N1000_K95_UNIFORM_MILLION,1000,950,95,950000000,PREFIX_LINEAR,NORMALIZE,17,219000,69704
N1000_K95_UNIFORM_MILLION,1000,950,95,950000000,PREFIX_LINEAR,NORMALIZE,18,290200,69704
N1000_K95_UNIFORM_MILLION,1000,950,95,950000000,PREFIX_LINEAR,NORMALIZE,19,214400,69704
N1000_K95_UNIFORM_MILLION,1000,950,95,950000000,PREFIX_LINEAR,BUILD,0,2400,15264
N1000_K95_UNIFORM_MILLION,1000,950,95,950000000,PREFIX_LINEAR,BUILD,1,2700,15264
N1000_K95_UNIFORM_MILLION,1000,950,95,950000000,PREFIX_LINEAR,BUILD,2,2400,15264
N1000_K95_UNIFORM_MILLION,1000,950,95,950000000,PREFIX_LINEAR,BUILD,3,2400,15264
N1000_K95_UNIFORM_MILLION,1000,950,95,950000000,PREFIX_LINEAR,BUILD,4,2600,15264
N1000_K95_UNIFORM_MILLION,1000,950,95,950000000,PREFIX_LINEAR,BUILD,5,2500,15264
N1000_K95_UNIFORM_MILLION,1000,950,95,950000000,PREFIX_LINEAR,BUILD,6,2900,15264
N1000_K95_UNIFORM_MILLION,1000,950,95,950000000,PREFIX_LINEAR,BUILD,7,2400,15264
N1000_K95_UNIFORM_MILLION,1000,950,95,950000000,PREFIX_LINEAR,BUILD,8,2700,15264
N1000_K95_UNIFORM_MILLION,1000,950,95,950000000,PREFIX_LINEAR,BUILD,9,2600,15264
N1000_K95_UNIFORM_MILLION,1000,950,95,950000000,PREFIX_LINEAR,BUILD,10,2499,15264
N1000_K95_UNIFORM_MILLION,1000,950,95,950000000,PREFIX_LINEAR,BUILD,11,2899,15264
N1000_K95_UNIFORM_MILLION,1000,950,95,950000000,PREFIX_LINEAR,BUILD,12,2700,15264
N1000_K95_UNIFORM_MILLION,1000,950,95,950000000,PREFIX_LINEAR,BUILD,13,2901,15264
N1000_K95_UNIFORM_MILLION,1000,950,95,950000000,PREFIX_LINEAR,BUILD,14,8600,15264
N1000_K95_UNIFORM_MILLION,1000,950,95,950000000,PREFIX_LINEAR,BUILD,15,3099,15264
N1000_K95_UNIFORM_MILLION,1000,950,95,950000000,PREFIX_LINEAR,BUILD,16,2599,15264
N1000_K95_UNIFORM_MILLION,1000,950,95,950000000,PREFIX_LINEAR,BUILD,17,2501,15264
N1000_K95_UNIFORM_MILLION,1000,950,95,950000000,PREFIX_LINEAR,BUILD,18,2500,15264
N1000_K95_UNIFORM_MILLION,1000,950,95,950000000,PREFIX_LINEAR,BUILD,19,2500,15264
N1000_K95_UNIFORM_MILLION,1000,950,95,950000000,PREFIX_LINEAR,SELECT,0,51200,17568
N1000_K95_UNIFORM_MILLION,1000,950,95,950000000,PREFIX_LINEAR,SELECT,1,53500,17568
N1000_K95_UNIFORM_MILLION,1000,950,95,950000000,PREFIX_LINEAR,SELECT,2,53000,17568
N1000_K95_UNIFORM_MILLION,1000,950,95,950000000,PREFIX_LINEAR,SELECT,3,51300,17568
N1000_K95_UNIFORM_MILLION,1000,950,95,950000000,PREFIX_LINEAR,SELECT,4,50500,17568
N1000_K95_UNIFORM_MILLION,1000,950,95,950000000,PREFIX_LINEAR,SELECT,5,50800,17568
N1000_K95_UNIFORM_MILLION,1000,950,95,950000000,PREFIX_LINEAR,SELECT,6,51201,17568
N1000_K95_UNIFORM_MILLION,1000,950,95,950000000,PREFIX_LINEAR,SELECT,7,60199,17568
N1000_K95_UNIFORM_MILLION,1000,950,95,950000000,PREFIX_LINEAR,SELECT,8,54600,17568
N1000_K95_UNIFORM_MILLION,1000,950,95,950000000,PREFIX_LINEAR,SELECT,9,52001,17568
N1000_K95_UNIFORM_MILLION,1000,950,95,950000000,PREFIX_LINEAR,SELECT,10,52599,17568
N1000_K95_UNIFORM_MILLION,1000,950,95,950000000,PREFIX_LINEAR,SELECT,11,52300,17568
N1000_K95_UNIFORM_MILLION,1000,950,95,950000000,PREFIX_LINEAR,SELECT,12,52201,17568
N1000_K95_UNIFORM_MILLION,1000,950,95,950000000,PREFIX_LINEAR,SELECT,13,51700,17568
N1000_K95_UNIFORM_MILLION,1000,950,95,950000000,PREFIX_LINEAR,SELECT,14,51900,17568
N1000_K95_UNIFORM_MILLION,1000,950,95,950000000,PREFIX_LINEAR,SELECT,15,51300,17568
N1000_K95_UNIFORM_MILLION,1000,950,95,950000000,PREFIX_LINEAR,SELECT,16,53300,17568
N1000_K95_UNIFORM_MILLION,1000,950,95,950000000,PREFIX_LINEAR,SELECT,17,52000,17568
N1000_K95_UNIFORM_MILLION,1000,950,95,950000000,PREFIX_LINEAR,SELECT,18,51000,17568
N1000_K95_UNIFORM_MILLION,1000,950,95,950000000,PREFIX_LINEAR,SELECT,19,51000,17568
N1000_K95_UNIFORM_MILLION,1000,950,95,950000000,PREFIX_LINEAR,TOTAL,0,269900,102536
N1000_K95_UNIFORM_MILLION,1000,950,95,950000000,PREFIX_LINEAR,TOTAL,1,291600,102536
N1000_K95_UNIFORM_MILLION,1000,950,95,950000000,PREFIX_LINEAR,TOTAL,2,268800,102536
N1000_K95_UNIFORM_MILLION,1000,950,95,950000000,PREFIX_LINEAR,TOTAL,3,262500,102536
N1000_K95_UNIFORM_MILLION,1000,950,95,950000000,PREFIX_LINEAR,TOTAL,4,262700,102536
N1000_K95_UNIFORM_MILLION,1000,950,95,950000000,PREFIX_LINEAR,TOTAL,5,284401,102536
N1000_K95_UNIFORM_MILLION,1000,950,95,950000000,PREFIX_LINEAR,TOTAL,6,271201,102536
N1000_K95_UNIFORM_MILLION,1000,950,95,950000000,PREFIX_LINEAR,TOTAL,7,285701,102536
N1000_K95_UNIFORM_MILLION,1000,950,95,950000000,PREFIX_LINEAR,TOTAL,8,277901,102536
N1000_K95_UNIFORM_MILLION,1000,950,95,950000000,PREFIX_LINEAR,TOTAL,9,265500,102536
N1000_K95_UNIFORM_MILLION,1000,950,95,950000000,PREFIX_LINEAR,TOTAL,10,262700,102536
N1000_K95_UNIFORM_MILLION,1000,950,95,950000000,PREFIX_LINEAR,TOTAL,11,262899,102536
N1000_K95_UNIFORM_MILLION,1000,950,95,950000000,PREFIX_LINEAR,TOTAL,12,265700,102536
N1000_K95_UNIFORM_MILLION,1000,950,95,950000000,PREFIX_LINEAR,TOTAL,13,263201,102536
N1000_K95_UNIFORM_MILLION,1000,950,95,950000000,PREFIX_LINEAR,TOTAL,14,260600,102536
N1000_K95_UNIFORM_MILLION,1000,950,95,950000000,PREFIX_LINEAR,TOTAL,15,274900,102536
N1000_K95_UNIFORM_MILLION,1000,950,95,950000000,PREFIX_LINEAR,TOTAL,16,266100,102536
N1000_K95_UNIFORM_MILLION,1000,950,95,950000000,PREFIX_LINEAR,TOTAL,17,265601,102536
N1000_K95_UNIFORM_MILLION,1000,950,95,950000000,PREFIX_LINEAR,TOTAL,18,262100,102536
N1000_K95_UNIFORM_MILLION,1000,950,95,950000000,PREFIX_LINEAR,TOTAL,19,261400,102536
N1000_K95_UNIFORM_MILLION,1000,950,95,950000000,PREFIX_BINARY,NORMALIZE,0,269600,69704
N1000_K95_UNIFORM_MILLION,1000,950,95,950000000,PREFIX_BINARY,NORMALIZE,1,218800,69704
N1000_K95_UNIFORM_MILLION,1000,950,95,950000000,PREFIX_BINARY,NORMALIZE,2,244900,69704
N1000_K95_UNIFORM_MILLION,1000,950,95,950000000,PREFIX_BINARY,NORMALIZE,3,291399,69704
N1000_K95_UNIFORM_MILLION,1000,950,95,950000000,PREFIX_BINARY,NORMALIZE,4,223500,69704
N1000_K95_UNIFORM_MILLION,1000,950,95,950000000,PREFIX_BINARY,NORMALIZE,5,231700,69704
N1000_K95_UNIFORM_MILLION,1000,950,95,950000000,PREFIX_BINARY,NORMALIZE,6,237100,69704
N1000_K95_UNIFORM_MILLION,1000,950,95,950000000,PREFIX_BINARY,NORMALIZE,7,213700,69704
N1000_K95_UNIFORM_MILLION,1000,950,95,950000000,PREFIX_BINARY,NORMALIZE,8,211999,69704
N1000_K95_UNIFORM_MILLION,1000,950,95,950000000,PREFIX_BINARY,NORMALIZE,9,210399,69704
N1000_K95_UNIFORM_MILLION,1000,950,95,950000000,PREFIX_BINARY,NORMALIZE,10,210399,69704
N1000_K95_UNIFORM_MILLION,1000,950,95,950000000,PREFIX_BINARY,NORMALIZE,11,209899,69704
N1000_K95_UNIFORM_MILLION,1000,950,95,950000000,PREFIX_BINARY,NORMALIZE,12,209400,69704
N1000_K95_UNIFORM_MILLION,1000,950,95,950000000,PREFIX_BINARY,NORMALIZE,13,210599,69704
N1000_K95_UNIFORM_MILLION,1000,950,95,950000000,PREFIX_BINARY,NORMALIZE,14,219199,69704
N1000_K95_UNIFORM_MILLION,1000,950,95,950000000,PREFIX_BINARY,NORMALIZE,15,209399,69704
N1000_K95_UNIFORM_MILLION,1000,950,95,950000000,PREFIX_BINARY,NORMALIZE,16,208600,69704
N1000_K95_UNIFORM_MILLION,1000,950,95,950000000,PREFIX_BINARY,NORMALIZE,17,216300,69704
N1000_K95_UNIFORM_MILLION,1000,950,95,950000000,PREFIX_BINARY,NORMALIZE,18,208001,69704
N1000_K95_UNIFORM_MILLION,1000,950,95,950000000,PREFIX_BINARY,NORMALIZE,19,207799,69704
N1000_K95_UNIFORM_MILLION,1000,950,95,950000000,PREFIX_BINARY,BUILD,0,6201,15264
N1000_K95_UNIFORM_MILLION,1000,950,95,950000000,PREFIX_BINARY,BUILD,1,4099,15264
N1000_K95_UNIFORM_MILLION,1000,950,95,950000000,PREFIX_BINARY,BUILD,2,2699,15264
N1000_K95_UNIFORM_MILLION,1000,950,95,950000000,PREFIX_BINARY,BUILD,3,5699,15264
N1000_K95_UNIFORM_MILLION,1000,950,95,950000000,PREFIX_BINARY,BUILD,4,14800,15264
N1000_K95_UNIFORM_MILLION,1000,950,95,950000000,PREFIX_BINARY,BUILD,5,3000,15264
N1000_K95_UNIFORM_MILLION,1000,950,95,950000000,PREFIX_BINARY,BUILD,6,2899,15264
N1000_K95_UNIFORM_MILLION,1000,950,95,950000000,PREFIX_BINARY,BUILD,7,3300,15264
N1000_K95_UNIFORM_MILLION,1000,950,95,950000000,PREFIX_BINARY,BUILD,8,2701,15264
N1000_K95_UNIFORM_MILLION,1000,950,95,950000000,PREFIX_BINARY,BUILD,9,2699,15264
N1000_K95_UNIFORM_MILLION,1000,950,95,950000000,PREFIX_BINARY,BUILD,10,2600,15264
N1000_K95_UNIFORM_MILLION,1000,950,95,950000000,PREFIX_BINARY,BUILD,11,2801,15264
N1000_K95_UNIFORM_MILLION,1000,950,95,950000000,PREFIX_BINARY,BUILD,12,2901,15264
N1000_K95_UNIFORM_MILLION,1000,950,95,950000000,PREFIX_BINARY,BUILD,13,3000,15264
N1000_K95_UNIFORM_MILLION,1000,950,95,950000000,PREFIX_BINARY,BUILD,14,2500,15264
N1000_K95_UNIFORM_MILLION,1000,950,95,950000000,PREFIX_BINARY,BUILD,15,3100,15264
N1000_K95_UNIFORM_MILLION,1000,950,95,950000000,PREFIX_BINARY,BUILD,16,3000,15264
N1000_K95_UNIFORM_MILLION,1000,950,95,950000000,PREFIX_BINARY,BUILD,17,2499,15264
N1000_K95_UNIFORM_MILLION,1000,950,95,950000000,PREFIX_BINARY,BUILD,18,2700,15264
N1000_K95_UNIFORM_MILLION,1000,950,95,950000000,PREFIX_BINARY,BUILD,19,2701,15264
N1000_K95_UNIFORM_MILLION,1000,950,95,950000000,PREFIX_BINARY,SELECT,0,38300,17568
N1000_K95_UNIFORM_MILLION,1000,950,95,950000000,PREFIX_BINARY,SELECT,1,46500,17568
N1000_K95_UNIFORM_MILLION,1000,950,95,950000000,PREFIX_BINARY,SELECT,2,53800,17568
N1000_K95_UNIFORM_MILLION,1000,950,95,950000000,PREFIX_BINARY,SELECT,3,41000,17568
N1000_K95_UNIFORM_MILLION,1000,950,95,950000000,PREFIX_BINARY,SELECT,4,40500,17568
N1000_K95_UNIFORM_MILLION,1000,950,95,950000000,PREFIX_BINARY,SELECT,5,48601,17568
N1000_K95_UNIFORM_MILLION,1000,950,95,950000000,PREFIX_BINARY,SELECT,6,45099,17568
N1000_K95_UNIFORM_MILLION,1000,950,95,950000000,PREFIX_BINARY,SELECT,7,41100,17568
N1000_K95_UNIFORM_MILLION,1000,950,95,950000000,PREFIX_BINARY,SELECT,8,39501,17568
N1000_K95_UNIFORM_MILLION,1000,950,95,950000000,PREFIX_BINARY,SELECT,9,38600,17568
N1000_K95_UNIFORM_MILLION,1000,950,95,950000000,PREFIX_BINARY,SELECT,10,47400,17568
N1000_K95_UNIFORM_MILLION,1000,950,95,950000000,PREFIX_BINARY,SELECT,11,57200,17568
N1000_K95_UNIFORM_MILLION,1000,950,95,950000000,PREFIX_BINARY,SELECT,12,54599,17568
N1000_K95_UNIFORM_MILLION,1000,950,95,950000000,PREFIX_BINARY,SELECT,13,42900,17568
N1000_K95_UNIFORM_MILLION,1000,950,95,950000000,PREFIX_BINARY,SELECT,14,40000,17568
N1000_K95_UNIFORM_MILLION,1000,950,95,950000000,PREFIX_BINARY,SELECT,15,46700,17568
N1000_K95_UNIFORM_MILLION,1000,950,95,950000000,PREFIX_BINARY,SELECT,16,39801,17568
N1000_K95_UNIFORM_MILLION,1000,950,95,950000000,PREFIX_BINARY,SELECT,17,39801,17568
N1000_K95_UNIFORM_MILLION,1000,950,95,950000000,PREFIX_BINARY,SELECT,18,39400,17568
N1000_K95_UNIFORM_MILLION,1000,950,95,950000000,PREFIX_BINARY,SELECT,19,38600,17568
N1000_K95_UNIFORM_MILLION,1000,950,95,950000000,PREFIX_BINARY,TOTAL,0,272300,102536
N1000_K95_UNIFORM_MILLION,1000,950,95,950000000,PREFIX_BINARY,TOTAL,1,273999,102536
N1000_K95_UNIFORM_MILLION,1000,950,95,950000000,PREFIX_BINARY,TOTAL,2,271300,102536
N1000_K95_UNIFORM_MILLION,1000,950,95,950000000,PREFIX_BINARY,TOTAL,3,254901,102536
N1000_K95_UNIFORM_MILLION,1000,950,95,950000000,PREFIX_BINARY,TOTAL,4,251601,102536
N1000_K95_UNIFORM_MILLION,1000,950,95,950000000,PREFIX_BINARY,TOTAL,5,276000,102536
N1000_K95_UNIFORM_MILLION,1000,950,95,950000000,PREFIX_BINARY,TOTAL,6,263599,102536
N1000_K95_UNIFORM_MILLION,1000,950,95,950000000,PREFIX_BINARY,TOTAL,7,256800,102536
N1000_K95_UNIFORM_MILLION,1000,950,95,950000000,PREFIX_BINARY,TOTAL,8,266500,102536
N1000_K95_UNIFORM_MILLION,1000,950,95,950000000,PREFIX_BINARY,TOTAL,9,252500,102536
N1000_K95_UNIFORM_MILLION,1000,950,95,950000000,PREFIX_BINARY,TOTAL,10,264199,102536
N1000_K95_UNIFORM_MILLION,1000,950,95,950000000,PREFIX_BINARY,TOTAL,11,264600,102536
N1000_K95_UNIFORM_MILLION,1000,950,95,950000000,PREFIX_BINARY,TOTAL,12,282800,102536
N1000_K95_UNIFORM_MILLION,1000,950,95,950000000,PREFIX_BINARY,TOTAL,13,255700,102536
N1000_K95_UNIFORM_MILLION,1000,950,95,950000000,PREFIX_BINARY,TOTAL,14,285900,102536
N1000_K95_UNIFORM_MILLION,1000,950,95,950000000,PREFIX_BINARY,TOTAL,15,267300,102536
N1000_K95_UNIFORM_MILLION,1000,950,95,950000000,PREFIX_BINARY,TOTAL,16,264601,102536
N1000_K95_UNIFORM_MILLION,1000,950,95,950000000,PREFIX_BINARY,TOTAL,17,302000,102536
N1000_K95_UNIFORM_MILLION,1000,950,95,950000000,PREFIX_BINARY,TOTAL,18,391700,102536
N1000_K95_UNIFORM_MILLION,1000,950,95,950000000,PREFIX_BINARY,TOTAL,19,360400,102536
N1000_K95_UNIFORM_MILLION,1000,950,95,950000000,FENWICK,NORMALIZE,0,207500,69704
N1000_K95_UNIFORM_MILLION,1000,950,95,950000000,FENWICK,NORMALIZE,1,208100,69704
N1000_K95_UNIFORM_MILLION,1000,950,95,950000000,FENWICK,NORMALIZE,2,205900,69704
N1000_K95_UNIFORM_MILLION,1000,950,95,950000000,FENWICK,NORMALIZE,3,220000,69704
N1000_K95_UNIFORM_MILLION,1000,950,95,950000000,FENWICK,NORMALIZE,4,210000,69704
N1000_K95_UNIFORM_MILLION,1000,950,95,950000000,FENWICK,NORMALIZE,5,207400,69704
N1000_K95_UNIFORM_MILLION,1000,950,95,950000000,FENWICK,NORMALIZE,6,206200,69704
N1000_K95_UNIFORM_MILLION,1000,950,95,950000000,FENWICK,NORMALIZE,7,205800,69704
N1000_K95_UNIFORM_MILLION,1000,950,95,950000000,FENWICK,NORMALIZE,8,205600,69704
N1000_K95_UNIFORM_MILLION,1000,950,95,950000000,FENWICK,NORMALIZE,9,223301,69704
N1000_K95_UNIFORM_MILLION,1000,950,95,950000000,FENWICK,NORMALIZE,10,206600,69704
N1000_K95_UNIFORM_MILLION,1000,950,95,950000000,FENWICK,NORMALIZE,11,225900,69704
N1000_K95_UNIFORM_MILLION,1000,950,95,950000000,FENWICK,NORMALIZE,12,247100,69704
N1000_K95_UNIFORM_MILLION,1000,950,95,950000000,FENWICK,NORMALIZE,13,210800,69704
N1000_K95_UNIFORM_MILLION,1000,950,95,950000000,FENWICK,NORMALIZE,14,263300,69704
N1000_K95_UNIFORM_MILLION,1000,950,95,950000000,FENWICK,NORMALIZE,15,208900,69704
N1000_K95_UNIFORM_MILLION,1000,950,95,950000000,FENWICK,NORMALIZE,16,206100,69704
N1000_K95_UNIFORM_MILLION,1000,950,95,950000000,FENWICK,NORMALIZE,17,206100,69704
N1000_K95_UNIFORM_MILLION,1000,950,95,950000000,FENWICK,NORMALIZE,18,209600,69704
N1000_K95_UNIFORM_MILLION,1000,950,95,950000000,FENWICK,NORMALIZE,19,205800,69704
N1000_K95_UNIFORM_MILLION,1000,950,95,950000000,FENWICK,BUILD,0,7800,15336
N1000_K95_UNIFORM_MILLION,1000,950,95,950000000,FENWICK,BUILD,1,7900,15336
N1000_K95_UNIFORM_MILLION,1000,950,95,950000000,FENWICK,BUILD,2,7800,15336
N1000_K95_UNIFORM_MILLION,1000,950,95,950000000,FENWICK,BUILD,3,7800,15336
N1000_K95_UNIFORM_MILLION,1000,950,95,950000000,FENWICK,BUILD,4,8000,15336
N1000_K95_UNIFORM_MILLION,1000,950,95,950000000,FENWICK,BUILD,5,7500,15336
N1000_K95_UNIFORM_MILLION,1000,950,95,950000000,FENWICK,BUILD,6,7900,15336
N1000_K95_UNIFORM_MILLION,1000,950,95,950000000,FENWICK,BUILD,7,7900,15336
N1000_K95_UNIFORM_MILLION,1000,950,95,950000000,FENWICK,BUILD,8,8200,15336
N1000_K95_UNIFORM_MILLION,1000,950,95,950000000,FENWICK,BUILD,9,7500,15336
N1000_K95_UNIFORM_MILLION,1000,950,95,950000000,FENWICK,BUILD,10,7500,15336
N1000_K95_UNIFORM_MILLION,1000,950,95,950000000,FENWICK,BUILD,11,7900,15336
N1000_K95_UNIFORM_MILLION,1000,950,95,950000000,FENWICK,BUILD,12,8200,15336
N1000_K95_UNIFORM_MILLION,1000,950,95,950000000,FENWICK,BUILD,13,7700,15336
N1000_K95_UNIFORM_MILLION,1000,950,95,950000000,FENWICK,BUILD,14,7600,15336
N1000_K95_UNIFORM_MILLION,1000,950,95,950000000,FENWICK,BUILD,15,7800,15336
N1000_K95_UNIFORM_MILLION,1000,950,95,950000000,FENWICK,BUILD,16,7700,15336
N1000_K95_UNIFORM_MILLION,1000,950,95,950000000,FENWICK,BUILD,17,7700,15336
N1000_K95_UNIFORM_MILLION,1000,950,95,950000000,FENWICK,BUILD,18,7900,15336
N1000_K95_UNIFORM_MILLION,1000,950,95,950000000,FENWICK,BUILD,19,7900,15336
N1000_K95_UNIFORM_MILLION,1000,950,95,950000000,FENWICK,SELECT,0,30400,17568
N1000_K95_UNIFORM_MILLION,1000,950,95,950000000,FENWICK,SELECT,1,31299,17568
N1000_K95_UNIFORM_MILLION,1000,950,95,950000000,FENWICK,SELECT,2,31400,17568
N1000_K95_UNIFORM_MILLION,1000,950,95,950000000,FENWICK,SELECT,3,33401,17568
N1000_K95_UNIFORM_MILLION,1000,950,95,950000000,FENWICK,SELECT,4,32100,17568
N1000_K95_UNIFORM_MILLION,1000,950,95,950000000,FENWICK,SELECT,5,38200,17568
N1000_K95_UNIFORM_MILLION,1000,950,95,950000000,FENWICK,SELECT,6,35200,17568
N1000_K95_UNIFORM_MILLION,1000,950,95,950000000,FENWICK,SELECT,7,32300,17568
N1000_K95_UNIFORM_MILLION,1000,950,95,950000000,FENWICK,SELECT,8,42499,17568
N1000_K95_UNIFORM_MILLION,1000,950,95,950000000,FENWICK,SELECT,9,48399,17568
N1000_K95_UNIFORM_MILLION,1000,950,95,950000000,FENWICK,SELECT,10,47400,17568
N1000_K95_UNIFORM_MILLION,1000,950,95,950000000,FENWICK,SELECT,11,33501,17568
N1000_K95_UNIFORM_MILLION,1000,950,95,950000000,FENWICK,SELECT,12,31100,17568
N1000_K95_UNIFORM_MILLION,1000,950,95,950000000,FENWICK,SELECT,13,36599,17568
N1000_K95_UNIFORM_MILLION,1000,950,95,950000000,FENWICK,SELECT,14,31901,17568
N1000_K95_UNIFORM_MILLION,1000,950,95,950000000,FENWICK,SELECT,15,31500,17568
N1000_K95_UNIFORM_MILLION,1000,950,95,950000000,FENWICK,SELECT,16,31900,17568
N1000_K95_UNIFORM_MILLION,1000,950,95,950000000,FENWICK,SELECT,17,44100,17568
N1000_K95_UNIFORM_MILLION,1000,950,95,950000000,FENWICK,SELECT,18,37400,17568
N1000_K95_UNIFORM_MILLION,1000,950,95,950000000,FENWICK,SELECT,19,34900,17568
N1000_K95_UNIFORM_MILLION,1000,950,95,950000000,FENWICK,TOTAL,0,246499,102608
N1000_K95_UNIFORM_MILLION,1000,950,95,950000000,FENWICK,TOTAL,1,249700,102608
N1000_K95_UNIFORM_MILLION,1000,950,95,950000000,FENWICK,TOTAL,2,247499,102608
N1000_K95_UNIFORM_MILLION,1000,950,95,950000000,FENWICK,TOTAL,3,246500,102608
N1000_K95_UNIFORM_MILLION,1000,950,95,950000000,FENWICK,TOTAL,4,267200,102608
N1000_K95_UNIFORM_MILLION,1000,950,95,950000000,FENWICK,TOTAL,5,248700,102608
N1000_K95_UNIFORM_MILLION,1000,950,95,950000000,FENWICK,TOTAL,6,247001,102608
N1000_K95_UNIFORM_MILLION,1000,950,95,950000000,FENWICK,TOTAL,7,258700,102608
N1000_K95_UNIFORM_MILLION,1000,950,95,950000000,FENWICK,TOTAL,8,247000,102608
N1000_K95_UNIFORM_MILLION,1000,950,95,950000000,FENWICK,TOTAL,9,248800,102608
N1000_K95_UNIFORM_MILLION,1000,950,95,950000000,FENWICK,TOTAL,10,250399,102608
N1000_K95_UNIFORM_MILLION,1000,950,95,950000000,FENWICK,TOTAL,11,247499,102608
N1000_K95_UNIFORM_MILLION,1000,950,95,950000000,FENWICK,TOTAL,12,247599,102608
N1000_K95_UNIFORM_MILLION,1000,950,95,950000000,FENWICK,TOTAL,13,246699,102608
N1000_K95_UNIFORM_MILLION,1000,950,95,950000000,FENWICK,TOTAL,14,254600,102608
N1000_K95_UNIFORM_MILLION,1000,950,95,950000000,FENWICK,TOTAL,15,260200,102608
N1000_K95_UNIFORM_MILLION,1000,950,95,950000000,FENWICK,TOTAL,16,324400,102608
N1000_K95_UNIFORM_MILLION,1000,950,95,950000000,FENWICK,TOTAL,17,252300,102608
N1000_K95_UNIFORM_MILLION,1000,950,95,950000000,FENWICK,TOTAL,18,248400,102608
N1000_K95_UNIFORM_MILLION,1000,950,95,950000000,FENWICK,TOTAL,19,249600,102608
N10000_K1_UNIFORM_1,10000,9500,1,9500,TICKET_ARRAY,NORMALIZE,0,6218700,689264
N10000_K1_UNIFORM_1,10000,9500,1,9500,TICKET_ARRAY,NORMALIZE,1,4541801,689264
N10000_K1_UNIFORM_1,10000,9500,1,9500,TICKET_ARRAY,NORMALIZE,2,4380400,689264
N10000_K1_UNIFORM_1,10000,9500,1,9500,TICKET_ARRAY,NORMALIZE,3,4425900,689264
N10000_K1_UNIFORM_1,10000,9500,1,9500,TICKET_ARRAY,NORMALIZE,4,4346201,689264
N10000_K1_UNIFORM_1,10000,9500,1,9500,TICKET_ARRAY,NORMALIZE,5,4434900,689264
N10000_K1_UNIFORM_1,10000,9500,1,9500,TICKET_ARRAY,NORMALIZE,6,4329101,689264
N10000_K1_UNIFORM_1,10000,9500,1,9500,TICKET_ARRAY,NORMALIZE,7,3944100,689264
N10000_K1_UNIFORM_1,10000,9500,1,9500,TICKET_ARRAY,NORMALIZE,8,3830300,689264
N10000_K1_UNIFORM_1,10000,9500,1,9500,TICKET_ARRAY,NORMALIZE,9,3601900,689264
N10000_K1_UNIFORM_1,10000,9500,1,9500,TICKET_ARRAY,NORMALIZE,10,4109200,689264
N10000_K1_UNIFORM_1,10000,9500,1,9500,TICKET_ARRAY,NORMALIZE,11,3622900,689264
N10000_K1_UNIFORM_1,10000,9500,1,9500,TICKET_ARRAY,NORMALIZE,12,3582800,689264
N10000_K1_UNIFORM_1,10000,9500,1,9500,TICKET_ARRAY,NORMALIZE,13,3630300,689264
N10000_K1_UNIFORM_1,10000,9500,1,9500,TICKET_ARRAY,NORMALIZE,14,3742599,689264
N10000_K1_UNIFORM_1,10000,9500,1,9500,TICKET_ARRAY,NORMALIZE,15,3644400,689264
N10000_K1_UNIFORM_1,10000,9500,1,9500,TICKET_ARRAY,NORMALIZE,16,3617900,689264
N10000_K1_UNIFORM_1,10000,9500,1,9500,TICKET_ARRAY,NORMALIZE,17,3697700,689264
N10000_K1_UNIFORM_1,10000,9500,1,9500,TICKET_ARRAY,NORMALIZE,18,3760900,689264
N10000_K1_UNIFORM_1,10000,9500,1,9500,TICKET_ARRAY,NORMALIZE,19,3663100,689264
N10000_K1_UNIFORM_1,10000,9500,1,9500,TICKET_ARRAY,BUILD,0,114500,38040
N10000_K1_UNIFORM_1,10000,9500,1,9500,TICKET_ARRAY,BUILD,1,77299,38040
N10000_K1_UNIFORM_1,10000,9500,1,9500,TICKET_ARRAY,BUILD,2,79201,38040
N10000_K1_UNIFORM_1,10000,9500,1,9500,TICKET_ARRAY,BUILD,3,79400,38040
N10000_K1_UNIFORM_1,10000,9500,1,9500,TICKET_ARRAY,BUILD,4,81901,38040
N10000_K1_UNIFORM_1,10000,9500,1,9500,TICKET_ARRAY,BUILD,5,80001,38040
N10000_K1_UNIFORM_1,10000,9500,1,9500,TICKET_ARRAY,BUILD,6,79101,38040
N10000_K1_UNIFORM_1,10000,9500,1,9500,TICKET_ARRAY,BUILD,7,126800,38040
N10000_K1_UNIFORM_1,10000,9500,1,9500,TICKET_ARRAY,BUILD,8,76200,38040
N10000_K1_UNIFORM_1,10000,9500,1,9500,TICKET_ARRAY,BUILD,9,90101,38040
N10000_K1_UNIFORM_1,10000,9500,1,9500,TICKET_ARRAY,BUILD,10,77601,38040
N10000_K1_UNIFORM_1,10000,9500,1,9500,TICKET_ARRAY,BUILD,11,81599,38040
N10000_K1_UNIFORM_1,10000,9500,1,9500,TICKET_ARRAY,BUILD,12,81300,38040
N10000_K1_UNIFORM_1,10000,9500,1,9500,TICKET_ARRAY,BUILD,13,133700,38040
N10000_K1_UNIFORM_1,10000,9500,1,9500,TICKET_ARRAY,BUILD,14,80601,38040
N10000_K1_UNIFORM_1,10000,9500,1,9500,TICKET_ARRAY,BUILD,15,79301,38040
N10000_K1_UNIFORM_1,10000,9500,1,9500,TICKET_ARRAY,BUILD,16,161100,38040
N10000_K1_UNIFORM_1,10000,9500,1,9500,TICKET_ARRAY,BUILD,17,80800,38040
N10000_K1_UNIFORM_1,10000,9500,1,9500,TICKET_ARRAY,BUILD,18,80400,38040
N10000_K1_UNIFORM_1,10000,9500,1,9500,TICKET_ARRAY,BUILD,19,77900,38040
N10000_K1_UNIFORM_1,10000,9500,1,9500,TICKET_ARRAY,SELECT,0,24700,1592
N10000_K1_UNIFORM_1,10000,9500,1,9500,TICKET_ARRAY,SELECT,1,28101,1592
N10000_K1_UNIFORM_1,10000,9500,1,9500,TICKET_ARRAY,SELECT,2,17400,1592
N10000_K1_UNIFORM_1,10000,9500,1,9500,TICKET_ARRAY,SELECT,3,18101,1592
N10000_K1_UNIFORM_1,10000,9500,1,9500,TICKET_ARRAY,SELECT,4,20899,1592
N10000_K1_UNIFORM_1,10000,9500,1,9500,TICKET_ARRAY,SELECT,5,17901,1592
N10000_K1_UNIFORM_1,10000,9500,1,9500,TICKET_ARRAY,SELECT,6,42201,1592
N10000_K1_UNIFORM_1,10000,9500,1,9500,TICKET_ARRAY,SELECT,7,31700,1592
N10000_K1_UNIFORM_1,10000,9500,1,9500,TICKET_ARRAY,SELECT,8,23100,1592
N10000_K1_UNIFORM_1,10000,9500,1,9500,TICKET_ARRAY,SELECT,9,20801,1592
N10000_K1_UNIFORM_1,10000,9500,1,9500,TICKET_ARRAY,SELECT,10,17701,1592
N10000_K1_UNIFORM_1,10000,9500,1,9500,TICKET_ARRAY,SELECT,11,17801,1592
N10000_K1_UNIFORM_1,10000,9500,1,9500,TICKET_ARRAY,SELECT,12,22900,1592
N10000_K1_UNIFORM_1,10000,9500,1,9500,TICKET_ARRAY,SELECT,13,34800,1592
N10000_K1_UNIFORM_1,10000,9500,1,9500,TICKET_ARRAY,SELECT,14,62000,1592
N10000_K1_UNIFORM_1,10000,9500,1,9500,TICKET_ARRAY,SELECT,15,55000,1592
N10000_K1_UNIFORM_1,10000,9500,1,9500,TICKET_ARRAY,SELECT,16,61200,1592
N10000_K1_UNIFORM_1,10000,9500,1,9500,TICKET_ARRAY,SELECT,17,51501,1592
N10000_K1_UNIFORM_1,10000,9500,1,9500,TICKET_ARRAY,SELECT,18,73301,1592
N10000_K1_UNIFORM_1,10000,9500,1,9500,TICKET_ARRAY,SELECT,19,81900,1592
N10000_K1_UNIFORM_1,10000,9500,1,9500,TICKET_ARRAY,TOTAL,0,5924200,728896
N10000_K1_UNIFORM_1,10000,9500,1,9500,TICKET_ARRAY,TOTAL,1,6067300,728896
N10000_K1_UNIFORM_1,10000,9500,1,9500,TICKET_ARRAY,TOTAL,2,5920699,728896
N10000_K1_UNIFORM_1,10000,9500,1,9500,TICKET_ARRAY,TOTAL,3,5999700,728896
N10000_K1_UNIFORM_1,10000,9500,1,9500,TICKET_ARRAY,TOTAL,4,5247000,728896
N10000_K1_UNIFORM_1,10000,9500,1,9500,TICKET_ARRAY,TOTAL,5,5286499,728896
N10000_K1_UNIFORM_1,10000,9500,1,9500,TICKET_ARRAY,TOTAL,6,6034901,728896
N10000_K1_UNIFORM_1,10000,9500,1,9500,TICKET_ARRAY,TOTAL,7,5517200,728896
N10000_K1_UNIFORM_1,10000,9500,1,9500,TICKET_ARRAY,TOTAL,8,5648800,728896
N10000_K1_UNIFORM_1,10000,9500,1,9500,TICKET_ARRAY,TOTAL,9,5158099,728896
N10000_K1_UNIFORM_1,10000,9500,1,9500,TICKET_ARRAY,TOTAL,10,5977400,728896
N10000_K1_UNIFORM_1,10000,9500,1,9500,TICKET_ARRAY,TOTAL,11,5718900,728896
N10000_K1_UNIFORM_1,10000,9500,1,9500,TICKET_ARRAY,TOTAL,12,5512600,728896
N10000_K1_UNIFORM_1,10000,9500,1,9500,TICKET_ARRAY,TOTAL,13,5916000,728896
N10000_K1_UNIFORM_1,10000,9500,1,9500,TICKET_ARRAY,TOTAL,14,5630601,728896
N10000_K1_UNIFORM_1,10000,9500,1,9500,TICKET_ARRAY,TOTAL,15,5009699,728896
N10000_K1_UNIFORM_1,10000,9500,1,9500,TICKET_ARRAY,TOTAL,16,3747501,728896
N10000_K1_UNIFORM_1,10000,9500,1,9500,TICKET_ARRAY,TOTAL,17,4773999,728896
N10000_K1_UNIFORM_1,10000,9500,1,9500,TICKET_ARRAY,TOTAL,18,5103800,728896
N10000_K1_UNIFORM_1,10000,9500,1,9500,TICKET_ARRAY,TOTAL,19,5375600,728896
N10000_K1_UNIFORM_1,10000,9500,1,9500,PREFIX_LINEAR,NORMALIZE,0,5531999,689264
N10000_K1_UNIFORM_1,10000,9500,1,9500,PREFIX_LINEAR,NORMALIZE,1,6175400,689264
N10000_K1_UNIFORM_1,10000,9500,1,9500,PREFIX_LINEAR,NORMALIZE,2,6120400,689264
N10000_K1_UNIFORM_1,10000,9500,1,9500,PREFIX_LINEAR,NORMALIZE,3,5630800,689264
N10000_K1_UNIFORM_1,10000,9500,1,9500,PREFIX_LINEAR,NORMALIZE,4,5389800,689264
N10000_K1_UNIFORM_1,10000,9500,1,9500,PREFIX_LINEAR,NORMALIZE,5,4701600,689264
N10000_K1_UNIFORM_1,10000,9500,1,9500,PREFIX_LINEAR,NORMALIZE,6,4198200,689264
N10000_K1_UNIFORM_1,10000,9500,1,9500,PREFIX_LINEAR,NORMALIZE,7,6192601,689264
N10000_K1_UNIFORM_1,10000,9500,1,9500,PREFIX_LINEAR,NORMALIZE,8,5640800,689264
N10000_K1_UNIFORM_1,10000,9500,1,9500,PREFIX_LINEAR,NORMALIZE,9,5578900,689264
N10000_K1_UNIFORM_1,10000,9500,1,9500,PREFIX_LINEAR,NORMALIZE,10,4774699,689264
N10000_K1_UNIFORM_1,10000,9500,1,9500,PREFIX_LINEAR,NORMALIZE,11,4121801,689264
N10000_K1_UNIFORM_1,10000,9500,1,9500,PREFIX_LINEAR,NORMALIZE,12,4163199,689264
N10000_K1_UNIFORM_1,10000,9500,1,9500,PREFIX_LINEAR,NORMALIZE,13,5282899,689264
N10000_K1_UNIFORM_1,10000,9500,1,9500,PREFIX_LINEAR,NORMALIZE,14,4948901,689264
N10000_K1_UNIFORM_1,10000,9500,1,9500,PREFIX_LINEAR,NORMALIZE,15,4646900,689264
N10000_K1_UNIFORM_1,10000,9500,1,9500,PREFIX_LINEAR,NORMALIZE,16,3766500,689264
N10000_K1_UNIFORM_1,10000,9500,1,9500,PREFIX_LINEAR,NORMALIZE,17,4157400,689264
N10000_K1_UNIFORM_1,10000,9500,1,9500,PREFIX_LINEAR,NORMALIZE,18,4374899,689264
N10000_K1_UNIFORM_1,10000,9500,1,9500,PREFIX_LINEAR,NORMALIZE,19,5893200,689264
N10000_K1_UNIFORM_1,10000,9500,1,9500,PREFIX_LINEAR,BUILD,0,48700,152064
N10000_K1_UNIFORM_1,10000,9500,1,9500,PREFIX_LINEAR,BUILD,1,43900,152064
N10000_K1_UNIFORM_1,10000,9500,1,9500,PREFIX_LINEAR,BUILD,2,51200,152064
N10000_K1_UNIFORM_1,10000,9500,1,9500,PREFIX_LINEAR,BUILD,3,52000,152064
N10000_K1_UNIFORM_1,10000,9500,1,9500,PREFIX_LINEAR,BUILD,4,50701,152064
N10000_K1_UNIFORM_1,10000,9500,1,9500,PREFIX_LINEAR,BUILD,5,49600,152064
N10000_K1_UNIFORM_1,10000,9500,1,9500,PREFIX_LINEAR,BUILD,6,62999,152064
N10000_K1_UNIFORM_1,10000,9500,1,9500,PREFIX_LINEAR,BUILD,7,50500,152064
N10000_K1_UNIFORM_1,10000,9500,1,9500,PREFIX_LINEAR,BUILD,8,51500,152064
N10000_K1_UNIFORM_1,10000,9500,1,9500,PREFIX_LINEAR,BUILD,9,62500,152064
N10000_K1_UNIFORM_1,10000,9500,1,9500,PREFIX_LINEAR,BUILD,10,33899,152064
N10000_K1_UNIFORM_1,10000,9500,1,9500,PREFIX_LINEAR,BUILD,11,61599,152064
N10000_K1_UNIFORM_1,10000,9500,1,9500,PREFIX_LINEAR,BUILD,12,121600,152064
N10000_K1_UNIFORM_1,10000,9500,1,9500,PREFIX_LINEAR,BUILD,13,51500,152064
N10000_K1_UNIFORM_1,10000,9500,1,9500,PREFIX_LINEAR,BUILD,14,34999,152064
N10000_K1_UNIFORM_1,10000,9500,1,9500,PREFIX_LINEAR,BUILD,15,54100,152064
N10000_K1_UNIFORM_1,10000,9500,1,9500,PREFIX_LINEAR,BUILD,16,136800,152064
N10000_K1_UNIFORM_1,10000,9500,1,9500,PREFIX_LINEAR,BUILD,17,49901,152064
N10000_K1_UNIFORM_1,10000,9500,1,9500,PREFIX_LINEAR,BUILD,18,50900,152064
N10000_K1_UNIFORM_1,10000,9500,1,9500,PREFIX_LINEAR,BUILD,19,58400,152064
N10000_K1_UNIFORM_1,10000,9500,1,9500,PREFIX_LINEAR,SELECT,0,52900,1592
N10000_K1_UNIFORM_1,10000,9500,1,9500,PREFIX_LINEAR,SELECT,1,35700,1592
N10000_K1_UNIFORM_1,10000,9500,1,9500,PREFIX_LINEAR,SELECT,2,50600,1592
N10000_K1_UNIFORM_1,10000,9500,1,9500,PREFIX_LINEAR,SELECT,3,59300,1592
N10000_K1_UNIFORM_1,10000,9500,1,9500,PREFIX_LINEAR,SELECT,4,27200,1592
N10000_K1_UNIFORM_1,10000,9500,1,9500,PREFIX_LINEAR,SELECT,5,18301,1592
N10000_K1_UNIFORM_1,10000,9500,1,9500,PREFIX_LINEAR,SELECT,6,46500,1592
N10000_K1_UNIFORM_1,10000,9500,1,9500,PREFIX_LINEAR,SELECT,7,35401,1592
N10000_K1_UNIFORM_1,10000,9500,1,9500,PREFIX_LINEAR,SELECT,8,51100,1592
N10000_K1_UNIFORM_1,10000,9500,1,9500,PREFIX_LINEAR,SELECT,9,43900,1592
N10000_K1_UNIFORM_1,10000,9500,1,9500,PREFIX_LINEAR,SELECT,10,85601,1592
N10000_K1_UNIFORM_1,10000,9500,1,9500,PREFIX_LINEAR,SELECT,11,47699,1592
N10000_K1_UNIFORM_1,10000,9500,1,9500,PREFIX_LINEAR,SELECT,12,51399,1592
N10000_K1_UNIFORM_1,10000,9500,1,9500,PREFIX_LINEAR,SELECT,13,46000,1592
N10000_K1_UNIFORM_1,10000,9500,1,9500,PREFIX_LINEAR,SELECT,14,56599,1592
N10000_K1_UNIFORM_1,10000,9500,1,9500,PREFIX_LINEAR,SELECT,15,59301,1592
N10000_K1_UNIFORM_1,10000,9500,1,9500,PREFIX_LINEAR,SELECT,16,35600,1592
N10000_K1_UNIFORM_1,10000,9500,1,9500,PREFIX_LINEAR,SELECT,17,42400,1592
N10000_K1_UNIFORM_1,10000,9500,1,9500,PREFIX_LINEAR,SELECT,18,46300,1592
N10000_K1_UNIFORM_1,10000,9500,1,9500,PREFIX_LINEAR,SELECT,19,32400,1592
N10000_K1_UNIFORM_1,10000,9500,1,9500,PREFIX_LINEAR,TOTAL,0,5687400,842920
N10000_K1_UNIFORM_1,10000,9500,1,9500,PREFIX_LINEAR,TOTAL,1,5121800,842920
N10000_K1_UNIFORM_1,10000,9500,1,9500,PREFIX_LINEAR,TOTAL,2,5729500,842920
N10000_K1_UNIFORM_1,10000,9500,1,9500,PREFIX_LINEAR,TOTAL,3,5902400,842920
N10000_K1_UNIFORM_1,10000,9500,1,9500,PREFIX_LINEAR,TOTAL,4,5872399,842920
N10000_K1_UNIFORM_1,10000,9500,1,9500,PREFIX_LINEAR,TOTAL,5,5850199,842920
N10000_K1_UNIFORM_1,10000,9500,1,9500,PREFIX_LINEAR,TOTAL,6,5585999,842920
N10000_K1_UNIFORM_1,10000,9500,1,9500,PREFIX_LINEAR,TOTAL,7,5795201,842920
N10000_K1_UNIFORM_1,10000,9500,1,9500,PREFIX_LINEAR,TOTAL,8,7377500,842920
N10000_K1_UNIFORM_1,10000,9500,1,9500,PREFIX_LINEAR,TOTAL,9,3804400,842920
N10000_K1_UNIFORM_1,10000,9500,1,9500,PREFIX_LINEAR,TOTAL,10,4851200,842920
N10000_K1_UNIFORM_1,10000,9500,1,9500,PREFIX_LINEAR,TOTAL,11,4213800,842920
N10000_K1_UNIFORM_1,10000,9500,1,9500,PREFIX_LINEAR,TOTAL,12,5602200,842920
N10000_K1_UNIFORM_1,10000,9500,1,9500,PREFIX_LINEAR,TOTAL,13,5892200,842920
N10000_K1_UNIFORM_1,10000,9500,1,9500,PREFIX_LINEAR,TOTAL,14,5774700,842920
N10000_K1_UNIFORM_1,10000,9500,1,9500,PREFIX_LINEAR,TOTAL,15,5884300,842920
N10000_K1_UNIFORM_1,10000,9500,1,9500,PREFIX_LINEAR,TOTAL,16,5677501,842920
N10000_K1_UNIFORM_1,10000,9500,1,9500,PREFIX_LINEAR,TOTAL,17,5642300,842920
N10000_K1_UNIFORM_1,10000,9500,1,9500,PREFIX_LINEAR,TOTAL,18,5720100,842920
N10000_K1_UNIFORM_1,10000,9500,1,9500,PREFIX_LINEAR,TOTAL,19,4949300,842920
N10000_K1_UNIFORM_1,10000,9500,1,9500,PREFIX_BINARY,NORMALIZE,0,3675200,689264
N10000_K1_UNIFORM_1,10000,9500,1,9500,PREFIX_BINARY,NORMALIZE,1,4040399,689264
N10000_K1_UNIFORM_1,10000,9500,1,9500,PREFIX_BINARY,NORMALIZE,2,5667999,689264
N10000_K1_UNIFORM_1,10000,9500,1,9500,PREFIX_BINARY,NORMALIZE,3,5484100,689264
N10000_K1_UNIFORM_1,10000,9500,1,9500,PREFIX_BINARY,NORMALIZE,4,4982900,689264
N10000_K1_UNIFORM_1,10000,9500,1,9500,PREFIX_BINARY,NORMALIZE,5,3863900,689264
N10000_K1_UNIFORM_1,10000,9500,1,9500,PREFIX_BINARY,NORMALIZE,6,3830300,689264
N10000_K1_UNIFORM_1,10000,9500,1,9500,PREFIX_BINARY,NORMALIZE,7,4702301,689264
N10000_K1_UNIFORM_1,10000,9500,1,9500,PREFIX_BINARY,NORMALIZE,8,5423200,689264
N10000_K1_UNIFORM_1,10000,9500,1,9500,PREFIX_BINARY,NORMALIZE,9,4566100,689264
N10000_K1_UNIFORM_1,10000,9500,1,9500,PREFIX_BINARY,NORMALIZE,10,4301001,689264
N10000_K1_UNIFORM_1,10000,9500,1,9500,PREFIX_BINARY,NORMALIZE,11,5785901,689264
N10000_K1_UNIFORM_1,10000,9500,1,9500,PREFIX_BINARY,NORMALIZE,12,5662801,689264
N10000_K1_UNIFORM_1,10000,9500,1,9500,PREFIX_BINARY,NORMALIZE,13,5678100,689264
N10000_K1_UNIFORM_1,10000,9500,1,9500,PREFIX_BINARY,NORMALIZE,14,5770400,689264
N10000_K1_UNIFORM_1,10000,9500,1,9500,PREFIX_BINARY,NORMALIZE,15,5246499,689264
N10000_K1_UNIFORM_1,10000,9500,1,9500,PREFIX_BINARY,NORMALIZE,16,5635300,689264
N10000_K1_UNIFORM_1,10000,9500,1,9500,PREFIX_BINARY,NORMALIZE,17,5585300,689264
N10000_K1_UNIFORM_1,10000,9500,1,9500,PREFIX_BINARY,NORMALIZE,18,5555599,689264
N10000_K1_UNIFORM_1,10000,9500,1,9500,PREFIX_BINARY,NORMALIZE,19,4963900,689264
N10000_K1_UNIFORM_1,10000,9500,1,9500,PREFIX_BINARY,BUILD,0,58900,152064
N10000_K1_UNIFORM_1,10000,9500,1,9500,PREFIX_BINARY,BUILD,1,51700,152064
N10000_K1_UNIFORM_1,10000,9500,1,9500,PREFIX_BINARY,BUILD,2,40199,152064
N10000_K1_UNIFORM_1,10000,9500,1,9500,PREFIX_BINARY,BUILD,3,53600,152064
N10000_K1_UNIFORM_1,10000,9500,1,9500,PREFIX_BINARY,BUILD,4,66500,152064
N10000_K1_UNIFORM_1,10000,9500,1,9500,PREFIX_BINARY,BUILD,5,90500,152064
N10000_K1_UNIFORM_1,10000,9500,1,9500,PREFIX_BINARY,BUILD,6,51800,152064
N10000_K1_UNIFORM_1,10000,9500,1,9500,PREFIX_BINARY,BUILD,7,57500,152064
N10000_K1_UNIFORM_1,10000,9500,1,9500,PREFIX_BINARY,BUILD,8,49899,152064
N10000_K1_UNIFORM_1,10000,9500,1,9500,PREFIX_BINARY,BUILD,9,60200,152064
N10000_K1_UNIFORM_1,10000,9500,1,9500,PREFIX_BINARY,BUILD,10,50100,152064
N10000_K1_UNIFORM_1,10000,9500,1,9500,PREFIX_BINARY,BUILD,11,51300,152064
N10000_K1_UNIFORM_1,10000,9500,1,9500,PREFIX_BINARY,BUILD,12,40200,152064
N10000_K1_UNIFORM_1,10000,9500,1,9500,PREFIX_BINARY,BUILD,13,33800,152064
N10000_K1_UNIFORM_1,10000,9500,1,9500,PREFIX_BINARY,BUILD,14,89101,152064
N10000_K1_UNIFORM_1,10000,9500,1,9500,PREFIX_BINARY,BUILD,15,59700,152064
N10000_K1_UNIFORM_1,10000,9500,1,9500,PREFIX_BINARY,BUILD,16,58600,152064
N10000_K1_UNIFORM_1,10000,9500,1,9500,PREFIX_BINARY,BUILD,17,54700,152064
N10000_K1_UNIFORM_1,10000,9500,1,9500,PREFIX_BINARY,BUILD,18,50700,152064
N10000_K1_UNIFORM_1,10000,9500,1,9500,PREFIX_BINARY,BUILD,19,54900,152064
N10000_K1_UNIFORM_1,10000,9500,1,9500,PREFIX_BINARY,SELECT,0,52101,1592
N10000_K1_UNIFORM_1,10000,9500,1,9500,PREFIX_BINARY,SELECT,1,43200,1592
N10000_K1_UNIFORM_1,10000,9500,1,9500,PREFIX_BINARY,SELECT,2,47201,1592
N10000_K1_UNIFORM_1,10000,9500,1,9500,PREFIX_BINARY,SELECT,3,56000,1592
N10000_K1_UNIFORM_1,10000,9500,1,9500,PREFIX_BINARY,SELECT,4,45800,1592
N10000_K1_UNIFORM_1,10000,9500,1,9500,PREFIX_BINARY,SELECT,5,52700,1592
N10000_K1_UNIFORM_1,10000,9500,1,9500,PREFIX_BINARY,SELECT,6,40000,1592
N10000_K1_UNIFORM_1,10000,9500,1,9500,PREFIX_BINARY,SELECT,7,74000,1592
N10000_K1_UNIFORM_1,10000,9500,1,9500,PREFIX_BINARY,SELECT,8,52800,1592
N10000_K1_UNIFORM_1,10000,9500,1,9500,PREFIX_BINARY,SELECT,9,51500,1592
N10000_K1_UNIFORM_1,10000,9500,1,9500,PREFIX_BINARY,SELECT,10,60700,1592
N10000_K1_UNIFORM_1,10000,9500,1,9500,PREFIX_BINARY,SELECT,11,43401,1592
N10000_K1_UNIFORM_1,10000,9500,1,9500,PREFIX_BINARY,SELECT,12,47300,1592
N10000_K1_UNIFORM_1,10000,9500,1,9500,PREFIX_BINARY,SELECT,13,48901,1592
N10000_K1_UNIFORM_1,10000,9500,1,9500,PREFIX_BINARY,SELECT,14,46199,1592
N10000_K1_UNIFORM_1,10000,9500,1,9500,PREFIX_BINARY,SELECT,15,50100,1592
N10000_K1_UNIFORM_1,10000,9500,1,9500,PREFIX_BINARY,SELECT,16,45400,1592
N10000_K1_UNIFORM_1,10000,9500,1,9500,PREFIX_BINARY,SELECT,17,54000,1592
N10000_K1_UNIFORM_1,10000,9500,1,9500,PREFIX_BINARY,SELECT,18,37200,1592
N10000_K1_UNIFORM_1,10000,9500,1,9500,PREFIX_BINARY,SELECT,19,31100,1592
N10000_K1_UNIFORM_1,10000,9500,1,9500,PREFIX_BINARY,TOTAL,0,3751099,842920
N10000_K1_UNIFORM_1,10000,9500,1,9500,PREFIX_BINARY,TOTAL,1,4239200,842920
N10000_K1_UNIFORM_1,10000,9500,1,9500,PREFIX_BINARY,TOTAL,2,5594100,842920
N10000_K1_UNIFORM_1,10000,9500,1,9500,PREFIX_BINARY,TOTAL,3,5810100,842920
N10000_K1_UNIFORM_1,10000,9500,1,9500,PREFIX_BINARY,TOTAL,4,5620601,842920
N10000_K1_UNIFORM_1,10000,9500,1,9500,PREFIX_BINARY,TOTAL,5,5347201,842920
N10000_K1_UNIFORM_1,10000,9500,1,9500,PREFIX_BINARY,TOTAL,6,5537600,842920
N10000_K1_UNIFORM_1,10000,9500,1,9500,PREFIX_BINARY,TOTAL,7,5827799,842920
N10000_K1_UNIFORM_1,10000,9500,1,9500,PREFIX_BINARY,TOTAL,8,5612601,842920
N10000_K1_UNIFORM_1,10000,9500,1,9500,PREFIX_BINARY,TOTAL,9,5585001,842920
N10000_K1_UNIFORM_1,10000,9500,1,9500,PREFIX_BINARY,TOTAL,10,3939101,842920
N10000_K1_UNIFORM_1,10000,9500,1,9500,PREFIX_BINARY,TOTAL,11,5316600,842920
N10000_K1_UNIFORM_1,10000,9500,1,9500,PREFIX_BINARY,TOTAL,12,5720199,842920
N10000_K1_UNIFORM_1,10000,9500,1,9500,PREFIX_BINARY,TOTAL,13,5800200,842920
N10000_K1_UNIFORM_1,10000,9500,1,9500,PREFIX_BINARY,TOTAL,14,5761701,842920
N10000_K1_UNIFORM_1,10000,9500,1,9500,PREFIX_BINARY,TOTAL,15,5486701,842920
N10000_K1_UNIFORM_1,10000,9500,1,9500,PREFIX_BINARY,TOTAL,16,4344900,842920
N10000_K1_UNIFORM_1,10000,9500,1,9500,PREFIX_BINARY,TOTAL,17,5633600,842920
N10000_K1_UNIFORM_1,10000,9500,1,9500,PREFIX_BINARY,TOTAL,18,5568699,842920
N10000_K1_UNIFORM_1,10000,9500,1,9500,PREFIX_BINARY,TOTAL,19,5606299,842920
N10000_K1_UNIFORM_1,10000,9500,1,9500,FENWICK,NORMALIZE,0,5389200,689264
N10000_K1_UNIFORM_1,10000,9500,1,9500,FENWICK,NORMALIZE,1,5783399,689264
N10000_K1_UNIFORM_1,10000,9500,1,9500,FENWICK,NORMALIZE,2,4860799,689264
N10000_K1_UNIFORM_1,10000,9500,1,9500,FENWICK,NORMALIZE,3,5110599,689264
N10000_K1_UNIFORM_1,10000,9500,1,9500,FENWICK,NORMALIZE,4,5617500,689264
N10000_K1_UNIFORM_1,10000,9500,1,9500,FENWICK,NORMALIZE,5,4618299,689264
N10000_K1_UNIFORM_1,10000,9500,1,9500,FENWICK,NORMALIZE,6,4931200,689264
N10000_K1_UNIFORM_1,10000,9500,1,9500,FENWICK,NORMALIZE,7,5580600,689264
N10000_K1_UNIFORM_1,10000,9500,1,9500,FENWICK,NORMALIZE,8,4940500,689264
N10000_K1_UNIFORM_1,10000,9500,1,9500,FENWICK,NORMALIZE,9,5774000,689264
N10000_K1_UNIFORM_1,10000,9500,1,9500,FENWICK,NORMALIZE,10,4812601,689264
N10000_K1_UNIFORM_1,10000,9500,1,9500,FENWICK,NORMALIZE,11,5571800,689264
N10000_K1_UNIFORM_1,10000,9500,1,9500,FENWICK,NORMALIZE,12,5635400,689264
N10000_K1_UNIFORM_1,10000,9500,1,9500,FENWICK,NORMALIZE,13,5360099,689264
N10000_K1_UNIFORM_1,10000,9500,1,9500,FENWICK,NORMALIZE,14,5088300,689264
N10000_K1_UNIFORM_1,10000,9500,1,9500,FENWICK,NORMALIZE,15,5566200,689264
N10000_K1_UNIFORM_1,10000,9500,1,9500,FENWICK,NORMALIZE,16,5707301,689264
N10000_K1_UNIFORM_1,10000,9500,1,9500,FENWICK,NORMALIZE,17,5071401,689264
N10000_K1_UNIFORM_1,10000,9500,1,9500,FENWICK,NORMALIZE,18,4431600,689264
N10000_K1_UNIFORM_1,10000,9500,1,9500,FENWICK,NORMALIZE,19,4080001,689264
N10000_K1_UNIFORM_1,10000,9500,1,9500,FENWICK,BUILD,0,151800,152136
N10000_K1_UNIFORM_1,10000,9500,1,9500,FENWICK,BUILD,1,152000,152136
N10000_K1_UNIFORM_1,10000,9500,1,9500,FENWICK,BUILD,2,213500,152136
N10000_K1_UNIFORM_1,10000,9500,1,9500,FENWICK,BUILD,3,155200,152136
N10000_K1_UNIFORM_1,10000,9500,1,9500,FENWICK,BUILD,4,157300,152136
N10000_K1_UNIFORM_1,10000,9500,1,9500,FENWICK,BUILD,5,154200,152136
N10000_K1_UNIFORM_1,10000,9500,1,9500,FENWICK,BUILD,6,151600,152136
N10000_K1_UNIFORM_1,10000,9500,1,9500,FENWICK,BUILD,7,180601,152136
N10000_K1_UNIFORM_1,10000,9500,1,9500,FENWICK,BUILD,8,159700,152136
N10000_K1_UNIFORM_1,10000,9500,1,9500,FENWICK,BUILD,9,154900,152136
N10000_K1_UNIFORM_1,10000,9500,1,9500,FENWICK,BUILD,10,161900,152136
N10000_K1_UNIFORM_1,10000,9500,1,9500,FENWICK,BUILD,11,89401,152136
N10000_K1_UNIFORM_1,10000,9500,1,9500,FENWICK,BUILD,12,105499,152136
N10000_K1_UNIFORM_1,10000,9500,1,9500,FENWICK,BUILD,13,148501,152136
N10000_K1_UNIFORM_1,10000,9500,1,9500,FENWICK,BUILD,14,88900,152136
N10000_K1_UNIFORM_1,10000,9500,1,9500,FENWICK,BUILD,15,205401,152136
N10000_K1_UNIFORM_1,10000,9500,1,9500,FENWICK,BUILD,16,152900,152136
N10000_K1_UNIFORM_1,10000,9500,1,9500,FENWICK,BUILD,17,131300,152136
N10000_K1_UNIFORM_1,10000,9500,1,9500,FENWICK,BUILD,18,182099,152136
N10000_K1_UNIFORM_1,10000,9500,1,9500,FENWICK,BUILD,19,150600,152136
N10000_K1_UNIFORM_1,10000,9500,1,9500,FENWICK,SELECT,0,36699,1592
N10000_K1_UNIFORM_1,10000,9500,1,9500,FENWICK,SELECT,1,58100,1592
N10000_K1_UNIFORM_1,10000,9500,1,9500,FENWICK,SELECT,2,45300,1592
N10000_K1_UNIFORM_1,10000,9500,1,9500,FENWICK,SELECT,3,50801,1592
N10000_K1_UNIFORM_1,10000,9500,1,9500,FENWICK,SELECT,4,42801,1592
N10000_K1_UNIFORM_1,10000,9500,1,9500,FENWICK,SELECT,5,47301,1592
N10000_K1_UNIFORM_1,10000,9500,1,9500,FENWICK,SELECT,6,62101,1592
N10000_K1_UNIFORM_1,10000,9500,1,9500,FENWICK,SELECT,7,41101,1592
N10000_K1_UNIFORM_1,10000,9500,1,9500,FENWICK,SELECT,8,49999,1592
N10000_K1_UNIFORM_1,10000,9500,1,9500,FENWICK,SELECT,9,41999,1592
N10000_K1_UNIFORM_1,10000,9500,1,9500,FENWICK,SELECT,10,53400,1592
N10000_K1_UNIFORM_1,10000,9500,1,9500,FENWICK,SELECT,11,63100,1592
N10000_K1_UNIFORM_1,10000,9500,1,9500,FENWICK,SELECT,12,40000,1592
N10000_K1_UNIFORM_1,10000,9500,1,9500,FENWICK,SELECT,13,56700,1592
N10000_K1_UNIFORM_1,10000,9500,1,9500,FENWICK,SELECT,14,43300,1592
N10000_K1_UNIFORM_1,10000,9500,1,9500,FENWICK,SELECT,15,55000,1592
N10000_K1_UNIFORM_1,10000,9500,1,9500,FENWICK,SELECT,16,82700,1592
N10000_K1_UNIFORM_1,10000,9500,1,9500,FENWICK,SELECT,17,35499,1592
N10000_K1_UNIFORM_1,10000,9500,1,9500,FENWICK,SELECT,18,46200,1592
N10000_K1_UNIFORM_1,10000,9500,1,9500,FENWICK,SELECT,19,43701,1592
N10000_K1_UNIFORM_1,10000,9500,1,9500,FENWICK,TOTAL,0,5675500,842992
N10000_K1_UNIFORM_1,10000,9500,1,9500,FENWICK,TOTAL,1,5810800,842992
N10000_K1_UNIFORM_1,10000,9500,1,9500,FENWICK,TOTAL,2,5753500,842992
N10000_K1_UNIFORM_1,10000,9500,1,9500,FENWICK,TOTAL,3,5778400,842992
N10000_K1_UNIFORM_1,10000,9500,1,9500,FENWICK,TOTAL,4,5775799,842992
N10000_K1_UNIFORM_1,10000,9500,1,9500,FENWICK,TOTAL,5,5812401,842992
N10000_K1_UNIFORM_1,10000,9500,1,9500,FENWICK,TOTAL,6,5754601,842992
N10000_K1_UNIFORM_1,10000,9500,1,9500,FENWICK,TOTAL,7,5790400,842992
N10000_K1_UNIFORM_1,10000,9500,1,9500,FENWICK,TOTAL,8,4365200,842992
N10000_K1_UNIFORM_1,10000,9500,1,9500,FENWICK,TOTAL,9,3862099,842992
N10000_K1_UNIFORM_1,10000,9500,1,9500,FENWICK,TOTAL,10,5699899,842992
N10000_K1_UNIFORM_1,10000,9500,1,9500,FENWICK,TOTAL,11,5746600,842992
N10000_K1_UNIFORM_1,10000,9500,1,9500,FENWICK,TOTAL,12,5725500,842992
N10000_K1_UNIFORM_1,10000,9500,1,9500,FENWICK,TOTAL,13,5874799,842992
N10000_K1_UNIFORM_1,10000,9500,1,9500,FENWICK,TOTAL,14,5762301,842992
N10000_K1_UNIFORM_1,10000,9500,1,9500,FENWICK,TOTAL,15,5713201,842992
N10000_K1_UNIFORM_1,10000,9500,1,9500,FENWICK,TOTAL,16,5020201,842992
N10000_K1_UNIFORM_1,10000,9500,1,9500,FENWICK,TOTAL,17,5699399,842992
N10000_K1_UNIFORM_1,10000,9500,1,9500,FENWICK,TOTAL,18,5025500,842992
N10000_K1_UNIFORM_1,10000,9500,1,9500,FENWICK,TOTAL,19,5373900,842992
N10000_K95_UNIFORM_1,10000,9500,95,9500,TICKET_ARRAY,NORMALIZE,0,5794500,689264
N10000_K95_UNIFORM_1,10000,9500,95,9500,TICKET_ARRAY,NORMALIZE,1,5641700,689264
N10000_K95_UNIFORM_1,10000,9500,95,9500,TICKET_ARRAY,NORMALIZE,2,5604700,689264
N10000_K95_UNIFORM_1,10000,9500,95,9500,TICKET_ARRAY,NORMALIZE,3,5792800,689264
N10000_K95_UNIFORM_1,10000,9500,95,9500,TICKET_ARRAY,NORMALIZE,4,5725100,689264
N10000_K95_UNIFORM_1,10000,9500,95,9500,TICKET_ARRAY,NORMALIZE,5,5604300,689264
N10000_K95_UNIFORM_1,10000,9500,95,9500,TICKET_ARRAY,NORMALIZE,6,5128500,689264
N10000_K95_UNIFORM_1,10000,9500,95,9500,TICKET_ARRAY,NORMALIZE,7,4418400,689264
N10000_K95_UNIFORM_1,10000,9500,95,9500,TICKET_ARRAY,NORMALIZE,8,5517600,689264
N10000_K95_UNIFORM_1,10000,9500,95,9500,TICKET_ARRAY,NORMALIZE,9,5707600,689264
N10000_K95_UNIFORM_1,10000,9500,95,9500,TICKET_ARRAY,NORMALIZE,10,5687600,689264
N10000_K95_UNIFORM_1,10000,9500,95,9500,TICKET_ARRAY,NORMALIZE,11,5626200,689264
N10000_K95_UNIFORM_1,10000,9500,95,9500,TICKET_ARRAY,NORMALIZE,12,5738600,689264
N10000_K95_UNIFORM_1,10000,9500,95,9500,TICKET_ARRAY,NORMALIZE,13,5235500,689264
N10000_K95_UNIFORM_1,10000,9500,95,9500,TICKET_ARRAY,NORMALIZE,14,5563000,689264
N10000_K95_UNIFORM_1,10000,9500,95,9500,TICKET_ARRAY,NORMALIZE,15,5426799,689264
N10000_K95_UNIFORM_1,10000,9500,95,9500,TICKET_ARRAY,NORMALIZE,16,5130500,689264
N10000_K95_UNIFORM_1,10000,9500,95,9500,TICKET_ARRAY,NORMALIZE,17,5358300,689264
N10000_K95_UNIFORM_1,10000,9500,95,9500,TICKET_ARRAY,NORMALIZE,18,5085699,689264
N10000_K95_UNIFORM_1,10000,9500,95,9500,TICKET_ARRAY,NORMALIZE,19,4892400,689264
N10000_K95_UNIFORM_1,10000,9500,95,9500,TICKET_ARRAY,BUILD,0,135199,38040
N10000_K95_UNIFORM_1,10000,9500,95,9500,TICKET_ARRAY,BUILD,1,137700,38040
N10000_K95_UNIFORM_1,10000,9500,95,9500,TICKET_ARRAY,BUILD,2,137500,38040
N10000_K95_UNIFORM_1,10000,9500,95,9500,TICKET_ARRAY,BUILD,3,147400,38040
N10000_K95_UNIFORM_1,10000,9500,95,9500,TICKET_ARRAY,BUILD,4,132401,38040
N10000_K95_UNIFORM_1,10000,9500,95,9500,TICKET_ARRAY,BUILD,5,136300,38040
N10000_K95_UNIFORM_1,10000,9500,95,9500,TICKET_ARRAY,BUILD,6,87400,38040
N10000_K95_UNIFORM_1,10000,9500,95,9500,TICKET_ARRAY,BUILD,7,136600,38040
N10000_K95_UNIFORM_1,10000,9500,95,9500,TICKET_ARRAY,BUILD,8,138899,38040
N10000_K95_UNIFORM_1,10000,9500,95,9500,TICKET_ARRAY,BUILD,9,144900,38040
N10000_K95_UNIFORM_1,10000,9500,95,9500,TICKET_ARRAY,BUILD,10,135001,38040
N10000_K95_UNIFORM_1,10000,9500,95,9500,TICKET_ARRAY,BUILD,11,141301,38040
N10000_K95_UNIFORM_1,10000,9500,95,9500,TICKET_ARRAY,BUILD,12,88000,38040
N10000_K95_UNIFORM_1,10000,9500,95,9500,TICKET_ARRAY,BUILD,13,120299,38040
N10000_K95_UNIFORM_1,10000,9500,95,9500,TICKET_ARRAY,BUILD,14,133999,38040
N10000_K95_UNIFORM_1,10000,9500,95,9500,TICKET_ARRAY,BUILD,15,136800,38040
N10000_K95_UNIFORM_1,10000,9500,95,9500,TICKET_ARRAY,BUILD,16,138700,38040
N10000_K95_UNIFORM_1,10000,9500,95,9500,TICKET_ARRAY,BUILD,17,131200,38040
N10000_K95_UNIFORM_1,10000,9500,95,9500,TICKET_ARRAY,BUILD,18,84000,38040
N10000_K95_UNIFORM_1,10000,9500,95,9500,TICKET_ARRAY,BUILD,19,138300,38040
N10000_K95_UNIFORM_1,10000,9500,95,9500,TICKET_ARRAY,SELECT,0,1130499,17568
N10000_K95_UNIFORM_1,10000,9500,95,9500,TICKET_ARRAY,SELECT,1,767501,17568
N10000_K95_UNIFORM_1,10000,9500,95,9500,TICKET_ARRAY,SELECT,2,1101100,17568
N10000_K95_UNIFORM_1,10000,9500,95,9500,TICKET_ARRAY,SELECT,3,1133500,17568
N10000_K95_UNIFORM_1,10000,9500,95,9500,TICKET_ARRAY,SELECT,4,1146500,17568
N10000_K95_UNIFORM_1,10000,9500,95,9500,TICKET_ARRAY,SELECT,5,715201,17568
N10000_K95_UNIFORM_1,10000,9500,95,9500,TICKET_ARRAY,SELECT,6,1137899,17568
N10000_K95_UNIFORM_1,10000,9500,95,9500,TICKET_ARRAY,SELECT,7,1058801,17568
N10000_K95_UNIFORM_1,10000,9500,95,9500,TICKET_ARRAY,SELECT,8,1106799,17568
N10000_K95_UNIFORM_1,10000,9500,95,9500,TICKET_ARRAY,SELECT,9,1139600,17568
N10000_K95_UNIFORM_1,10000,9500,95,9500,TICKET_ARRAY,SELECT,10,1113299,17568
N10000_K95_UNIFORM_1,10000,9500,95,9500,TICKET_ARRAY,SELECT,11,1070100,17568
N10000_K95_UNIFORM_1,10000,9500,95,9500,TICKET_ARRAY,SELECT,12,918600,17568
N10000_K95_UNIFORM_1,10000,9500,95,9500,TICKET_ARRAY,SELECT,13,1152800,17568
N10000_K95_UNIFORM_1,10000,9500,95,9500,TICKET_ARRAY,SELECT,14,1098900,17568
N10000_K95_UNIFORM_1,10000,9500,95,9500,TICKET_ARRAY,SELECT,15,1091601,17568
N10000_K95_UNIFORM_1,10000,9500,95,9500,TICKET_ARRAY,SELECT,16,1106201,17568
N10000_K95_UNIFORM_1,10000,9500,95,9500,TICKET_ARRAY,SELECT,17,1074399,17568
N10000_K95_UNIFORM_1,10000,9500,95,9500,TICKET_ARRAY,SELECT,18,593000,17568
N10000_K95_UNIFORM_1,10000,9500,95,9500,TICKET_ARRAY,SELECT,19,1475700,17568
N10000_K95_UNIFORM_1,10000,9500,95,9500,TICKET_ARRAY,TOTAL,0,6451000,744872
N10000_K95_UNIFORM_1,10000,9500,95,9500,TICKET_ARRAY,TOTAL,1,6787200,744872
N10000_K95_UNIFORM_1,10000,9500,95,9500,TICKET_ARRAY,TOTAL,2,7000400,744872
N10000_K95_UNIFORM_1,10000,9500,95,9500,TICKET_ARRAY,TOTAL,3,5997399,744872
N10000_K95_UNIFORM_1,10000,9500,95,9500,TICKET_ARRAY,TOTAL,4,6615001,744872
N10000_K95_UNIFORM_1,10000,9500,95,9500,TICKET_ARRAY,TOTAL,5,6910700,744872
N10000_K95_UNIFORM_1,10000,9500,95,9500,TICKET_ARRAY,TOTAL,6,5931700,744872
N10000_K95_UNIFORM_1,10000,9500,95,9500,TICKET_ARRAY,TOTAL,7,4999000,744872
N10000_K95_UNIFORM_1,10000,9500,95,9500,TICKET_ARRAY,TOTAL,8,5406200,744872
N10000_K95_UNIFORM_1,10000,9500,95,9500,TICKET_ARRAY,TOTAL,9,6501200,744872
N10000_K95_UNIFORM_1,10000,9500,95,9500,TICKET_ARRAY,TOTAL,10,6899500,744872
N10000_K95_UNIFORM_1,10000,9500,95,9500,TICKET_ARRAY,TOTAL,11,6893100,744872
N10000_K95_UNIFORM_1,10000,9500,95,9500,TICKET_ARRAY,TOTAL,12,4554599,744872
N10000_K95_UNIFORM_1,10000,9500,95,9500,TICKET_ARRAY,TOTAL,13,6182800,744872
N10000_K95_UNIFORM_1,10000,9500,95,9500,TICKET_ARRAY,TOTAL,14,5917900,744872
N10000_K95_UNIFORM_1,10000,9500,95,9500,TICKET_ARRAY,TOTAL,15,6216401,744872
N10000_K95_UNIFORM_1,10000,9500,95,9500,TICKET_ARRAY,TOTAL,16,7026500,744872
N10000_K95_UNIFORM_1,10000,9500,95,9500,TICKET_ARRAY,TOTAL,17,7103800,744872
N10000_K95_UNIFORM_1,10000,9500,95,9500,TICKET_ARRAY,TOTAL,18,6787600,744872
N10000_K95_UNIFORM_1,10000,9500,95,9500,TICKET_ARRAY,TOTAL,19,5907501,744872
N10000_K95_UNIFORM_1,10000,9500,95,9500,PREFIX_LINEAR,NORMALIZE,0,5669799,689264
N10000_K95_UNIFORM_1,10000,9500,95,9500,PREFIX_LINEAR,NORMALIZE,1,5766400,689264
N10000_K95_UNIFORM_1,10000,9500,95,9500,PREFIX_LINEAR,NORMALIZE,2,5838700,689264
N10000_K95_UNIFORM_1,10000,9500,95,9500,PREFIX_LINEAR,NORMALIZE,3,5487900,689264
N10000_K95_UNIFORM_1,10000,9500,95,9500,PREFIX_LINEAR,NORMALIZE,4,5580800,689264
N10000_K95_UNIFORM_1,10000,9500,95,9500,PREFIX_LINEAR,NORMALIZE,5,4680401,689264
N10000_K95_UNIFORM_1,10000,9500,95,9500,PREFIX_LINEAR,NORMALIZE,6,4812199,689264
N10000_K95_UNIFORM_1,10000,9500,95,9500,PREFIX_LINEAR,NORMALIZE,7,5630700,689264
N10000_K95_UNIFORM_1,10000,9500,95,9500,PREFIX_LINEAR,NORMALIZE,8,5223100,689264
N10000_K95_UNIFORM_1,10000,9500,95,9500,PREFIX_LINEAR,NORMALIZE,9,5510000,689264
N10000_K95_UNIFORM_1,10000,9500,95,9500,PREFIX_LINEAR,NORMALIZE,10,5606900,689264
N10000_K95_UNIFORM_1,10000,9500,95,9500,PREFIX_LINEAR,NORMALIZE,11,4174800,689264
N10000_K95_UNIFORM_1,10000,9500,95,9500,PREFIX_LINEAR,NORMALIZE,12,5149700,689264
N10000_K95_UNIFORM_1,10000,9500,95,9500,PREFIX_LINEAR,NORMALIZE,13,5676700,689264
N10000_K95_UNIFORM_1,10000,9500,95,9500,PREFIX_LINEAR,NORMALIZE,14,4702799,689264
N10000_K95_UNIFORM_1,10000,9500,95,9500,PREFIX_LINEAR,NORMALIZE,15,5865501,689264
N10000_K95_UNIFORM_1,10000,9500,95,9500,PREFIX_LINEAR,NORMALIZE,16,5213200,689264
N10000_K95_UNIFORM_1,10000,9500,95,9500,PREFIX_LINEAR,NORMALIZE,17,5374700,689264
N10000_K95_UNIFORM_1,10000,9500,95,9500,PREFIX_LINEAR,NORMALIZE,18,5389200,689264
N10000_K95_UNIFORM_1,10000,9500,95,9500,PREFIX_LINEAR,NORMALIZE,19,5659600,689264
N10000_K95_UNIFORM_1,10000,9500,95,9500,PREFIX_LINEAR,BUILD,0,53400,152064
N10000_K95_UNIFORM_1,10000,9500,95,9500,PREFIX_LINEAR,BUILD,1,67900,152064
N10000_K95_UNIFORM_1,10000,9500,95,9500,PREFIX_LINEAR,BUILD,2,52100,152064
N10000_K95_UNIFORM_1,10000,9500,95,9500,PREFIX_LINEAR,BUILD,3,53799,152064
N10000_K95_UNIFORM_1,10000,9500,95,9500,PREFIX_LINEAR,BUILD,4,50799,152064
N10000_K95_UNIFORM_1,10000,9500,95,9500,PREFIX_LINEAR,BUILD,5,51100,152064
N10000_K95_UNIFORM_1,10000,9500,95,9500,PREFIX_LINEAR,BUILD,6,65100,152064
N10000_K95_UNIFORM_1,10000,9500,95,9500,PREFIX_LINEAR,BUILD,7,84400,152064
N10000_K95_UNIFORM_1,10000,9500,95,9500,PREFIX_LINEAR,BUILD,8,33699,152064
N10000_K95_UNIFORM_1,10000,9500,95,9500,PREFIX_LINEAR,BUILD,9,37300,152064
N10000_K95_UNIFORM_1,10000,9500,95,9500,PREFIX_LINEAR,BUILD,10,32499,152064
N10000_K95_UNIFORM_1,10000,9500,95,9500,PREFIX_LINEAR,BUILD,11,41200,152064
N10000_K95_UNIFORM_1,10000,9500,95,9500,PREFIX_LINEAR,BUILD,12,50501,152064
N10000_K95_UNIFORM_1,10000,9500,95,9500,PREFIX_LINEAR,BUILD,13,52200,152064
N10000_K95_UNIFORM_1,10000,9500,95,9500,PREFIX_LINEAR,BUILD,14,59600,152064
N10000_K95_UNIFORM_1,10000,9500,95,9500,PREFIX_LINEAR,BUILD,15,50100,152064
N10000_K95_UNIFORM_1,10000,9500,95,9500,PREFIX_LINEAR,BUILD,16,53500,152064
N10000_K95_UNIFORM_1,10000,9500,95,9500,PREFIX_LINEAR,BUILD,17,45300,152064
N10000_K95_UNIFORM_1,10000,9500,95,9500,PREFIX_LINEAR,BUILD,18,53100,152064
N10000_K95_UNIFORM_1,10000,9500,95,9500,PREFIX_LINEAR,BUILD,19,55100,152064
N10000_K95_UNIFORM_1,10000,9500,95,9500,PREFIX_LINEAR,SELECT,0,578800,17568
N10000_K95_UNIFORM_1,10000,9500,95,9500,PREFIX_LINEAR,SELECT,1,469201,17568
N10000_K95_UNIFORM_1,10000,9500,95,9500,PREFIX_LINEAR,SELECT,2,581200,17568
N10000_K95_UNIFORM_1,10000,9500,95,9500,PREFIX_LINEAR,SELECT,3,581000,17568
N10000_K95_UNIFORM_1,10000,9500,95,9500,PREFIX_LINEAR,SELECT,4,559400,17568
N10000_K95_UNIFORM_1,10000,9500,95,9500,PREFIX_LINEAR,SELECT,5,294299,17568
N10000_K95_UNIFORM_1,10000,9500,95,9500,PREFIX_LINEAR,SELECT,6,262100,17568
N10000_K95_UNIFORM_1,10000,9500,95,9500,PREFIX_LINEAR,SELECT,7,570899,17568
N10000_K95_UNIFORM_1,10000,9500,95,9500,PREFIX_LINEAR,SELECT,8,392799,17568
N10000_K95_UNIFORM_1,10000,9500,95,9500,PREFIX_LINEAR,SELECT,9,265800,17568
N10000_K95_UNIFORM_1,10000,9500,95,9500,PREFIX_LINEAR,SELECT,10,260500,17568
N10000_K95_UNIFORM_1,10000,9500,95,9500,PREFIX_LINEAR,SELECT,11,579000,17568
N10000_K95_UNIFORM_1,10000,9500,95,9500,PREFIX_LINEAR,SELECT,12,568299,17568
N10000_K95_UNIFORM_1,10000,9500,95,9500,PREFIX_LINEAR,SELECT,13,575700,17568
N10000_K95_UNIFORM_1,10000,9500,95,9500,PREFIX_LINEAR,SELECT,14,578800,17568
N10000_K95_UNIFORM_1,10000,9500,95,9500,PREFIX_LINEAR,SELECT,15,592200,17568
N10000_K95_UNIFORM_1,10000,9500,95,9500,PREFIX_LINEAR,SELECT,16,791900,17568
N10000_K95_UNIFORM_1,10000,9500,95,9500,PREFIX_LINEAR,SELECT,17,299201,17568
N10000_K95_UNIFORM_1,10000,9500,95,9500,PREFIX_LINEAR,SELECT,18,323699,17568
N10000_K95_UNIFORM_1,10000,9500,95,9500,PREFIX_LINEAR,SELECT,19,574400,17568
N10000_K95_UNIFORM_1,10000,9500,95,9500,PREFIX_LINEAR,TOTAL,0,4990700,858896
N10000_K95_UNIFORM_1,10000,9500,95,9500,PREFIX_LINEAR,TOTAL,1,6306700,858896
N10000_K95_UNIFORM_1,10000,9500,95,9500,PREFIX_LINEAR,TOTAL,2,6548001,858896
N10000_K95_UNIFORM_1,10000,9500,95,9500,PREFIX_LINEAR,TOTAL,3,6272100,858896
N10000_K95_UNIFORM_1,10000,9500,95,9500,PREFIX_LINEAR,TOTAL,4,6281500,858896
N10000_K95_UNIFORM_1,10000,9500,95,9500,PREFIX_LINEAR,TOTAL,5,6005500,858896
N10000_K95_UNIFORM_1,10000,9500,95,9500,PREFIX_LINEAR,TOTAL,6,6144999,858896
N10000_K95_UNIFORM_1,10000,9500,95,9500,PREFIX_LINEAR,TOTAL,7,6103700,858896
N10000_K95_UNIFORM_1,10000,9500,95,9500,PREFIX_LINEAR,TOTAL,8,6170500,858896
N10000_K95_UNIFORM_1,10000,9500,95,9500,PREFIX_LINEAR,TOTAL,9,5433800,858896
N10000_K95_UNIFORM_1,10000,9500,95,9500,PREFIX_LINEAR,TOTAL,10,6368901,858896
N10000_K95_UNIFORM_1,10000,9500,95,9500,PREFIX_LINEAR,TOTAL,11,7076400,858896
N10000_K95_UNIFORM_1,10000,9500,95,9500,PREFIX_LINEAR,TOTAL,12,4690201,858896
N10000_K95_UNIFORM_1,10000,9500,95,9500,PREFIX_LINEAR,TOTAL,13,4445200,858896
N10000_K95_UNIFORM_1,10000,9500,95,9500,PREFIX_LINEAR,TOTAL,14,4151800,858896
N10000_K95_UNIFORM_1,10000,9500,95,9500,PREFIX_LINEAR,TOTAL,15,5896400,858896
N10000_K95_UNIFORM_1,10000,9500,95,9500,PREFIX_LINEAR,TOTAL,16,6085800,858896
N10000_K95_UNIFORM_1,10000,9500,95,9500,PREFIX_LINEAR,TOTAL,17,6038800,858896
N10000_K95_UNIFORM_1,10000,9500,95,9500,PREFIX_LINEAR,TOTAL,18,6172299,858896
N10000_K95_UNIFORM_1,10000,9500,95,9500,PREFIX_LINEAR,TOTAL,19,6601699,858896
N10000_K95_UNIFORM_1,10000,9500,95,9500,PREFIX_BINARY,NORMALIZE,0,4666901,689264
N10000_K95_UNIFORM_1,10000,9500,95,9500,PREFIX_BINARY,NORMALIZE,1,5672300,689264
N10000_K95_UNIFORM_1,10000,9500,95,9500,PREFIX_BINARY,NORMALIZE,2,5644799,689264
N10000_K95_UNIFORM_1,10000,9500,95,9500,PREFIX_BINARY,NORMALIZE,3,5990299,689264
N10000_K95_UNIFORM_1,10000,9500,95,9500,PREFIX_BINARY,NORMALIZE,4,5002401,689264
N10000_K95_UNIFORM_1,10000,9500,95,9500,PREFIX_BINARY,NORMALIZE,5,5798600,689264
N10000_K95_UNIFORM_1,10000,9500,95,9500,PREFIX_BINARY,NORMALIZE,6,5858001,689264
N10000_K95_UNIFORM_1,10000,9500,95,9500,PREFIX_BINARY,NORMALIZE,7,5696201,689264
N10000_K95_UNIFORM_1,10000,9500,95,9500,PREFIX_BINARY,NORMALIZE,8,4314200,689264
N10000_K95_UNIFORM_1,10000,9500,95,9500,PREFIX_BINARY,NORMALIZE,9,5423799,689264
N10000_K95_UNIFORM_1,10000,9500,95,9500,PREFIX_BINARY,NORMALIZE,10,4093599,689264
N10000_K95_UNIFORM_1,10000,9500,95,9500,PREFIX_BINARY,NORMALIZE,11,3749800,689264
N10000_K95_UNIFORM_1,10000,9500,95,9500,PREFIX_BINARY,NORMALIZE,12,4759201,689264
N10000_K95_UNIFORM_1,10000,9500,95,9500,PREFIX_BINARY,NORMALIZE,13,5496900,689264
N10000_K95_UNIFORM_1,10000,9500,95,9500,PREFIX_BINARY,NORMALIZE,14,4105900,689264
N10000_K95_UNIFORM_1,10000,9500,95,9500,PREFIX_BINARY,NORMALIZE,15,4284001,689264
N10000_K95_UNIFORM_1,10000,9500,95,9500,PREFIX_BINARY,NORMALIZE,16,3742901,689264
N10000_K95_UNIFORM_1,10000,9500,95,9500,PREFIX_BINARY,NORMALIZE,17,3909300,689264
N10000_K95_UNIFORM_1,10000,9500,95,9500,PREFIX_BINARY,NORMALIZE,18,4218700,689264
N10000_K95_UNIFORM_1,10000,9500,95,9500,PREFIX_BINARY,NORMALIZE,19,3838601,689264
N10000_K95_UNIFORM_1,10000,9500,95,9500,PREFIX_BINARY,BUILD,0,55400,152064
N10000_K95_UNIFORM_1,10000,9500,95,9500,PREFIX_BINARY,BUILD,1,54200,152064
N10000_K95_UNIFORM_1,10000,9500,95,9500,PREFIX_BINARY,BUILD,2,52000,152064
N10000_K95_UNIFORM_1,10000,9500,95,9500,PREFIX_BINARY,BUILD,3,45200,152064
N10000_K95_UNIFORM_1,10000,9500,95,9500,PREFIX_BINARY,BUILD,4,34399,152064
N10000_K95_UNIFORM_1,10000,9500,95,9500,PREFIX_BINARY,BUILD,5,32600,152064
N10000_K95_UNIFORM_1,10000,9500,95,9500,PREFIX_BINARY,BUILD,6,45800,152064
N10000_K95_UNIFORM_1,10000,9500,95,9500,PREFIX_BINARY,BUILD,7,35600,152064
N10000_K95_UNIFORM_1,10000,9500,95,9500,PREFIX_BINARY,BUILD,8,44101,152064
N10000_K95_UNIFORM_1,10000,9500,95,9500,PREFIX_BINARY,BUILD,9,51999,152064
N10000_K95_UNIFORM_1,10000,9500,95,9500,PREFIX_BINARY,BUILD,10,51499,152064
N10000_K95_UNIFORM_1,10000,9500,95,9500,PREFIX_BINARY,BUILD,11,62300,152064
N10000_K95_UNIFORM_1,10000,9500,95,9500,PREFIX_BINARY,BUILD,12,50501,152064
N10000_K95_UNIFORM_1,10000,9500,95,9500,PREFIX_BINARY,BUILD,13,52500,152064
N10000_K95_UNIFORM_1,10000,9500,95,9500,PREFIX_BINARY,BUILD,14,51001,152064
N10000_K95_UNIFORM_1,10000,9500,95,9500,PREFIX_BINARY,BUILD,15,51200,152064
N10000_K95_UNIFORM_1,10000,9500,95,9500,PREFIX_BINARY,BUILD,16,55299,152064
N10000_K95_UNIFORM_1,10000,9500,95,9500,PREFIX_BINARY,BUILD,17,63500,152064
N10000_K95_UNIFORM_1,10000,9500,95,9500,PREFIX_BINARY,BUILD,18,50700,152064
N10000_K95_UNIFORM_1,10000,9500,95,9500,PREFIX_BINARY,BUILD,19,40099,152064
N10000_K95_UNIFORM_1,10000,9500,95,9500,PREFIX_BINARY,SELECT,0,144900,17568
N10000_K95_UNIFORM_1,10000,9500,95,9500,PREFIX_BINARY,SELECT,1,115001,17568
N10000_K95_UNIFORM_1,10000,9500,95,9500,PREFIX_BINARY,SELECT,2,208701,17568
N10000_K95_UNIFORM_1,10000,9500,95,9500,PREFIX_BINARY,SELECT,3,167901,17568
N10000_K95_UNIFORM_1,10000,9500,95,9500,PREFIX_BINARY,SELECT,4,218300,17568
N10000_K95_UNIFORM_1,10000,9500,95,9500,PREFIX_BINARY,SELECT,5,247400,17568
N10000_K95_UNIFORM_1,10000,9500,95,9500,PREFIX_BINARY,SELECT,6,143000,17568
N10000_K95_UNIFORM_1,10000,9500,95,9500,PREFIX_BINARY,SELECT,7,174400,17568
N10000_K95_UNIFORM_1,10000,9500,95,9500,PREFIX_BINARY,SELECT,8,148801,17568
N10000_K95_UNIFORM_1,10000,9500,95,9500,PREFIX_BINARY,SELECT,9,118300,17568
N10000_K95_UNIFORM_1,10000,9500,95,9500,PREFIX_BINARY,SELECT,10,223000,17568
N10000_K95_UNIFORM_1,10000,9500,95,9500,PREFIX_BINARY,SELECT,11,206400,17568
N10000_K95_UNIFORM_1,10000,9500,95,9500,PREFIX_BINARY,SELECT,12,203099,17568
N10000_K95_UNIFORM_1,10000,9500,95,9500,PREFIX_BINARY,SELECT,13,265299,17568
N10000_K95_UNIFORM_1,10000,9500,95,9500,PREFIX_BINARY,SELECT,14,187199,17568
N10000_K95_UNIFORM_1,10000,9500,95,9500,PREFIX_BINARY,SELECT,15,281699,17568
N10000_K95_UNIFORM_1,10000,9500,95,9500,PREFIX_BINARY,SELECT,16,214300,17568
N10000_K95_UNIFORM_1,10000,9500,95,9500,PREFIX_BINARY,SELECT,17,173099,17568
N10000_K95_UNIFORM_1,10000,9500,95,9500,PREFIX_BINARY,SELECT,18,246701,17568
N10000_K95_UNIFORM_1,10000,9500,95,9500,PREFIX_BINARY,SELECT,19,230500,17568
N10000_K95_UNIFORM_1,10000,9500,95,9500,PREFIX_BINARY,TOTAL,0,5325401,858896
N10000_K95_UNIFORM_1,10000,9500,95,9500,PREFIX_BINARY,TOTAL,1,4409100,858896
N10000_K95_UNIFORM_1,10000,9500,95,9500,PREFIX_BINARY,TOTAL,2,5437299,858896
N10000_K95_UNIFORM_1,10000,9500,95,9500,PREFIX_BINARY,TOTAL,3,6045400,858896
N10000_K95_UNIFORM_1,10000,9500,95,9500,PREFIX_BINARY,TOTAL,4,5633500,858896
N10000_K95_UNIFORM_1,10000,9500,95,9500,PREFIX_BINARY,TOTAL,5,5616601,858896
N10000_K95_UNIFORM_1,10000,9500,95,9500,PREFIX_BINARY,TOTAL,6,6134801,858896
N10000_K95_UNIFORM_1,10000,9500,95,9500,PREFIX_BINARY,TOTAL,7,4220001,858896
N10000_K95_UNIFORM_1,10000,9500,95,9500,PREFIX_BINARY,TOTAL,8,4999300,858896
N10000_K95_UNIFORM_1,10000,9500,95,9500,PREFIX_BINARY,TOTAL,9,5306899,858896
N10000_K95_UNIFORM_1,10000,9500,95,9500,PREFIX_BINARY,TOTAL,10,5767001,858896
N10000_K95_UNIFORM_1,10000,9500,95,9500,PREFIX_BINARY,TOTAL,11,5636099,858896
N10000_K95_UNIFORM_1,10000,9500,95,9500,PREFIX_BINARY,TOTAL,12,3994000,858896
N10000_K95_UNIFORM_1,10000,9500,95,9500,PREFIX_BINARY,TOTAL,13,4296600,858896
N10000_K95_UNIFORM_1,10000,9500,95,9500,PREFIX_BINARY,TOTAL,14,4587900,858896
N10000_K95_UNIFORM_1,10000,9500,95,9500,PREFIX_BINARY,TOTAL,15,6091100,858896
N10000_K95_UNIFORM_1,10000,9500,95,9500,PREFIX_BINARY,TOTAL,16,5843400,858896
N10000_K95_UNIFORM_1,10000,9500,95,9500,PREFIX_BINARY,TOTAL,17,5409800,858896
N10000_K95_UNIFORM_1,10000,9500,95,9500,PREFIX_BINARY,TOTAL,18,5335500,858896
N10000_K95_UNIFORM_1,10000,9500,95,9500,PREFIX_BINARY,TOTAL,19,4652000,858896
N10000_K95_UNIFORM_1,10000,9500,95,9500,FENWICK,NORMALIZE,0,5675700,689264
N10000_K95_UNIFORM_1,10000,9500,95,9500,FENWICK,NORMALIZE,1,6039999,689264
N10000_K95_UNIFORM_1,10000,9500,95,9500,FENWICK,NORMALIZE,2,5070699,689264
N10000_K95_UNIFORM_1,10000,9500,95,9500,FENWICK,NORMALIZE,3,5490501,689264
N10000_K95_UNIFORM_1,10000,9500,95,9500,FENWICK,NORMALIZE,4,5597700,689264
N10000_K95_UNIFORM_1,10000,9500,95,9500,FENWICK,NORMALIZE,5,5528000,689264
N10000_K95_UNIFORM_1,10000,9500,95,9500,FENWICK,NORMALIZE,6,5446000,689264
N10000_K95_UNIFORM_1,10000,9500,95,9500,FENWICK,NORMALIZE,7,4986099,689264
N10000_K95_UNIFORM_1,10000,9500,95,9500,FENWICK,NORMALIZE,8,5487100,689264
N10000_K95_UNIFORM_1,10000,9500,95,9500,FENWICK,NORMALIZE,9,5607400,689264
N10000_K95_UNIFORM_1,10000,9500,95,9500,FENWICK,NORMALIZE,10,5160000,689264
N10000_K95_UNIFORM_1,10000,9500,95,9500,FENWICK,NORMALIZE,11,5476101,689264
N10000_K95_UNIFORM_1,10000,9500,95,9500,FENWICK,NORMALIZE,12,5369300,689264
N10000_K95_UNIFORM_1,10000,9500,95,9500,FENWICK,NORMALIZE,13,4743400,689264
N10000_K95_UNIFORM_1,10000,9500,95,9500,FENWICK,NORMALIZE,14,5716700,689264
N10000_K95_UNIFORM_1,10000,9500,95,9500,FENWICK,NORMALIZE,15,5853700,689264
N10000_K95_UNIFORM_1,10000,9500,95,9500,FENWICK,NORMALIZE,16,5743500,689264
N10000_K95_UNIFORM_1,10000,9500,95,9500,FENWICK,NORMALIZE,17,5435200,689264
N10000_K95_UNIFORM_1,10000,9500,95,9500,FENWICK,NORMALIZE,18,5997199,689264
N10000_K95_UNIFORM_1,10000,9500,95,9500,FENWICK,NORMALIZE,19,5508100,689264
N10000_K95_UNIFORM_1,10000,9500,95,9500,FENWICK,BUILD,0,159800,152136
N10000_K95_UNIFORM_1,10000,9500,95,9500,FENWICK,BUILD,1,156799,152136
N10000_K95_UNIFORM_1,10000,9500,95,9500,FENWICK,BUILD,2,147101,152136
N10000_K95_UNIFORM_1,10000,9500,95,9500,FENWICK,BUILD,3,151200,152136
N10000_K95_UNIFORM_1,10000,9500,95,9500,FENWICK,BUILD,4,120699,152136
N10000_K95_UNIFORM_1,10000,9500,95,9500,FENWICK,BUILD,5,162199,152136
N10000_K95_UNIFORM_1,10000,9500,95,9500,FENWICK,BUILD,6,151300,152136
N10000_K95_UNIFORM_1,10000,9500,95,9500,FENWICK,BUILD,7,135900,152136
N10000_K95_UNIFORM_1,10000,9500,95,9500,FENWICK,BUILD,8,156100,152136
N10000_K95_UNIFORM_1,10000,9500,95,9500,FENWICK,BUILD,9,154000,152136
N10000_K95_UNIFORM_1,10000,9500,95,9500,FENWICK,BUILD,10,170399,152136
N10000_K95_UNIFORM_1,10000,9500,95,9500,FENWICK,BUILD,11,170901,152136
N10000_K95_UNIFORM_1,10000,9500,95,9500,FENWICK,BUILD,12,153999,152136
N10000_K95_UNIFORM_1,10000,9500,95,9500,FENWICK,BUILD,13,256901,152136
N10000_K95_UNIFORM_1,10000,9500,95,9500,FENWICK,BUILD,14,115200,152136
N10000_K95_UNIFORM_1,10000,9500,95,9500,FENWICK,BUILD,15,154600,152136
N10000_K95_UNIFORM_1,10000,9500,95,9500,FENWICK,BUILD,16,152099,152136
N10000_K95_UNIFORM_1,10000,9500,95,9500,FENWICK,BUILD,17,191700,152136
N10000_K95_UNIFORM_1,10000,9500,95,9500,FENWICK,BUILD,18,169800,152136
N10000_K95_UNIFORM_1,10000,9500,95,9500,FENWICK,BUILD,19,151900,152136
N10000_K95_UNIFORM_1,10000,9500,95,9500,FENWICK,SELECT,0,80101,17568
N10000_K95_UNIFORM_1,10000,9500,95,9500,FENWICK,SELECT,1,109499,17568
N10000_K95_UNIFORM_1,10000,9500,95,9500,FENWICK,SELECT,2,109300,17568
N10000_K95_UNIFORM_1,10000,9500,95,9500,FENWICK,SELECT,3,96300,17568
N10000_K95_UNIFORM_1,10000,9500,95,9500,FENWICK,SELECT,4,126201,17568
N10000_K95_UNIFORM_1,10000,9500,95,9500,FENWICK,SELECT,5,122200,17568
N10000_K95_UNIFORM_1,10000,9500,95,9500,FENWICK,SELECT,6,109800,17568
N10000_K95_UNIFORM_1,10000,9500,95,9500,FENWICK,SELECT,7,107200,17568
N10000_K95_UNIFORM_1,10000,9500,95,9500,FENWICK,SELECT,8,149099,17568
N10000_K95_UNIFORM_1,10000,9500,95,9500,FENWICK,SELECT,9,131199,17568
N10000_K95_UNIFORM_1,10000,9500,95,9500,FENWICK,SELECT,10,105399,17568
N10000_K95_UNIFORM_1,10000,9500,95,9500,FENWICK,SELECT,11,116799,17568
N10000_K95_UNIFORM_1,10000,9500,95,9500,FENWICK,SELECT,12,94000,17568
N10000_K95_UNIFORM_1,10000,9500,95,9500,FENWICK,SELECT,13,79700,17568
N10000_K95_UNIFORM_1,10000,9500,95,9500,FENWICK,SELECT,14,108400,17568
N10000_K95_UNIFORM_1,10000,9500,95,9500,FENWICK,SELECT,15,119500,17568
N10000_K95_UNIFORM_1,10000,9500,95,9500,FENWICK,SELECT,16,143499,17568
N10000_K95_UNIFORM_1,10000,9500,95,9500,FENWICK,SELECT,17,163100,17568
N10000_K95_UNIFORM_1,10000,9500,95,9500,FENWICK,SELECT,18,67800,17568
N10000_K95_UNIFORM_1,10000,9500,95,9500,FENWICK,SELECT,19,105899,17568
N10000_K95_UNIFORM_1,10000,9500,95,9500,FENWICK,TOTAL,0,3855699,858968
N10000_K95_UNIFORM_1,10000,9500,95,9500,FENWICK,TOTAL,1,5182300,858968
N10000_K95_UNIFORM_1,10000,9500,95,9500,FENWICK,TOTAL,2,5813500,858968
N10000_K95_UNIFORM_1,10000,9500,95,9500,FENWICK,TOTAL,3,5804801,858968
N10000_K95_UNIFORM_1,10000,9500,95,9500,FENWICK,TOTAL,4,5585799,858968
N10000_K95_UNIFORM_1,10000,9500,95,9500,FENWICK,TOTAL,5,6195101,858968
N10000_K95_UNIFORM_1,10000,9500,95,9500,FENWICK,TOTAL,6,5568101,858968
N10000_K95_UNIFORM_1,10000,9500,95,9500,FENWICK,TOTAL,7,5655800,858968
N10000_K95_UNIFORM_1,10000,9500,95,9500,FENWICK,TOTAL,8,5983600,858968
N10000_K95_UNIFORM_1,10000,9500,95,9500,FENWICK,TOTAL,9,4958000,858968
N10000_K95_UNIFORM_1,10000,9500,95,9500,FENWICK,TOTAL,10,5209600,858968
N10000_K95_UNIFORM_1,10000,9500,95,9500,FENWICK,TOTAL,11,6027101,858968
N10000_K95_UNIFORM_1,10000,9500,95,9500,FENWICK,TOTAL,12,4971999,858968
N10000_K95_UNIFORM_1,10000,9500,95,9500,FENWICK,TOTAL,13,5350900,858968
N10000_K95_UNIFORM_1,10000,9500,95,9500,FENWICK,TOTAL,14,6084300,858968
N10000_K95_UNIFORM_1,10000,9500,95,9500,FENWICK,TOTAL,15,6081599,858968
N10000_K95_UNIFORM_1,10000,9500,95,9500,FENWICK,TOTAL,16,5420600,858968
N10000_K95_UNIFORM_1,10000,9500,95,9500,FENWICK,TOTAL,17,5571400,858968
N10000_K95_UNIFORM_1,10000,9500,95,9500,FENWICK,TOTAL,18,5316300,858968
N10000_K95_UNIFORM_1,10000,9500,95,9500,FENWICK,TOTAL,19,6193600,858968
N10000_K950_UNIFORM_1,10000,9500,950,9500,TICKET_ARRAY,NORMALIZE,0,4323400,689264
N10000_K950_UNIFORM_1,10000,9500,950,9500,TICKET_ARRAY,NORMALIZE,1,4546300,689264
N10000_K950_UNIFORM_1,10000,9500,950,9500,TICKET_ARRAY,NORMALIZE,2,5084200,689264
N10000_K950_UNIFORM_1,10000,9500,950,9500,TICKET_ARRAY,NORMALIZE,3,3663100,689264
N10000_K950_UNIFORM_1,10000,9500,950,9500,TICKET_ARRAY,NORMALIZE,4,4251899,689264
N10000_K950_UNIFORM_1,10000,9500,950,9500,TICKET_ARRAY,NORMALIZE,5,5716600,689264
N10000_K950_UNIFORM_1,10000,9500,950,9500,TICKET_ARRAY,NORMALIZE,6,5523200,689264
N10000_K950_UNIFORM_1,10000,9500,950,9500,TICKET_ARRAY,NORMALIZE,7,5543300,689264
N10000_K950_UNIFORM_1,10000,9500,950,9500,TICKET_ARRAY,NORMALIZE,8,4777201,689264
N10000_K950_UNIFORM_1,10000,9500,950,9500,TICKET_ARRAY,NORMALIZE,9,5518600,689264
N10000_K950_UNIFORM_1,10000,9500,950,9500,TICKET_ARRAY,NORMALIZE,10,5556900,689264
N10000_K950_UNIFORM_1,10000,9500,950,9500,TICKET_ARRAY,NORMALIZE,11,5441700,689264
N10000_K950_UNIFORM_1,10000,9500,950,9500,TICKET_ARRAY,NORMALIZE,12,5499001,689264
N10000_K950_UNIFORM_1,10000,9500,950,9500,TICKET_ARRAY,NORMALIZE,13,5680701,689264
N10000_K950_UNIFORM_1,10000,9500,950,9500,TICKET_ARRAY,NORMALIZE,14,4801700,689264
N10000_K950_UNIFORM_1,10000,9500,950,9500,TICKET_ARRAY,NORMALIZE,15,5230200,689264
N10000_K950_UNIFORM_1,10000,9500,950,9500,TICKET_ARRAY,NORMALIZE,16,5554300,689264
N10000_K950_UNIFORM_1,10000,9500,950,9500,TICKET_ARRAY,NORMALIZE,17,5810900,689264
N10000_K950_UNIFORM_1,10000,9500,950,9500,TICKET_ARRAY,NORMALIZE,18,5638200,689264
N10000_K950_UNIFORM_1,10000,9500,950,9500,TICKET_ARRAY,NORMALIZE,19,5978100,689264
N10000_K950_UNIFORM_1,10000,9500,950,9500,TICKET_ARRAY,BUILD,0,149900,38040
N10000_K950_UNIFORM_1,10000,9500,950,9500,TICKET_ARRAY,BUILD,1,140800,38040
N10000_K950_UNIFORM_1,10000,9500,950,9500,TICKET_ARRAY,BUILD,2,161100,38040
N10000_K950_UNIFORM_1,10000,9500,950,9500,TICKET_ARRAY,BUILD,3,156700,38040
N10000_K950_UNIFORM_1,10000,9500,950,9500,TICKET_ARRAY,BUILD,4,136399,38040
N10000_K950_UNIFORM_1,10000,9500,950,9500,TICKET_ARRAY,BUILD,5,133200,38040
N10000_K950_UNIFORM_1,10000,9500,950,9500,TICKET_ARRAY,BUILD,6,141701,38040
N10000_K950_UNIFORM_1,10000,9500,950,9500,TICKET_ARRAY,BUILD,7,157600,38040
N10000_K950_UNIFORM_1,10000,9500,950,9500,TICKET_ARRAY,BUILD,8,136600,38040
N10000_K950_UNIFORM_1,10000,9500,950,9500,TICKET_ARRAY,BUILD,9,93699,38040
N10000_K950_UNIFORM_1,10000,9500,950,9500,TICKET_ARRAY,BUILD,10,140100,38040
N10000_K950_UNIFORM_1,10000,9500,950,9500,TICKET_ARRAY,BUILD,11,162900,38040
N10000_K950_UNIFORM_1,10000,9500,950,9500,TICKET_ARRAY,BUILD,12,138500,38040
N10000_K950_UNIFORM_1,10000,9500,950,9500,TICKET_ARRAY,BUILD,13,136500,38040
N10000_K950_UNIFORM_1,10000,9500,950,9500,TICKET_ARRAY,BUILD,14,119699,38040
N10000_K950_UNIFORM_1,10000,9500,950,9500,TICKET_ARRAY,BUILD,15,87801,38040
N10000_K950_UNIFORM_1,10000,9500,950,9500,TICKET_ARRAY,BUILD,16,135501,38040
N10000_K950_UNIFORM_1,10000,9500,950,9500,TICKET_ARRAY,BUILD,17,83100,38040
N10000_K950_UNIFORM_1,10000,9500,950,9500,TICKET_ARRAY,BUILD,18,144200,38040
N10000_K950_UNIFORM_1,10000,9500,950,9500,TICKET_ARRAY,BUILD,19,88600,38040
N10000_K950_UNIFORM_1,10000,9500,950,9500,TICKET_ARRAY,SELECT,0,9191499,189840
N10000_K950_UNIFORM_1,10000,9500,950,9500,TICKET_ARRAY,SELECT,1,9374701,189840
N10000_K950_UNIFORM_1,10000,9500,950,9500,TICKET_ARRAY,SELECT,2,9739400,189840
N10000_K950_UNIFORM_1,10000,9500,950,9500,TICKET_ARRAY,SELECT,3,10315701,189840
N10000_K950_UNIFORM_1,10000,9500,950,9500,TICKET_ARRAY,SELECT,4,10123300,189840
N10000_K950_UNIFORM_1,10000,9500,950,9500,TICKET_ARRAY,SELECT,5,7512300,189840
N10000_K950_UNIFORM_1,10000,9500,950,9500,TICKET_ARRAY,SELECT,6,10719599,189840
N10000_K950_UNIFORM_1,10000,9500,950,9500,TICKET_ARRAY,SELECT,7,10712499,189840
N10000_K950_UNIFORM_1,10000,9500,950,9500,TICKET_ARRAY,SELECT,8,9083999,189840
N10000_K950_UNIFORM_1,10000,9500,950,9500,TICKET_ARRAY,SELECT,9,9417800,189840
N10000_K950_UNIFORM_1,10000,9500,950,9500,TICKET_ARRAY,SELECT,10,9768000,189840
N10000_K950_UNIFORM_1,10000,9500,950,9500,TICKET_ARRAY,SELECT,11,9794200,189840
N10000_K950_UNIFORM_1,10000,9500,950,9500,TICKET_ARRAY,SELECT,12,8336600,189840
N10000_K950_UNIFORM_1,10000,9500,950,9500,TICKET_ARRAY,SELECT,13,9812100,189840
N10000_K950_UNIFORM_1,10000,9500,950,9500,TICKET_ARRAY,SELECT,14,10230500,189840
N10000_K950_UNIFORM_1,10000,9500,950,9500,TICKET_ARRAY,SELECT,15,9900500,189840
N10000_K950_UNIFORM_1,10000,9500,950,9500,TICKET_ARRAY,SELECT,16,8097699,189840
N10000_K950_UNIFORM_1,10000,9500,950,9500,TICKET_ARRAY,SELECT,17,5943000,189840
N10000_K950_UNIFORM_1,10000,9500,950,9500,TICKET_ARRAY,SELECT,18,9347800,189840
N10000_K950_UNIFORM_1,10000,9500,950,9500,TICKET_ARRAY,SELECT,19,9101601,189840
N10000_K950_UNIFORM_1,10000,9500,950,9500,TICKET_ARRAY,TOTAL,0,15523000,917144
N10000_K950_UNIFORM_1,10000,9500,950,9500,TICKET_ARRAY,TOTAL,1,15460500,917144
N10000_K950_UNIFORM_1,10000,9500,950,9500,TICKET_ARRAY,TOTAL,2,14283900,917144
N10000_K950_UNIFORM_1,10000,9500,950,9500,TICKET_ARRAY,TOTAL,3,16564899,917144
N10000_K950_UNIFORM_1,10000,9500,950,9500,TICKET_ARRAY,TOTAL,4,13153599,917144
N10000_K950_UNIFORM_1,10000,9500,950,9500,TICKET_ARRAY,TOTAL,5,15062800,917144
N10000_K950_UNIFORM_1,10000,9500,950,9500,TICKET_ARRAY,TOTAL,6,13827900,917144
N10000_K950_UNIFORM_1,10000,9500,950,9500,TICKET_ARRAY,TOTAL,7,11852600,917144
N10000_K950_UNIFORM_1,10000,9500,950,9500,TICKET_ARRAY,TOTAL,8,14517500,917144
N10000_K950_UNIFORM_1,10000,9500,950,9500,TICKET_ARRAY,TOTAL,9,16636601,917144
N10000_K950_UNIFORM_1,10000,9500,950,9500,TICKET_ARRAY,TOTAL,10,15724500,917144
N10000_K950_UNIFORM_1,10000,9500,950,9500,TICKET_ARRAY,TOTAL,11,15814200,917144
N10000_K950_UNIFORM_1,10000,9500,950,9500,TICKET_ARRAY,TOTAL,12,14909400,917144
N10000_K950_UNIFORM_1,10000,9500,950,9500,TICKET_ARRAY,TOTAL,13,14148200,917144
N10000_K950_UNIFORM_1,10000,9500,950,9500,TICKET_ARRAY,TOTAL,14,15774699,917144
N10000_K950_UNIFORM_1,10000,9500,950,9500,TICKET_ARRAY,TOTAL,15,16581000,917144
N10000_K950_UNIFORM_1,10000,9500,950,9500,TICKET_ARRAY,TOTAL,16,14080000,917144
N10000_K950_UNIFORM_1,10000,9500,950,9500,TICKET_ARRAY,TOTAL,17,11769699,917144
N10000_K950_UNIFORM_1,10000,9500,950,9500,TICKET_ARRAY,TOTAL,18,15777001,917144
N10000_K950_UNIFORM_1,10000,9500,950,9500,TICKET_ARRAY,TOTAL,19,13640701,917144
N10000_K950_UNIFORM_1,10000,9500,950,9500,PREFIX_LINEAR,NORMALIZE,0,5365800,689264
N10000_K950_UNIFORM_1,10000,9500,950,9500,PREFIX_LINEAR,NORMALIZE,1,5201999,689264
N10000_K950_UNIFORM_1,10000,9500,950,9500,PREFIX_LINEAR,NORMALIZE,2,5757600,689264
N10000_K950_UNIFORM_1,10000,9500,950,9500,PREFIX_LINEAR,NORMALIZE,3,5638600,689264
N10000_K950_UNIFORM_1,10000,9500,950,9500,PREFIX_LINEAR,NORMALIZE,4,4752800,689264
N10000_K950_UNIFORM_1,10000,9500,950,9500,PREFIX_LINEAR,NORMALIZE,5,4836001,689264
N10000_K950_UNIFORM_1,10000,9500,950,9500,PREFIX_LINEAR,NORMALIZE,6,5551999,689264
N10000_K950_UNIFORM_1,10000,9500,950,9500,PREFIX_LINEAR,NORMALIZE,7,5784200,689264
N10000_K950_UNIFORM_1,10000,9500,950,9500,PREFIX_LINEAR,NORMALIZE,8,5908200,689264
N10000_K950_UNIFORM_1,10000,9500,950,9500,PREFIX_LINEAR,NORMALIZE,9,5546201,689264
N10000_K950_UNIFORM_1,10000,9500,950,9500,PREFIX_LINEAR,NORMALIZE,10,5016101,689264
N10000_K950_UNIFORM_1,10000,9500,950,9500,PREFIX_LINEAR,NORMALIZE,11,4437999,689264
N10000_K950_UNIFORM_1,10000,9500,950,9500,PREFIX_LINEAR,NORMALIZE,12,3996200,689264
N10000_K950_UNIFORM_1,10000,9500,950,9500,PREFIX_LINEAR,NORMALIZE,13,5529900,689264
N10000_K950_UNIFORM_1,10000,9500,950,9500,PREFIX_LINEAR,NORMALIZE,14,5359499,689264
N10000_K950_UNIFORM_1,10000,9500,950,9500,PREFIX_LINEAR,NORMALIZE,15,5553201,689264
N10000_K950_UNIFORM_1,10000,9500,950,9500,PREFIX_LINEAR,NORMALIZE,16,5501500,689264
N10000_K950_UNIFORM_1,10000,9500,950,9500,PREFIX_LINEAR,NORMALIZE,17,5642600,689264
N10000_K950_UNIFORM_1,10000,9500,950,9500,PREFIX_LINEAR,NORMALIZE,18,5460401,689264
N10000_K950_UNIFORM_1,10000,9500,950,9500,PREFIX_LINEAR,NORMALIZE,19,5585099,689264
N10000_K950_UNIFORM_1,10000,9500,950,9500,PREFIX_LINEAR,BUILD,0,69200,152064
N10000_K950_UNIFORM_1,10000,9500,950,9500,PREFIX_LINEAR,BUILD,1,59400,152064
N10000_K950_UNIFORM_1,10000,9500,950,9500,PREFIX_LINEAR,BUILD,2,51200,152064
N10000_K950_UNIFORM_1,10000,9500,950,9500,PREFIX_LINEAR,BUILD,3,56401,152064
N10000_K950_UNIFORM_1,10000,9500,950,9500,PREFIX_LINEAR,BUILD,4,50400,152064
N10000_K950_UNIFORM_1,10000,9500,950,9500,PREFIX_LINEAR,BUILD,5,52600,152064
N10000_K950_UNIFORM_1,10000,9500,950,9500,PREFIX_LINEAR,BUILD,6,43000,152064
N10000_K950_UNIFORM_1,10000,9500,950,9500,PREFIX_LINEAR,BUILD,7,52000,152064
N10000_K950_UNIFORM_1,10000,9500,950,9500,PREFIX_LINEAR,BUILD,8,58400,152064
N10000_K950_UNIFORM_1,10000,9500,950,9500,PREFIX_LINEAR,BUILD,9,81500,152064
N10000_K950_UNIFORM_1,10000,9500,950,9500,PREFIX_LINEAR,BUILD,10,51999,152064
N10000_K950_UNIFORM_1,10000,9500,950,9500,PREFIX_LINEAR,BUILD,11,47200,152064
N10000_K950_UNIFORM_1,10000,9500,950,9500,PREFIX_LINEAR,BUILD,12,50401,152064
N10000_K950_UNIFORM_1,10000,9500,950,9500,PREFIX_LINEAR,BUILD,13,50200,152064
N10000_K950_UNIFORM_1,10000,9500,950,9500,PREFIX_LINEAR,BUILD,14,52900,152064
N10000_K950_UNIFORM_1,10000,9500,950,9500,PREFIX_LINEAR,BUILD,15,50099,152064
N10000_K950_UNIFORM_1,10000,9500,950,9500,PREFIX_LINEAR,BUILD,16,50299,152064
N10000_K950_UNIFORM_1,10000,9500,950,9500,PREFIX_LINEAR,BUILD,17,33999,152064
N10000_K950_UNIFORM_1,10000,9500,950,9500,PREFIX_LINEAR,BUILD,18,34500,152064
N10000_K950_UNIFORM_1,10000,9500,950,9500,PREFIX_LINEAR,BUILD,19,35200,152064
N10000_K950_UNIFORM_1,10000,9500,950,9500,PREFIX_LINEAR,SELECT,0,4990800,189840
N10000_K950_UNIFORM_1,10000,9500,950,9500,PREFIX_LINEAR,SELECT,1,5581100,189840
N10000_K950_UNIFORM_1,10000,9500,950,9500,PREFIX_LINEAR,SELECT,2,5495500,189840
N10000_K950_UNIFORM_1,10000,9500,950,9500,PREFIX_LINEAR,SELECT,3,5104500,189840
N10000_K950_UNIFORM_1,10000,9500,950,9500,PREFIX_LINEAR,SELECT,4,5626800,189840
N10000_K950_UNIFORM_1,10000,9500,950,9500,PREFIX_LINEAR,SELECT,5,5069000,189840
N10000_K950_UNIFORM_1,10000,9500,950,9500,PREFIX_LINEAR,SELECT,6,2666399,189840
N10000_K950_UNIFORM_1,10000,9500,950,9500,PREFIX_LINEAR,SELECT,7,6013899,189840
N10000_K950_UNIFORM_1,10000,9500,950,9500,PREFIX_LINEAR,SELECT,8,5667001,189840
N10000_K950_UNIFORM_1,10000,9500,950,9500,PREFIX_LINEAR,SELECT,9,2731099,189840
N10000_K950_UNIFORM_1,10000,9500,950,9500,PREFIX_LINEAR,SELECT,10,5102500,189840
N10000_K950_UNIFORM_1,10000,9500,950,9500,PREFIX_LINEAR,SELECT,11,5112201,189840
N10000_K950_UNIFORM_1,10000,9500,950,9500,PREFIX_LINEAR,SELECT,12,3348800,189840
N10000_K950_UNIFORM_1,10000,9500,950,9500,PREFIX_LINEAR,SELECT,13,5509100,189840
N10000_K950_UNIFORM_1,10000,9500,950,9500,PREFIX_LINEAR,SELECT,14,5444699,189840
N10000_K950_UNIFORM_1,10000,9500,950,9500,PREFIX_LINEAR,SELECT,15,5522400,189840
N10000_K950_UNIFORM_1,10000,9500,950,9500,PREFIX_LINEAR,SELECT,16,4776100,189840
N10000_K950_UNIFORM_1,10000,9500,950,9500,PREFIX_LINEAR,SELECT,17,5222900,189840
N10000_K950_UNIFORM_1,10000,9500,950,9500,PREFIX_LINEAR,SELECT,18,5112000,189840
N10000_K950_UNIFORM_1,10000,9500,950,9500,PREFIX_LINEAR,SELECT,19,5578199,189840
N10000_K950_UNIFORM_1,10000,9500,950,9500,PREFIX_LINEAR,TOTAL,0,11676400,1031168
N10000_K950_UNIFORM_1,10000,9500,950,9500,PREFIX_LINEAR,TOTAL,1,6675001,1031168
N10000_K950_UNIFORM_1,10000,9500,950,9500,PREFIX_LINEAR,TOTAL,2,10758700,1031168
N10000_K950_UNIFORM_1,10000,9500,950,9500,PREFIX_LINEAR,TOTAL,3,11476199,1031168
N10000_K950_UNIFORM_1,10000,9500,950,9500,PREFIX_LINEAR,TOTAL,4,11280801,1031168
N10000_K950_UNIFORM_1,10000,9500,950,9500,PREFIX_LINEAR,TOTAL,5,11393200,1031168
N10000_K950_UNIFORM_1,10000,9500,950,9500,PREFIX_LINEAR,TOTAL,6,9713300,1031168
N10000_K950_UNIFORM_1,10000,9500,950,9500,PREFIX_LINEAR,TOTAL,7,10991900,1031168
N10000_K950_UNIFORM_1,10000,9500,950,9500,PREFIX_LINEAR,TOTAL,8,11138300,1031168
N10000_K950_UNIFORM_1,10000,9500,950,9500,PREFIX_LINEAR,TOTAL,9,11475599,1031168
N10000_K950_UNIFORM_1,10000,9500,950,9500,PREFIX_LINEAR,TOTAL,10,11073800,1031168
N10000_K950_UNIFORM_1,10000,9500,950,9500,PREFIX_LINEAR,TOTAL,11,11044299,1031168
N10000_K950_UNIFORM_1,10000,9500,950,9500,PREFIX_LINEAR,TOTAL,12,11131901,1031168
N10000_K950_UNIFORM_1,10000,9500,950,9500,PREFIX_LINEAR,TOTAL,13,10872900,1031168
N10000_K950_UNIFORM_1,10000,9500,950,9500,PREFIX_LINEAR,TOTAL,14,11212901,1031168
N10000_K950_UNIFORM_1,10000,9500,950,9500,PREFIX_LINEAR,TOTAL,15,7968500,1031168
N10000_K950_UNIFORM_1,10000,9500,950,9500,PREFIX_LINEAR,TOTAL,16,10279899,1031168
N10000_K950_UNIFORM_1,10000,9500,950,9500,PREFIX_LINEAR,TOTAL,17,9628500,1031168
N10000_K950_UNIFORM_1,10000,9500,950,9500,PREFIX_LINEAR,TOTAL,18,10593100,1031168
N10000_K950_UNIFORM_1,10000,9500,950,9500,PREFIX_LINEAR,TOTAL,19,10977600,1031168
N10000_K950_UNIFORM_1,10000,9500,950,9500,PREFIX_BINARY,NORMALIZE,0,4029500,689264
N10000_K950_UNIFORM_1,10000,9500,950,9500,PREFIX_BINARY,NORMALIZE,1,3749399,689264
N10000_K950_UNIFORM_1,10000,9500,950,9500,PREFIX_BINARY,NORMALIZE,2,4721800,689264
N10000_K950_UNIFORM_1,10000,9500,950,9500,PREFIX_BINARY,NORMALIZE,3,5537100,689264
N10000_K950_UNIFORM_1,10000,9500,950,9500,PREFIX_BINARY,NORMALIZE,4,5270199,689264
N10000_K950_UNIFORM_1,10000,9500,950,9500,PREFIX_BINARY,NORMALIZE,5,5931900,689264
N10000_K950_UNIFORM_1,10000,9500,950,9500,PREFIX_BINARY,NORMALIZE,6,4167199,689264
N10000_K950_UNIFORM_1,10000,9500,950,9500,PREFIX_BINARY,NORMALIZE,7,4189100,689264
N10000_K950_UNIFORM_1,10000,9500,950,9500,PREFIX_BINARY,NORMALIZE,8,5621101,689264
N10000_K950_UNIFORM_1,10000,9500,950,9500,PREFIX_BINARY,NORMALIZE,9,5449100,689264
N10000_K950_UNIFORM_1,10000,9500,950,9500,PREFIX_BINARY,NORMALIZE,10,5168899,689264
N10000_K950_UNIFORM_1,10000,9500,950,9500,PREFIX_BINARY,NORMALIZE,11,4837500,689264
N10000_K950_UNIFORM_1,10000,9500,950,9500,PREFIX_BINARY,NORMALIZE,12,5390700,689264
N10000_K950_UNIFORM_1,10000,9500,950,9500,PREFIX_BINARY,NORMALIZE,13,5682900,689264
N10000_K950_UNIFORM_1,10000,9500,950,9500,PREFIX_BINARY,NORMALIZE,14,5900600,689264
N10000_K950_UNIFORM_1,10000,9500,950,9500,PREFIX_BINARY,NORMALIZE,15,5965199,689264
N10000_K950_UNIFORM_1,10000,9500,950,9500,PREFIX_BINARY,NORMALIZE,16,5567700,689264
N10000_K950_UNIFORM_1,10000,9500,950,9500,PREFIX_BINARY,NORMALIZE,17,5829400,689264
N10000_K950_UNIFORM_1,10000,9500,950,9500,PREFIX_BINARY,NORMALIZE,18,3808799,689264
N10000_K950_UNIFORM_1,10000,9500,950,9500,PREFIX_BINARY,NORMALIZE,19,3726799,689264
N10000_K950_UNIFORM_1,10000,9500,950,9500,PREFIX_BINARY,BUILD,0,57601,152064
N10000_K950_UNIFORM_1,10000,9500,950,9500,PREFIX_BINARY,BUILD,1,50701,152064
N10000_K950_UNIFORM_1,10000,9500,950,9500,PREFIX_BINARY,BUILD,2,51501,152064
N10000_K950_UNIFORM_1,10000,9500,950,9500,PREFIX_BINARY,BUILD,3,64001,152064
N10000_K950_UNIFORM_1,10000,9500,950,9500,PREFIX_BINARY,BUILD,4,51200,152064
N10000_K950_UNIFORM_1,10000,9500,950,9500,PREFIX_BINARY,BUILD,5,64199,152064
N10000_K950_UNIFORM_1,10000,9500,950,9500,PREFIX_BINARY,BUILD,6,50301,152064
N10000_K950_UNIFORM_1,10000,9500,950,9500,PREFIX_BINARY,BUILD,7,56900,152064
N10000_K950_UNIFORM_1,10000,9500,950,9500,PREFIX_BINARY,BUILD,8,62899,152064
N10000_K950_UNIFORM_1,10000,9500,950,9500,PREFIX_BINARY,BUILD,9,50700,152064
N10000_K950_UNIFORM_1,10000,9500,950,9500,PREFIX_BINARY,BUILD,10,55800,152064
N10000_K950_UNIFORM_1,10000,9500,950,9500,PREFIX_BINARY,BUILD,11,53900,152064
N10000_K950_UNIFORM_1,10000,9500,950,9500,PREFIX_BINARY,BUILD,12,49300,152064
N10000_K950_UNIFORM_1,10000,9500,950,9500,PREFIX_BINARY,BUILD,13,56800,152064
N10000_K950_UNIFORM_1,10000,9500,950,9500,PREFIX_BINARY,BUILD,14,34801,152064
N10000_K950_UNIFORM_1,10000,9500,950,9500,PREFIX_BINARY,BUILD,15,58200,152064
N10000_K950_UNIFORM_1,10000,9500,950,9500,PREFIX_BINARY,BUILD,16,63200,152064
N10000_K950_UNIFORM_1,10000,9500,950,9500,PREFIX_BINARY,BUILD,17,52400,152064
N10000_K950_UNIFORM_1,10000,9500,950,9500,PREFIX_BINARY,BUILD,18,67101,152064
N10000_K950_UNIFORM_1,10000,9500,950,9500,PREFIX_BINARY,BUILD,19,36500,152064
N10000_K950_UNIFORM_1,10000,9500,950,9500,PREFIX_BINARY,SELECT,0,1795400,189840
N10000_K950_UNIFORM_1,10000,9500,950,9500,PREFIX_BINARY,SELECT,1,1187700,189840
N10000_K950_UNIFORM_1,10000,9500,950,9500,PREFIX_BINARY,SELECT,2,1849700,189840
N10000_K950_UNIFORM_1,10000,9500,950,9500,PREFIX_BINARY,SELECT,3,1769300,189840
N10000_K950_UNIFORM_1,10000,9500,950,9500,PREFIX_BINARY,SELECT,4,1744700,189840
N10000_K950_UNIFORM_1,10000,9500,950,9500,PREFIX_BINARY,SELECT,5,1589200,189840
N10000_K950_UNIFORM_1,10000,9500,950,9500,PREFIX_BINARY,SELECT,6,1792599,189840
N10000_K950_UNIFORM_1,10000,9500,950,9500,PREFIX_BINARY,SELECT,7,1761900,189840
N10000_K950_UNIFORM_1,10000,9500,950,9500,PREFIX_BINARY,SELECT,8,1755500,189840
N10000_K950_UNIFORM_1,10000,9500,950,9500,PREFIX_BINARY,SELECT,9,1810500,189840
N10000_K950_UNIFORM_1,10000,9500,950,9500,PREFIX_BINARY,SELECT,10,1748301,189840
N10000_K950_UNIFORM_1,10000,9500,950,9500,PREFIX_BINARY,SELECT,11,1176700,189840
N10000_K950_UNIFORM_1,10000,9500,950,9500,PREFIX_BINARY,SELECT,12,1771401,189840
N10000_K950_UNIFORM_1,10000,9500,950,9500,PREFIX_BINARY,SELECT,13,1843500,189840
N10000_K950_UNIFORM_1,10000,9500,950,9500,PREFIX_BINARY,SELECT,14,1831400,189840
N10000_K950_UNIFORM_1,10000,9500,950,9500,PREFIX_BINARY,SELECT,15,1734800,189840
N10000_K950_UNIFORM_1,10000,9500,950,9500,PREFIX_BINARY,SELECT,16,1852500,189840
N10000_K950_UNIFORM_1,10000,9500,950,9500,PREFIX_BINARY,SELECT,17,1784499,189840
N10000_K950_UNIFORM_1,10000,9500,950,9500,PREFIX_BINARY,SELECT,18,1753700,189840
N10000_K950_UNIFORM_1,10000,9500,950,9500,PREFIX_BINARY,SELECT,19,1581800,189840
N10000_K950_UNIFORM_1,10000,9500,950,9500,PREFIX_BINARY,TOTAL,0,7344900,1031168
N10000_K950_UNIFORM_1,10000,9500,950,9500,PREFIX_BINARY,TOTAL,1,7259899,1031168
N10000_K950_UNIFORM_1,10000,9500,950,9500,PREFIX_BINARY,TOTAL,2,7260900,1031168
N10000_K950_UNIFORM_1,10000,9500,950,9500,PREFIX_BINARY,TOTAL,3,6876700,1031168
N10000_K950_UNIFORM_1,10000,9500,950,9500,PREFIX_BINARY,TOTAL,4,6434001,1031168
N10000_K950_UNIFORM_1,10000,9500,950,9500,PREFIX_BINARY,TOTAL,5,7538499,1031168
N10000_K950_UNIFORM_1,10000,9500,950,9500,PREFIX_BINARY,TOTAL,6,7336500,1031168
N10000_K950_UNIFORM_1,10000,9500,950,9500,PREFIX_BINARY,TOTAL,7,7411500,1031168
N10000_K950_UNIFORM_1,10000,9500,950,9500,PREFIX_BINARY,TOTAL,8,5743900,1031168
N10000_K950_UNIFORM_1,10000,9500,950,9500,PREFIX_BINARY,TOTAL,9,5199000,1031168
N10000_K950_UNIFORM_1,10000,9500,950,9500,PREFIX_BINARY,TOTAL,10,6796100,1031168
N10000_K950_UNIFORM_1,10000,9500,950,9500,PREFIX_BINARY,TOTAL,11,7486199,1031168
N10000_K950_UNIFORM_1,10000,9500,950,9500,PREFIX_BINARY,TOTAL,12,7278200,1031168
N10000_K950_UNIFORM_1,10000,9500,950,9500,PREFIX_BINARY,TOTAL,13,7002999,1031168
N10000_K950_UNIFORM_1,10000,9500,950,9500,PREFIX_BINARY,TOTAL,14,7236800,1031168
N10000_K950_UNIFORM_1,10000,9500,950,9500,PREFIX_BINARY,TOTAL,15,6938799,1031168
N10000_K950_UNIFORM_1,10000,9500,950,9500,PREFIX_BINARY,TOTAL,16,7628499,1031168
N10000_K950_UNIFORM_1,10000,9500,950,9500,PREFIX_BINARY,TOTAL,17,7873400,1031168
N10000_K950_UNIFORM_1,10000,9500,950,9500,PREFIX_BINARY,TOTAL,18,7806900,1031168
N10000_K950_UNIFORM_1,10000,9500,950,9500,PREFIX_BINARY,TOTAL,19,7647999,1031168
N10000_K950_UNIFORM_1,10000,9500,950,9500,FENWICK,NORMALIZE,0,5364501,689264
N10000_K950_UNIFORM_1,10000,9500,950,9500,FENWICK,NORMALIZE,1,5575300,689264
N10000_K950_UNIFORM_1,10000,9500,950,9500,FENWICK,NORMALIZE,2,5059100,689264
N10000_K950_UNIFORM_1,10000,9500,950,9500,FENWICK,NORMALIZE,3,4710901,689264
N10000_K950_UNIFORM_1,10000,9500,950,9500,FENWICK,NORMALIZE,4,5388600,689264
N10000_K950_UNIFORM_1,10000,9500,950,9500,FENWICK,NORMALIZE,5,5516700,689264
N10000_K950_UNIFORM_1,10000,9500,950,9500,FENWICK,NORMALIZE,6,5653000,689264
N10000_K950_UNIFORM_1,10000,9500,950,9500,FENWICK,NORMALIZE,7,5242500,689264
N10000_K950_UNIFORM_1,10000,9500,950,9500,FENWICK,NORMALIZE,8,5689201,689264
N10000_K950_UNIFORM_1,10000,9500,950,9500,FENWICK,NORMALIZE,9,5876801,689264
N10000_K950_UNIFORM_1,10000,9500,950,9500,FENWICK,NORMALIZE,10,5631301,689264
N10000_K950_UNIFORM_1,10000,9500,950,9500,FENWICK,NORMALIZE,11,5700699,689264
N10000_K950_UNIFORM_1,10000,9500,950,9500,FENWICK,NORMALIZE,12,5135101,689264
N10000_K950_UNIFORM_1,10000,9500,950,9500,FENWICK,NORMALIZE,13,5805701,689264
N10000_K950_UNIFORM_1,10000,9500,950,9500,FENWICK,NORMALIZE,14,4989101,689264
N10000_K950_UNIFORM_1,10000,9500,950,9500,FENWICK,NORMALIZE,15,5751101,689264
N10000_K950_UNIFORM_1,10000,9500,950,9500,FENWICK,NORMALIZE,16,5577501,689264
N10000_K950_UNIFORM_1,10000,9500,950,9500,FENWICK,NORMALIZE,17,5213100,689264
N10000_K950_UNIFORM_1,10000,9500,950,9500,FENWICK,NORMALIZE,18,5112700,689264
N10000_K950_UNIFORM_1,10000,9500,950,9500,FENWICK,NORMALIZE,19,3760000,689264
N10000_K950_UNIFORM_1,10000,9500,950,9500,FENWICK,BUILD,0,149900,152136
N10000_K950_UNIFORM_1,10000,9500,950,9500,FENWICK,BUILD,1,156999,152136
N10000_K950_UNIFORM_1,10000,9500,950,9500,FENWICK,BUILD,2,182500,152136
N10000_K950_UNIFORM_1,10000,9500,950,9500,FENWICK,BUILD,3,118401,152136
N10000_K950_UNIFORM_1,10000,9500,950,9500,FENWICK,BUILD,4,153100,152136
N10000_K950_UNIFORM_1,10000,9500,950,9500,FENWICK,BUILD,5,153400,152136
N10000_K950_UNIFORM_1,10000,9500,950,9500,FENWICK,BUILD,6,151100,152136
N10000_K950_UNIFORM_1,10000,9500,950,9500,FENWICK,BUILD,7,154500,152136
N10000_K950_UNIFORM_1,10000,9500,950,9500,FENWICK,BUILD,8,151000,152136
N10000_K950_UNIFORM_1,10000,9500,950,9500,FENWICK,BUILD,9,151400,152136
N10000_K950_UNIFORM_1,10000,9500,950,9500,FENWICK,BUILD,10,153701,152136
N10000_K950_UNIFORM_1,10000,9500,950,9500,FENWICK,BUILD,11,145200,152136
N10000_K950_UNIFORM_1,10000,9500,950,9500,FENWICK,BUILD,12,88800,152136
N10000_K950_UNIFORM_1,10000,9500,950,9500,FENWICK,BUILD,13,88100,152136
N10000_K950_UNIFORM_1,10000,9500,950,9500,FENWICK,BUILD,14,159500,152136
N10000_K950_UNIFORM_1,10000,9500,950,9500,FENWICK,BUILD,15,150401,152136
N10000_K950_UNIFORM_1,10000,9500,950,9500,FENWICK,BUILD,16,147301,152136
N10000_K950_UNIFORM_1,10000,9500,950,9500,FENWICK,BUILD,17,149500,152136
N10000_K950_UNIFORM_1,10000,9500,950,9500,FENWICK,BUILD,18,153700,152136
N10000_K950_UNIFORM_1,10000,9500,950,9500,FENWICK,BUILD,19,164800,152136
N10000_K950_UNIFORM_1,10000,9500,950,9500,FENWICK,SELECT,0,711600,189840
N10000_K950_UNIFORM_1,10000,9500,950,9500,FENWICK,SELECT,1,469900,189840
N10000_K950_UNIFORM_1,10000,9500,950,9500,FENWICK,SELECT,2,758501,189840
N10000_K950_UNIFORM_1,10000,9500,950,9500,FENWICK,SELECT,3,669201,189840
N10000_K950_UNIFORM_1,10000,9500,950,9500,FENWICK,SELECT,4,715100,189840
N10000_K950_UNIFORM_1,10000,9500,950,9500,FENWICK,SELECT,5,711600,189840
N10000_K950_UNIFORM_1,10000,9500,950,9500,FENWICK,SELECT,6,652400,189840
N10000_K950_UNIFORM_1,10000,9500,950,9500,FENWICK,SELECT,7,672900,189840
N10000_K950_UNIFORM_1,10000,9500,950,9500,FENWICK,SELECT,8,664600,189840
N10000_K950_UNIFORM_1,10000,9500,950,9500,FENWICK,SELECT,9,461099,189840
N10000_K950_UNIFORM_1,10000,9500,950,9500,FENWICK,SELECT,10,448499,189840
N10000_K950_UNIFORM_1,10000,9500,950,9500,FENWICK,SELECT,11,426501,189840
N10000_K950_UNIFORM_1,10000,9500,950,9500,FENWICK,SELECT,12,483801,189840
N10000_K950_UNIFORM_1,10000,9500,950,9500,FENWICK,SELECT,13,593700,189840
N10000_K950_UNIFORM_1,10000,9500,950,9500,FENWICK,SELECT,14,481400,189840
N10000_K950_UNIFORM_1,10000,9500,950,9500,FENWICK,SELECT,15,707100,189840
N10000_K950_UNIFORM_1,10000,9500,950,9500,FENWICK,SELECT,16,708801,189840
N10000_K950_UNIFORM_1,10000,9500,950,9500,FENWICK,SELECT,17,706100,189840
N10000_K950_UNIFORM_1,10000,9500,950,9500,FENWICK,SELECT,18,624999,189840
N10000_K950_UNIFORM_1,10000,9500,950,9500,FENWICK,SELECT,19,706300,189840
N10000_K950_UNIFORM_1,10000,9500,950,9500,FENWICK,TOTAL,0,5411300,1031240
N10000_K950_UNIFORM_1,10000,9500,950,9500,FENWICK,TOTAL,1,5122000,1031240
N10000_K950_UNIFORM_1,10000,9500,950,9500,FENWICK,TOTAL,2,4988799,1031240
N10000_K950_UNIFORM_1,10000,9500,950,9500,FENWICK,TOTAL,3,6421300,1031240
N10000_K950_UNIFORM_1,10000,9500,950,9500,FENWICK,TOTAL,4,6640200,1031240
N10000_K950_UNIFORM_1,10000,9500,950,9500,FENWICK,TOTAL,5,6526500,1031240
N10000_K950_UNIFORM_1,10000,9500,950,9500,FENWICK,TOTAL,6,6299900,1031240
N10000_K950_UNIFORM_1,10000,9500,950,9500,FENWICK,TOTAL,7,6697000,1031240
N10000_K950_UNIFORM_1,10000,9500,950,9500,FENWICK,TOTAL,8,6627300,1031240
N10000_K950_UNIFORM_1,10000,9500,950,9500,FENWICK,TOTAL,9,6322901,1031240
N10000_K950_UNIFORM_1,10000,9500,950,9500,FENWICK,TOTAL,10,6468099,1031240
N10000_K950_UNIFORM_1,10000,9500,950,9500,FENWICK,TOTAL,11,6880599,1031240
N10000_K950_UNIFORM_1,10000,9500,950,9500,FENWICK,TOTAL,12,6768900,1031240
N10000_K950_UNIFORM_1,10000,9500,950,9500,FENWICK,TOTAL,13,6866500,1031240
N10000_K950_UNIFORM_1,10000,9500,950,9500,FENWICK,TOTAL,14,6491300,1031240
N10000_K950_UNIFORM_1,10000,9500,950,9500,FENWICK,TOTAL,15,6536600,1031240
N10000_K950_UNIFORM_1,10000,9500,950,9500,FENWICK,TOTAL,16,5933300,1031240
N10000_K950_UNIFORM_1,10000,9500,950,9500,FENWICK,TOTAL,17,4921001,1031240
N10000_K950_UNIFORM_1,10000,9500,950,9500,FENWICK,TOTAL,18,4978200,1031240
N10000_K950_UNIFORM_1,10000,9500,950,9500,FENWICK,TOTAL,19,4406601,1031240
N10000_K1_UNIFORM_100,10000,9500,1,950000,TICKET_ARRAY,NORMALIZE,0,4953200,689264
N10000_K1_UNIFORM_100,10000,9500,1,950000,TICKET_ARRAY,NORMALIZE,1,3951300,689264
N10000_K1_UNIFORM_100,10000,9500,1,950000,TICKET_ARRAY,NORMALIZE,2,3745900,689264
N10000_K1_UNIFORM_100,10000,9500,1,950000,TICKET_ARRAY,NORMALIZE,3,4920301,689264
N10000_K1_UNIFORM_100,10000,9500,1,950000,TICKET_ARRAY,NORMALIZE,4,5448901,689264
N10000_K1_UNIFORM_100,10000,9500,1,950000,TICKET_ARRAY,NORMALIZE,5,4809600,689264
N10000_K1_UNIFORM_100,10000,9500,1,950000,TICKET_ARRAY,NORMALIZE,6,5054900,689264
N10000_K1_UNIFORM_100,10000,9500,1,950000,TICKET_ARRAY,NORMALIZE,7,5579700,689264
N10000_K1_UNIFORM_100,10000,9500,1,950000,TICKET_ARRAY,NORMALIZE,8,5619400,689264
N10000_K1_UNIFORM_100,10000,9500,1,950000,TICKET_ARRAY,NORMALIZE,9,5146900,689264
N10000_K1_UNIFORM_100,10000,9500,1,950000,TICKET_ARRAY,NORMALIZE,10,5700100,689264
N10000_K1_UNIFORM_100,10000,9500,1,950000,TICKET_ARRAY,NORMALIZE,11,5560301,689264
N10000_K1_UNIFORM_100,10000,9500,1,950000,TICKET_ARRAY,NORMALIZE,12,4547300,689264
N10000_K1_UNIFORM_100,10000,9500,1,950000,TICKET_ARRAY,NORMALIZE,13,5437799,689264
N10000_K1_UNIFORM_100,10000,9500,1,950000,TICKET_ARRAY,NORMALIZE,14,5792500,689264
N10000_K1_UNIFORM_100,10000,9500,1,950000,TICKET_ARRAY,NORMALIZE,15,5717600,689264
N10000_K1_UNIFORM_100,10000,9500,1,950000,TICKET_ARRAY,NORMALIZE,16,5611200,689264
N10000_K1_UNIFORM_100,10000,9500,1,950000,TICKET_ARRAY,NORMALIZE,17,5723301,689264
N10000_K1_UNIFORM_100,10000,9500,1,950000,TICKET_ARRAY,NORMALIZE,18,5576600,689264
N10000_K1_UNIFORM_100,10000,9500,1,950000,TICKET_ARRAY,NORMALIZE,19,5500300,689264
N10000_K1_UNIFORM_100,10000,9500,1,950000,TICKET_ARRAY,BUILD,0,3031800,3800040
N10000_K1_UNIFORM_100,10000,9500,1,950000,TICKET_ARRAY,BUILD,1,2698600,3800040
N10000_K1_UNIFORM_100,10000,9500,1,950000,TICKET_ARRAY,BUILD,2,1768899,3800040
N10000_K1_UNIFORM_100,10000,9500,1,950000,TICKET_ARRAY,BUILD,3,2705099,3800040
N10000_K1_UNIFORM_100,10000,9500,1,950000,TICKET_ARRAY,BUILD,4,2473299,3800040
N10000_K1_UNIFORM_100,10000,9500,1,950000,TICKET_ARRAY,BUILD,5,2528900,3800040
N10000_K1_UNIFORM_100,10000,9500,1,950000,TICKET_ARRAY,BUILD,6,2666499,3800040
N10000_K1_UNIFORM_100,10000,9500,1,950000,TICKET_ARRAY,BUILD,7,2666200,3800040
N10000_K1_UNIFORM_100,10000,9500,1,950000,TICKET_ARRAY,BUILD,8,2614400,3800040
N10000_K1_UNIFORM_100,10000,9500,1,950000,TICKET_ARRAY,BUILD,9,2607701,3800040
N10000_K1_UNIFORM_100,10000,9500,1,950000,TICKET_ARRAY,BUILD,10,1556399,3800040
N10000_K1_UNIFORM_100,10000,9500,1,950000,TICKET_ARRAY,BUILD,11,2576500,3800040
N10000_K1_UNIFORM_100,10000,9500,1,950000,TICKET_ARRAY,BUILD,12,2432101,3800040
N10000_K1_UNIFORM_100,10000,9500,1,950000,TICKET_ARRAY,BUILD,13,2498699,3800040
N10000_K1_UNIFORM_100,10000,9500,1,950000,TICKET_ARRAY,BUILD,14,2312700,3800040
N10000_K1_UNIFORM_100,10000,9500,1,950000,TICKET_ARRAY,BUILD,15,1707999,3800040
N10000_K1_UNIFORM_100,10000,9500,1,950000,TICKET_ARRAY,BUILD,16,1734100,3800040
N10000_K1_UNIFORM_100,10000,9500,1,950000,TICKET_ARRAY,BUILD,17,1695100,3800040
N10000_K1_UNIFORM_100,10000,9500,1,950000,TICKET_ARRAY,BUILD,18,1557000,3800040
N10000_K1_UNIFORM_100,10000,9500,1,950000,TICKET_ARRAY,BUILD,19,1722799,3800040
N10000_K1_UNIFORM_100,10000,9500,1,950000,TICKET_ARRAY,SELECT,0,957400,1592
N10000_K1_UNIFORM_100,10000,9500,1,950000,TICKET_ARRAY,SELECT,1,852700,1592
N10000_K1_UNIFORM_100,10000,9500,1,950000,TICKET_ARRAY,SELECT,2,1160599,2720
N10000_K1_UNIFORM_100,10000,9500,1,950000,TICKET_ARRAY,SELECT,3,702700,1592
N10000_K1_UNIFORM_100,10000,9500,1,950000,TICKET_ARRAY,SELECT,4,1205799,1592
N10000_K1_UNIFORM_100,10000,9500,1,950000,TICKET_ARRAY,SELECT,5,1102300,1592
N10000_K1_UNIFORM_100,10000,9500,1,950000,TICKET_ARRAY,SELECT,6,644300,1592
N10000_K1_UNIFORM_100,10000,9500,1,950000,TICKET_ARRAY,SELECT,7,966701,1592
N10000_K1_UNIFORM_100,10000,9500,1,950000,TICKET_ARRAY,SELECT,8,1063900,1592
N10000_K1_UNIFORM_100,10000,9500,1,950000,TICKET_ARRAY,SELECT,9,726000,1592
N10000_K1_UNIFORM_100,10000,9500,1,950000,TICKET_ARRAY,SELECT,10,783799,1592
N10000_K1_UNIFORM_100,10000,9500,1,950000,TICKET_ARRAY,SELECT,11,1051801,1592
N10000_K1_UNIFORM_100,10000,9500,1,950000,TICKET_ARRAY,SELECT,12,973500,1592
N10000_K1_UNIFORM_100,10000,9500,1,950000,TICKET_ARRAY,SELECT,13,732400,1592
N10000_K1_UNIFORM_100,10000,9500,1,950000,TICKET_ARRAY,SELECT,14,958900,1592
N10000_K1_UNIFORM_100,10000,9500,1,950000,TICKET_ARRAY,SELECT,15,1045201,1592
N10000_K1_UNIFORM_100,10000,9500,1,950000,TICKET_ARRAY,SELECT,16,618200,1592
N10000_K1_UNIFORM_100,10000,9500,1,950000,TICKET_ARRAY,SELECT,17,598301,1592
N10000_K1_UNIFORM_100,10000,9500,1,950000,TICKET_ARRAY,SELECT,18,989699,1592
N10000_K1_UNIFORM_100,10000,9500,1,950000,TICKET_ARRAY,SELECT,19,996501,1592
N10000_K1_UNIFORM_100,10000,9500,1,950000,TICKET_ARRAY,TOTAL,0,9111300,4490896
N10000_K1_UNIFORM_100,10000,9500,1,950000,TICKET_ARRAY,TOTAL,1,8481801,4490896
N10000_K1_UNIFORM_100,10000,9500,1,950000,TICKET_ARRAY,TOTAL,2,7352699,4490896
N10000_K1_UNIFORM_100,10000,9500,1,950000,TICKET_ARRAY,TOTAL,3,8784100,4490896
N10000_K1_UNIFORM_100,10000,9500,1,950000,TICKET_ARRAY,TOTAL,4,8398800,4490896
N10000_K1_UNIFORM_100,10000,9500,1,950000,TICKET_ARRAY,TOTAL,5,8728401,4490896
N10000_K1_UNIFORM_100,10000,9500,1,950000,TICKET_ARRAY,TOTAL,6,8829500,4490896
N10000_K1_UNIFORM_100,10000,9500,1,950000,TICKET_ARRAY,TOTAL,7,8727300,4490896
N10000_K1_UNIFORM_100,10000,9500,1,950000,TICKET_ARRAY,TOTAL,8,8563200,4490896
N10000_K1_UNIFORM_100,10000,9500,1,950000,TICKET_ARRAY,TOTAL,9,8007299,4490896
N10000_K1_UNIFORM_100,10000,9500,1,950000,TICKET_ARRAY,TOTAL,10,7935000,4490896
N10000_K1_UNIFORM_100,10000,9500,1,950000,TICKET_ARRAY,TOTAL,11,8044399,4490896
N10000_K1_UNIFORM_100,10000,9500,1,950000,TICKET_ARRAY,TOTAL,12,7743600,4490896
N10000_K1_UNIFORM_100,10000,9500,1,950000,TICKET_ARRAY,TOTAL,13,8799400,4490896
N10000_K1_UNIFORM_100,10000,9500,1,950000,TICKET_ARRAY,TOTAL,14,8520599,4490896
N10000_K1_UNIFORM_100,10000,9500,1,950000,TICKET_ARRAY,TOTAL,15,8856001,4490896
N10000_K1_UNIFORM_100,10000,9500,1,950000,TICKET_ARRAY,TOTAL,16,8965200,4490896
N10000_K1_UNIFORM_100,10000,9500,1,950000,TICKET_ARRAY,TOTAL,17,7694200,4490896
N10000_K1_UNIFORM_100,10000,9500,1,950000,TICKET_ARRAY,TOTAL,18,8416300,4490896
N10000_K1_UNIFORM_100,10000,9500,1,950000,TICKET_ARRAY,TOTAL,19,7742500,4490896
N10000_K1_UNIFORM_100,10000,9500,1,950000,PREFIX_LINEAR,NORMALIZE,0,5345900,689264
N10000_K1_UNIFORM_100,10000,9500,1,950000,PREFIX_LINEAR,NORMALIZE,1,5726401,689264
N10000_K1_UNIFORM_100,10000,9500,1,950000,PREFIX_LINEAR,NORMALIZE,2,5772600,689264
N10000_K1_UNIFORM_100,10000,9500,1,950000,PREFIX_LINEAR,NORMALIZE,3,5637100,689264
N10000_K1_UNIFORM_100,10000,9500,1,950000,PREFIX_LINEAR,NORMALIZE,4,5727199,689264
N10000_K1_UNIFORM_100,10000,9500,1,950000,PREFIX_LINEAR,NORMALIZE,5,5803801,689264
N10000_K1_UNIFORM_100,10000,9500,1,950000,PREFIX_LINEAR,NORMALIZE,6,5788400,689264
N10000_K1_UNIFORM_100,10000,9500,1,950000,PREFIX_LINEAR,NORMALIZE,7,5685600,689264
N10000_K1_UNIFORM_100,10000,9500,1,950000,PREFIX_LINEAR,NORMALIZE,8,5586700,689264
N10000_K1_UNIFORM_100,10000,9500,1,950000,PREFIX_LINEAR,NORMALIZE,9,4921901,689264
N10000_K1_UNIFORM_100,10000,9500,1,950000,PREFIX_LINEAR,NORMALIZE,10,4270700,689264
N10000_K1_UNIFORM_100,10000,9500,1,950000,PREFIX_LINEAR,NORMALIZE,11,5678200,689264
N10000_K1_UNIFORM_100,10000,9500,1,950000,PREFIX_LINEAR,NORMALIZE,12,5208999,689264
N10000_K1_UNIFORM_100,10000,9500,1,950000,PREFIX_LINEAR,NORMALIZE,13,5252000,689264
N10000_K1_UNIFORM_100,10000,9500,1,950000,PREFIX_LINEAR,NORMALIZE,14,4906100,689264
N10000_K1_UNIFORM_100,10000,9500,1,950000,PREFIX_LINEAR,NORMALIZE,15,5448500,689264
N10000_K1_UNIFORM_100,10000,9500,1,950000,PREFIX_LINEAR,NORMALIZE,16,5033999,689264
N10000_K1_UNIFORM_100,10000,9500,1,950000,PREFIX_LINEAR,NORMALIZE,17,5253700,689264
N10000_K1_UNIFORM_100,10000,9500,1,950000,PREFIX_LINEAR,NORMALIZE,18,5485900,689264
N10000_K1_UNIFORM_100,10000,9500,1,950000,PREFIX_LINEAR,NORMALIZE,19,5529300,689264
N10000_K1_UNIFORM_100,10000,9500,1,950000,PREFIX_LINEAR,BUILD,0,52101,152064
N10000_K1_UNIFORM_100,10000,9500,1,950000,PREFIX_LINEAR,BUILD,1,39499,152064
N10000_K1_UNIFORM_100,10000,9500,1,950000,PREFIX_LINEAR,BUILD,2,33400,152064
N10000_K1_UNIFORM_100,10000,9500,1,950000,PREFIX_LINEAR,BUILD,3,40401,152064
N10000_K1_UNIFORM_100,10000,9500,1,950000,PREFIX_LINEAR,BUILD,4,34099,152064
N10000_K1_UNIFORM_100,10000,9500,1,950000,PREFIX_LINEAR,BUILD,5,52799,152064
N10000_K1_UNIFORM_100,10000,9500,1,950000,PREFIX_LINEAR,BUILD,6,52000,152064
N10000_K1_UNIFORM_100,10000,9500,1,950000,PREFIX_LINEAR,BUILD,7,55900,152064
N10000_K1_UNIFORM_100,10000,9500,1,950000,PREFIX_LINEAR,BUILD,8,64999,152064
N10000_K1_UNIFORM_100,10000,9500,1,950000,PREFIX_LINEAR,BUILD,9,53800,152064
N10000_K1_UNIFORM_100,10000,9500,1,950000,PREFIX_LINEAR,BUILD,10,53300,152064
N10000_K1_UNIFORM_100,10000,9500,1,950000,PREFIX_LINEAR,BUILD,11,58201,152064
N10000_K1_UNIFORM_100,10000,9500,1,950000,PREFIX_LINEAR,BUILD,12,51700,152064
N10000_K1_UNIFORM_100,10000,9500,1,950000,PREFIX_LINEAR,BUILD,13,53500,152064
N10000_K1_UNIFORM_100,10000,9500,1,950000,PREFIX_LINEAR,BUILD,14,48899,152064
N10000_K1_UNIFORM_100,10000,9500,1,950000,PREFIX_LINEAR,BUILD,15,51301,152064
N10000_K1_UNIFORM_100,10000,9500,1,950000,PREFIX_LINEAR,BUILD,16,72499,152064
N10000_K1_UNIFORM_100,10000,9500,1,950000,PREFIX_LINEAR,BUILD,17,86499,152064
N10000_K1_UNIFORM_100,10000,9500,1,950000,PREFIX_LINEAR,BUILD,18,52300,152064
N10000_K1_UNIFORM_100,10000,9500,1,950000,PREFIX_LINEAR,BUILD,19,61201,152064
N10000_K1_UNIFORM_100,10000,9500,1,950000,PREFIX_LINEAR,SELECT,0,50501,1592
N10000_K1_UNIFORM_100,10000,9500,1,950000,PREFIX_LINEAR,SELECT,1,42101,1592
N10000_K1_UNIFORM_100,10000,9500,1,950000,PREFIX_LINEAR,SELECT,2,62500,1592
N10000_K1_UNIFORM_100,10000,9500,1,950000,PREFIX_LINEAR,SELECT,3,43600,1592
N10000_K1_UNIFORM_100,10000,9500,1,950000,PREFIX_LINEAR,SELECT,4,52700,1592
N10000_K1_UNIFORM_100,10000,9500,1,950000,PREFIX_LINEAR,SELECT,5,49600,1592
N10000_K1_UNIFORM_100,10000,9500,1,950000,PREFIX_LINEAR,SELECT,6,41001,1592
N10000_K1_UNIFORM_100,10000,9500,1,950000,PREFIX_LINEAR,SELECT,7,58199,1592
N10000_K1_UNIFORM_100,10000,9500,1,950000,PREFIX_LINEAR,SELECT,8,55700,1592
N10000_K1_UNIFORM_100,10000,9500,1,950000,PREFIX_LINEAR,SELECT,9,141200,2000
N10000_K1_UNIFORM_100,10000,9500,1,950000,PREFIX_LINEAR,SELECT,10,121700,2408
N10000_K1_UNIFORM_100,10000,9500,1,950000,PREFIX_LINEAR,SELECT,11,105600,1592
N10000_K1_UNIFORM_100,10000,9500,1,950000,PREFIX_LINEAR,SELECT,12,38700,1592
N10000_K1_UNIFORM_100,10000,9500,1,950000,PREFIX_LINEAR,SELECT,13,47901,1592
N10000_K1_UNIFORM_100,10000,9500,1,950000,PREFIX_LINEAR,SELECT,14,47400,1592
N10000_K1_UNIFORM_100,10000,9500,1,950000,PREFIX_LINEAR,SELECT,15,125301,1664
N10000_K1_UNIFORM_100,10000,9500,1,950000,PREFIX_LINEAR,SELECT,16,47300,1592
N10000_K1_UNIFORM_100,10000,9500,1,950000,PREFIX_LINEAR,SELECT,17,89100,1592
N10000_K1_UNIFORM_100,10000,9500,1,950000,PREFIX_LINEAR,SELECT,18,70699,1592
N10000_K1_UNIFORM_100,10000,9500,1,950000,PREFIX_LINEAR,SELECT,19,37700,1592
N10000_K1_UNIFORM_100,10000,9500,1,950000,PREFIX_LINEAR,TOTAL,0,5102600,842920
N10000_K1_UNIFORM_100,10000,9500,1,950000,PREFIX_LINEAR,TOTAL,1,4964901,842920
N10000_K1_UNIFORM_100,10000,9500,1,950000,PREFIX_LINEAR,TOTAL,2,5854600,842920
N10000_K1_UNIFORM_100,10000,9500,1,950000,PREFIX_LINEAR,TOTAL,3,5758800,842920
N10000_K1_UNIFORM_100,10000,9500,1,950000,PREFIX_LINEAR,TOTAL,4,5617500,842920
N10000_K1_UNIFORM_100,10000,9500,1,950000,PREFIX_LINEAR,TOTAL,5,5607200,842920
N10000_K1_UNIFORM_100,10000,9500,1,950000,PREFIX_LINEAR,TOTAL,6,5071101,842920
N10000_K1_UNIFORM_100,10000,9500,1,950000,PREFIX_LINEAR,TOTAL,7,4823400,842920
N10000_K1_UNIFORM_100,10000,9500,1,950000,PREFIX_LINEAR,TOTAL,8,5944700,842920
N10000_K1_UNIFORM_100,10000,9500,1,950000,PREFIX_LINEAR,TOTAL,9,5450700,842920
N10000_K1_UNIFORM_100,10000,9500,1,950000,PREFIX_LINEAR,TOTAL,10,5524900,842920
N10000_K1_UNIFORM_100,10000,9500,1,950000,PREFIX_LINEAR,TOTAL,11,5650600,842920
N10000_K1_UNIFORM_100,10000,9500,1,950000,PREFIX_LINEAR,TOTAL,12,4070301,842920
N10000_K1_UNIFORM_100,10000,9500,1,950000,PREFIX_LINEAR,TOTAL,13,3768300,842920
N10000_K1_UNIFORM_100,10000,9500,1,950000,PREFIX_LINEAR,TOTAL,14,5875000,842920
N10000_K1_UNIFORM_100,10000,9500,1,950000,PREFIX_LINEAR,TOTAL,15,5816900,842920
N10000_K1_UNIFORM_100,10000,9500,1,950000,PREFIX_LINEAR,TOTAL,16,5739801,842920
N10000_K1_UNIFORM_100,10000,9500,1,950000,PREFIX_LINEAR,TOTAL,17,4674401,842920
N10000_K1_UNIFORM_100,10000,9500,1,950000,PREFIX_LINEAR,TOTAL,18,5067900,842920
N10000_K1_UNIFORM_100,10000,9500,1,950000,PREFIX_LINEAR,TOTAL,19,5477999,842920
N10000_K1_UNIFORM_100,10000,9500,1,950000,PREFIX_BINARY,NORMALIZE,0,5573500,689264
N10000_K1_UNIFORM_100,10000,9500,1,950000,PREFIX_BINARY,NORMALIZE,1,5807700,689264
N10000_K1_UNIFORM_100,10000,9500,1,950000,PREFIX_BINARY,NORMALIZE,2,5659300,689264
N10000_K1_UNIFORM_100,10000,9500,1,950000,PREFIX_BINARY,NORMALIZE,3,5700200,689264
N10000_K1_UNIFORM_100,10000,9500,1,950000,PREFIX_BINARY,NORMALIZE,4,5471100,689264
N10000_K1_UNIFORM_100,10000,9500,1,950000,PREFIX_BINARY,NORMALIZE,5,5386100,689264
N10000_K1_UNIFORM_100,10000,9500,1,950000,PREFIX_BINARY,NORMALIZE,6,5574401,689264
N10000_K1_UNIFORM_100,10000,9500,1,950000,PREFIX_BINARY,NORMALIZE,7,5957499,689264
N10000_K1_UNIFORM_100,10000,9500,1,950000,PREFIX_BINARY,NORMALIZE,8,5574701,689264
N10000_K1_UNIFORM_100,10000,9500,1,950000,PREFIX_BINARY,NORMALIZE,9,5938601,689264
N10000_K1_UNIFORM_100,10000,9500,1,950000,PREFIX_BINARY,NORMALIZE,10,5691600,689264
N10000_K1_UNIFORM_100,10000,9500,1,950000,PREFIX_BINARY,NORMALIZE,11,5702700,689264
N10000_K1_UNIFORM_100,10000,9500,1,950000,PREFIX_BINARY,NORMALIZE,12,4958399,689264
N10000_K1_UNIFORM_100,10000,9500,1,950000,PREFIX_BINARY,NORMALIZE,13,3814900,689264
N10000_K1_UNIFORM_100,10000,9500,1,950000,PREFIX_BINARY,NORMALIZE,14,4428400,689264
N10000_K1_UNIFORM_100,10000,9500,1,950000,PREFIX_BINARY,NORMALIZE,15,5544199,689264
N10000_K1_UNIFORM_100,10000,9500,1,950000,PREFIX_BINARY,NORMALIZE,16,5288101,689264
N10000_K1_UNIFORM_100,10000,9500,1,950000,PREFIX_BINARY,NORMALIZE,17,5257801,689264
N10000_K1_UNIFORM_100,10000,9500,1,950000,PREFIX_BINARY,NORMALIZE,18,4517200,689264
N10000_K1_UNIFORM_100,10000,9500,1,950000,PREFIX_BINARY,NORMALIZE,19,5358800,689264
N10000_K1_UNIFORM_100,10000,9500,1,950000,PREFIX_BINARY,BUILD,0,48800,152064
N10000_K1_UNIFORM_100,10000,9500,1,950000,PREFIX_BINARY,BUILD,1,69900,152064
N10000_K1_UNIFORM_100,10000,9500,1,950000,PREFIX_BINARY,BUILD,2,59499,152064
N10000_K1_UNIFORM_100,10000,9500,1,950000,PREFIX_BINARY,BUILD,3,52600,152064
N10000_K1_UNIFORM_100,10000,9500,1,950000,PREFIX_BINARY,BUILD,4,78701,152064
N10000_K1_UNIFORM_100,10000,9500,1,950000,PREFIX_BINARY,BUILD,5,49700,152064
N10000_K1_UNIFORM_100,10000,9500,1,950000,PREFIX_BINARY,BUILD,6,39999,152064
N10000_K1_UNIFORM_100,10000,9500,1,950000,PREFIX_BINARY,BUILD,7,50000,152064
N10000_K1_UNIFORM_100,10000,9500,1,950000,PREFIX_BINARY,BUILD,8,51600,152064
N10000_K1_UNIFORM_100,10000,9500,1,950000,PREFIX_BINARY,BUILD,9,61800,152064
N10000_K1_UNIFORM_100,10000,9500,1,950000,PREFIX_BINARY,BUILD,10,38300,152064
N10000_K1_UNIFORM_100,10000,9500,1,950000,PREFIX_BINARY,BUILD,11,38500,152064
N10000_K1_UNIFORM_100,10000,9500,1,950000,PREFIX_BINARY,BUILD,12,50400,152064
N10000_K1_UNIFORM_100,10000,9500,1,950000,PREFIX_BINARY,BUILD,13,50001,152064
N10000_K1_UNIFORM_100,10000,9500,1,950000,PREFIX_BINARY,BUILD,14,45200,152064
N10000_K1_UNIFORM_100,10000,9500,1,950000,PREFIX_BINARY,BUILD,15,51400,152064
N10000_K1_UNIFORM_100,10000,9500,1,950000,PREFIX_BINARY,BUILD,16,37400,152064
N10000_K1_UNIFORM_100,10000,9500,1,950000,PREFIX_BINARY,BUILD,17,54200,152064
N10000_K1_UNIFORM_100,10000,9500,1,950000,PREFIX_BINARY,BUILD,18,52600,152064
N10000_K1_UNIFORM_100,10000,9500,1,950000,PREFIX_BINARY,BUILD,19,64400,152064
N10000_K1_UNIFORM_100,10000,9500,1,950000,PREFIX_BINARY,SELECT,0,22000,1592
N10000_K1_UNIFORM_100,10000,9500,1,950000,PREFIX_BINARY,SELECT,1,23500,1592
N10000_K1_UNIFORM_100,10000,9500,1,950000,PREFIX_BINARY,SELECT,2,38200,1592
N10000_K1_UNIFORM_100,10000,9500,1,950000,PREFIX_BINARY,SELECT,3,52100,1592
N10000_K1_UNIFORM_100,10000,9500,1,950000,PREFIX_BINARY,SELECT,4,38000,1592
N10000_K1_UNIFORM_100,10000,9500,1,950000,PREFIX_BINARY,SELECT,5,49300,1592
N10000_K1_UNIFORM_100,10000,9500,1,950000,PREFIX_BINARY,SELECT,6,38900,1592
N10000_K1_UNIFORM_100,10000,9500,1,950000,PREFIX_BINARY,SELECT,7,40199,1592
N10000_K1_UNIFORM_100,10000,9500,1,950000,PREFIX_BINARY,SELECT,8,42199,1592
N10000_K1_UNIFORM_100,10000,9500,1,950000,PREFIX_BINARY,SELECT,9,43800,1592
N10000_K1_UNIFORM_100,10000,9500,1,950000,PREFIX_BINARY,SELECT,10,48400,1592
N10000_K1_UNIFORM_100,10000,9500,1,950000,PREFIX_BINARY,SELECT,11,42901,1592
N10000_K1_UNIFORM_100,10000,9500,1,950000,PREFIX_BINARY,SELECT,12,43299,1592
N10000_K1_UNIFORM_100,10000,9500,1,950000,PREFIX_BINARY,SELECT,13,58100,1592
N10000_K1_UNIFORM_100,10000,9500,1,950000,PREFIX_BINARY,SELECT,14,65301,1592
N10000_K1_UNIFORM_100,10000,9500,1,950000,PREFIX_BINARY,SELECT,15,53400,1592
N10000_K1_UNIFORM_100,10000,9500,1,950000,PREFIX_BINARY,SELECT,16,40200,1592
N10000_K1_UNIFORM_100,10000,9500,1,950000,PREFIX_BINARY,SELECT,17,93199,1592
N10000_K1_UNIFORM_100,10000,9500,1,950000,PREFIX_BINARY,SELECT,18,41301,1592
N10000_K1_UNIFORM_100,10000,9500,1,950000,PREFIX_BINARY,SELECT,19,42900,1592
N10000_K1_UNIFORM_100,10000,9500,1,950000,PREFIX_BINARY,TOTAL,0,4884600,842904
N10000_K1_UNIFORM_100,10000,9500,1,950000,PREFIX_BINARY,TOTAL,1,4033201,842904
N10000_K1_UNIFORM_100,10000,9500,1,950000,PREFIX_BINARY,TOTAL,2,5489600,842904
N10000_K1_UNIFORM_100,10000,9500,1,950000,PREFIX_BINARY,TOTAL,3,5762600,842904
N10000_K1_UNIFORM_100,10000,9500,1,950000,PREFIX_BINARY,TOTAL,4,7001700,843288
N10000_K1_UNIFORM_100,10000,9500,1,950000,PREFIX_BINARY,TOTAL,5,5653899,842904
N10000_K1_UNIFORM_100,10000,9500,1,950000,PREFIX_BINARY,TOTAL,6,5376199,842904
N10000_K1_UNIFORM_100,10000,9500,1,950000,PREFIX_BINARY,TOTAL,7,4871500,842904
N10000_K1_UNIFORM_100,10000,9500,1,950000,PREFIX_BINARY,TOTAL,8,4538000,842904
N10000_K1_UNIFORM_100,10000,9500,1,950000,PREFIX_BINARY,TOTAL,9,4831400,842904
N10000_K1_UNIFORM_100,10000,9500,1,950000,PREFIX_BINARY,TOTAL,10,5740399,842904
N10000_K1_UNIFORM_100,10000,9500,1,950000,PREFIX_BINARY,TOTAL,11,5268899,842904
N10000_K1_UNIFORM_100,10000,9500,1,950000,PREFIX_BINARY,TOTAL,12,3931600,842904
N10000_K1_UNIFORM_100,10000,9500,1,950000,PREFIX_BINARY,TOTAL,13,5274901,842904
N10000_K1_UNIFORM_100,10000,9500,1,950000,PREFIX_BINARY,TOTAL,14,5632700,842904
N10000_K1_UNIFORM_100,10000,9500,1,950000,PREFIX_BINARY,TOTAL,15,5087399,842904
N10000_K1_UNIFORM_100,10000,9500,1,950000,PREFIX_BINARY,TOTAL,16,5558100,842904
N10000_K1_UNIFORM_100,10000,9500,1,950000,PREFIX_BINARY,TOTAL,17,4546301,842904
N10000_K1_UNIFORM_100,10000,9500,1,950000,PREFIX_BINARY,TOTAL,18,3901800,842904
N10000_K1_UNIFORM_100,10000,9500,1,950000,PREFIX_BINARY,TOTAL,19,5447200,842904
N10000_K1_UNIFORM_100,10000,9500,1,950000,FENWICK,NORMALIZE,0,5761500,689248
N10000_K1_UNIFORM_100,10000,9500,1,950000,FENWICK,NORMALIZE,1,5210599,689248
N10000_K1_UNIFORM_100,10000,9500,1,950000,FENWICK,NORMALIZE,2,5524600,689248
N10000_K1_UNIFORM_100,10000,9500,1,950000,FENWICK,NORMALIZE,3,5130701,689248
N10000_K1_UNIFORM_100,10000,9500,1,950000,FENWICK,NORMALIZE,4,5640599,689248
N10000_K1_UNIFORM_100,10000,9500,1,950000,FENWICK,NORMALIZE,5,5505901,689248
N10000_K1_UNIFORM_100,10000,9500,1,950000,FENWICK,NORMALIZE,6,5446000,689248
N10000_K1_UNIFORM_100,10000,9500,1,950000,FENWICK,NORMALIZE,7,5140600,689248
N10000_K1_UNIFORM_100,10000,9500,1,950000,FENWICK,NORMALIZE,8,5508600,689248
N10000_K1_UNIFORM_100,10000,9500,1,950000,FENWICK,NORMALIZE,9,5686000,689248
N10000_K1_UNIFORM_100,10000,9500,1,950000,FENWICK,NORMALIZE,10,5596600,689248
N10000_K1_UNIFORM_100,10000,9500,1,950000,FENWICK,NORMALIZE,11,5544900,689248
N10000_K1_UNIFORM_100,10000,9500,1,950000,FENWICK,NORMALIZE,12,4953800,689248
N10000_K1_UNIFORM_100,10000,9500,1,950000,FENWICK,NORMALIZE,13,5417401,689248
N10000_K1_UNIFORM_100,10000,9500,1,950000,FENWICK,NORMALIZE,14,5345901,689248
N10000_K1_UNIFORM_100,10000,9500,1,950000,FENWICK,NORMALIZE,15,5390800,689248
N10000_K1_UNIFORM_100,10000,9500,1,950000,FENWICK,NORMALIZE,16,5246000,689248
N10000_K1_UNIFORM_100,10000,9500,1,950000,FENWICK,NORMALIZE,17,5148201,689248
N10000_K1_UNIFORM_100,10000,9500,1,950000,FENWICK,NORMALIZE,18,5352300,689248
N10000_K1_UNIFORM_100,10000,9500,1,950000,FENWICK,NORMALIZE,19,5562001,689248
N10000_K1_UNIFORM_100,10000,9500,1,950000,FENWICK,BUILD,0,153200,152136
N10000_K1_UNIFORM_100,10000,9500,1,950000,FENWICK,BUILD,1,148600,152136
N10000_K1_UNIFORM_100,10000,9500,1,950000,FENWICK,BUILD,2,154101,152136
N10000_K1_UNIFORM_100,10000,9500,1,950000,FENWICK,BUILD,3,151600,152136
N10000_K1_UNIFORM_100,10000,9500,1,950000,FENWICK,BUILD,4,170301,152136
N10000_K1_UNIFORM_100,10000,9500,1,950000,FENWICK,BUILD,5,149300,152136
N10000_K1_UNIFORM_100,10000,9500,1,950000,FENWICK,BUILD,6,174200,152136
N10000_K1_UNIFORM_100,10000,9500,1,950000,FENWICK,BUILD,7,149299,152136
N10000_K1_UNIFORM_100,10000,9500,1,950000,FENWICK,BUILD,8,160300,152136
N10000_K1_UNIFORM_100,10000,9500,1,950000,FENWICK,BUILD,9,147900,152136
N10000_K1_UNIFORM_100,10000,9500,1,950000,FENWICK,BUILD,10,89500,152136
N10000_K1_UNIFORM_100,10000,9500,1,950000,FENWICK,BUILD,11,100900,152136
N10000_K1_UNIFORM_100,10000,9500,1,950000,FENWICK,BUILD,12,104300,152136
N10000_K1_UNIFORM_100,10000,9500,1,950000,FENWICK,BUILD,13,84599,152136
N10000_K1_UNIFORM_100,10000,9500,1,950000,FENWICK,BUILD,14,84300,152136
N10000_K1_UNIFORM_100,10000,9500,1,950000,FENWICK,BUILD,15,98000,152136
N10000_K1_UNIFORM_100,10000,9500,1,950000,FENWICK,BUILD,16,155500,152136
N10000_K1_UNIFORM_100,10000,9500,1,950000,FENWICK,BUILD,17,142500,152136
N10000_K1_UNIFORM_100,10000,9500,1,950000,FENWICK,BUILD,18,95599,152136
N10000_K1_UNIFORM_100,10000,9500,1,950000,FENWICK,BUILD,19,145400,152136
N10000_K1_UNIFORM_100,10000,9500,1,950000,FENWICK,SELECT,0,30399,1592
N10000_K1_UNIFORM_100,10000,9500,1,950000,FENWICK,SELECT,1,26500,1592
N10000_K1_UNIFORM_100,10000,9500,1,950000,FENWICK,SELECT,2,38100,1592
N10000_K1_UNIFORM_100,10000,9500,1,950000,FENWICK,SELECT,3,25600,1592
N10000_K1_UNIFORM_100,10000,9500,1,950000,FENWICK,SELECT,4,40100,1592
N10000_K1_UNIFORM_100,10000,9500,1,950000,FENWICK,SELECT,5,27400,1592
N10000_K1_UNIFORM_100,10000,9500,1,950000,FENWICK,SELECT,6,27000,1592
N10000_K1_UNIFORM_100,10000,9500,1,950000,FENWICK,SELECT,7,76700,1592
N10000_K1_UNIFORM_100,10000,9500,1,950000,FENWICK,SELECT,8,37400,1592
N10000_K1_UNIFORM_100,10000,9500,1,950000,FENWICK,SELECT,9,29300,1592
N10000_K1_UNIFORM_100,10000,9500,1,950000,FENWICK,SELECT,10,34600,1592
N10000_K1_UNIFORM_100,10000,9500,1,950000,FENWICK,SELECT,11,28799,1592
N10000_K1_UNIFORM_100,10000,9500,1,950000,FENWICK,SELECT,12,30300,1592
N10000_K1_UNIFORM_100,10000,9500,1,950000,FENWICK,SELECT,13,43500,1592
N10000_K1_UNIFORM_100,10000,9500,1,950000,FENWICK,SELECT,14,29301,1592
N10000_K1_UNIFORM_100,10000,9500,1,950000,FENWICK,SELECT,15,33999,1592
N10000_K1_UNIFORM_100,10000,9500,1,950000,FENWICK,SELECT,16,33199,1592
N10000_K1_UNIFORM_100,10000,9500,1,950000,FENWICK,SELECT,17,41000,1592
N10000_K1_UNIFORM_100,10000,9500,1,950000,FENWICK,SELECT,18,41300,1592
N10000_K1_UNIFORM_100,10000,9500,1,950000,FENWICK,SELECT,19,44701,1592
N10000_K1_UNIFORM_100,10000,9500,1,950000,FENWICK,TOTAL,0,5907299,842976
N10000_K1_UNIFORM_100,10000,9500,1,950000,FENWICK,TOTAL,1,5278200,842976
N10000_K1_UNIFORM_100,10000,9500,1,950000,FENWICK,TOTAL,2,5587200,842976
N10000_K1_UNIFORM_100,10000,9500,1,950000,FENWICK,TOTAL,3,5678700,842976
N10000_K1_UNIFORM_100,10000,9500,1,950000,FENWICK,TOTAL,4,5271001,842976
N10000_K1_UNIFORM_100,10000,9500,1,950000,FENWICK,TOTAL,5,5620700,842976
N10000_K1_UNIFORM_100,10000,9500,1,950000,FENWICK,TOTAL,6,5493000,842976
N10000_K1_UNIFORM_100,10000,9500,1,950000,FENWICK,TOTAL,7,5360899,842976
N10000_K1_UNIFORM_100,10000,9500,1,950000,FENWICK,TOTAL,8,5778600,842976
N10000_K1_UNIFORM_100,10000,9500,1,950000,FENWICK,TOTAL,9,5695100,842976
N10000_K1_UNIFORM_100,10000,9500,1,950000,FENWICK,TOTAL,10,5628500,842976
N10000_K1_UNIFORM_100,10000,9500,1,950000,FENWICK,TOTAL,11,5974699,842976
N10000_K1_UNIFORM_100,10000,9500,1,950000,FENWICK,TOTAL,12,5681701,842976
N10000_K1_UNIFORM_100,10000,9500,1,950000,FENWICK,TOTAL,13,5668300,842976
N10000_K1_UNIFORM_100,10000,9500,1,950000,FENWICK,TOTAL,14,5667601,842976
N10000_K1_UNIFORM_100,10000,9500,1,950000,FENWICK,TOTAL,15,5057601,842976
N10000_K1_UNIFORM_100,10000,9500,1,950000,FENWICK,TOTAL,16,5266400,842976
N10000_K1_UNIFORM_100,10000,9500,1,950000,FENWICK,TOTAL,17,5983300,842976
N10000_K1_UNIFORM_100,10000,9500,1,950000,FENWICK,TOTAL,18,5804300,842976
N10000_K1_UNIFORM_100,10000,9500,1,950000,FENWICK,TOTAL,19,5647800,842976
N10000_K95_UNIFORM_100,10000,9500,95,950000,TICKET_ARRAY,NORMALIZE,0,4001900,689248
N10000_K95_UNIFORM_100,10000,9500,95,950000,TICKET_ARRAY,NORMALIZE,1,5802300,689248
N10000_K95_UNIFORM_100,10000,9500,95,950000,TICKET_ARRAY,NORMALIZE,2,5521500,689248
N10000_K95_UNIFORM_100,10000,9500,95,950000,TICKET_ARRAY,NORMALIZE,3,5464001,689248
N10000_K95_UNIFORM_100,10000,9500,95,950000,TICKET_ARRAY,NORMALIZE,4,4940799,689248
N10000_K95_UNIFORM_100,10000,9500,95,950000,TICKET_ARRAY,NORMALIZE,5,5337800,689248
N10000_K95_UNIFORM_100,10000,9500,95,950000,TICKET_ARRAY,NORMALIZE,6,5327600,689248
N10000_K95_UNIFORM_100,10000,9500,95,950000,TICKET_ARRAY,NORMALIZE,7,4835099,689248
N10000_K95_UNIFORM_100,10000,9500,95,950000,TICKET_ARRAY,NORMALIZE,8,3781000,689248
N10000_K95_UNIFORM_100,10000,9500,95,950000,TICKET_ARRAY,NORMALIZE,9,4047100,689248
N10000_K95_UNIFORM_100,10000,9500,95,950000,TICKET_ARRAY,NORMALIZE,10,4404300,689248
N10000_K95_UNIFORM_100,10000,9500,95,950000,TICKET_ARRAY,NORMALIZE,11,5392399,689248
N10000_K95_UNIFORM_100,10000,9500,95,950000,TICKET_ARRAY,NORMALIZE,12,3897500,689248
N10000_K95_UNIFORM_100,10000,9500,95,950000,TICKET_ARRAY,NORMALIZE,13,4745401,689248
N10000_K95_UNIFORM_100,10000,9500,95,950000,TICKET_ARRAY,NORMALIZE,14,5586900,689248
N10000_K95_UNIFORM_100,10000,9500,95,950000,TICKET_ARRAY,NORMALIZE,15,5528599,689248
N10000_K95_UNIFORM_100,10000,9500,95,950000,TICKET_ARRAY,NORMALIZE,16,5363699,689248
N10000_K95_UNIFORM_100,10000,9500,95,950000,TICKET_ARRAY,NORMALIZE,17,4889599,689248
N10000_K95_UNIFORM_100,10000,9500,95,950000,TICKET_ARRAY,NORMALIZE,18,3897600,689248
N10000_K95_UNIFORM_100,10000,9500,95,950000,TICKET_ARRAY,NORMALIZE,19,3828099,689248
N10000_K95_UNIFORM_100,10000,9500,95,950000,TICKET_ARRAY,BUILD,0,1834201,3800040
N10000_K95_UNIFORM_100,10000,9500,95,950000,TICKET_ARRAY,BUILD,1,1781301,3800040
N10000_K95_UNIFORM_100,10000,9500,95,950000,TICKET_ARRAY,BUILD,2,1057801,3800040
N10000_K95_UNIFORM_100,10000,9500,95,950000,TICKET_ARRAY,BUILD,3,1836801,3800040
N10000_K95_UNIFORM_100,10000,9500,95,950000,TICKET_ARRAY,BUILD,4,1822401,3800040
N10000_K95_UNIFORM_100,10000,9500,95,950000,TICKET_ARRAY,BUILD,5,1749199,3800040
N10000_K95_UNIFORM_100,10000,9500,95,950000,TICKET_ARRAY,BUILD,6,1924199,3800040
N10000_K95_UNIFORM_100,10000,9500,95,950000,TICKET_ARRAY,BUILD,7,1825399,3800040
N10000_K95_UNIFORM_100,10000,9500,95,950000,TICKET_ARRAY,BUILD,8,1749400,3800040
N10000_K95_UNIFORM_100,10000,9500,95,950000,TICKET_ARRAY,BUILD,9,1677700,3800040
N10000_K95_UNIFORM_100,10000,9500,95,950000,TICKET_ARRAY,BUILD,10,1806999,3800040
N10000_K95_UNIFORM_100,10000,9500,95,950000,TICKET_ARRAY,BUILD,11,1690800,3800040
N10000_K95_UNIFORM_100,10000,9500,95,950000,TICKET_ARRAY,BUILD,12,1655000,3800040
N10000_K95_UNIFORM_100,10000,9500,95,950000,TICKET_ARRAY,BUILD,13,1720800,3800040
N10000_K95_UNIFORM_100,10000,9500,95,950000,TICKET_ARRAY,BUILD,14,1724800,3800040
N10000_K95_UNIFORM_100,10000,9500,95,950000,TICKET_ARRAY,BUILD,15,1796700,3800040
N10000_K95_UNIFORM_100,10000,9500,95,950000,TICKET_ARRAY,BUILD,16,1700499,3800040
N10000_K95_UNIFORM_100,10000,9500,95,950000,TICKET_ARRAY,BUILD,17,1114500,3800040
N10000_K95_UNIFORM_100,10000,9500,95,950000,TICKET_ARRAY,BUILD,18,1958000,3800040
N10000_K95_UNIFORM_100,10000,9500,95,950000,TICKET_ARRAY,BUILD,19,1161100,3800040
N10000_K95_UNIFORM_100,10000,9500,95,950000,TICKET_ARRAY,SELECT,0,80803599,17568
N10000_K95_UNIFORM_100,10000,9500,95,950000,TICKET_ARRAY,SELECT,1,68965700,17568
N10000_K95_UNIFORM_100,10000,9500,95,950000,TICKET_ARRAY,SELECT,2,84351199,17568
N10000_K95_UNIFORM_100,10000,9500,95,950000,TICKET_ARRAY,SELECT,3,77148499,17568
N10000_K95_UNIFORM_100,10000,9500,95,950000,TICKET_ARRAY,SELECT,4,73308200,17568
N10000_K95_UNIFORM_100,10000,9500,95,950000,TICKET_ARRAY,SELECT,5,76572700,17568
N10000_K95_UNIFORM_100,10000,9500,95,950000,TICKET_ARRAY,SELECT,6,74509500,17568
N10000_K95_UNIFORM_100,10000,9500,95,950000,TICKET_ARRAY,SELECT,7,82398100,17568
N10000_K95_UNIFORM_100,10000,9500,95,950000,TICKET_ARRAY,SELECT,8,76574500,17568
N10000_K95_UNIFORM_100,10000,9500,95,950000,TICKET_ARRAY,SELECT,9,76671900,17568
N10000_K95_UNIFORM_100,10000,9500,95,950000,TICKET_ARRAY,SELECT,10,83446700,17568
N10000_K95_UNIFORM_100,10000,9500,95,950000,TICKET_ARRAY,SELECT,11,78726700,17568
N10000_K95_UNIFORM_100,10000,9500,95,950000,TICKET_ARRAY,SELECT,12,83251899,17568
N10000_K95_UNIFORM_100,10000,9500,95,950000,TICKET_ARRAY,SELECT,13,83282300,17568
N10000_K95_UNIFORM_100,10000,9500,95,950000,TICKET_ARRAY,SELECT,14,83174899,17568
N10000_K95_UNIFORM_100,10000,9500,95,950000,TICKET_ARRAY,SELECT,15,84030601,17568
N10000_K95_UNIFORM_100,10000,9500,95,950000,TICKET_ARRAY,SELECT,16,80056000,17568
N10000_K95_UNIFORM_100,10000,9500,95,950000,TICKET_ARRAY,SELECT,17,75939000,17568
N10000_K95_UNIFORM_100,10000,9500,95,950000,TICKET_ARRAY,SELECT,18,79946201,17568
N10000_K95_UNIFORM_100,10000,9500,95,950000,TICKET_ARRAY,SELECT,19,78475501,17568
N10000_K95_UNIFORM_100,10000,9500,95,950000,TICKET_ARRAY,TOTAL,0,86531899,4506856
N10000_K95_UNIFORM_100,10000,9500,95,950000,TICKET_ARRAY,TOTAL,1,83439200,4506856
N10000_K95_UNIFORM_100,10000,9500,95,950000,TICKET_ARRAY,TOTAL,2,90496500,4506856
N10000_K95_UNIFORM_100,10000,9500,95,950000,TICKET_ARRAY,TOTAL,3,81827600,4506856
N10000_K95_UNIFORM_100,10000,9500,95,950000,TICKET_ARRAY,TOTAL,4,92616799,4506856
N10000_K95_UNIFORM_100,10000,9500,95,950000,TICKET_ARRAY,TOTAL,5,76931800,4506856
N10000_K95_UNIFORM_100,10000,9500,95,950000,TICKET_ARRAY,TOTAL,6,79342000,4506856
N10000_K95_UNIFORM_100,10000,9500,95,950000,TICKET_ARRAY,TOTAL,7,78415700,4506856
N10000_K95_UNIFORM_100,10000,9500,95,950000,TICKET_ARRAY,TOTAL,8,82311499,4506856
N10000_K95_UNIFORM_100,10000,9500,95,950000,TICKET_ARRAY,TOTAL,9,93509701,4506856
N10000_K95_UNIFORM_100,10000,9500,95,950000,TICKET_ARRAY,TOTAL,10,95616300,4506856
N10000_K95_UNIFORM_100,10000,9500,95,950000,TICKET_ARRAY,TOTAL,11,97443300,4506856
N10000_K95_UNIFORM_100,10000,9500,95,950000,TICKET_ARRAY,TOTAL,12,86989000,4506856
N10000_K95_UNIFORM_100,10000,9500,95,950000,TICKET_ARRAY,TOTAL,13,88875400,4506856
N10000_K95_UNIFORM_100,10000,9500,95,950000,TICKET_ARRAY,TOTAL,14,91394600,4506856
N10000_K95_UNIFORM_100,10000,9500,95,950000,TICKET_ARRAY,TOTAL,15,86356900,4506856
N10000_K95_UNIFORM_100,10000,9500,95,950000,TICKET_ARRAY,TOTAL,16,87138799,4506856
N10000_K95_UNIFORM_100,10000,9500,95,950000,TICKET_ARRAY,TOTAL,17,81379200,4506856
N10000_K95_UNIFORM_100,10000,9500,95,950000,TICKET_ARRAY,TOTAL,18,86306700,4506856
N10000_K95_UNIFORM_100,10000,9500,95,950000,TICKET_ARRAY,TOTAL,19,85676800,4506856
N10000_K95_UNIFORM_100,10000,9500,95,950000,PREFIX_LINEAR,NORMALIZE,0,5640700,689248
N10000_K95_UNIFORM_100,10000,9500,95,950000,PREFIX_LINEAR,NORMALIZE,1,5868301,689248
N10000_K95_UNIFORM_100,10000,9500,95,950000,PREFIX_LINEAR,NORMALIZE,2,5270800,689248
N10000_K95_UNIFORM_100,10000,9500,95,950000,PREFIX_LINEAR,NORMALIZE,3,5556400,689248
N10000_K95_UNIFORM_100,10000,9500,95,950000,PREFIX_LINEAR,NORMALIZE,4,5600399,689248
N10000_K95_UNIFORM_100,10000,9500,95,950000,PREFIX_LINEAR,NORMALIZE,5,5585800,689248
N10000_K95_UNIFORM_100,10000,9500,95,950000,PREFIX_LINEAR,NORMALIZE,6,5658600,689248
N10000_K95_UNIFORM_100,10000,9500,95,950000,PREFIX_LINEAR,NORMALIZE,7,5992500,689248
N10000_K95_UNIFORM_100,10000,9500,95,950000,PREFIX_LINEAR,NORMALIZE,8,5792200,689248
N10000_K95_UNIFORM_100,10000,9500,95,950000,PREFIX_LINEAR,NORMALIZE,9,5395700,689248
N10000_K95_UNIFORM_100,10000,9500,95,950000,PREFIX_LINEAR,NORMALIZE,10,5561800,689248
N10000_K95_UNIFORM_100,10000,9500,95,950000,PREFIX_LINEAR,NORMALIZE,11,5596600,689248
N10000_K95_UNIFORM_100,10000,9500,95,950000,PREFIX_LINEAR,NORMALIZE,12,5606500,689248
N10000_K95_UNIFORM_100,10000,9500,95,950000,PREFIX_LINEAR,NORMALIZE,13,5553700,689248
N10000_K95_UNIFORM_100,10000,9500,95,950000,PREFIX_LINEAR,NORMALIZE,14,5484801,689248
N10000_K95_UNIFORM_100,10000,9500,95,950000,PREFIX_LINEAR,NORMALIZE,15,5722901,689248
N10000_K95_UNIFORM_100,10000,9500,95,950000,PREFIX_LINEAR,NORMALIZE,16,5817200,689248
N10000_K95_UNIFORM_100,10000,9500,95,950000,PREFIX_LINEAR,NORMALIZE,17,5189500,689248
N10000_K95_UNIFORM_100,10000,9500,95,950000,PREFIX_LINEAR,NORMALIZE,18,5656200,689248
N10000_K95_UNIFORM_100,10000,9500,95,950000,PREFIX_LINEAR,NORMALIZE,19,4195800,689248
N10000_K95_UNIFORM_100,10000,9500,95,950000,PREFIX_LINEAR,BUILD,0,66799,152064
N10000_K95_UNIFORM_100,10000,9500,95,950000,PREFIX_LINEAR,BUILD,1,53700,152064
N10000_K95_UNIFORM_100,10000,9500,95,950000,PREFIX_LINEAR,BUILD,2,115900,152064
N10000_K95_UNIFORM_100,10000,9500,95,950000,PREFIX_LINEAR,BUILD,3,61100,152064
N10000_K95_UNIFORM_100,10000,9500,95,950000,PREFIX_LINEAR,BUILD,4,66799,152064
N10000_K95_UNIFORM_100,10000,9500,95,950000,PREFIX_LINEAR,BUILD,5,50000,152064
N10000_K95_UNIFORM_100,10000,9500,95,950000,PREFIX_LINEAR,BUILD,6,53700,152064
N10000_K95_UNIFORM_100,10000,9500,95,950000,PREFIX_LINEAR,BUILD,7,56299,152064
N10000_K95_UNIFORM_100,10000,9500,95,950000,PREFIX_LINEAR,BUILD,8,51600,152064
N10000_K95_UNIFORM_100,10000,9500,95,950000,PREFIX_LINEAR,BUILD,9,74600,152064
N10000_K95_UNIFORM_100,10000,9500,95,950000,PREFIX_LINEAR,BUILD,10,51900,152064
N10000_K95_UNIFORM_100,10000,9500,95,950000,PREFIX_LINEAR,BUILD,11,49501,152064
N10000_K95_UNIFORM_100,10000,9500,95,950000,PREFIX_LINEAR,BUILD,12,61800,152064
N10000_K95_UNIFORM_100,10000,9500,95,950000,PREFIX_LINEAR,BUILD,13,54300,152064
N10000_K95_UNIFORM_100,10000,9500,95,950000,PREFIX_LINEAR,BUILD,14,55100,152064
N10000_K95_UNIFORM_100,10000,9500,95,950000,PREFIX_LINEAR,BUILD,15,68100,152064
N10000_K95_UNIFORM_100,10000,9500,95,950000,PREFIX_LINEAR,BUILD,16,56799,152064
N10000_K95_UNIFORM_100,10000,9500,95,950000,PREFIX_LINEAR,BUILD,17,59801,152064
N10000_K95_UNIFORM_100,10000,9500,95,950000,PREFIX_LINEAR,BUILD,18,55701,152064
N10000_K95_UNIFORM_100,10000,9500,95,950000,PREFIX_LINEAR,BUILD,19,67499,152064
N10000_K95_UNIFORM_100,10000,9500,95,950000,PREFIX_LINEAR,SELECT,0,314999,17568
N10000_K95_UNIFORM_100,10000,9500,95,950000,PREFIX_LINEAR,SELECT,1,488200,17568
N10000_K95_UNIFORM_100,10000,9500,95,950000,PREFIX_LINEAR,SELECT,2,247099,17568
N10000_K95_UNIFORM_100,10000,9500,95,950000,PREFIX_LINEAR,SELECT,3,291800,17568
N10000_K95_UNIFORM_100,10000,9500,95,950000,PREFIX_LINEAR,SELECT,4,265901,17568
N10000_K95_UNIFORM_100,10000,9500,95,950000,PREFIX_LINEAR,SELECT,5,277101,17568
N10000_K95_UNIFORM_100,10000,9500,95,950000,PREFIX_LINEAR,SELECT,6,438199,17568
N10000_K95_UNIFORM_100,10000,9500,95,950000,PREFIX_LINEAR,SELECT,7,271199,17568
N10000_K95_UNIFORM_100,10000,9500,95,950000,PREFIX_LINEAR,SELECT,8,510400,17568
N10000_K95_UNIFORM_100,10000,9500,95,950000,PREFIX_LINEAR,SELECT,9,535000,17568
N10000_K95_UNIFORM_100,10000,9500,95,950000,PREFIX_LINEAR,SELECT,10,503101,17568
N10000_K95_UNIFORM_100,10000,9500,95,950000,PREFIX_LINEAR,SELECT,11,516401,17568
N10000_K95_UNIFORM_100,10000,9500,95,950000,PREFIX_LINEAR,SELECT,12,449700,17568
N10000_K95_UNIFORM_100,10000,9500,95,950000,PREFIX_LINEAR,SELECT,13,257100,17568
N10000_K95_UNIFORM_100,10000,9500,95,950000,PREFIX_LINEAR,SELECT,14,506900,17568
N10000_K95_UNIFORM_100,10000,9500,95,950000,PREFIX_LINEAR,SELECT,15,497400,17568
N10000_K95_UNIFORM_100,10000,9500,95,950000,PREFIX_LINEAR,SELECT,16,257399,17568
N10000_K95_UNIFORM_100,10000,9500,95,950000,PREFIX_LINEAR,SELECT,17,253100,17568
N10000_K95_UNIFORM_100,10000,9500,95,950000,PREFIX_LINEAR,SELECT,18,538100,17568
N10000_K95_UNIFORM_100,10000,9500,95,950000,PREFIX_LINEAR,SELECT,19,508400,17568
N10000_K95_UNIFORM_100,10000,9500,95,950000,PREFIX_LINEAR,TOTAL,0,6119300,858880
N10000_K95_UNIFORM_100,10000,9500,95,950000,PREFIX_LINEAR,TOTAL,1,5439600,858880
N10000_K95_UNIFORM_100,10000,9500,95,950000,PREFIX_LINEAR,TOTAL,2,6112800,858880
N10000_K95_UNIFORM_100,10000,9500,95,950000,PREFIX_LINEAR,TOTAL,3,6036100,858880
N10000_K95_UNIFORM_100,10000,9500,95,950000,PREFIX_LINEAR,TOTAL,4,5956100,858880
N10000_K95_UNIFORM_100,10000,9500,95,950000,PREFIX_LINEAR,TOTAL,5,6194499,858880
N10000_K95_UNIFORM_100,10000,9500,95,950000,PREFIX_LINEAR,TOTAL,6,5829099,858880
N10000_K95_UNIFORM_100,10000,9500,95,950000,PREFIX_LINEAR,TOTAL,7,5241000,858880
N10000_K95_UNIFORM_100,10000,9500,95,950000,PREFIX_LINEAR,TOTAL,8,6093100,858880
N10000_K95_UNIFORM_100,10000,9500,95,950000,PREFIX_LINEAR,TOTAL,9,5990000,858880
N10000_K95_UNIFORM_100,10000,9500,95,950000,PREFIX_LINEAR,TOTAL,10,6315901,858880
N10000_K95_UNIFORM_100,10000,9500,95,950000,PREFIX_LINEAR,TOTAL,11,6530299,858880
N10000_K95_UNIFORM_100,10000,9500,95,950000,PREFIX_LINEAR,TOTAL,12,5899101,858880
N10000_K95_UNIFORM_100,10000,9500,95,950000,PREFIX_LINEAR,TOTAL,13,6329000,858880
N10000_K95_UNIFORM_100,10000,9500,95,950000,PREFIX_LINEAR,TOTAL,14,5992600,858880
N10000_K95_UNIFORM_100,10000,9500,95,950000,PREFIX_LINEAR,TOTAL,15,6086100,858880
N10000_K95_UNIFORM_100,10000,9500,95,950000,PREFIX_LINEAR,TOTAL,16,5725800,858880
N10000_K95_UNIFORM_100,10000,9500,95,950000,PREFIX_LINEAR,TOTAL,17,6193700,858880
N10000_K95_UNIFORM_100,10000,9500,95,950000,PREFIX_LINEAR,TOTAL,18,6363501,858880
N10000_K95_UNIFORM_100,10000,9500,95,950000,PREFIX_LINEAR,TOTAL,19,6121000,858880
N10000_K95_UNIFORM_100,10000,9500,95,950000,PREFIX_BINARY,NORMALIZE,0,5579601,689248
N10000_K95_UNIFORM_100,10000,9500,95,950000,PREFIX_BINARY,NORMALIZE,1,5473400,689248
N10000_K95_UNIFORM_100,10000,9500,95,950000,PREFIX_BINARY,NORMALIZE,2,4991100,689248
N10000_K95_UNIFORM_100,10000,9500,95,950000,PREFIX_BINARY,NORMALIZE,3,5635801,689248
N10000_K95_UNIFORM_100,10000,9500,95,950000,PREFIX_BINARY,NORMALIZE,4,5572800,689248
N10000_K95_UNIFORM_100,10000,9500,95,950000,PREFIX_BINARY,NORMALIZE,5,5572300,689248
N10000_K95_UNIFORM_100,10000,9500,95,950000,PREFIX_BINARY,NORMALIZE,6,5082100,689248
N10000_K95_UNIFORM_100,10000,9500,95,950000,PREFIX_BINARY,NORMALIZE,7,5545899,689248
N10000_K95_UNIFORM_100,10000,9500,95,950000,PREFIX_BINARY,NORMALIZE,8,5208700,689248
N10000_K95_UNIFORM_100,10000,9500,95,950000,PREFIX_BINARY,NORMALIZE,9,5294299,689248
N10000_K95_UNIFORM_100,10000,9500,95,950000,PREFIX_BINARY,NORMALIZE,10,5550500,689248
N10000_K95_UNIFORM_100,10000,9500,95,950000,PREFIX_BINARY,NORMALIZE,11,5587701,689248
N10000_K95_UNIFORM_100,10000,9500,95,950000,PREFIX_BINARY,NORMALIZE,12,5728301,689248
N10000_K95_UNIFORM_100,10000,9500,95,950000,PREFIX_BINARY,NORMALIZE,13,5886901,689248
N10000_K95_UNIFORM_100,10000,9500,95,950000,PREFIX_BINARY,NORMALIZE,14,5828599,689248
N10000_K95_UNIFORM_100,10000,9500,95,950000,PREFIX_BINARY,NORMALIZE,15,5394901,689248
N10000_K95_UNIFORM_100,10000,9500,95,950000,PREFIX_BINARY,NORMALIZE,16,4897100,689248
N10000_K95_UNIFORM_100,10000,9500,95,950000,PREFIX_BINARY,NORMALIZE,17,4934001,689248
N10000_K95_UNIFORM_100,10000,9500,95,950000,PREFIX_BINARY,NORMALIZE,18,5044200,689248
N10000_K95_UNIFORM_100,10000,9500,95,950000,PREFIX_BINARY,NORMALIZE,19,4980901,689248
N10000_K95_UNIFORM_100,10000,9500,95,950000,PREFIX_BINARY,BUILD,0,49900,152064
N10000_K95_UNIFORM_100,10000,9500,95,950000,PREFIX_BINARY,BUILD,1,37300,152064
N10000_K95_UNIFORM_100,10000,9500,95,950000,PREFIX_BINARY,BUILD,2,53100,152064
N10000_K95_UNIFORM_100,10000,9500,95,950000,PREFIX_BINARY,BUILD,3,50101,152064
N10000_K95_UNIFORM_100,10000,9500,95,950000,PREFIX_BINARY,BUILD,4,88000,152064
N10000_K95_UNIFORM_100,10000,9500,95,950000,PREFIX_BINARY,BUILD,5,35001,152064
N10000_K95_UNIFORM_100,10000,9500,95,950000,PREFIX_BINARY,BUILD,6,59600,152064
N10000_K95_UNIFORM_100,10000,9500,95,950000,PREFIX_BINARY,BUILD,7,50301,152064
N10000_K95_UNIFORM_100,10000,9500,95,950000,PREFIX_BINARY,BUILD,8,77300,152064
N10000_K95_UNIFORM_100,10000,9500,95,950000,PREFIX_BINARY,BUILD,9,65999,152064
N10000_K95_UNIFORM_100,10000,9500,95,950000,PREFIX_BINARY,BUILD,10,50899,152064
N10000_K95_UNIFORM_100,10000,9500,95,950000,PREFIX_BINARY,BUILD,11,36299,152064
N10000_K95_UNIFORM_100,10000,9500,95,950000,PREFIX_BINARY,BUILD,12,50700,152064
N10000_K95_UNIFORM_100,10000,9500,95,950000,PREFIX_BINARY,BUILD,13,50199,152064
N10000_K95_UNIFORM_100,10000,9500,95,950000,PREFIX_BINARY,BUILD,14,62599,152064
N10000_K95_UNIFORM_100,10000,9500,95,950000,PREFIX_BINARY,BUILD,15,67499,152064
N10000_K95_UNIFORM_100,10000,9500,95,950000,PREFIX_BINARY,BUILD,16,55500,152064
N10000_K95_UNIFORM_100,10000,9500,95,950000,PREFIX_BINARY,BUILD,17,63800,152064
N10000_K95_UNIFORM_100,10000,9500,95,950000,PREFIX_BINARY,BUILD,18,51201,152064
N10000_K95_UNIFORM_100,10000,9500,95,950000,PREFIX_BINARY,BUILD,19,65000,152064
N10000_K95_UNIFORM_100,10000,9500,95,950000,PREFIX_BINARY,SELECT,0,214300,17568
N10000_K95_UNIFORM_100,10000,9500,95,950000,PREFIX_BINARY,SELECT,1,312600,17568
N10000_K95_UNIFORM_100,10000,9500,95,950000,PREFIX_BINARY,SELECT,2,155700,17568
N10000_K95_UNIFORM_100,10000,9500,95,950000,PREFIX_BINARY,SELECT,3,213400,17568
N10000_K95_UNIFORM_100,10000,9500,95,950000,PREFIX_BINARY,SELECT,4,217500,17568
N10000_K95_UNIFORM_100,10000,9500,95,950000,PREFIX_BINARY,SELECT,5,213099,17568
N10000_K95_UNIFORM_100,10000,9500,95,950000,PREFIX_BINARY,SELECT,6,233100,17568
N10000_K95_UNIFORM_100,10000,9500,95,950000,PREFIX_BINARY,SELECT,7,207600,17568
N10000_K95_UNIFORM_100,10000,9500,95,950000,PREFIX_BINARY,SELECT,8,215700,17568
N10000_K95_UNIFORM_100,10000,9500,95,950000,PREFIX_BINARY,SELECT,9,232300,17568
N10000_K95_UNIFORM_100,10000,9500,95,950000,PREFIX_BINARY,SELECT,10,212499,17568
N10000_K95_UNIFORM_100,10000,9500,95,950000,PREFIX_BINARY,SELECT,11,223000,17568
N10000_K95_UNIFORM_100,10000,9500,95,950000,PREFIX_BINARY,SELECT,12,302901,17568
N10000_K95_UNIFORM_100,10000,9500,95,950000,PREFIX_BINARY,SELECT,13,221400,17568
N10000_K95_UNIFORM_100,10000,9500,95,950000,PREFIX_BINARY,SELECT,14,210799,17568
N10000_K95_UNIFORM_100,10000,9500,95,950000,PREFIX_BINARY,SELECT,15,213100,17568
N10000_K95_UNIFORM_100,10000,9500,95,950000,PREFIX_BINARY,SELECT,16,218599,17568
N10000_K95_UNIFORM_100,10000,9500,95,950000,PREFIX_BINARY,SELECT,17,228600,17568
N10000_K95_UNIFORM_100,10000,9500,95,950000,PREFIX_BINARY,SELECT,18,210200,17568
N10000_K95_UNIFORM_100,10000,9500,95,950000,PREFIX_BINARY,SELECT,19,210700,17568
N10000_K95_UNIFORM_100,10000,9500,95,950000,PREFIX_BINARY,TOTAL,0,5425201,858880
N10000_K95_UNIFORM_100,10000,9500,95,950000,PREFIX_BINARY,TOTAL,1,5766099,858880
N10000_K95_UNIFORM_100,10000,9500,95,950000,PREFIX_BINARY,TOTAL,2,5795100,858880
N10000_K95_UNIFORM_100,10000,9500,95,950000,PREFIX_BINARY,TOTAL,3,5794001,858880
N10000_K95_UNIFORM_100,10000,9500,95,950000,PREFIX_BINARY,TOTAL,4,6286599,858880
N10000_K95_UNIFORM_100,10000,9500,95,950000,PREFIX_BINARY,TOTAL,5,5918900,858880
N10000_K95_UNIFORM_100,10000,9500,95,950000,PREFIX_BINARY,TOTAL,6,5823700,858880
N10000_K95_UNIFORM_100,10000,9500,95,950000,PREFIX_BINARY,TOTAL,7,6193799,858880
N10000_K95_UNIFORM_100,10000,9500,95,950000,PREFIX_BINARY,TOTAL,8,5723799,858880
N10000_K95_UNIFORM_100,10000,9500,95,950000,PREFIX_BINARY,TOTAL,9,5721301,858880
N10000_K95_UNIFORM_100,10000,9500,95,950000,PREFIX_BINARY,TOTAL,10,6066501,858880
N10000_K95_UNIFORM_100,10000,9500,95,950000,PREFIX_BINARY,TOTAL,11,5816600,858880
N10000_K95_UNIFORM_100,10000,9500,95,950000,PREFIX_BINARY,TOTAL,12,4874800,858880
N10000_K95_UNIFORM_100,10000,9500,95,950000,PREFIX_BINARY,TOTAL,13,5484600,858880
N10000_K95_UNIFORM_100,10000,9500,95,950000,PREFIX_BINARY,TOTAL,14,5621601,858880
N10000_K95_UNIFORM_100,10000,9500,95,950000,PREFIX_BINARY,TOTAL,15,6111600,858880
N10000_K95_UNIFORM_100,10000,9500,95,950000,PREFIX_BINARY,TOTAL,16,5403599,858880
N10000_K95_UNIFORM_100,10000,9500,95,950000,PREFIX_BINARY,TOTAL,17,5805999,858880
N10000_K95_UNIFORM_100,10000,9500,95,950000,PREFIX_BINARY,TOTAL,18,5936399,858880
N10000_K95_UNIFORM_100,10000,9500,95,950000,PREFIX_BINARY,TOTAL,19,5925600,858880
N10000_K95_UNIFORM_100,10000,9500,95,950000,FENWICK,NORMALIZE,0,5490801,689248
N10000_K95_UNIFORM_100,10000,9500,95,950000,FENWICK,NORMALIZE,1,5441299,689248
N10000_K95_UNIFORM_100,10000,9500,95,950000,FENWICK,NORMALIZE,2,5316700,689248
N10000_K95_UNIFORM_100,10000,9500,95,950000,FENWICK,NORMALIZE,3,5575099,689248
N10000_K95_UNIFORM_100,10000,9500,95,950000,FENWICK,NORMALIZE,4,4809900,689248
N10000_K95_UNIFORM_100,10000,9500,95,950000,FENWICK,NORMALIZE,5,5399100,689248
N10000_K95_UNIFORM_100,10000,9500,95,950000,FENWICK,NORMALIZE,6,5403800,689248
N10000_K95_UNIFORM_100,10000,9500,95,950000,FENWICK,NORMALIZE,7,5495000,689248
N10000_K95_UNIFORM_100,10000,9500,95,950000,FENWICK,NORMALIZE,8,5327200,689248
N10000_K95_UNIFORM_100,10000,9500,95,950000,FENWICK,NORMALIZE,9,3775900,689248
N10000_K95_UNIFORM_100,10000,9500,95,950000,FENWICK,NORMALIZE,10,3638700,689248
N10000_K95_UNIFORM_100,10000,9500,95,950000,FENWICK,NORMALIZE,11,3835399,689248
N10000_K95_UNIFORM_100,10000,9500,95,950000,FENWICK,NORMALIZE,12,3674300,689248
N10000_K95_UNIFORM_100,10000,9500,95,950000,FENWICK,NORMALIZE,13,3773500,689248
N10000_K95_UNIFORM_100,10000,9500,95,950000,FENWICK,NORMALIZE,14,3726000,689248
N10000_K95_UNIFORM_100,10000,9500,95,950000,FENWICK,NORMALIZE,15,3610100,689248
N10000_K95_UNIFORM_100,10000,9500,95,950000,FENWICK,NORMALIZE,16,3615100,689248
N10000_K95_UNIFORM_100,10000,9500,95,950000,FENWICK,NORMALIZE,17,4263899,689248
N10000_K95_UNIFORM_100,10000,9500,95,950000,FENWICK,NORMALIZE,18,5834899,689248
N10000_K95_UNIFORM_100,10000,9500,95,950000,FENWICK,NORMALIZE,19,5542300,689248
N10000_K95_UNIFORM_100,10000,9500,95,950000,FENWICK,BUILD,0,100401,152136
N10000_K95_UNIFORM_100,10000,9500,95,950000,FENWICK,BUILD,1,101699,152136
N10000_K95_UNIFORM_100,10000,9500,95,950000,FENWICK,BUILD,2,92400,152136
N10000_K95_UNIFORM_100,10000,9500,95,950000,FENWICK,BUILD,3,91900,152136
N10000_K95_UNIFORM_100,10000,9500,95,950000,FENWICK,BUILD,4,155100,152136
N10000_K95_UNIFORM_100,10000,9500,95,950000,FENWICK,BUILD,5,152500,152136
N10000_K95_UNIFORM_100,10000,9500,95,950000,FENWICK,BUILD,6,156500,152136
N10000_K95_UNIFORM_100,10000,9500,95,950000,FENWICK,BUILD,7,166200,152136
N10000_K95_UNIFORM_100,10000,9500,95,950000,FENWICK,BUILD,8,100899,152136
N10000_K95_UNIFORM_100,10000,9500,95,950000,FENWICK,BUILD,9,88300,152136
N10000_K95_UNIFORM_100,10000,9500,95,950000,FENWICK,BUILD,10,148401,152136
N10000_K95_UNIFORM_100,10000,9500,95,950000,FENWICK,BUILD,11,112299,152136
N10000_K95_UNIFORM_100,10000,9500,95,950000,FENWICK,BUILD,12,160800,152136
N10000_K95_UNIFORM_100,10000,9500,95,950000,FENWICK,BUILD,13,147399,152136
N10000_K95_UNIFORM_100,10000,9500,95,950000,FENWICK,BUILD,14,196199,152136
N10000_K95_UNIFORM_100,10000,9500,95,950000,FENWICK,BUILD,15,151799,152136
N10000_K95_UNIFORM_100,10000,9500,95,950000,FENWICK,BUILD,16,151400,152136
N10000_K95_UNIFORM_100,10000,9500,95,950000,FENWICK,BUILD,17,99500,152136
N10000_K95_UNIFORM_100,10000,9500,95,950000,FENWICK,BUILD,18,94799,152136
N10000_K95_UNIFORM_100,10000,9500,95,950000,FENWICK,BUILD,19,180601,152136
N10000_K95_UNIFORM_100,10000,9500,95,950000,FENWICK,SELECT,0,85200,17568
N10000_K95_UNIFORM_100,10000,9500,95,950000,FENWICK,SELECT,1,93199,17568
N10000_K95_UNIFORM_100,10000,9500,95,950000,FENWICK,SELECT,2,129100,17568
N10000_K95_UNIFORM_100,10000,9500,95,950000,FENWICK,SELECT,3,88801,17568
N10000_K95_UNIFORM_100,10000,9500,95,950000,FENWICK,SELECT,4,96801,17568
N10000_K95_UNIFORM_100,10000,9500,95,950000,FENWICK,SELECT,5,89300,17568
N10000_K95_UNIFORM_100,10000,9500,95,950000,FENWICK,SELECT,6,105400,17568
N10000_K95_UNIFORM_100,10000,9500,95,950000,FENWICK,SELECT,7,92701,17568
N10000_K95_UNIFORM_100,10000,9500,95,950000,FENWICK,SELECT,8,91500,17568
N10000_K95_UNIFORM_100,10000,9500,95,950000,FENWICK,SELECT,9,100800,17568
N10000_K95_UNIFORM_100,10000,9500,95,950000,FENWICK,SELECT,10,85801,17568
N10000_K95_UNIFORM_100,10000,9500,95,950000,FENWICK,SELECT,11,127299,17568
N10000_K95_UNIFORM_100,10000,9500,95,950000,FENWICK,SELECT,12,187000,17568
N10000_K95_UNIFORM_100,10000,9500,95,950000,FENWICK,SELECT,13,98201,17568
N10000_K95_UNIFORM_100,10000,9500,95,950000,FENWICK,SELECT,14,101101,17568
N10000_K95_UNIFORM_100,10000,9500,95,950000,FENWICK,SELECT,15,104099,17568
N10000_K95_UNIFORM_100,10000,9500,95,950000,FENWICK,SELECT,16,124899,17568
N10000_K95_UNIFORM_100,10000,9500,95,950000,FENWICK,SELECT,17,66900,17568
N10000_K95_UNIFORM_100,10000,9500,95,950000,FENWICK,SELECT,18,54900,17568
N10000_K95_UNIFORM_100,10000,9500,95,950000,FENWICK,SELECT,19,49099,17568
N10000_K95_UNIFORM_100,10000,9500,95,950000,FENWICK,TOTAL,0,5762301,858952
N10000_K95_UNIFORM_100,10000,9500,95,950000,FENWICK,TOTAL,1,6207100,858952
N10000_K95_UNIFORM_100,10000,9500,95,950000,FENWICK,TOTAL,2,5902700,858952
N10000_K95_UNIFORM_100,10000,9500,95,950000,FENWICK,TOTAL,3,5786300,858952
N10000_K95_UNIFORM_100,10000,9500,95,950000,FENWICK,TOTAL,4,6319699,858952
N10000_K95_UNIFORM_100,10000,9500,95,950000,FENWICK,TOTAL,5,5793900,858952
N10000_K95_UNIFORM_100,10000,9500,95,950000,FENWICK,TOTAL,6,6224600,858952
N10000_K95_UNIFORM_100,10000,9500,95,950000,FENWICK,TOTAL,7,5889800,858952
N10000_K95_UNIFORM_100,10000,9500,95,950000,FENWICK,TOTAL,8,5830700,858952
N10000_K95_UNIFORM_100,10000,9500,95,950000,FENWICK,TOTAL,9,6216300,858952
N10000_K95_UNIFORM_100,10000,9500,95,950000,FENWICK,TOTAL,10,5829900,858952
N10000_K95_UNIFORM_100,10000,9500,95,950000,FENWICK,TOTAL,11,6140700,858952
N10000_K95_UNIFORM_100,10000,9500,95,950000,FENWICK,TOTAL,12,5998701,858952
N10000_K95_UNIFORM_100,10000,9500,95,950000,FENWICK,TOTAL,13,6108900,858952
N10000_K95_UNIFORM_100,10000,9500,95,950000,FENWICK,TOTAL,14,5716599,858952
N10000_K95_UNIFORM_100,10000,9500,95,950000,FENWICK,TOTAL,15,4960200,858952
N10000_K95_UNIFORM_100,10000,9500,95,950000,FENWICK,TOTAL,16,5049100,858952
N10000_K95_UNIFORM_100,10000,9500,95,950000,FENWICK,TOTAL,17,6320299,858952
N10000_K95_UNIFORM_100,10000,9500,95,950000,FENWICK,TOTAL,18,5894300,858952
N10000_K95_UNIFORM_100,10000,9500,95,950000,FENWICK,TOTAL,19,5843700,858952
N10000_K950_UNIFORM_100,10000,9500,950,950000,TICKET_ARRAY,NORMALIZE,0,5665100,689248
N10000_K950_UNIFORM_100,10000,9500,950,950000,TICKET_ARRAY,NORMALIZE,1,5758100,689248
N10000_K950_UNIFORM_100,10000,9500,950,950000,TICKET_ARRAY,NORMALIZE,2,5867801,689248
N10000_K950_UNIFORM_100,10000,9500,950,950000,TICKET_ARRAY,NORMALIZE,3,5422801,689248
N10000_K950_UNIFORM_100,10000,9500,950,950000,TICKET_ARRAY,NORMALIZE,4,5471000,689248
N10000_K950_UNIFORM_100,10000,9500,950,950000,TICKET_ARRAY,NORMALIZE,5,5343500,689248
N10000_K950_UNIFORM_100,10000,9500,950,950000,TICKET_ARRAY,NORMALIZE,6,3797999,689248
N10000_K950_UNIFORM_100,10000,9500,950,950000,TICKET_ARRAY,NORMALIZE,7,4351001,689248
N10000_K950_UNIFORM_100,10000,9500,950,950000,TICKET_ARRAY,NORMALIZE,8,4429400,689248
N10000_K950_UNIFORM_100,10000,9500,950,950000,TICKET_ARRAY,NORMALIZE,9,5521301,689248
N10000_K950_UNIFORM_100,10000,9500,950,950000,TICKET_ARRAY,NORMALIZE,10,5658100,689248
N10000_K950_UNIFORM_100,10000,9500,950,950000,TICKET_ARRAY,NORMALIZE,11,5456301,689248
N10000_K950_UNIFORM_100,10000,9500,950,950000,TICKET_ARRAY,NORMALIZE,12,4781900,689248
N10000_K950_UNIFORM_100,10000,9500,950,950000,TICKET_ARRAY,NORMALIZE,13,5751201,689248
N10000_K950_UNIFORM_100,10000,9500,950,950000,TICKET_ARRAY,NORMALIZE,14,5520000,689248
N10000_K950_UNIFORM_100,10000,9500,950,950000,TICKET_ARRAY,NORMALIZE,15,5437799,689248
N10000_K950_UNIFORM_100,10000,9500,950,950000,TICKET_ARRAY,NORMALIZE,16,5629301,689248
N10000_K950_UNIFORM_100,10000,9500,950,950000,TICKET_ARRAY,NORMALIZE,17,5572900,689248
N10000_K950_UNIFORM_100,10000,9500,950,950000,TICKET_ARRAY,NORMALIZE,18,4676800,689248
N10000_K950_UNIFORM_100,10000,9500,950,950000,TICKET_ARRAY,NORMALIZE,19,5791900,689248
N10000_K950_UNIFORM_100,10000,9500,950,950000,TICKET_ARRAY,BUILD,0,1683799,3800040
N10000_K950_UNIFORM_100,10000,9500,950,950000,TICKET_ARRAY,BUILD,1,1241299,3800040
N10000_K950_UNIFORM_100,10000,9500,950,950000,TICKET_ARRAY,BUILD,2,1763600,3800040
N10000_K950_UNIFORM_100,10000,9500,950,950000,TICKET_ARRAY,BUILD,3,1857800,3800040
N10000_K950_UNIFORM_100,10000,9500,950,950000,TICKET_ARRAY,BUILD,4,2935600,3800040
N10000_K950_UNIFORM_100,10000,9500,950,950000,TICKET_ARRAY,BUILD,5,1938500,3800040
N10000_K950_UNIFORM_100,10000,9500,950,950000,TICKET_ARRAY,BUILD,6,1581000,3800040
N10000_K950_UNIFORM_100,10000,9500,950,950000,TICKET_ARRAY,BUILD,7,1753799,3800040
N10000_K950_UNIFORM_100,10000,9500,950,950000,TICKET_ARRAY,BUILD,8,1756100,3800040
N10000_K950_UNIFORM_100,10000,9500,950,950000,TICKET_ARRAY,BUILD,9,1690800,3800040
N10000_K950_UNIFORM_100,10000,9500,950,950000,TICKET_ARRAY,BUILD,10,1789501,3800040
N10000_K950_UNIFORM_100,10000,9500,950,950000,TICKET_ARRAY,BUILD,11,1874399,3800040
N10000_K950_UNIFORM_100,10000,9500,950,950000,TICKET_ARRAY,BUILD,12,1857800,3800040
N10000_K950_UNIFORM_100,10000,9500,950,950000,TICKET_ARRAY,BUILD,13,1728300,3800040
N10000_K950_UNIFORM_100,10000,9500,950,950000,TICKET_ARRAY,BUILD,14,1748099,3800040
N10000_K950_UNIFORM_100,10000,9500,950,950000,TICKET_ARRAY,BUILD,15,1685501,3800040
N10000_K950_UNIFORM_100,10000,9500,950,950000,TICKET_ARRAY,BUILD,16,1736600,3800040
N10000_K950_UNIFORM_100,10000,9500,950,950000,TICKET_ARRAY,BUILD,17,1720600,3800040
N10000_K950_UNIFORM_100,10000,9500,950,950000,TICKET_ARRAY,BUILD,18,961500,3800040
N10000_K950_UNIFORM_100,10000,9500,950,950000,TICKET_ARRAY,BUILD,19,1611601,3800040
N10000_K950_UNIFORM_100,10000,9500,950,950000,TICKET_ARRAY,SELECT,0,776960499,189840
N10000_K950_UNIFORM_100,10000,9500,950,950000,TICKET_ARRAY,SELECT,1,780667400,189840
N10000_K950_UNIFORM_100,10000,9500,950,950000,TICKET_ARRAY,SELECT,2,780439800,189840
N10000_K950_UNIFORM_100,10000,9500,950,950000,TICKET_ARRAY,SELECT,3,775025299,189840
N10000_K950_UNIFORM_100,10000,9500,950,950000,TICKET_ARRAY,SELECT,4,779420700,189840
N10000_K950_UNIFORM_100,10000,9500,950,950000,TICKET_ARRAY,SELECT,5,774955401,189840
N10000_K950_UNIFORM_100,10000,9500,950,950000,TICKET_ARRAY,SELECT,6,877483301,189840
N10000_K950_UNIFORM_100,10000,9500,950,950000,TICKET_ARRAY,SELECT,7,632073600,189840
N10000_K950_UNIFORM_100,10000,9500,950,950000,TICKET_ARRAY,SELECT,8,590147399,189840
N10000_K950_UNIFORM_100,10000,9500,950,950000,TICKET_ARRAY,SELECT,9,542918200,189840
N10000_K950_UNIFORM_100,10000,9500,950,950000,TICKET_ARRAY,SELECT,10,542499400,189840
N10000_K950_UNIFORM_100,10000,9500,950,950000,TICKET_ARRAY,SELECT,11,536515099,189840
N10000_K950_UNIFORM_100,10000,9500,950,950000,TICKET_ARRAY,SELECT,12,535898400,189840
N10000_K950_UNIFORM_100,10000,9500,950,950000,TICKET_ARRAY,SELECT,13,530698900,189840
N10000_K950_UNIFORM_100,10000,9500,950,950000,TICKET_ARRAY,SELECT,14,517527900,189840
N10000_K950_UNIFORM_100,10000,9500,950,950000,TICKET_ARRAY,SELECT,15,534244699,189840
N10000_K950_UNIFORM_100,10000,9500,950,950000,TICKET_ARRAY,SELECT,16,529053601,189840
N10000_K950_UNIFORM_100,10000,9500,950,950000,TICKET_ARRAY,SELECT,17,535559699,189840
N10000_K950_UNIFORM_100,10000,9500,950,950000,TICKET_ARRAY,SELECT,18,537874300,189840
N10000_K950_UNIFORM_100,10000,9500,950,950000,TICKET_ARRAY,SELECT,19,538655501,189840
N10000_K950_UNIFORM_100,10000,9500,950,950000,TICKET_ARRAY,TOTAL,0,528222700,4679128
N10000_K950_UNIFORM_100,10000,9500,950,950000,TICKET_ARRAY,TOTAL,1,532738500,4679128
N10000_K950_UNIFORM_100,10000,9500,950,950000,TICKET_ARRAY,TOTAL,2,536456300,4679128
N10000_K950_UNIFORM_100,10000,9500,950,950000,TICKET_ARRAY,TOTAL,3,524908101,4679128
N10000_K950_UNIFORM_100,10000,9500,950,950000,TICKET_ARRAY,TOTAL,4,526285699,4679128
N10000_K950_UNIFORM_100,10000,9500,950,950000,TICKET_ARRAY,TOTAL,5,518892000,4679128
N10000_K950_UNIFORM_100,10000,9500,950,950000,TICKET_ARRAY,TOTAL,6,519438400,4679128
N10000_K950_UNIFORM_100,10000,9500,950,950000,TICKET_ARRAY,TOTAL,7,519989199,4679128
N10000_K950_UNIFORM_100,10000,9500,950,950000,TICKET_ARRAY,TOTAL,8,540854400,4679128
N10000_K950_UNIFORM_100,10000,9500,950,950000,TICKET_ARRAY,TOTAL,9,526722701,4679128
N10000_K950_UNIFORM_100,10000,9500,950,950000,TICKET_ARRAY,TOTAL,10,535188299,4679128
N10000_K950_UNIFORM_100,10000,9500,950,950000,TICKET_ARRAY,TOTAL,11,537736901,4679128
N10000_K950_UNIFORM_100,10000,9500,950,950000,TICKET_ARRAY,TOTAL,12,539128800,4679128
N10000_K950_UNIFORM_100,10000,9500,950,950000,TICKET_ARRAY,TOTAL,13,528578300,4679128
N10000_K950_UNIFORM_100,10000,9500,950,950000,TICKET_ARRAY,TOTAL,14,522008400,4679128
N10000_K950_UNIFORM_100,10000,9500,950,950000,TICKET_ARRAY,TOTAL,15,527153800,4679128
N10000_K950_UNIFORM_100,10000,9500,950,950000,TICKET_ARRAY,TOTAL,16,532235400,4679128
N10000_K950_UNIFORM_100,10000,9500,950,950000,TICKET_ARRAY,TOTAL,17,542098400,4679128
N10000_K950_UNIFORM_100,10000,9500,950,950000,TICKET_ARRAY,TOTAL,18,546409600,4679128
N10000_K950_UNIFORM_100,10000,9500,950,950000,TICKET_ARRAY,TOTAL,19,530392300,4679128
N10000_K950_UNIFORM_100,10000,9500,950,950000,PREFIX_LINEAR,NORMALIZE,0,3884799,689248
N10000_K950_UNIFORM_100,10000,9500,950,950000,PREFIX_LINEAR,NORMALIZE,1,3892600,689248
N10000_K950_UNIFORM_100,10000,9500,950,950000,PREFIX_LINEAR,NORMALIZE,2,3873399,689248
N10000_K950_UNIFORM_100,10000,9500,950,950000,PREFIX_LINEAR,NORMALIZE,3,3696699,689248
N10000_K950_UNIFORM_100,10000,9500,950,950000,PREFIX_LINEAR,NORMALIZE,4,3709700,689248
N10000_K950_UNIFORM_100,10000,9500,950,950000,PREFIX_LINEAR,NORMALIZE,5,3631300,689248
N10000_K950_UNIFORM_100,10000,9500,950,950000,PREFIX_LINEAR,NORMALIZE,6,4242800,689248
N10000_K950_UNIFORM_100,10000,9500,950,950000,PREFIX_LINEAR,NORMALIZE,7,3871901,689248
N10000_K950_UNIFORM_100,10000,9500,950,950000,PREFIX_LINEAR,NORMALIZE,8,3750101,689248
N10000_K950_UNIFORM_100,10000,9500,950,950000,PREFIX_LINEAR,NORMALIZE,9,3681200,689248
N10000_K950_UNIFORM_100,10000,9500,950,950000,PREFIX_LINEAR,NORMALIZE,10,3780300,689248
N10000_K950_UNIFORM_100,10000,9500,950,950000,PREFIX_LINEAR,NORMALIZE,11,3601800,689248
N10000_K950_UNIFORM_100,10000,9500,950,950000,PREFIX_LINEAR,NORMALIZE,12,3698900,689248
N10000_K950_UNIFORM_100,10000,9500,950,950000,PREFIX_LINEAR,NORMALIZE,13,3789800,689248
N10000_K950_UNIFORM_100,10000,9500,950,950000,PREFIX_LINEAR,NORMALIZE,14,3643200,689248
N10000_K950_UNIFORM_100,10000,9500,950,950000,PREFIX_LINEAR,NORMALIZE,15,4082700,689248
N10000_K950_UNIFORM_100,10000,9500,950,950000,PREFIX_LINEAR,NORMALIZE,16,3661800,689248
N10000_K950_UNIFORM_100,10000,9500,950,950000,PREFIX_LINEAR,NORMALIZE,17,4445701,689248
N10000_K950_UNIFORM_100,10000,9500,950,950000,PREFIX_LINEAR,NORMALIZE,18,3822900,689248
N10000_K950_UNIFORM_100,10000,9500,950,950000,PREFIX_LINEAR,NORMALIZE,19,3666500,689248
N10000_K950_UNIFORM_100,10000,9500,950,950000,PREFIX_LINEAR,BUILD,0,37100,152064
N10000_K950_UNIFORM_100,10000,9500,950,950000,PREFIX_LINEAR,BUILD,1,39200,152064
N10000_K950_UNIFORM_100,10000,9500,950,950000,PREFIX_LINEAR,BUILD,2,33799,152064
N10000_K950_UNIFORM_100,10000,9500,950,950000,PREFIX_LINEAR,BUILD,3,33599,152064
N10000_K950_UNIFORM_100,10000,9500,950,950000,PREFIX_LINEAR,BUILD,4,36700,152064
N10000_K950_UNIFORM_100,10000,9500,950,950000,PREFIX_LINEAR,BUILD,5,38700,152064
N10000_K950_UNIFORM_100,10000,9500,950,950000,PREFIX_LINEAR,BUILD,6,35201,152064
N10000_K950_UNIFORM_100,10000,9500,950,950000,PREFIX_LINEAR,BUILD,7,40500,152064
N10000_K950_UNIFORM_100,10000,9500,950,950000,PREFIX_LINEAR,BUILD,8,37700,152064
N10000_K950_UNIFORM_100,10000,9500,950,950000,PREFIX_LINEAR,BUILD,9,34600,152064
N10000_K950_UNIFORM_100,10000,9500,950,950000,PREFIX_LINEAR,BUILD,10,39100,152064
N10000_K950_UNIFORM_100,10000,9500,950,950000,PREFIX_LINEAR,BUILD,11,72801,152064
N10000_K950_UNIFORM_100,10000,9500,950,950000,PREFIX_LINEAR,BUILD,12,37000,152064
N10000_K950_UNIFORM_100,10000,9500,950,950000,PREFIX_LINEAR,BUILD,13,33000,152064
N10000_K950_UNIFORM_100,10000,9500,950,950000,PREFIX_LINEAR,BUILD,14,32600,152064
N10000_K950_UNIFORM_100,10000,9500,950,950000,PREFIX_LINEAR,BUILD,15,59501,152064
N10000_K950_UNIFORM_100,10000,9500,950,950000,PREFIX_LINEAR,BUILD,16,37200,152064
N10000_K950_UNIFORM_100,10000,9500,950,950000,PREFIX_LINEAR,BUILD,17,34799,152064
N10000_K950_UNIFORM_100,10000,9500,950,950000,PREFIX_LINEAR,BUILD,18,36401,152064
N10000_K950_UNIFORM_100,10000,9500,950,950000,PREFIX_LINEAR,BUILD,19,37600,152064
N10000_K950_UNIFORM_100,10000,9500,950,950000,PREFIX_LINEAR,SELECT,0,2447000,189840
N10000_K950_UNIFORM_100,10000,9500,950,950000,PREFIX_LINEAR,SELECT,1,2691000,189840
N10000_K950_UNIFORM_100,10000,9500,950,950000,PREFIX_LINEAR,SELECT,2,2787601,189840
N10000_K950_UNIFORM_100,10000,9500,950,950000,PREFIX_LINEAR,SELECT,3,2522900,189840
N10000_K950_UNIFORM_100,10000,9500,950,950000,PREFIX_LINEAR,SELECT,4,2483901,189840
N10000_K950_UNIFORM_100,10000,9500,950,950000,PREFIX_LINEAR,SELECT,5,2633999,189840
N10000_K950_UNIFORM_100,10000,9500,950,950000,PREFIX_LINEAR,SELECT,6,2464801,189840
N10000_K950_UNIFORM_100,10000,9500,950,950000,PREFIX_LINEAR,SELECT,7,2461600,189840
N10000_K950_UNIFORM_100,10000,9500,950,950000,PREFIX_LINEAR,SELECT,8,2425600,189840
N10000_K950_UNIFORM_100,10000,9500,950,950000,PREFIX_LINEAR,SELECT,9,2517200,189840
N10000_K950_UNIFORM_100,10000,9500,950,950000,PREFIX_LINEAR,SELECT,10,2461699,189840
N10000_K950_UNIFORM_100,10000,9500,950,950000,PREFIX_LINEAR,SELECT,11,2491800,189840
N10000_K950_UNIFORM_100,10000,9500,950,950000,PREFIX_LINEAR,SELECT,12,2444100,189840
N10000_K950_UNIFORM_100,10000,9500,950,950000,PREFIX_LINEAR,SELECT,13,2736900,189840
N10000_K950_UNIFORM_100,10000,9500,950,950000,PREFIX_LINEAR,SELECT,14,2456700,189840
N10000_K950_UNIFORM_100,10000,9500,950,950000,PREFIX_LINEAR,SELECT,15,2640900,189840
N10000_K950_UNIFORM_100,10000,9500,950,950000,PREFIX_LINEAR,SELECT,16,2456001,189840
N10000_K950_UNIFORM_100,10000,9500,950,950000,PREFIX_LINEAR,SELECT,17,2440299,189840
N10000_K950_UNIFORM_100,10000,9500,950,950000,PREFIX_LINEAR,SELECT,18,3303401,189840
N10000_K950_UNIFORM_100,10000,9500,950,950000,PREFIX_LINEAR,SELECT,19,2500500,189840
N10000_K950_UNIFORM_100,10000,9500,950,950000,PREFIX_LINEAR,TOTAL,0,6589100,1031152
N10000_K950_UNIFORM_100,10000,9500,950,950000,PREFIX_LINEAR,TOTAL,1,6752500,1031152
N10000_K950_UNIFORM_100,10000,9500,950,950000,PREFIX_LINEAR,TOTAL,2,6254899,1031152
N10000_K950_UNIFORM_100,10000,9500,950,950000,PREFIX_LINEAR,TOTAL,3,6560900,1031152
N10000_K950_UNIFORM_100,10000,9500,950,950000,PREFIX_LINEAR,TOTAL,4,6365100,1031152
N10000_K950_UNIFORM_100,10000,9500,950,950000,PREFIX_LINEAR,TOTAL,5,6544500,1031152
N10000_K950_UNIFORM_100,10000,9500,950,950000,PREFIX_LINEAR,TOTAL,6,6359200,1031152
N10000_K950_UNIFORM_100,10000,9500,950,950000,PREFIX_LINEAR,TOTAL,7,6367500,1031152
N10000_K950_UNIFORM_100,10000,9500,950,950000,PREFIX_LINEAR,TOTAL,8,6600899,1031152
N10000_K950_UNIFORM_100,10000,9500,950,950000,PREFIX_LINEAR,TOTAL,9,6569301,1031152
N10000_K950_UNIFORM_100,10000,9500,950,950000,PREFIX_LINEAR,TOTAL,10,6549100,1031152
N10000_K950_UNIFORM_100,10000,9500,950,950000,PREFIX_LINEAR,TOTAL,11,6478300,1031152
N10000_K950_UNIFORM_100,10000,9500,950,950000,PREFIX_LINEAR,TOTAL,12,6323501,1031152
N10000_K950_UNIFORM_100,10000,9500,950,950000,PREFIX_LINEAR,TOTAL,13,6238000,1031152
N10000_K950_UNIFORM_100,10000,9500,950,950000,PREFIX_LINEAR,TOTAL,14,6215300,1031152
N10000_K950_UNIFORM_100,10000,9500,950,950000,PREFIX_LINEAR,TOTAL,15,6820900,1031152
N10000_K950_UNIFORM_100,10000,9500,950,950000,PREFIX_LINEAR,TOTAL,16,6512900,1031152
N10000_K950_UNIFORM_100,10000,9500,950,950000,PREFIX_LINEAR,TOTAL,17,6405600,1031152
N10000_K950_UNIFORM_100,10000,9500,950,950000,PREFIX_LINEAR,TOTAL,18,6276900,1031152
N10000_K950_UNIFORM_100,10000,9500,950,950000,PREFIX_LINEAR,TOTAL,19,6625000,1031152
N10000_K950_UNIFORM_100,10000,9500,950,950000,PREFIX_BINARY,NORMALIZE,0,3629900,689248
N10000_K950_UNIFORM_100,10000,9500,950,950000,PREFIX_BINARY,NORMALIZE,1,3808600,689248
N10000_K950_UNIFORM_100,10000,9500,950,950000,PREFIX_BINARY,NORMALIZE,2,3789300,689248
N10000_K950_UNIFORM_100,10000,9500,950,950000,PREFIX_BINARY,NORMALIZE,3,3610099,689248
N10000_K950_UNIFORM_100,10000,9500,950,950000,PREFIX_BINARY,NORMALIZE,4,3820299,689248
N10000_K950_UNIFORM_100,10000,9500,950,950000,PREFIX_BINARY,NORMALIZE,5,3787701,689248
N10000_K950_UNIFORM_100,10000,9500,950,950000,PREFIX_BINARY,NORMALIZE,6,3610000,689248
N10000_K950_UNIFORM_100,10000,9500,950,950000,PREFIX_BINARY,NORMALIZE,7,3757900,689248
N10000_K950_UNIFORM_100,10000,9500,950,950000,PREFIX_BINARY,NORMALIZE,8,3687399,689248
N10000_K950_UNIFORM_100,10000,9500,950,950000,PREFIX_BINARY,NORMALIZE,9,3603500,689248
N10000_K950_UNIFORM_100,10000,9500,950,950000,PREFIX_BINARY,NORMALIZE,10,3924601,689248
N10000_K950_UNIFORM_100,10000,9500,950,950000,PREFIX_BINARY,NORMALIZE,11,3758601,689248
N10000_K950_UNIFORM_100,10000,9500,950,950000,PREFIX_BINARY,NORMALIZE,12,3647700,689248
N10000_K950_UNIFORM_100,10000,9500,950,950000,PREFIX_BINARY,NORMALIZE,13,3615400,689248
N10000_K950_UNIFORM_100,10000,9500,950,950000,PREFIX_BINARY,NORMALIZE,14,3753200,689248
N10000_K950_UNIFORM_100,10000,9500,950,950000,PREFIX_BINARY,NORMALIZE,15,3661000,689248
N10000_K950_UNIFORM_100,10000,9500,950,950000,PREFIX_BINARY,NORMALIZE,16,3701900,689248
N10000_K950_UNIFORM_100,10000,9500,950,950000,PREFIX_BINARY,NORMALIZE,17,3606799,689248
N10000_K950_UNIFORM_100,10000,9500,950,950000,PREFIX_BINARY,NORMALIZE,18,3596601,689248
N10000_K950_UNIFORM_100,10000,9500,950,950000,PREFIX_BINARY,NORMALIZE,19,4199100,689248
N10000_K950_UNIFORM_100,10000,9500,950,950000,PREFIX_BINARY,BUILD,0,47900,152064
N10000_K950_UNIFORM_100,10000,9500,950,950000,PREFIX_BINARY,BUILD,1,38700,152064
N10000_K950_UNIFORM_100,10000,9500,950,950000,PREFIX_BINARY,BUILD,2,52500,152064
N10000_K950_UNIFORM_100,10000,9500,950,950000,PREFIX_BINARY,BUILD,3,34800,152064
N10000_K950_UNIFORM_100,10000,9500,950,950000,PREFIX_BINARY,BUILD,4,34099,152064
N10000_K950_UNIFORM_100,10000,9500,950,950000,PREFIX_BINARY,BUILD,5,59199,152064
N10000_K950_UNIFORM_100,10000,9500,950,950000,PREFIX_BINARY,BUILD,6,72999,152064
N10000_K950_UNIFORM_100,10000,9500,950,950000,PREFIX_BINARY,BUILD,7,70400,152064
N10000_K950_UNIFORM_100,10000,9500,950,950000,PREFIX_BINARY,BUILD,8,36499,152064
N10000_K950_UNIFORM_100,10000,9500,950,950000,PREFIX_BINARY,BUILD,9,50701,152064
N10000_K950_UNIFORM_100,10000,9500,950,950000,PREFIX_BINARY,BUILD,10,37400,152064
N10000_K950_UNIFORM_100,10000,9500,950,950000,PREFIX_BINARY,BUILD,11,36700,152064
N10000_K950_UNIFORM_100,10000,9500,950,950000,PREFIX_BINARY,BUILD,12,36501,152064
N10000_K950_UNIFORM_100,10000,9500,950,950000,PREFIX_BINARY,BUILD,13,34001,152064
N10000_K950_UNIFORM_100,10000,9500,950,950000,PREFIX_BINARY,BUILD,14,42301,152064
N10000_K950_UNIFORM_100,10000,9500,950,950000,PREFIX_BINARY,BUILD,15,33601,152064
N10000_K950_UNIFORM_100,10000,9500,950,950000,PREFIX_BINARY,BUILD,16,34000,152064
N10000_K950_UNIFORM_100,10000,9500,950,950000,PREFIX_BINARY,BUILD,17,41700,152064
N10000_K950_UNIFORM_100,10000,9500,950,950000,PREFIX_BINARY,BUILD,18,35700,152064
N10000_K950_UNIFORM_100,10000,9500,950,950000,PREFIX_BINARY,BUILD,19,39699,152064
N10000_K950_UNIFORM_100,10000,9500,950,950000,PREFIX_BINARY,SELECT,0,1364800,189840
N10000_K950_UNIFORM_100,10000,9500,950,950000,PREFIX_BINARY,SELECT,1,1259900,189840
N10000_K950_UNIFORM_100,10000,9500,950,950000,PREFIX_BINARY,SELECT,2,1105901,189840
N10000_K950_UNIFORM_100,10000,9500,950,950000,PREFIX_BINARY,SELECT,3,1208800,189840
N10000_K950_UNIFORM_100,10000,9500,950,950000,PREFIX_BINARY,SELECT,4,1112299,189840
N10000_K950_UNIFORM_100,10000,9500,950,950000,PREFIX_BINARY,SELECT,5,1196900,189840
N10000_K950_UNIFORM_100,10000,9500,950,950000,PREFIX_BINARY,SELECT,6,1133700,189840
N10000_K950_UNIFORM_100,10000,9500,950,950000,PREFIX_BINARY,SELECT,7,1148700,189840
N10000_K950_UNIFORM_100,10000,9500,950,950000,PREFIX_BINARY,SELECT,8,1105500,189840
N10000_K950_UNIFORM_100,10000,9500,950,950000,PREFIX_BINARY,SELECT,9,1110101,189840
N10000_K950_UNIFORM_100,10000,9500,950,950000,PREFIX_BINARY,SELECT,10,1150300,189840
N10000_K950_UNIFORM_100,10000,9500,950,950000,PREFIX_BINARY,SELECT,11,1139900,189840
N10000_K950_UNIFORM_100,10000,9500,950,950000,PREFIX_BINARY,SELECT,12,1105999,189840
N10000_K950_UNIFORM_100,10000,9500,950,950000,PREFIX_BINARY,SELECT,13,1563200,189840
N10000_K950_UNIFORM_100,10000,9500,950,950000,PREFIX_BINARY,SELECT,14,1127700,189840
N10000_K950_UNIFORM_100,10000,9500,950,950000,PREFIX_BINARY,SELECT,15,1104500,189840
N10000_K950_UNIFORM_100,10000,9500,950,950000,PREFIX_BINARY,SELECT,16,1171799,189840
N10000_K950_UNIFORM_100,10000,9500,950,950000,PREFIX_BINARY,SELECT,17,1144799,189840
N10000_K950_UNIFORM_100,10000,9500,950,950000,PREFIX_BINARY,SELECT,18,1122100,189840
N10000_K950_UNIFORM_100,10000,9500,950,950000,PREFIX_BINARY,SELECT,19,1109500,189840
N10000_K950_UNIFORM_100,10000,9500,950,950000,PREFIX_BINARY,TOTAL,0,4877401,1031152
N10000_K950_UNIFORM_100,10000,9500,950,950000,PREFIX_BINARY,TOTAL,1,4897100,1031152
N10000_K950_UNIFORM_100,10000,9500,950,950000,PREFIX_BINARY,TOTAL,2,5194200,1031152
N10000_K950_UNIFORM_100,10000,9500,950,950000,PREFIX_BINARY,TOTAL,3,5840100,1031152
N10000_K950_UNIFORM_100,10000,9500,950,950000,PREFIX_BINARY,TOTAL,4,5298699,1031152
N10000_K950_UNIFORM_100,10000,9500,950,950000,PREFIX_BINARY,TOTAL,5,5050700,1031152
N10000_K950_UNIFORM_100,10000,9500,950,950000,PREFIX_BINARY,TOTAL,6,4808799,1031152
N10000_K950_UNIFORM_100,10000,9500,950,950000,PREFIX_BINARY,TOTAL,7,5072199,1031152
N10000_K950_UNIFORM_100,10000,9500,950,950000,PREFIX_BINARY,TOTAL,8,5444000,1031152
N10000_K950_UNIFORM_100,10000,9500,950,950000,PREFIX_BINARY,TOTAL,9,4871699,1031152
N10000_K950_UNIFORM_100,10000,9500,950,950000,PREFIX_BINARY,TOTAL,10,4986400,1031152
N10000_K950_UNIFORM_100,10000,9500,950,950000,PREFIX_BINARY,TOTAL,11,4927100,1031152
N10000_K950_UNIFORM_100,10000,9500,950,950000,PREFIX_BINARY,TOTAL,12,4764700,1031152
N10000_K950_UNIFORM_100,10000,9500,950,950000,PREFIX_BINARY,TOTAL,13,4881099,1031152
N10000_K950_UNIFORM_100,10000,9500,950,950000,PREFIX_BINARY,TOTAL,14,4839600,1031152
N10000_K950_UNIFORM_100,10000,9500,950,950000,PREFIX_BINARY,TOTAL,15,5920099,1031152
N10000_K950_UNIFORM_100,10000,9500,950,950000,PREFIX_BINARY,TOTAL,16,4898300,1031152
N10000_K950_UNIFORM_100,10000,9500,950,950000,PREFIX_BINARY,TOTAL,17,5070899,1031152
N10000_K950_UNIFORM_100,10000,9500,950,950000,PREFIX_BINARY,TOTAL,18,4983800,1031152
N10000_K950_UNIFORM_100,10000,9500,950,950000,PREFIX_BINARY,TOTAL,19,4999000,1031152
N10000_K950_UNIFORM_100,10000,9500,950,950000,FENWICK,NORMALIZE,0,3764900,689248
N10000_K950_UNIFORM_100,10000,9500,950,950000,FENWICK,NORMALIZE,1,3702001,689248
N10000_K950_UNIFORM_100,10000,9500,950,950000,FENWICK,NORMALIZE,2,3896300,689248
N10000_K950_UNIFORM_100,10000,9500,950,950000,FENWICK,NORMALIZE,3,3631400,689248
N10000_K950_UNIFORM_100,10000,9500,950,950000,FENWICK,NORMALIZE,4,3656600,689248
N10000_K950_UNIFORM_100,10000,9500,950,950000,FENWICK,NORMALIZE,5,3977600,689248
N10000_K950_UNIFORM_100,10000,9500,950,950000,FENWICK,NORMALIZE,6,3867001,689248
N10000_K950_UNIFORM_100,10000,9500,950,950000,FENWICK,NORMALIZE,7,3747400,689248
N10000_K950_UNIFORM_100,10000,9500,950,950000,FENWICK,NORMALIZE,8,3689900,689248
N10000_K950_UNIFORM_100,10000,9500,950,950000,FENWICK,NORMALIZE,9,3656100,689248
N10000_K950_UNIFORM_100,10000,9500,950,950000,FENWICK,NORMALIZE,10,3698101,689248
N10000_K950_UNIFORM_100,10000,9500,950,950000,FENWICK,NORMALIZE,11,3639700,689248
N10000_K950_UNIFORM_100,10000,9500,950,950000,FENWICK,NORMALIZE,12,3594501,689248
N10000_K950_UNIFORM_100,10000,9500,950,950000,FENWICK,NORMALIZE,13,3617901,689248
N10000_K950_UNIFORM_100,10000,9500,950,950000,FENWICK,NORMALIZE,14,4006899,689248
N10000_K950_UNIFORM_100,10000,9500,950,950000,FENWICK,NORMALIZE,15,3671500,689248
N10000_K950_UNIFORM_100,10000,9500,950,950000,FENWICK,NORMALIZE,16,3591600,689248
N10000_K950_UNIFORM_100,10000,9500,950,950000,FENWICK,NORMALIZE,17,3617800,689248
N10000_K950_UNIFORM_100,10000,9500,950,950000,FENWICK,NORMALIZE,18,4063399,689248
N10000_K950_UNIFORM_100,10000,9500,950,950000,FENWICK,NORMALIZE,19,3657700,689248
N10000_K950_UNIFORM_100,10000,9500,950,950000,FENWICK,BUILD,0,100400,152136
N10000_K950_UNIFORM_100,10000,9500,950,950000,FENWICK,BUILD,1,88301,152136
N10000_K950_UNIFORM_100,10000,9500,950,950000,FENWICK,BUILD,2,87300,152136
N10000_K950_UNIFORM_100,10000,9500,950,950000,FENWICK,BUILD,3,93999,152136
N10000_K950_UNIFORM_100,10000,9500,950,950000,FENWICK,BUILD,4,84500,152136
N10000_K950_UNIFORM_100,10000,9500,950,950000,FENWICK,BUILD,5,111800,152136
N10000_K950_UNIFORM_100,10000,9500,950,950000,FENWICK,BUILD,6,100500,152136
N10000_K950_UNIFORM_100,10000,9500,950,950000,FENWICK,BUILD,7,91299,152136
N10000_K950_UNIFORM_100,10000,9500,950,950000,FENWICK,BUILD,8,102401,152136
N10000_K950_UNIFORM_100,10000,9500,950,950000,FENWICK,BUILD,9,177500,152136
N10000_K950_UNIFORM_100,10000,9500,950,950000,FENWICK,BUILD,10,96600,152136
N10000_K950_UNIFORM_100,10000,9500,950,950000,FENWICK,BUILD,11,85200,152136
N10000_K950_UNIFORM_100,10000,9500,950,950000,FENWICK,BUILD,12,85699,152136
N10000_K950_UNIFORM_100,10000,9500,950,950000,FENWICK,BUILD,13,86800,152136
N10000_K950_UNIFORM_100,10000,9500,950,950000,FENWICK,BUILD,14,91100,152136
N10000_K950_UNIFORM_100,10000,9500,950,950000,FENWICK,BUILD,15,85501,152136
N10000_K950_UNIFORM_100,10000,9500,950,950000,FENWICK,BUILD,16,140199,152136
N10000_K950_UNIFORM_100,10000,9500,950,950000,FENWICK,BUILD,17,83900,152136
N10000_K950_UNIFORM_100,10000,9500,950,950000,FENWICK,BUILD,18,92600,152136
N10000_K950_UNIFORM_100,10000,9500,950,950000,FENWICK,BUILD,19,85200,152136
N10000_K950_UNIFORM_100,10000,9500,950,950000,FENWICK,SELECT,0,410700,189840
N10000_K950_UNIFORM_100,10000,9500,950,950000,FENWICK,SELECT,1,426200,189840
N10000_K950_UNIFORM_100,10000,9500,950,950000,FENWICK,SELECT,2,441501,189840
N10000_K950_UNIFORM_100,10000,9500,950,950000,FENWICK,SELECT,3,440900,189840
N10000_K950_UNIFORM_100,10000,9500,950,950000,FENWICK,SELECT,4,466700,189840
N10000_K950_UNIFORM_100,10000,9500,950,950000,FENWICK,SELECT,5,440100,189840
N10000_K950_UNIFORM_100,10000,9500,950,950000,FENWICK,SELECT,6,455199,189840
N10000_K950_UNIFORM_100,10000,9500,950,950000,FENWICK,SELECT,7,432000,189840
N10000_K950_UNIFORM_100,10000,9500,950,950000,FENWICK,SELECT,8,549300,189840
N10000_K950_UNIFORM_100,10000,9500,950,950000,FENWICK,SELECT,9,592300,189840
N10000_K950_UNIFORM_100,10000,9500,950,950000,FENWICK,SELECT,10,436300,189840
N10000_K950_UNIFORM_100,10000,9500,950,950000,FENWICK,SELECT,11,415499,189840
N10000_K950_UNIFORM_100,10000,9500,950,950000,FENWICK,SELECT,12,431999,189840
N10000_K950_UNIFORM_100,10000,9500,950,950000,FENWICK,SELECT,13,476599,189840
N10000_K950_UNIFORM_100,10000,9500,950,950000,FENWICK,SELECT,14,462701,189840
N10000_K950_UNIFORM_100,10000,9500,950,950000,FENWICK,SELECT,15,433499,189840
N10000_K950_UNIFORM_100,10000,9500,950,950000,FENWICK,SELECT,16,437900,189840
N10000_K950_UNIFORM_100,10000,9500,950,950000,FENWICK,SELECT,17,483100,189840
N10000_K950_UNIFORM_100,10000,9500,950,950000,FENWICK,SELECT,18,415700,189840
N10000_K950_UNIFORM_100,10000,9500,950,950000,FENWICK,SELECT,19,449101,189840
N10000_K950_UNIFORM_100,10000,9500,950,950000,FENWICK,TOTAL,0,4179900,1031224
N10000_K950_UNIFORM_100,10000,9500,950,950000,FENWICK,TOTAL,1,4356500,1031224
N10000_K950_UNIFORM_100,10000,9500,950,950000,FENWICK,TOTAL,2,4618899,1031224
N10000_K950_UNIFORM_100,10000,9500,950,950000,FENWICK,TOTAL,3,4280200,1031224
N10000_K950_UNIFORM_100,10000,9500,950,950000,FENWICK,TOTAL,4,4230699,1031224
N10000_K950_UNIFORM_100,10000,9500,950,950000,FENWICK,TOTAL,5,4291999,1031224
N10000_K950_UNIFORM_100,10000,9500,950,950000,FENWICK,TOTAL,6,4656801,1031224
N10000_K950_UNIFORM_100,10000,9500,950,950000,FENWICK,TOTAL,7,4253600,1031224
N10000_K950_UNIFORM_100,10000,9500,950,950000,FENWICK,TOTAL,8,4337700,1031224
N10000_K950_UNIFORM_100,10000,9500,950,950000,FENWICK,TOTAL,9,4461399,1031224
N10000_K950_UNIFORM_100,10000,9500,950,950000,FENWICK,TOTAL,10,4841401,1031224
N10000_K950_UNIFORM_100,10000,9500,950,950000,FENWICK,TOTAL,11,4390700,1031224
N10000_K950_UNIFORM_100,10000,9500,950,950000,FENWICK,TOTAL,12,4218200,1031224
N10000_K950_UNIFORM_100,10000,9500,950,950000,FENWICK,TOTAL,13,4547600,1031224
N10000_K950_UNIFORM_100,10000,9500,950,950000,FENWICK,TOTAL,14,4350501,1031224
N10000_K950_UNIFORM_100,10000,9500,950,950000,FENWICK,TOTAL,15,4234900,1031224
N10000_K950_UNIFORM_100,10000,9500,950,950000,FENWICK,TOTAL,16,4476299,1031224
N10000_K950_UNIFORM_100,10000,9500,950,950000,FENWICK,TOTAL,17,4786700,1031224
N10000_K950_UNIFORM_100,10000,9500,950,950000,FENWICK,TOTAL,18,4395000,1031224
N10000_K950_UNIFORM_100,10000,9500,950,950000,FENWICK,TOTAL,19,4152499,1031224
N10000_K1_SKEWED_1000,10000,9500,1,1008500,PREFIX_LINEAR,NORMALIZE,0,4120300,689248
N10000_K1_SKEWED_1000,10000,9500,1,1008500,PREFIX_LINEAR,NORMALIZE,1,3652400,689248
N10000_K1_SKEWED_1000,10000,9500,1,1008500,PREFIX_LINEAR,NORMALIZE,2,4075199,689248
N10000_K1_SKEWED_1000,10000,9500,1,1008500,PREFIX_LINEAR,NORMALIZE,3,4368900,689248
N10000_K1_SKEWED_1000,10000,9500,1,1008500,PREFIX_LINEAR,NORMALIZE,4,3653000,689248
N10000_K1_SKEWED_1000,10000,9500,1,1008500,PREFIX_LINEAR,NORMALIZE,5,4283601,689248
N10000_K1_SKEWED_1000,10000,9500,1,1008500,PREFIX_LINEAR,NORMALIZE,6,3722700,689248
N10000_K1_SKEWED_1000,10000,9500,1,1008500,PREFIX_LINEAR,NORMALIZE,7,3980299,689248
N10000_K1_SKEWED_1000,10000,9500,1,1008500,PREFIX_LINEAR,NORMALIZE,8,3766100,689248
N10000_K1_SKEWED_1000,10000,9500,1,1008500,PREFIX_LINEAR,NORMALIZE,9,3961000,689248
N10000_K1_SKEWED_1000,10000,9500,1,1008500,PREFIX_LINEAR,NORMALIZE,10,4005000,689248
N10000_K1_SKEWED_1000,10000,9500,1,1008500,PREFIX_LINEAR,NORMALIZE,11,3874700,689248
N10000_K1_SKEWED_1000,10000,9500,1,1008500,PREFIX_LINEAR,NORMALIZE,12,3660300,689248
N10000_K1_SKEWED_1000,10000,9500,1,1008500,PREFIX_LINEAR,NORMALIZE,13,4788400,689248
N10000_K1_SKEWED_1000,10000,9500,1,1008500,PREFIX_LINEAR,NORMALIZE,14,4313800,689248
N10000_K1_SKEWED_1000,10000,9500,1,1008500,PREFIX_LINEAR,NORMALIZE,15,3851100,689248
N10000_K1_SKEWED_1000,10000,9500,1,1008500,PREFIX_LINEAR,NORMALIZE,16,3918000,689248
N10000_K1_SKEWED_1000,10000,9500,1,1008500,PREFIX_LINEAR,NORMALIZE,17,4477401,689248
N10000_K1_SKEWED_1000,10000,9500,1,1008500,PREFIX_LINEAR,NORMALIZE,18,3863300,689248
N10000_K1_SKEWED_1000,10000,9500,1,1008500,PREFIX_LINEAR,NORMALIZE,19,3849000,689248
N10000_K1_SKEWED_1000,10000,9500,1,1008500,PREFIX_LINEAR,BUILD,0,36499,152064
N10000_K1_SKEWED_1000,10000,9500,1,1008500,PREFIX_LINEAR,BUILD,1,33499,152064
N10000_K1_SKEWED_1000,10000,9500,1,1008500,PREFIX_LINEAR,BUILD,2,36001,152064
N10000_K1_SKEWED_1000,10000,9500,1,1008500,PREFIX_LINEAR,BUILD,3,55200,152064
N10000_K1_SKEWED_1000,10000,9500,1,1008500,PREFIX_LINEAR,BUILD,4,60800,152064
N10000_K1_SKEWED_1000,10000,9500,1,1008500,PREFIX_LINEAR,BUILD,5,42700,152064
N10000_K1_SKEWED_1000,10000,9500,1,1008500,PREFIX_LINEAR,BUILD,6,36501,152064
N10000_K1_SKEWED_1000,10000,9500,1,1008500,PREFIX_LINEAR,BUILD,7,39401,152064
N10000_K1_SKEWED_1000,10000,9500,1,1008500,PREFIX_LINEAR,BUILD,8,38000,152064
N10000_K1_SKEWED_1000,10000,9500,1,1008500,PREFIX_LINEAR,BUILD,9,42400,152064
N10000_K1_SKEWED_1000,10000,9500,1,1008500,PREFIX_LINEAR,BUILD,10,98700,152064
N10000_K1_SKEWED_1000,10000,9500,1,1008500,PREFIX_LINEAR,BUILD,11,43300,152064
N10000_K1_SKEWED_1000,10000,9500,1,1008500,PREFIX_LINEAR,BUILD,12,33199,152064
N10000_K1_SKEWED_1000,10000,9500,1,1008500,PREFIX_LINEAR,BUILD,13,38800,152064
N10000_K1_SKEWED_1000,10000,9500,1,1008500,PREFIX_LINEAR,BUILD,14,46000,152064
N10000_K1_SKEWED_1000,10000,9500,1,1008500,PREFIX_LINEAR,BUILD,15,71700,152064
N10000_K1_SKEWED_1000,10000,9500,1,1008500,PREFIX_LINEAR,BUILD,16,33699,152064
N10000_K1_SKEWED_1000,10000,9500,1,1008500,PREFIX_LINEAR,BUILD,17,43499,152064
N10000_K1_SKEWED_1000,10000,9500,1,1008500,PREFIX_LINEAR,BUILD,18,1485400,152064
N10000_K1_SKEWED_1000,10000,9500,1,1008500,PREFIX_LINEAR,BUILD,19,37700,152064
N10000_K1_SKEWED_1000,10000,9500,1,1008500,PREFIX_LINEAR,SELECT,0,16701,1592
N10000_K1_SKEWED_1000,10000,9500,1,1008500,PREFIX_LINEAR,SELECT,1,30000,1592
N10000_K1_SKEWED_1000,10000,9500,1,1008500,PREFIX_LINEAR,SELECT,2,34700,1592
N10000_K1_SKEWED_1000,10000,9500,1,1008500,PREFIX_LINEAR,SELECT,3,28999,1592
N10000_K1_SKEWED_1000,10000,9500,1,1008500,PREFIX_LINEAR,SELECT,4,15800,1592
N10000_K1_SKEWED_1000,10000,9500,1,1008500,PREFIX_LINEAR,SELECT,5,27901,1592
N10000_K1_SKEWED_1000,10000,9500,1,1008500,PREFIX_LINEAR,SELECT,6,36999,1592
N10000_K1_SKEWED_1000,10000,9500,1,1008500,PREFIX_LINEAR,SELECT,7,41201,1592
N10000_K1_SKEWED_1000,10000,9500,1,1008500,PREFIX_LINEAR,SELECT,8,26100,1592
N10000_K1_SKEWED_1000,10000,9500,1,1008500,PREFIX_LINEAR,SELECT,9,16201,1592
N10000_K1_SKEWED_1000,10000,9500,1,1008500,PREFIX_LINEAR,SELECT,10,21300,1592
N10000_K1_SKEWED_1000,10000,9500,1,1008500,PREFIX_LINEAR,SELECT,11,21800,1592
N10000_K1_SKEWED_1000,10000,9500,1,1008500,PREFIX_LINEAR,SELECT,12,34201,1592
N10000_K1_SKEWED_1000,10000,9500,1,1008500,PREFIX_LINEAR,SELECT,13,15700,1592
N10000_K1_SKEWED_1000,10000,9500,1,1008500,PREFIX_LINEAR,SELECT,14,29201,1592
N10000_K1_SKEWED_1000,10000,9500,1,1008500,PREFIX_LINEAR,SELECT,15,38300,1592
N10000_K1_SKEWED_1000,10000,9500,1,1008500,PREFIX_LINEAR,SELECT,16,26500,1592
N10000_K1_SKEWED_1000,10000,9500,1,1008500,PREFIX_LINEAR,SELECT,17,36199,1592
N10000_K1_SKEWED_1000,10000,9500,1,1008500,PREFIX_LINEAR,SELECT,18,40000,1592
N10000_K1_SKEWED_1000,10000,9500,1,1008500,PREFIX_LINEAR,SELECT,19,36200,1592
N10000_K1_SKEWED_1000,10000,9500,1,1008500,PREFIX_LINEAR,TOTAL,0,3784701,842904
N10000_K1_SKEWED_1000,10000,9500,1,1008500,PREFIX_LINEAR,TOTAL,1,4118700,842904
N10000_K1_SKEWED_1000,10000,9500,1,1008500,PREFIX_LINEAR,TOTAL,2,3883800,842904
N10000_K1_SKEWED_1000,10000,9500,1,1008500,PREFIX_LINEAR,TOTAL,3,3708400,842904
N10000_K1_SKEWED_1000,10000,9500,1,1008500,PREFIX_LINEAR,TOTAL,4,3674401,842904
N10000_K1_SKEWED_1000,10000,9500,1,1008500,PREFIX_LINEAR,TOTAL,5,3853500,842904
N10000_K1_SKEWED_1000,10000,9500,1,1008500,PREFIX_LINEAR,TOTAL,6,4885699,842904
N10000_K1_SKEWED_1000,10000,9500,1,1008500,PREFIX_LINEAR,TOTAL,7,3812201,842904
N10000_K1_SKEWED_1000,10000,9500,1,1008500,PREFIX_LINEAR,TOTAL,8,3806000,842904
N10000_K1_SKEWED_1000,10000,9500,1,1008500,PREFIX_LINEAR,TOTAL,9,4206401,842904
N10000_K1_SKEWED_1000,10000,9500,1,1008500,PREFIX_LINEAR,TOTAL,10,4025001,842904
N10000_K1_SKEWED_1000,10000,9500,1,1008500,PREFIX_LINEAR,TOTAL,11,4091200,842904
N10000_K1_SKEWED_1000,10000,9500,1,1008500,PREFIX_LINEAR,TOTAL,12,3780301,842904
N10000_K1_SKEWED_1000,10000,9500,1,1008500,PREFIX_LINEAR,TOTAL,13,3843600,842904
N10000_K1_SKEWED_1000,10000,9500,1,1008500,PREFIX_LINEAR,TOTAL,14,4288900,842904
N10000_K1_SKEWED_1000,10000,9500,1,1008500,PREFIX_LINEAR,TOTAL,15,3701601,842904
N10000_K1_SKEWED_1000,10000,9500,1,1008500,PREFIX_LINEAR,TOTAL,16,3809899,842904
N10000_K1_SKEWED_1000,10000,9500,1,1008500,PREFIX_LINEAR,TOTAL,17,3848399,842904
N10000_K1_SKEWED_1000,10000,9500,1,1008500,PREFIX_LINEAR,TOTAL,18,3876600,842904
N10000_K1_SKEWED_1000,10000,9500,1,1008500,PREFIX_LINEAR,TOTAL,19,3863499,842904
N10000_K1_SKEWED_1000,10000,9500,1,1008500,PREFIX_BINARY,NORMALIZE,0,3638300,689248
N10000_K1_SKEWED_1000,10000,9500,1,1008500,PREFIX_BINARY,NORMALIZE,1,3872800,689248
N10000_K1_SKEWED_1000,10000,9500,1,1008500,PREFIX_BINARY,NORMALIZE,2,3951099,689248
N10000_K1_SKEWED_1000,10000,9500,1,1008500,PREFIX_BINARY,NORMALIZE,3,3738300,689248
N10000_K1_SKEWED_1000,10000,9500,1,1008500,PREFIX_BINARY,NORMALIZE,4,3800400,689248
N10000_K1_SKEWED_1000,10000,9500,1,1008500,PREFIX_BINARY,NORMALIZE,5,3622200,689248
N10000_K1_SKEWED_1000,10000,9500,1,1008500,PREFIX_BINARY,NORMALIZE,6,4425500,689248
N10000_K1_SKEWED_1000,10000,9500,1,1008500,PREFIX_BINARY,NORMALIZE,7,3750500,689248
N10000_K1_SKEWED_1000,10000,9500,1,1008500,PREFIX_BINARY,NORMALIZE,8,3729700,689248
N10000_K1_SKEWED_1000,10000,9500,1,1008500,PREFIX_BINARY,NORMALIZE,9,3599401,689248
N10000_K1_SKEWED_1000,10000,9500,1,1008500,PREFIX_BINARY,NORMALIZE,10,3934000,689248
N10000_K1_SKEWED_1000,10000,9500,1,1008500,PREFIX_BINARY,NORMALIZE,11,3664901,689248
N10000_K1_SKEWED_1000,10000,9500,1,1008500,PREFIX_BINARY,NORMALIZE,12,4060100,689248
N10000_K1_SKEWED_1000,10000,9500,1,1008500,PREFIX_BINARY,NORMALIZE,13,3934701,689248
N10000_K1_SKEWED_1000,10000,9500,1,1008500,PREFIX_BINARY,NORMALIZE,14,4152801,689248
N10000_K1_SKEWED_1000,10000,9500,1,1008500,PREFIX_BINARY,NORMALIZE,15,3767300,689248
N10000_K1_SKEWED_1000,10000,9500,1,1008500,PREFIX_BINARY,NORMALIZE,16,4740400,689248
N10000_K1_SKEWED_1000,10000,9500,1,1008500,PREFIX_BINARY,NORMALIZE,17,3951700,689248
N10000_K1_SKEWED_1000,10000,9500,1,1008500,PREFIX_BINARY,NORMALIZE,18,3815799,689248
N10000_K1_SKEWED_1000,10000,9500,1,1008500,PREFIX_BINARY,NORMALIZE,19,3768500,689248
N10000_K1_SKEWED_1000,10000,9500,1,1008500,PREFIX_BINARY,BUILD,0,33501,152064
N10000_K1_SKEWED_1000,10000,9500,1,1008500,PREFIX_BINARY,BUILD,1,40600,152064
N10000_K1_SKEWED_1000,10000,9500,1,1008500,PREFIX_BINARY,BUILD,2,33901,152064
N10000_K1_SKEWED_1000,10000,9500,1,1008500,PREFIX_BINARY,BUILD,3,35501,152064
N10000_K1_SKEWED_1000,10000,9500,1,1008500,PREFIX_BINARY,BUILD,4,32900,152064
N10000_K1_SKEWED_1000,10000,9500,1,1008500,PREFIX_BINARY,BUILD,5,38100,152064
N10000_K1_SKEWED_1000,10000,9500,1,1008500,PREFIX_BINARY,BUILD,6,45400,152064
N10000_K1_SKEWED_1000,10000,9500,1,1008500,PREFIX_BINARY,BUILD,7,32899,152064
N10000_K1_SKEWED_1000,10000,9500,1,1008500,PREFIX_BINARY,BUILD,8,39499,152064
N10000_K1_SKEWED_1000,10000,9500,1,1008500,PREFIX_BINARY,BUILD,9,73600,152064
N10000_K1_SKEWED_1000,10000,9500,1,1008500,PREFIX_BINARY,BUILD,10,166700,152064
N10000_K1_SKEWED_1000,10000,9500,1,1008500,PREFIX_BINARY,BUILD,11,43300,152064
N10000_K1_SKEWED_1000,10000,9500,1,1008500,PREFIX_BINARY,BUILD,12,34301,152064
N10000_K1_SKEWED_1000,10000,9500,1,1008500,PREFIX_BINARY,BUILD,13,54499,152064
N10000_K1_SKEWED_1000,10000,9500,1,1008500,PREFIX_BINARY,BUILD,14,42500,152064
N10000_K1_SKEWED_1000,10000,9500,1,1008500,PREFIX_BINARY,BUILD,15,35399,152064
N10000_K1_SKEWED_1000,10000,9500,1,1008500,PREFIX_BINARY,BUILD,16,38100,152064
N10000_K1_SKEWED_1000,10000,9500,1,1008500,PREFIX_BINARY,BUILD,17,41799,152064
N10000_K1_SKEWED_1000,10000,9500,1,1008500,PREFIX_BINARY,BUILD,18,41501,152064
N10000_K1_SKEWED_1000,10000,9500,1,1008500,PREFIX_BINARY,BUILD,19,45101,152064
N10000_K1_SKEWED_1000,10000,9500,1,1008500,PREFIX_BINARY,SELECT,0,47200,1592
N10000_K1_SKEWED_1000,10000,9500,1,1008500,PREFIX_BINARY,SELECT,1,29100,1592
N10000_K1_SKEWED_1000,10000,9500,1,1008500,PREFIX_BINARY,SELECT,2,19300,1592
N10000_K1_SKEWED_1000,10000,9500,1,1008500,PREFIX_BINARY,SELECT,3,14200,1592
N10000_K1_SKEWED_1000,10000,9500,1,1008500,PREFIX_BINARY,SELECT,4,31901,1592
N10000_K1_SKEWED_1000,10000,9500,1,1008500,PREFIX_BINARY,SELECT,5,37101,1592
N10000_K1_SKEWED_1000,10000,9500,1,1008500,PREFIX_BINARY,SELECT,6,14900,1592
N10000_K1_SKEWED_1000,10000,9500,1,1008500,PREFIX_BINARY,SELECT,7,13800,1592
N10000_K1_SKEWED_1000,10000,9500,1,1008500,PREFIX_BINARY,SELECT,8,18201,1592
N10000_K1_SKEWED_1000,10000,9500,1,1008500,PREFIX_BINARY,SELECT,9,20201,1592
N10000_K1_SKEWED_1000,10000,9500,1,1008500,PREFIX_BINARY,SELECT,10,15000,1592
N10000_K1_SKEWED_1000,10000,9500,1,1008500,PREFIX_BINARY,SELECT,11,11300,1592
N10000_K1_SKEWED_1000,10000,9500,1,1008500,PREFIX_BINARY,SELECT,12,17101,1592
N10000_K1_SKEWED_1000,10000,9500,1,1008500,PREFIX_BINARY,SELECT,13,37300,1592
N10000_K1_SKEWED_1000,10000,9500,1,1008500,PREFIX_BINARY,SELECT,14,20001,1592
N10000_K1_SKEWED_1000,10000,9500,1,1008500,PREFIX_BINARY,SELECT,15,42800,1592
N10000_K1_SKEWED_1000,10000,9500,1,1008500,PREFIX_BINARY,SELECT,16,35799,1592
N10000_K1_SKEWED_1000,10000,9500,1,1008500,PREFIX_BINARY,SELECT,17,36900,1592
N10000_K1_SKEWED_1000,10000,9500,1,1008500,PREFIX_BINARY,SELECT,18,27001,1592
N10000_K1_SKEWED_1000,10000,9500,1,1008500,PREFIX_BINARY,SELECT,19,15100,1592
N10000_K1_SKEWED_1000,10000,9500,1,1008500,PREFIX_BINARY,TOTAL,0,3910100,842904
N10000_K1_SKEWED_1000,10000,9500,1,1008500,PREFIX_BINARY,TOTAL,1,3875700,842904
N10000_K1_SKEWED_1000,10000,9500,1,1008500,PREFIX_BINARY,TOTAL,2,3831300,842904
N10000_K1_SKEWED_1000,10000,9500,1,1008500,PREFIX_BINARY,TOTAL,3,3680700,842904
N10000_K1_SKEWED_1000,10000,9500,1,1008500,PREFIX_BINARY,TOTAL,4,3651501,842904
N10000_K1_SKEWED_1000,10000,9500,1,1008500,PREFIX_BINARY,TOTAL,5,4284600,842904
N10000_K1_SKEWED_1000,10000,9500,1,1008500,PREFIX_BINARY,TOTAL,6,4016801,842904
N10000_K1_SKEWED_1000,10000,9500,1,1008500,PREFIX_BINARY,TOTAL,7,3880200,842904
N10000_K1_SKEWED_1000,10000,9500,1,1008500,PREFIX_BINARY,TOTAL,8,3821800,842904
N10000_K1_SKEWED_1000,10000,9500,1,1008500,PREFIX_BINARY,TOTAL,9,3918099,842904
N10000_K1_SKEWED_1000,10000,9500,1,1008500,PREFIX_BINARY,TOTAL,10,4264699,842904
N10000_K1_SKEWED_1000,10000,9500,1,1008500,PREFIX_BINARY,TOTAL,11,3716300,842904
N10000_K1_SKEWED_1000,10000,9500,1,1008500,PREFIX_BINARY,TOTAL,12,3726601,842904
N10000_K1_SKEWED_1000,10000,9500,1,1008500,PREFIX_BINARY,TOTAL,13,4805200,842904
N10000_K1_SKEWED_1000,10000,9500,1,1008500,PREFIX_BINARY,TOTAL,14,3862300,842904
N10000_K1_SKEWED_1000,10000,9500,1,1008500,PREFIX_BINARY,TOTAL,15,3723200,842904
N10000_K1_SKEWED_1000,10000,9500,1,1008500,PREFIX_BINARY,TOTAL,16,3733000,842904
N10000_K1_SKEWED_1000,10000,9500,1,1008500,PREFIX_BINARY,TOTAL,17,4159700,842904
N10000_K1_SKEWED_1000,10000,9500,1,1008500,PREFIX_BINARY,TOTAL,18,4091800,842904
N10000_K1_SKEWED_1000,10000,9500,1,1008500,PREFIX_BINARY,TOTAL,19,3964300,842904
N10000_K1_SKEWED_1000,10000,9500,1,1008500,FENWICK,NORMALIZE,0,3814400,689248
N10000_K1_SKEWED_1000,10000,9500,1,1008500,FENWICK,NORMALIZE,1,4331400,689248
N10000_K1_SKEWED_1000,10000,9500,1,1008500,FENWICK,NORMALIZE,2,4043600,689248
N10000_K1_SKEWED_1000,10000,9500,1,1008500,FENWICK,NORMALIZE,3,5174800,689248
N10000_K1_SKEWED_1000,10000,9500,1,1008500,FENWICK,NORMALIZE,4,3834599,689248
N10000_K1_SKEWED_1000,10000,9500,1,1008500,FENWICK,NORMALIZE,5,4425400,689248
N10000_K1_SKEWED_1000,10000,9500,1,1008500,FENWICK,NORMALIZE,6,3975800,689248
N10000_K1_SKEWED_1000,10000,9500,1,1008500,FENWICK,NORMALIZE,7,3915900,689248
N10000_K1_SKEWED_1000,10000,9500,1,1008500,FENWICK,NORMALIZE,8,3791100,689248
N10000_K1_SKEWED_1000,10000,9500,1,1008500,FENWICK,NORMALIZE,9,4145301,689248
N10000_K1_SKEWED_1000,10000,9500,1,1008500,FENWICK,NORMALIZE,10,4034400,689248
N10000_K1_SKEWED_1000,10000,9500,1,1008500,FENWICK,NORMALIZE,11,3874900,689248
N10000_K1_SKEWED_1000,10000,9500,1,1008500,FENWICK,NORMALIZE,12,3893701,689248
N10000_K1_SKEWED_1000,10000,9500,1,1008500,FENWICK,NORMALIZE,13,4365600,689248
N10000_K1_SKEWED_1000,10000,9500,1,1008500,FENWICK,NORMALIZE,14,3707300,689248
N10000_K1_SKEWED_1000,10000,9500,1,1008500,FENWICK,NORMALIZE,15,4493100,689248
N10000_K1_SKEWED_1000,10000,9500,1,1008500,FENWICK,NORMALIZE,16,3781601,689248
N10000_K1_SKEWED_1000,10000,9500,1,1008500,FENWICK,NORMALIZE,17,4350200,689248
N10000_K1_SKEWED_1000,10000,9500,1,1008500,FENWICK,NORMALIZE,18,3794401,689248
N10000_K1_SKEWED_1000,10000,9500,1,1008500,FENWICK,NORMALIZE,19,3740701,689248
N10000_K1_SKEWED_1000,10000,9500,1,1008500,FENWICK,BUILD,0,90900,152136
N10000_K1_SKEWED_1000,10000,9500,1,1008500,FENWICK,BUILD,1,87300,152136
N10000_K1_SKEWED_1000,10000,9500,1,1008500,FENWICK,BUILD,2,86799,152136
N10000_K1_SKEWED_1000,10000,9500,1,1008500,FENWICK,BUILD,3,86501,152136
N10000_K1_SKEWED_1000,10000,9500,1,1008500,FENWICK,BUILD,4,106600,152136
N10000_K1_SKEWED_1000,10000,9500,1,1008500,FENWICK,BUILD,5,90300,152136
N10000_K1_SKEWED_1000,10000,9500,1,1008500,FENWICK,BUILD,6,86900,152136
N10000_K1_SKEWED_1000,10000,9500,1,1008500,FENWICK,BUILD,7,85401,152136
N10000_K1_SKEWED_1000,10000,9500,1,1008500,FENWICK,BUILD,8,147300,152136
N10000_K1_SKEWED_1000,10000,9500,1,1008500,FENWICK,BUILD,9,109000,152136
N10000_K1_SKEWED_1000,10000,9500,1,1008500,FENWICK,BUILD,10,89101,152136
N10000_K1_SKEWED_1000,10000,9500,1,1008500,FENWICK,BUILD,11,85399,152136
N10000_K1_SKEWED_1000,10000,9500,1,1008500,FENWICK,BUILD,12,142401,152136
N10000_K1_SKEWED_1000,10000,9500,1,1008500,FENWICK,BUILD,13,118900,152136
N10000_K1_SKEWED_1000,10000,9500,1,1008500,FENWICK,BUILD,14,118100,152136
N10000_K1_SKEWED_1000,10000,9500,1,1008500,FENWICK,BUILD,15,84500,152136
N10000_K1_SKEWED_1000,10000,9500,1,1008500,FENWICK,BUILD,16,164100,152136
N10000_K1_SKEWED_1000,10000,9500,1,1008500,FENWICK,BUILD,17,107100,152136
N10000_K1_SKEWED_1000,10000,9500,1,1008500,FENWICK,BUILD,18,84100,152136
N10000_K1_SKEWED_1000,10000,9500,1,1008500,FENWICK,BUILD,19,89900,152136
N10000_K1_SKEWED_1000,10000,9500,1,1008500,FENWICK,SELECT,0,30101,1592
N10000_K1_SKEWED_1000,10000,9500,1,1008500,FENWICK,SELECT,1,13599,1592
N10000_K1_SKEWED_1000,10000,9500,1,1008500,FENWICK,SELECT,2,10000,1592
N10000_K1_SKEWED_1000,10000,9500,1,1008500,FENWICK,SELECT,3,23300,1592
N10000_K1_SKEWED_1000,10000,9500,1,1008500,FENWICK,SELECT,4,39999,1592
N10000_K1_SKEWED_1000,10000,9500,1,1008500,FENWICK,SELECT,5,14600,1592
N10000_K1_SKEWED_1000,10000,9500,1,1008500,FENWICK,SELECT,6,43700,1592
N10000_K1_SKEWED_1000,10000,9500,1,1008500,FENWICK,SELECT,7,48199,1592
N10000_K1_SKEWED_1000,10000,9500,1,1008500,FENWICK,SELECT,8,38500,1592
N10000_K1_SKEWED_1000,10000,9500,1,1008500,FENWICK,SELECT,9,27201,1592
N10000_K1_SKEWED_1000,10000,9500,1,1008500,FENWICK,SELECT,10,17501,1592
N10000_K1_SKEWED_1000,10000,9500,1,1008500,FENWICK,SELECT,11,53000,1592
N10000_K1_SKEWED_1000,10000,9500,1,1008500,FENWICK,SELECT,12,33900,1592
N10000_K1_SKEWED_1000,10000,9500,1,1008500,FENWICK,SELECT,13,40300,1592
N10000_K1_SKEWED_1000,10000,9500,1,1008500,FENWICK,SELECT,14,25400,1592
N10000_K1_SKEWED_1000,10000,9500,1,1008500,FENWICK,SELECT,15,17500,1592
N10000_K1_SKEWED_1000,10000,9500,1,1008500,FENWICK,SELECT,16,23100,1592
N10000_K1_SKEWED_1000,10000,9500,1,1008500,FENWICK,SELECT,17,11199,1592
N10000_K1_SKEWED_1000,10000,9500,1,1008500,FENWICK,SELECT,18,22000,1592
N10000_K1_SKEWED_1000,10000,9500,1,1008500,FENWICK,SELECT,19,42100,1592
N10000_K1_SKEWED_1000,10000,9500,1,1008500,FENWICK,TOTAL,0,3944999,842976
N10000_K1_SKEWED_1000,10000,9500,1,1008500,FENWICK,TOTAL,1,4213899,842976
N10000_K1_SKEWED_1000,10000,9500,1,1008500,FENWICK,TOTAL,2,4157800,842976
N10000_K1_SKEWED_1000,10000,9500,1,1008500,FENWICK,TOTAL,3,3984600,842976
N10000_K1_SKEWED_1000,10000,9500,1,1008500,FENWICK,TOTAL,4,3881201,842976
N10000_K1_SKEWED_1000,10000,9500,1,1008500,FENWICK,TOTAL,5,3732099,842976
N10000_K1_SKEWED_1000,10000,9500,1,1008500,FENWICK,TOTAL,6,3796599,842976
N10000_K1_SKEWED_1000,10000,9500,1,1008500,FENWICK,TOTAL,7,4162600,842976
N10000_K1_SKEWED_1000,10000,9500,1,1008500,FENWICK,TOTAL,8,4542400,842976
N10000_K1_SKEWED_1000,10000,9500,1,1008500,FENWICK,TOTAL,9,3731300,842976
N10000_K1_SKEWED_1000,10000,9500,1,1008500,FENWICK,TOTAL,10,4076099,842976
N10000_K1_SKEWED_1000,10000,9500,1,1008500,FENWICK,TOTAL,11,4350500,842976
N10000_K1_SKEWED_1000,10000,9500,1,1008500,FENWICK,TOTAL,12,3963300,842976
N10000_K1_SKEWED_1000,10000,9500,1,1008500,FENWICK,TOTAL,13,4110899,842976
N10000_K1_SKEWED_1000,10000,9500,1,1008500,FENWICK,TOTAL,14,3787301,842976
N10000_K1_SKEWED_1000,10000,9500,1,1008500,FENWICK,TOTAL,15,4124200,842976
N10000_K1_SKEWED_1000,10000,9500,1,1008500,FENWICK,TOTAL,16,3995601,842976
N10000_K1_SKEWED_1000,10000,9500,1,1008500,FENWICK,TOTAL,17,3773300,842976
N10000_K1_SKEWED_1000,10000,9500,1,1008500,FENWICK,TOTAL,18,3848201,842976
N10000_K1_SKEWED_1000,10000,9500,1,1008500,FENWICK,TOTAL,19,4198700,842976
N10000_K95_SKEWED_1000,10000,9500,95,1008500,PREFIX_LINEAR,NORMALIZE,0,4120800,689248
N10000_K95_SKEWED_1000,10000,9500,95,1008500,PREFIX_LINEAR,NORMALIZE,1,3920700,689248
N10000_K95_SKEWED_1000,10000,9500,95,1008500,PREFIX_LINEAR,NORMALIZE,2,3668000,689248
N10000_K95_SKEWED_1000,10000,9500,95,1008500,PREFIX_LINEAR,NORMALIZE,3,3670500,689248
N10000_K95_SKEWED_1000,10000,9500,95,1008500,PREFIX_LINEAR,NORMALIZE,4,3771899,689248
N10000_K95_SKEWED_1000,10000,9500,95,1008500,PREFIX_LINEAR,NORMALIZE,5,3993301,689248
N10000_K95_SKEWED_1000,10000,9500,95,1008500,PREFIX_LINEAR,NORMALIZE,6,3678900,689248
N10000_K95_SKEWED_1000,10000,9500,95,1008500,PREFIX_LINEAR,NORMALIZE,7,3678000,689248
N10000_K95_SKEWED_1000,10000,9500,95,1008500,PREFIX_LINEAR,NORMALIZE,8,3610000,689248
N10000_K95_SKEWED_1000,10000,9500,95,1008500,PREFIX_LINEAR,NORMALIZE,9,3954400,689248
N10000_K95_SKEWED_1000,10000,9500,95,1008500,PREFIX_LINEAR,NORMALIZE,10,3650799,689248
N10000_K95_SKEWED_1000,10000,9500,95,1008500,PREFIX_LINEAR,NORMALIZE,11,4277200,689248
N10000_K95_SKEWED_1000,10000,9500,95,1008500,PREFIX_LINEAR,NORMALIZE,12,3777400,689248
N10000_K95_SKEWED_1000,10000,9500,95,1008500,PREFIX_LINEAR,NORMALIZE,13,4901200,689248
N10000_K95_SKEWED_1000,10000,9500,95,1008500,PREFIX_LINEAR,NORMALIZE,14,3842999,689248
N10000_K95_SKEWED_1000,10000,9500,95,1008500,PREFIX_LINEAR,NORMALIZE,15,3681300,689248
N10000_K95_SKEWED_1000,10000,9500,95,1008500,PREFIX_LINEAR,NORMALIZE,16,3652500,689248
N10000_K95_SKEWED_1000,10000,9500,95,1008500,PREFIX_LINEAR,NORMALIZE,17,4121999,689248
N10000_K95_SKEWED_1000,10000,9500,95,1008500,PREFIX_LINEAR,NORMALIZE,18,4313000,689248
N10000_K95_SKEWED_1000,10000,9500,95,1008500,PREFIX_LINEAR,NORMALIZE,19,5001101,689248
N10000_K95_SKEWED_1000,10000,9500,95,1008500,PREFIX_LINEAR,BUILD,0,69100,152064
N10000_K95_SKEWED_1000,10000,9500,95,1008500,PREFIX_LINEAR,BUILD,1,34700,152064
N10000_K95_SKEWED_1000,10000,9500,95,1008500,PREFIX_LINEAR,BUILD,2,36200,152064
N10000_K95_SKEWED_1000,10000,9500,95,1008500,PREFIX_LINEAR,BUILD,3,36600,152064
N10000_K95_SKEWED_1000,10000,9500,95,1008500,PREFIX_LINEAR,BUILD,4,38400,152064
N10000_K95_SKEWED_1000,10000,9500,95,1008500,PREFIX_LINEAR,BUILD,5,37300,152064
N10000_K95_SKEWED_1000,10000,9500,95,1008500,PREFIX_LINEAR,BUILD,6,45800,152064
N10000_K95_SKEWED_1000,10000,9500,95,1008500,PREFIX_LINEAR,BUILD,7,40900,152064
N10000_K95_SKEWED_1000,10000,9500,95,1008500,PREFIX_LINEAR,BUILD,8,50400,152064
N10000_K95_SKEWED_1000,10000,9500,95,1008500,PREFIX_LINEAR,BUILD,9,38500,152064
N10000_K95_SKEWED_1000,10000,9500,95,1008500,PREFIX_LINEAR,BUILD,10,36101,152064
N10000_K95_SKEWED_1000,10000,9500,95,1008500,PREFIX_LINEAR,BUILD,11,36501,152064
N10000_K95_SKEWED_1000,10000,9500,95,1008500,PREFIX_LINEAR,BUILD,12,33900,152064
N10000_K95_SKEWED_1000,10000,9500,95,1008500,PREFIX_LINEAR,BUILD,13,35900,152064
N10000_K95_SKEWED_1000,10000,9500,95,1008500,PREFIX_LINEAR,BUILD,14,35400,152064
N10000_K95_SKEWED_1000,10000,9500,95,1008500,PREFIX_LINEAR,BUILD,15,45400,152064
N10000_K95_SKEWED_1000,10000,9500,95,1008500,PREFIX_LINEAR,BUILD,16,35001,152064
N10000_K95_SKEWED_1000,10000,9500,95,1008500,PREFIX_LINEAR,BUILD,17,37900,152064
N10000_K95_SKEWED_1000,10000,9500,95,1008500,PREFIX_LINEAR,BUILD,18,46200,152064
N10000_K95_SKEWED_1000,10000,9500,95,1008500,PREFIX_LINEAR,BUILD,19,34301,152064
N10000_K95_SKEWED_1000,10000,9500,95,1008500,PREFIX_LINEAR,SELECT,0,295499,17568
N10000_K95_SKEWED_1000,10000,9500,95,1008500,PREFIX_LINEAR,SELECT,1,296800,17568
N10000_K95_SKEWED_1000,10000,9500,95,1008500,PREFIX_LINEAR,SELECT,2,286399,17568
N10000_K95_SKEWED_1000,10000,9500,95,1008500,PREFIX_LINEAR,SELECT,3,264100,17568
N10000_K95_SKEWED_1000,10000,9500,95,1008500,PREFIX_LINEAR,SELECT,4,269600,17568
N10000_K95_SKEWED_1000,10000,9500,95,1008500,PREFIX_LINEAR,SELECT,5,287800,17568
N10000_K95_SKEWED_1000,10000,9500,95,1008500,PREFIX_LINEAR,SELECT,6,283000,17568
N10000_K95_SKEWED_1000,10000,9500,95,1008500,PREFIX_LINEAR,SELECT,7,268801,17568
N10000_K95_SKEWED_1000,10000,9500,95,1008500,PREFIX_LINEAR,SELECT,8,291499,17568
N10000_K95_SKEWED_1000,10000,9500,95,1008500,PREFIX_LINEAR,SELECT,9,265701,17568
N10000_K95_SKEWED_1000,10000,9500,95,1008500,PREFIX_LINEAR,SELECT,10,309601,17568
N10000_K95_SKEWED_1000,10000,9500,95,1008500,PREFIX_LINEAR,SELECT,11,274600,17568
N10000_K95_SKEWED_1000,10000,9500,95,1008500,PREFIX_LINEAR,SELECT,12,292200,17568
N10000_K95_SKEWED_1000,10000,9500,95,1008500,PREFIX_LINEAR,SELECT,13,265800,17568
N10000_K95_SKEWED_1000,10000,9500,95,1008500,PREFIX_LINEAR,SELECT,14,265900,17568
N10000_K95_SKEWED_1000,10000,9500,95,1008500,PREFIX_LINEAR,SELECT,15,266200,17568
N10000_K95_SKEWED_1000,10000,9500,95,1008500,PREFIX_LINEAR,SELECT,16,285000,17568
N10000_K95_SKEWED_1000,10000,9500,95,1008500,PREFIX_LINEAR,SELECT,17,278099,17568
N10000_K95_SKEWED_1000,10000,9500,95,1008500,PREFIX_LINEAR,SELECT,18,259100,17568
N10000_K95_SKEWED_1000,10000,9500,95,1008500,PREFIX_LINEAR,SELECT,19,258700,17568
N10000_K95_SKEWED_1000,10000,9500,95,1008500,PREFIX_LINEAR,TOTAL,0,3937600,858880
N10000_K95_SKEWED_1000,10000,9500,95,1008500,PREFIX_LINEAR,TOTAL,1,3908601,858880
N10000_K95_SKEWED_1000,10000,9500,95,1008500,PREFIX_LINEAR,TOTAL,2,4984100,858880
N10000_K95_SKEWED_1000,10000,9500,95,1008500,PREFIX_LINEAR,TOTAL,3,5435201,858880
N10000_K95_SKEWED_1000,10000,9500,95,1008500,PREFIX_LINEAR,TOTAL,4,4041100,858880
N10000_K95_SKEWED_1000,10000,9500,95,1008500,PREFIX_LINEAR,TOTAL,5,4770200,858880
N10000_K95_SKEWED_1000,10000,9500,95,1008500,PREFIX_LINEAR,TOTAL,6,4922800,858880
N10000_K95_SKEWED_1000,10000,9500,95,1008500,PREFIX_LINEAR,TOTAL,7,4063899,858880
N10000_K95_SKEWED_1000,10000,9500,95,1008500,PREFIX_LINEAR,TOTAL,8,4043200,858880
N10000_K95_SKEWED_1000,10000,9500,95,1008500,PREFIX_LINEAR,TOTAL,9,4104000,858880
N10000_K95_SKEWED_1000,10000,9500,95,1008500,PREFIX_LINEAR,TOTAL,10,4013200,858880
N10000_K95_SKEWED_1000,10000,9500,95,1008500,PREFIX_LINEAR,TOTAL,11,3896999,858880
N10000_K95_SKEWED_1000,10000,9500,95,1008500,PREFIX_LINEAR,TOTAL,12,4044400,858880
N10000_K95_SKEWED_1000,10000,9500,95,1008500,PREFIX_LINEAR,TOTAL,13,4141100,858880
N10000_K95_SKEWED_1000,10000,9500,95,1008500,PREFIX_LINEAR,TOTAL,14,4310600,858880
N10000_K95_SKEWED_1000,10000,9500,95,1008500,PREFIX_LINEAR,TOTAL,15,4743100,858880
N10000_K95_SKEWED_1000,10000,9500,95,1008500,PREFIX_LINEAR,TOTAL,16,4043100,858880
N10000_K95_SKEWED_1000,10000,9500,95,1008500,PREFIX_LINEAR,TOTAL,17,3916300,858880
N10000_K95_SKEWED_1000,10000,9500,95,1008500,PREFIX_LINEAR,TOTAL,18,4081700,858880
N10000_K95_SKEWED_1000,10000,9500,95,1008500,PREFIX_LINEAR,TOTAL,19,3983300,858880
N10000_K95_SKEWED_1000,10000,9500,95,1008500,PREFIX_BINARY,NORMALIZE,0,4220300,689248
N10000_K95_SKEWED_1000,10000,9500,95,1008500,PREFIX_BINARY,NORMALIZE,1,4210100,689248
N10000_K95_SKEWED_1000,10000,9500,95,1008500,PREFIX_BINARY,NORMALIZE,2,3671600,689248
N10000_K95_SKEWED_1000,10000,9500,95,1008500,PREFIX_BINARY,NORMALIZE,3,3809600,689248
N10000_K95_SKEWED_1000,10000,9500,95,1008500,PREFIX_BINARY,NORMALIZE,4,3627099,689248
N10000_K95_SKEWED_1000,10000,9500,95,1008500,PREFIX_BINARY,NORMALIZE,5,3769100,689248
N10000_K95_SKEWED_1000,10000,9500,95,1008500,PREFIX_BINARY,NORMALIZE,6,4158000,689248
N10000_K95_SKEWED_1000,10000,9500,95,1008500,PREFIX_BINARY,NORMALIZE,7,4129100,689248
N10000_K95_SKEWED_1000,10000,9500,95,1008500,PREFIX_BINARY,NORMALIZE,8,4416100,689248
N10000_K95_SKEWED_1000,10000,9500,95,1008500,PREFIX_BINARY,NORMALIZE,9,3863299,689248
N10000_K95_SKEWED_1000,10000,9500,95,1008500,PREFIX_BINARY,NORMALIZE,10,3919100,689248
N10000_K95_SKEWED_1000,10000,9500,95,1008500,PREFIX_BINARY,NORMALIZE,11,3917700,689248
N10000_K95_SKEWED_1000,10000,9500,95,1008500,PREFIX_BINARY,NORMALIZE,12,3713200,689248
N10000_K95_SKEWED_1000,10000,9500,95,1008500,PREFIX_BINARY,NORMALIZE,13,3733300,689248
N10000_K95_SKEWED_1000,10000,9500,95,1008500,PREFIX_BINARY,NORMALIZE,14,3719701,689248
N10000_K95_SKEWED_1000,10000,9500,95,1008500,PREFIX_BINARY,NORMALIZE,15,4072000,689248
N10000_K95_SKEWED_1000,10000,9500,95,1008500,PREFIX_BINARY,NORMALIZE,16,3911801,689248
N10000_K95_SKEWED_1000,10000,9500,95,1008500,PREFIX_BINARY,NORMALIZE,17,3716900,689248
N10000_K95_SKEWED_1000,10000,9500,95,1008500,PREFIX_BINARY,NORMALIZE,18,3714300,689248
N10000_K95_SKEWED_1000,10000,9500,95,1008500,PREFIX_BINARY,NORMALIZE,19,4150000,689248
N10000_K95_SKEWED_1000,10000,9500,95,1008500,PREFIX_BINARY,BUILD,0,33500,152064
N10000_K95_SKEWED_1000,10000,9500,95,1008500,PREFIX_BINARY,BUILD,1,37400,152064
N10000_K95_SKEWED_1000,10000,9500,95,1008500,PREFIX_BINARY,BUILD,2,44800,152064
N10000_K95_SKEWED_1000,10000,9500,95,1008500,PREFIX_BINARY,BUILD,3,32200,152064
N10000_K95_SKEWED_1000,10000,9500,95,1008500,PREFIX_BINARY,BUILD,4,33301,152064
N10000_K95_SKEWED_1000,10000,9500,95,1008500,PREFIX_BINARY,BUILD,5,31900,152064
N10000_K95_SKEWED_1000,10000,9500,95,1008500,PREFIX_BINARY,BUILD,6,38600,152064
N10000_K95_SKEWED_1000,10000,9500,95,1008500,PREFIX_BINARY,BUILD,7,38000,152064
N10000_K95_SKEWED_1000,10000,9500,95,1008500,PREFIX_BINARY,BUILD,8,34400,152064
N10000_K95_SKEWED_1000,10000,9500,95,1008500,PREFIX_BINARY,BUILD,9,35101,152064
N10000_K95_SKEWED_1000,10000,9500,95,1008500,PREFIX_BINARY,BUILD,10,44001,152064
N10000_K95_SKEWED_1000,10000,9500,95,1008500,PREFIX_BINARY,BUILD,11,33000,152064
N10000_K95_SKEWED_1000,10000,9500,95,1008500,PREFIX_BINARY,BUILD,12,1653501,152064
N10000_K95_SKEWED_1000,10000,9500,95,1008500,PREFIX_BINARY,BUILD,13,35600,152064
N10000_K95_SKEWED_1000,10000,9500,95,1008500,PREFIX_BINARY,BUILD,14,38200,152064
N10000_K95_SKEWED_1000,10000,9500,95,1008500,PREFIX_BINARY,BUILD,15,49800,152064
N10000_K95_SKEWED_1000,10000,9500,95,1008500,PREFIX_BINARY,BUILD,16,33701,152064
N10000_K95_SKEWED_1000,10000,9500,95,1008500,PREFIX_BINARY,BUILD,17,49300,152064
N10000_K95_SKEWED_1000,10000,9500,95,1008500,PREFIX_BINARY,BUILD,18,41699,152064
N10000_K95_SKEWED_1000,10000,9500,95,1008500,PREFIX_BINARY,BUILD,19,35000,152064
N10000_K95_SKEWED_1000,10000,9500,95,1008500,PREFIX_BINARY,SELECT,0,139700,17568
N10000_K95_SKEWED_1000,10000,9500,95,1008500,PREFIX_BINARY,SELECT,1,127001,17568
N10000_K95_SKEWED_1000,10000,9500,95,1008500,PREFIX_BINARY,SELECT,2,123999,17568
N10000_K95_SKEWED_1000,10000,9500,95,1008500,PREFIX_BINARY,SELECT,3,128700,17568
N10000_K95_SKEWED_1000,10000,9500,95,1008500,PREFIX_BINARY,SELECT,4,131800,17568
N10000_K95_SKEWED_1000,10000,9500,95,1008500,PREFIX_BINARY,SELECT,5,127700,17568
N10000_K95_SKEWED_1000,10000,9500,95,1008500,PREFIX_BINARY,SELECT,6,199000,17568
N10000_K95_SKEWED_1000,10000,9500,95,1008500,PREFIX_BINARY,SELECT,7,145000,17568
N10000_K95_SKEWED_1000,10000,9500,95,1008500,PREFIX_BINARY,SELECT,8,224001,17568
N10000_K95_SKEWED_1000,10000,9500,95,1008500,PREFIX_BINARY,SELECT,9,134700,17568
N10000_K95_SKEWED_1000,10000,9500,95,1008500,PREFIX_BINARY,SELECT,10,136999,17568
N10000_K95_SKEWED_1000,10000,9500,95,1008500,PREFIX_BINARY,SELECT,11,141199,17568
N10000_K95_SKEWED_1000,10000,9500,95,1008500,PREFIX_BINARY,SELECT,12,135499,17568
N10000_K95_SKEWED_1000,10000,9500,95,1008500,PREFIX_BINARY,SELECT,13,157899,17568
N10000_K95_SKEWED_1000,10000,9500,95,1008500,PREFIX_BINARY,SELECT,14,162799,17568
N10000_K95_SKEWED_1000,10000,9500,95,1008500,PREFIX_BINARY,SELECT,15,121300,17568
N10000_K95_SKEWED_1000,10000,9500,95,1008500,PREFIX_BINARY,SELECT,16,119300,17568
N10000_K95_SKEWED_1000,10000,9500,95,1008500,PREFIX_BINARY,SELECT,17,119599,17568
N10000_K95_SKEWED_1000,10000,9500,95,1008500,PREFIX_BINARY,SELECT,18,137000,17568
N10000_K95_SKEWED_1000,10000,9500,95,1008500,PREFIX_BINARY,SELECT,19,115400,17568
N10000_K95_SKEWED_1000,10000,9500,95,1008500,PREFIX_BINARY,TOTAL,0,3793500,858880
N10000_K95_SKEWED_1000,10000,9500,95,1008500,PREFIX_BINARY,TOTAL,1,4095400,858880
N10000_K95_SKEWED_1000,10000,9500,95,1008500,PREFIX_BINARY,TOTAL,2,4017400,858880
N10000_K95_SKEWED_1000,10000,9500,95,1008500,PREFIX_BINARY,TOTAL,3,3887601,858880
N10000_K95_SKEWED_1000,10000,9500,95,1008500,PREFIX_BINARY,TOTAL,4,3808000,858880
N10000_K95_SKEWED_1000,10000,9500,95,1008500,PREFIX_BINARY,TOTAL,5,4368300,858880
N10000_K95_SKEWED_1000,10000,9500,95,1008500,PREFIX_BINARY,TOTAL,6,4050199,858880
N10000_K95_SKEWED_1000,10000,9500,95,1008500,PREFIX_BINARY,TOTAL,7,4055299,858880
N10000_K95_SKEWED_1000,10000,9500,95,1008500,PREFIX_BINARY,TOTAL,8,3915299,858880
N10000_K95_SKEWED_1000,10000,9500,95,1008500,PREFIX_BINARY,TOTAL,9,4465700,858880
N10000_K95_SKEWED_1000,10000,9500,95,1008500,PREFIX_BINARY,TOTAL,10,3819799,858880
N10000_K95_SKEWED_1000,10000,9500,95,1008500,PREFIX_BINARY,TOTAL,11,3794899,858880
N10000_K95_SKEWED_1000,10000,9500,95,1008500,PREFIX_BINARY,TOTAL,12,4394400,858880
N10000_K95_SKEWED_1000,10000,9500,95,1008500,PREFIX_BINARY,TOTAL,13,3987701,858880
N10000_K95_SKEWED_1000,10000,9500,95,1008500,PREFIX_BINARY,TOTAL,14,3873001,858880
N10000_K95_SKEWED_1000,10000,9500,95,1008500,PREFIX_BINARY,TOTAL,15,4027600,858880
N10000_K95_SKEWED_1000,10000,9500,95,1008500,PREFIX_BINARY,TOTAL,16,4160600,858880
N10000_K95_SKEWED_1000,10000,9500,95,1008500,PREFIX_BINARY,TOTAL,17,7002700,858880
N10000_K95_SKEWED_1000,10000,9500,95,1008500,PREFIX_BINARY,TOTAL,18,4138399,858880
N10000_K95_SKEWED_1000,10000,9500,95,1008500,PREFIX_BINARY,TOTAL,19,11062001,858880
N10000_K95_SKEWED_1000,10000,9500,95,1008500,FENWICK,NORMALIZE,0,3800500,689248
N10000_K95_SKEWED_1000,10000,9500,95,1008500,FENWICK,NORMALIZE,1,4342300,689248
N10000_K95_SKEWED_1000,10000,9500,95,1008500,FENWICK,NORMALIZE,2,3954900,689248
N10000_K95_SKEWED_1000,10000,9500,95,1008500,FENWICK,NORMALIZE,3,6470300,689248
N10000_K95_SKEWED_1000,10000,9500,95,1008500,FENWICK,NORMALIZE,4,6153300,689248
N10000_K95_SKEWED_1000,10000,9500,95,1008500,FENWICK,NORMALIZE,5,4822999,689248
N10000_K95_SKEWED_1000,10000,9500,95,1008500,FENWICK,NORMALIZE,6,3835601,689248
N10000_K95_SKEWED_1000,10000,9500,95,1008500,FENWICK,NORMALIZE,7,4894899,689248
N10000_K95_SKEWED_1000,10000,9500,95,1008500,FENWICK,NORMALIZE,8,5655600,689248
N10000_K95_SKEWED_1000,10000,9500,95,1008500,FENWICK,NORMALIZE,9,4713099,689248
N10000_K95_SKEWED_1000,10000,9500,95,1008500,FENWICK,NORMALIZE,10,3716699,689248
N10000_K95_SKEWED_1000,10000,9500,95,1008500,FENWICK,NORMALIZE,11,3973700,689248
N10000_K95_SKEWED_1000,10000,9500,95,1008500,FENWICK,NORMALIZE,12,3891000,689248
N10000_K95_SKEWED_1000,10000,9500,95,1008500,FENWICK,NORMALIZE,13,4151200,689248
N10000_K95_SKEWED_1000,10000,9500,95,1008500,FENWICK,NORMALIZE,14,4021300,689248
N10000_K95_SKEWED_1000,10000,9500,95,1008500,FENWICK,NORMALIZE,15,4199999,689248
N10000_K95_SKEWED_1000,10000,9500,95,1008500,FENWICK,NORMALIZE,16,5105001,689248
N10000_K95_SKEWED_1000,10000,9500,95,1008500,FENWICK,NORMALIZE,17,3875600,689248
N10000_K95_SKEWED_1000,10000,9500,95,1008500,FENWICK,NORMALIZE,18,3794601,689248
N10000_K95_SKEWED_1000,10000,9500,95,1008500,FENWICK,NORMALIZE,19,3871200,689248
N10000_K95_SKEWED_1000,10000,9500,95,1008500,FENWICK,BUILD,0,85000,152136
N10000_K95_SKEWED_1000,10000,9500,95,1008500,FENWICK,BUILD,1,92000,152136
N10000_K95_SKEWED_1000,10000,9500,95,1008500,FENWICK,BUILD,2,83100,152136
N10000_K95_SKEWED_1000,10000,9500,95,1008500,FENWICK,BUILD,3,98100,152136
N10000_K95_SKEWED_1000,10000,9500,95,1008500,FENWICK,BUILD,4,86000,152136
N10000_K95_SKEWED_1000,10000,9500,95,1008500,FENWICK,BUILD,5,84200,152136
N10000_K95_SKEWED_1000,10000,9500,95,1008500,FENWICK,BUILD,6,95800,152136
N10000_K95_SKEWED_1000,10000,9500,95,1008500,FENWICK,BUILD,7,126899,152136
N10000_K95_SKEWED_1000,10000,9500,95,1008500,FENWICK,BUILD,8,88099,152136
N10000_K95_SKEWED_1000,10000,9500,95,1008500,FENWICK,BUILD,9,85899,152136
N10000_K95_SKEWED_1000,10000,9500,95,1008500,FENWICK,BUILD,10,84500,152136
N10000_K95_SKEWED_1000,10000,9500,95,1008500,FENWICK,BUILD,11,233200,152136
N10000_K95_SKEWED_1000,10000,9500,95,1008500,FENWICK,BUILD,12,91300,152136
N10000_K95_SKEWED_1000,10000,9500,95,1008500,FENWICK,BUILD,13,88701,152136
N10000_K95_SKEWED_1000,10000,9500,95,1008500,FENWICK,BUILD,14,86499,152136
N10000_K95_SKEWED_1000,10000,9500,95,1008500,FENWICK,BUILD,15,109500,152136
N10000_K95_SKEWED_1000,10000,9500,95,1008500,FENWICK,BUILD,16,90300,152136
N10000_K95_SKEWED_1000,10000,9500,95,1008500,FENWICK,BUILD,17,86300,152136
N10000_K95_SKEWED_1000,10000,9500,95,1008500,FENWICK,BUILD,18,86701,152136
N10000_K95_SKEWED_1000,10000,9500,95,1008500,FENWICK,BUILD,19,98500,152136
N10000_K95_SKEWED_1000,10000,9500,95,1008500,FENWICK,SELECT,0,107200,17568
N10000_K95_SKEWED_1000,10000,9500,95,1008500,FENWICK,SELECT,1,87801,17568
N10000_K95_SKEWED_1000,10000,9500,95,1008500,FENWICK,SELECT,2,56399,17568
N10000_K95_SKEWED_1000,10000,9500,95,1008500,FENWICK,SELECT,3,81401,17568
N10000_K95_SKEWED_1000,10000,9500,95,1008500,FENWICK,SELECT,4,57299,17568
N10000_K95_SKEWED_1000,10000,9500,95,1008500,FENWICK,SELECT,5,55799,17568
N10000_K95_SKEWED_1000,10000,9500,95,1008500,FENWICK,SELECT,6,66700,17568
N10000_K95_SKEWED_1000,10000,9500,95,1008500,FENWICK,SELECT,7,68500,17568
N10000_K95_SKEWED_1000,10000,9500,95,1008500,FENWICK,SELECT,8,55901,17568
N10000_K95_SKEWED_1000,10000,9500,95,1008500,FENWICK,SELECT,9,76700,17568
N10000_K95_SKEWED_1000,10000,9500,95,1008500,FENWICK,SELECT,10,58401,17568
N10000_K95_SKEWED_1000,10000,9500,95,1008500,FENWICK,SELECT,11,73000,17568
N10000_K95_SKEWED_1000,10000,9500,95,1008500,FENWICK,SELECT,12,50700,17568
N10000_K95_SKEWED_1000,10000,9500,95,1008500,FENWICK,SELECT,13,80099,17568
N10000_K95_SKEWED_1000,10000,9500,95,1008500,FENWICK,SELECT,14,51900,17568
N10000_K95_SKEWED_1000,10000,9500,95,1008500,FENWICK,SELECT,15,93201,17568
N10000_K95_SKEWED_1000,10000,9500,95,1008500,FENWICK,SELECT,16,60600,17568
N10000_K95_SKEWED_1000,10000,9500,95,1008500,FENWICK,SELECT,17,52500,17568
N10000_K95_SKEWED_1000,10000,9500,95,1008500,FENWICK,SELECT,18,53400,17568
N10000_K95_SKEWED_1000,10000,9500,95,1008500,FENWICK,SELECT,19,68400,17568
N10000_K95_SKEWED_1000,10000,9500,95,1008500,FENWICK,TOTAL,0,3777801,858952
N10000_K95_SKEWED_1000,10000,9500,95,1008500,FENWICK,TOTAL,1,3771599,858952
N10000_K95_SKEWED_1000,10000,9500,95,1008500,FENWICK,TOTAL,2,3860800,858952
N10000_K95_SKEWED_1000,10000,9500,95,1008500,FENWICK,TOTAL,3,3856301,858952
N10000_K95_SKEWED_1000,10000,9500,95,1008500,FENWICK,TOTAL,4,3729900,858952
N10000_K95_SKEWED_1000,10000,9500,95,1008500,FENWICK,TOTAL,5,3983701,858952
N10000_K95_SKEWED_1000,10000,9500,95,1008500,FENWICK,TOTAL,6,3992500,858952
N10000_K95_SKEWED_1000,10000,9500,95,1008500,FENWICK,TOTAL,7,4757800,858952
N10000_K95_SKEWED_1000,10000,9500,95,1008500,FENWICK,TOTAL,8,3899399,858952
N10000_K95_SKEWED_1000,10000,9500,95,1008500,FENWICK,TOTAL,9,3750299,858952
N10000_K95_SKEWED_1000,10000,9500,95,1008500,FENWICK,TOTAL,10,3807500,858952
N10000_K95_SKEWED_1000,10000,9500,95,1008500,FENWICK,TOTAL,11,4308099,858952
N10000_K95_SKEWED_1000,10000,9500,95,1008500,FENWICK,TOTAL,12,3809299,858952
N10000_K95_SKEWED_1000,10000,9500,95,1008500,FENWICK,TOTAL,13,3841500,858952
N10000_K95_SKEWED_1000,10000,9500,95,1008500,FENWICK,TOTAL,14,3800899,858952
N10000_K95_SKEWED_1000,10000,9500,95,1008500,FENWICK,TOTAL,15,4113000,858952
N10000_K95_SKEWED_1000,10000,9500,95,1008500,FENWICK,TOTAL,16,4005800,858952
N10000_K95_SKEWED_1000,10000,9500,95,1008500,FENWICK,TOTAL,17,3792300,858952
N10000_K95_SKEWED_1000,10000,9500,95,1008500,FENWICK,TOTAL,18,4181200,858952
N10000_K95_SKEWED_1000,10000,9500,95,1008500,FENWICK,TOTAL,19,4222900,858952
N10000_K950_SKEWED_1000,10000,9500,950,1008500,PREFIX_LINEAR,NORMALIZE,0,3803700,689248
N10000_K950_SKEWED_1000,10000,9500,950,1008500,PREFIX_LINEAR,NORMALIZE,1,3641800,689248
N10000_K950_SKEWED_1000,10000,9500,950,1008500,PREFIX_LINEAR,NORMALIZE,2,3898600,689248
N10000_K950_SKEWED_1000,10000,9500,950,1008500,PREFIX_LINEAR,NORMALIZE,3,4294200,689248
N10000_K950_SKEWED_1000,10000,9500,950,1008500,PREFIX_LINEAR,NORMALIZE,4,3846999,689248
N10000_K950_SKEWED_1000,10000,9500,950,1008500,PREFIX_LINEAR,NORMALIZE,5,3651800,689248
N10000_K950_SKEWED_1000,10000,9500,950,1008500,PREFIX_LINEAR,NORMALIZE,6,4043000,689248
N10000_K950_SKEWED_1000,10000,9500,950,1008500,PREFIX_LINEAR,NORMALIZE,7,4207600,689248
N10000_K950_SKEWED_1000,10000,9500,950,1008500,PREFIX_LINEAR,NORMALIZE,8,3763099,689248
N10000_K950_SKEWED_1000,10000,9500,950,1008500,PREFIX_LINEAR,NORMALIZE,9,3677200,689248
N10000_K950_SKEWED_1000,10000,9500,950,1008500,PREFIX_LINEAR,NORMALIZE,10,3929599,689248
N10000_K950_SKEWED_1000,10000,9500,950,1008500,PREFIX_LINEAR,NORMALIZE,11,3765601,689248
N10000_K950_SKEWED_1000,10000,9500,950,1008500,PREFIX_LINEAR,NORMALIZE,12,4080299,689248
N10000_K950_SKEWED_1000,10000,9500,950,1008500,PREFIX_LINEAR,NORMALIZE,13,4132401,689248
N10000_K950_SKEWED_1000,10000,9500,950,1008500,PREFIX_LINEAR,NORMALIZE,14,4269400,689248
N10000_K950_SKEWED_1000,10000,9500,950,1008500,PREFIX_LINEAR,NORMALIZE,15,3698701,689248
N10000_K950_SKEWED_1000,10000,9500,950,1008500,PREFIX_LINEAR,NORMALIZE,16,3748900,689248
N10000_K950_SKEWED_1000,10000,9500,950,1008500,PREFIX_LINEAR,NORMALIZE,17,3597200,689248
N10000_K950_SKEWED_1000,10000,9500,950,1008500,PREFIX_LINEAR,NORMALIZE,18,3730500,689248
N10000_K950_SKEWED_1000,10000,9500,950,1008500,PREFIX_LINEAR,NORMALIZE,19,3622800,689248
N10000_K950_SKEWED_1000,10000,9500,950,1008500,PREFIX_LINEAR,BUILD,0,39399,152064
N10000_K950_SKEWED_1000,10000,9500,950,1008500,PREFIX_LINEAR,BUILD,1,33399,152064
N10000_K950_SKEWED_1000,10000,9500,950,1008500,PREFIX_LINEAR,BUILD,2,43500,152064
N10000_K950_SKEWED_1000,10000,9500,950,1008500,PREFIX_LINEAR,BUILD,3,32499,152064
N10000_K950_SKEWED_1000,10000,9500,950,1008500,PREFIX_LINEAR,BUILD,4,39901,152064
N10000_K950_SKEWED_1000,10000,9500,950,1008500,PREFIX_LINEAR,BUILD,5,54200,152064
N10000_K950_SKEWED_1000,10000,9500,950,1008500,PREFIX_LINEAR,BUILD,6,39700,152064
N10000_K950_SKEWED_1000,10000,9500,950,1008500,PREFIX_LINEAR,BUILD,7,47501,152064
N10000_K950_SKEWED_1000,10000,9500,950,1008500,PREFIX_LINEAR,BUILD,8,37900,152064
N10000_K950_SKEWED_1000,10000,9500,950,1008500,PREFIX_LINEAR,BUILD,9,34899,152064
N10000_K950_SKEWED_1000,10000,9500,950,1008500,PREFIX_LINEAR,BUILD,10,48701,152064
N10000_K950_SKEWED_1000,10000,9500,950,1008500,PREFIX_LINEAR,BUILD,11,32901,152064
N10000_K950_SKEWED_1000,10000,9500,950,1008500,PREFIX_LINEAR,BUILD,12,39300,152064
N10000_K950_SKEWED_1000,10000,9500,950,1008500,PREFIX_LINEAR,BUILD,13,35100,152064
N10000_K950_SKEWED_1000,10000,9500,950,1008500,PREFIX_LINEAR,BUILD,14,33500,152064
N10000_K950_SKEWED_1000,10000,9500,950,1008500,PREFIX_LINEAR,BUILD,15,35799,152064
N10000_K950_SKEWED_1000,10000,9500,950,1008500,PREFIX_LINEAR,BUILD,16,40100,152064
N10000_K950_SKEWED_1000,10000,9500,950,1008500,PREFIX_LINEAR,BUILD,17,35401,152064
N10000_K950_SKEWED_1000,10000,9500,950,1008500,PREFIX_LINEAR,BUILD,18,31900,152064
N10000_K950_SKEWED_1000,10000,9500,950,1008500,PREFIX_LINEAR,BUILD,19,31599,152064
N10000_K950_SKEWED_1000,10000,9500,950,1008500,PREFIX_LINEAR,SELECT,0,2558099,189840
N10000_K950_SKEWED_1000,10000,9500,950,1008500,PREFIX_LINEAR,SELECT,1,2491800,189840
N10000_K950_SKEWED_1000,10000,9500,950,1008500,PREFIX_LINEAR,SELECT,2,2478100,189840
N10000_K950_SKEWED_1000,10000,9500,950,1008500,PREFIX_LINEAR,SELECT,3,2497800,189840
N10000_K950_SKEWED_1000,10000,9500,950,1008500,PREFIX_LINEAR,SELECT,4,2416300,189840
N10000_K950_SKEWED_1000,10000,9500,950,1008500,PREFIX_LINEAR,SELECT,5,2587700,189840
N10000_K950_SKEWED_1000,10000,9500,950,1008500,PREFIX_LINEAR,SELECT,6,2494501,189840
N10000_K950_SKEWED_1000,10000,9500,950,1008500,PREFIX_LINEAR,SELECT,7,2493700,189840
N10000_K950_SKEWED_1000,10000,9500,950,1008500,PREFIX_LINEAR,SELECT,8,2493700,189840
N10000_K950_SKEWED_1000,10000,9500,950,1008500,PREFIX_LINEAR,SELECT,9,2459199,189840
N10000_K950_SKEWED_1000,10000,9500,950,1008500,PREFIX_LINEAR,SELECT,10,2608100,189840
N10000_K950_SKEWED_1000,10000,9500,950,1008500,PREFIX_LINEAR,SELECT,11,2446400,189840
N10000_K950_SKEWED_1000,10000,9500,950,1008500,PREFIX_LINEAR,SELECT,12,2781601,189840
N10000_K950_SKEWED_1000,10000,9500,950,1008500,PREFIX_LINEAR,SELECT,13,2610400,189840
N10000_K950_SKEWED_1000,10000,9500,950,1008500,PREFIX_LINEAR,SELECT,14,2456700,189840
N10000_K950_SKEWED_1000,10000,9500,950,1008500,PREFIX_LINEAR,SELECT,15,2685300,189840
N10000_K950_SKEWED_1000,10000,9500,950,1008500,PREFIX_LINEAR,SELECT,16,2473499,189840
N10000_K950_SKEWED_1000,10000,9500,950,1008500,PREFIX_LINEAR,SELECT,17,2435099,189840
N10000_K950_SKEWED_1000,10000,9500,950,1008500,PREFIX_LINEAR,SELECT,18,2438600,189840
N10000_K950_SKEWED_1000,10000,9500,950,1008500,PREFIX_LINEAR,SELECT,19,2518100,189840
N10000_K950_SKEWED_1000,10000,9500,950,1008500,PREFIX_LINEAR,TOTAL,0,6469601,1031152
N10000_K950_SKEWED_1000,10000,9500,950,1008500,PREFIX_LINEAR,TOTAL,1,7065300,1031152
N10000_K950_SKEWED_1000,10000,9500,950,1008500,PREFIX_LINEAR,TOTAL,2,6810300,1031152
N10000_K950_SKEWED_1000,10000,9500,950,1008500,PREFIX_LINEAR,TOTAL,3,6578999,1031152
N10000_K950_SKEWED_1000,10000,9500,950,1008500,PREFIX_LINEAR,TOTAL,4,7099499,1031152
N10000_K950_SKEWED_1000,10000,9500,950,1008500,PREFIX_LINEAR,TOTAL,5,6435100,1031152
N10000_K950_SKEWED_1000,10000,9500,950,1008500,PREFIX_LINEAR,TOTAL,6,6309400,1031152
N10000_K950_SKEWED_1000,10000,9500,950,1008500,PREFIX_LINEAR,TOTAL,7,6756000,1031152
N10000_K950_SKEWED_1000,10000,9500,950,1008500,PREFIX_LINEAR,TOTAL,8,6460101,1031152
N10000_K950_SKEWED_1000,10000,9500,950,1008500,PREFIX_LINEAR,TOTAL,9,6765600,1031152
N10000_K950_SKEWED_1000,10000,9500,950,1008500,PREFIX_LINEAR,TOTAL,10,6237700,1031152
N10000_K950_SKEWED_1000,10000,9500,950,1008500,PREFIX_LINEAR,TOTAL,11,7007000,1031152
N10000_K950_SKEWED_1000,10000,9500,950,1008500,PREFIX_LINEAR,TOTAL,12,6797700,1031152
N10000_K950_SKEWED_1000,10000,9500,950,1008500,PREFIX_LINEAR,TOTAL,13,6166300,1031152
N10000_K950_SKEWED_1000,10000,9500,950,1008500,PREFIX_LINEAR,TOTAL,14,7568899,1031152
N10000_K950_SKEWED_1000,10000,9500,950,1008500,PREFIX_LINEAR,TOTAL,15,6290100,1031152
N10000_K950_SKEWED_1000,10000,9500,950,1008500,PREFIX_LINEAR,TOTAL,16,6513300,1031152
N10000_K950_SKEWED_1000,10000,9500,950,1008500,PREFIX_LINEAR,TOTAL,17,6196599,1031152
N10000_K950_SKEWED_1000,10000,9500,950,1008500,PREFIX_LINEAR,TOTAL,18,6195899,1031152
N10000_K950_SKEWED_1000,10000,9500,950,1008500,PREFIX_LINEAR,TOTAL,19,6655500,1031152
N10000_K950_SKEWED_1000,10000,9500,950,1008500,PREFIX_BINARY,NORMALIZE,0,3604199,689248
N10000_K950_SKEWED_1000,10000,9500,950,1008500,PREFIX_BINARY,NORMALIZE,1,4507601,689248
N10000_K950_SKEWED_1000,10000,9500,950,1008500,PREFIX_BINARY,NORMALIZE,2,3720400,689248
N10000_K950_SKEWED_1000,10000,9500,950,1008500,PREFIX_BINARY,NORMALIZE,3,3623800,689248
N10000_K950_SKEWED_1000,10000,9500,950,1008500,PREFIX_BINARY,NORMALIZE,4,3696700,689248
N10000_K950_SKEWED_1000,10000,9500,950,1008500,PREFIX_BINARY,NORMALIZE,5,3896000,689248
N10000_K950_SKEWED_1000,10000,9500,950,1008500,PREFIX_BINARY,NORMALIZE,6,3674299,689248
N10000_K950_SKEWED_1000,10000,9500,950,1008500,PREFIX_BINARY,NORMALIZE,7,3767099,689248
N10000_K950_SKEWED_1000,10000,9500,950,1008500,PREFIX_BINARY,NORMALIZE,8,3590800,689248
N10000_K950_SKEWED_1000,10000,9500,950,1008500,PREFIX_BINARY,NORMALIZE,9,3882700,689248
N10000_K950_SKEWED_1000,10000,9500,950,1008500,PREFIX_BINARY,NORMALIZE,10,3685799,689248
N10000_K950_SKEWED_1000,10000,9500,950,1008500,PREFIX_BINARY,NORMALIZE,11,3588200,689248
N10000_K950_SKEWED_1000,10000,9500,950,1008500,PREFIX_BINARY,NORMALIZE,12,3595001,689248
N10000_K950_SKEWED_1000,10000,9500,950,1008500,PREFIX_BINARY,NORMALIZE,13,3951101,689248
N10000_K950_SKEWED_1000,10000,9500,950,1008500,PREFIX_BINARY,NORMALIZE,14,3661000,689248
N10000_K950_SKEWED_1000,10000,9500,950,1008500,PREFIX_BINARY,NORMALIZE,15,3905800,689248
N10000_K950_SKEWED_1000,10000,9500,950,1008500,PREFIX_BINARY,NORMALIZE,16,3680400,689248
N10000_K950_SKEWED_1000,10000,9500,950,1008500,PREFIX_BINARY,NORMALIZE,17,4810200,689248
N10000_K950_SKEWED_1000,10000,9500,950,1008500,PREFIX_BINARY,NORMALIZE,18,3838700,689248
N10000_K950_SKEWED_1000,10000,9500,950,1008500,PREFIX_BINARY,NORMALIZE,19,3988000,689248
N10000_K950_SKEWED_1000,10000,9500,950,1008500,PREFIX_BINARY,BUILD,0,36700,152064
N10000_K950_SKEWED_1000,10000,9500,950,1008500,PREFIX_BINARY,BUILD,1,36301,152064
N10000_K950_SKEWED_1000,10000,9500,950,1008500,PREFIX_BINARY,BUILD,2,58799,152064
N10000_K950_SKEWED_1000,10000,9500,950,1008500,PREFIX_BINARY,BUILD,3,62800,152064
N10000_K950_SKEWED_1000,10000,9500,950,1008500,PREFIX_BINARY,BUILD,4,36200,152064
N10000_K950_SKEWED_1000,10000,9500,950,1008500,PREFIX_BINARY,BUILD,5,32600,152064
N10000_K950_SKEWED_1000,10000,9500,950,1008500,PREFIX_BINARY,BUILD,6,37599,152064
N10000_K950_SKEWED_1000,10000,9500,950,1008500,PREFIX_BINARY,BUILD,7,53100,152064
N10000_K950_SKEWED_1000,10000,9500,950,1008500,PREFIX_BINARY,BUILD,8,40399,152064
N10000_K950_SKEWED_1000,10000,9500,950,1008500,PREFIX_BINARY,BUILD,9,74800,152064
N10000_K950_SKEWED_1000,10000,9500,950,1008500,PREFIX_BINARY,BUILD,10,33399,152064
N10000_K950_SKEWED_1000,10000,9500,950,1008500,PREFIX_BINARY,BUILD,11,47100,152064
N10000_K950_SKEWED_1000,10000,9500,950,1008500,PREFIX_BINARY,BUILD,12,31399,152064
N10000_K950_SKEWED_1000,10000,9500,950,1008500,PREFIX_BINARY,BUILD,13,33701,152064
N10000_K950_SKEWED_1000,10000,9500,950,1008500,PREFIX_BINARY,BUILD,14,31300,152064
N10000_K950_SKEWED_1000,10000,9500,950,1008500,PREFIX_BINARY,BUILD,15,35700,152064
N10000_K950_SKEWED_1000,10000,9500,950,1008500,PREFIX_BINARY,BUILD,16,66199,152064
N10000_K950_SKEWED_1000,10000,9500,950,1008500,PREFIX_BINARY,BUILD,17,52200,152064
N10000_K950_SKEWED_1000,10000,9500,950,1008500,PREFIX_BINARY,BUILD,18,41600,152064
N10000_K950_SKEWED_1000,10000,9500,950,1008500,PREFIX_BINARY,BUILD,19,36201,152064
N10000_K950_SKEWED_1000,10000,9500,950,1008500,PREFIX_BINARY,SELECT,0,1228900,189840
N10000_K950_SKEWED_1000,10000,9500,950,1008500,PREFIX_BINARY,SELECT,1,1146700,189840
N10000_K950_SKEWED_1000,10000,9500,950,1008500,PREFIX_BINARY,SELECT,2,1102100,189840
N10000_K950_SKEWED_1000,10000,9500,950,1008500,PREFIX_BINARY,SELECT,3,1085800,189840
N10000_K950_SKEWED_1000,10000,9500,950,1008500,PREFIX_BINARY,SELECT,4,1115400,189840
N10000_K950_SKEWED_1000,10000,9500,950,1008500,PREFIX_BINARY,SELECT,5,1097699,189840
N10000_K950_SKEWED_1000,10000,9500,950,1008500,PREFIX_BINARY,SELECT,6,1128200,189840
N10000_K950_SKEWED_1000,10000,9500,950,1008500,PREFIX_BINARY,SELECT,7,1103001,189840
N10000_K950_SKEWED_1000,10000,9500,950,1008500,PREFIX_BINARY,SELECT,8,1109999,189840
N10000_K950_SKEWED_1000,10000,9500,950,1008500,PREFIX_BINARY,SELECT,9,1097400,189840
N10000_K950_SKEWED_1000,10000,9500,950,1008500,PREFIX_BINARY,SELECT,10,1442700,189840
N10000_K950_SKEWED_1000,10000,9500,950,1008500,PREFIX_BINARY,SELECT,11,1120500,189840
N10000_K950_SKEWED_1000,10000,9500,950,1008500,PREFIX_BINARY,SELECT,12,1135500,189840
N10000_K950_SKEWED_1000,10000,9500,950,1008500,PREFIX_BINARY,SELECT,13,1102301,189840
N10000_K950_SKEWED_1000,10000,9500,950,1008500,PREFIX_BINARY,SELECT,14,1170500,189840
N10000_K950_SKEWED_1000,10000,9500,950,1008500,PREFIX_BINARY,SELECT,15,1085600,189840
N10000_K950_SKEWED_1000,10000,9500,950,1008500,PREFIX_BINARY,SELECT,16,1094499,189840
N10000_K950_SKEWED_1000,10000,9500,950,1008500,PREFIX_BINARY,SELECT,17,1120101,189840
N10000_K950_SKEWED_1000,10000,9500,950,1008500,PREFIX_BINARY,SELECT,18,1108600,189840
N10000_K950_SKEWED_1000,10000,9500,950,1008500,PREFIX_BINARY,SELECT,19,1095401,189840
N10000_K950_SKEWED_1000,10000,9500,950,1008500,PREFIX_BINARY,TOTAL,0,4856499,1031152
N10000_K950_SKEWED_1000,10000,9500,950,1008500,PREFIX_BINARY,TOTAL,1,4764900,1031152
N10000_K950_SKEWED_1000,10000,9500,950,1008500,PREFIX_BINARY,TOTAL,2,4912100,1031152
N10000_K950_SKEWED_1000,10000,9500,950,1008500,PREFIX_BINARY,TOTAL,3,4889100,1031152
N10000_K950_SKEWED_1000,10000,9500,950,1008500,PREFIX_BINARY,TOTAL,4,4757401,1031152
N10000_K950_SKEWED_1000,10000,9500,950,1008500,PREFIX_BINARY,TOTAL,5,4740000,1031152
N10000_K950_SKEWED_1000,10000,9500,950,1008500,PREFIX_BINARY,TOTAL,6,5144700,1031152
N10000_K950_SKEWED_1000,10000,9500,950,1008500,PREFIX_BINARY,TOTAL,7,5213500,1031152
N10000_K950_SKEWED_1000,10000,9500,950,1008500,PREFIX_BINARY,TOTAL,8,4810899,1031152
N10000_K950_SKEWED_1000,10000,9500,950,1008500,PREFIX_BINARY,TOTAL,9,5629499,1031152
N10000_K950_SKEWED_1000,10000,9500,950,1008500,PREFIX_BINARY,TOTAL,10,4799099,1031152
N10000_K950_SKEWED_1000,10000,9500,950,1008500,PREFIX_BINARY,TOTAL,11,4815600,1031152
N10000_K950_SKEWED_1000,10000,9500,950,1008500,PREFIX_BINARY,TOTAL,12,5201300,1031152
N10000_K950_SKEWED_1000,10000,9500,950,1008500,PREFIX_BINARY,TOTAL,13,5186301,1031152
N10000_K950_SKEWED_1000,10000,9500,950,1008500,PREFIX_BINARY,TOTAL,14,4828900,1031152
N10000_K950_SKEWED_1000,10000,9500,950,1008500,PREFIX_BINARY,TOTAL,15,5438299,1031152
N10000_K950_SKEWED_1000,10000,9500,950,1008500,PREFIX_BINARY,TOTAL,16,4973601,1031152
N10000_K950_SKEWED_1000,10000,9500,950,1008500,PREFIX_BINARY,TOTAL,17,4828899,1031152
N10000_K950_SKEWED_1000,10000,9500,950,1008500,PREFIX_BINARY,TOTAL,18,5068400,1031152
N10000_K950_SKEWED_1000,10000,9500,950,1008500,PREFIX_BINARY,TOTAL,19,5468999,1031152
N10000_K950_SKEWED_1000,10000,9500,950,1008500,FENWICK,NORMALIZE,0,3809000,689248
N10000_K950_SKEWED_1000,10000,9500,950,1008500,FENWICK,NORMALIZE,1,3758701,689248
N10000_K950_SKEWED_1000,10000,9500,950,1008500,FENWICK,NORMALIZE,2,4073499,689248
N10000_K950_SKEWED_1000,10000,9500,950,1008500,FENWICK,NORMALIZE,3,3613801,689248
N10000_K950_SKEWED_1000,10000,9500,950,1008500,FENWICK,NORMALIZE,4,4245199,689248
N10000_K950_SKEWED_1000,10000,9500,950,1008500,FENWICK,NORMALIZE,5,5566499,689248
N10000_K950_SKEWED_1000,10000,9500,950,1008500,FENWICK,NORMALIZE,6,3644801,689248
N10000_K950_SKEWED_1000,10000,9500,950,1008500,FENWICK,NORMALIZE,7,3682201,689248
N10000_K950_SKEWED_1000,10000,9500,950,1008500,FENWICK,NORMALIZE,8,3762200,689248
N10000_K950_SKEWED_1000,10000,9500,950,1008500,FENWICK,NORMALIZE,9,3726700,689248
N10000_K950_SKEWED_1000,10000,9500,950,1008500,FENWICK,NORMALIZE,10,4070400,689248
N10000_K950_SKEWED_1000,10000,9500,950,1008500,FENWICK,NORMALIZE,11,3680601,689248
N10000_K950_SKEWED_1000,10000,9500,950,1008500,FENWICK,NORMALIZE,12,3883000,689248
N10000_K950_SKEWED_1000,10000,9500,950,1008500,FENWICK,NORMALIZE,13,3741101,689248
N10000_K950_SKEWED_1000,10000,9500,950,1008500,FENWICK,NORMALIZE,14,3733301,689248
N10000_K950_SKEWED_1000,10000,9500,950,1008500,FENWICK,NORMALIZE,15,3698300,689248
N10000_K950_SKEWED_1000,10000,9500,950,1008500,FENWICK,NORMALIZE,16,3831200,689248
N10000_K950_SKEWED_1000,10000,9500,950,1008500,FENWICK,NORMALIZE,17,3685700,689248
N10000_K950_SKEWED_1000,10000,9500,950,1008500,FENWICK,NORMALIZE,18,3663100,689248
N10000_K950_SKEWED_1000,10000,9500,950,1008500,FENWICK,NORMALIZE,19,4536300,689248
N10000_K950_SKEWED_1000,10000,9500,950,1008500,FENWICK,BUILD,0,85200,152136
N10000_K950_SKEWED_1000,10000,9500,950,1008500,FENWICK,BUILD,1,86601,152136
N10000_K950_SKEWED_1000,10000,9500,950,1008500,FENWICK,BUILD,2,115000,152136
N10000_K950_SKEWED_1000,10000,9500,950,1008500,FENWICK,BUILD,3,88700,152136
N10000_K950_SKEWED_1000,10000,9500,950,1008500,FENWICK,BUILD,4,91000,152136
N10000_K950_SKEWED_1000,10000,9500,950,1008500,FENWICK,BUILD,5,84100,152136
N10000_K950_SKEWED_1000,10000,9500,950,1008500,FENWICK,BUILD,6,90001,152136
N10000_K950_SKEWED_1000,10000,9500,950,1008500,FENWICK,BUILD,7,111700,152136
N10000_K950_SKEWED_1000,10000,9500,950,1008500,FENWICK,BUILD,8,83500,152136
N10000_K950_SKEWED_1000,10000,9500,950,1008500,FENWICK,BUILD,9,82500,152136
N10000_K950_SKEWED_1000,10000,9500,950,1008500,FENWICK,BUILD,10,103001,152136
N10000_K950_SKEWED_1000,10000,9500,950,1008500,FENWICK,BUILD,11,91100,152136
N10000_K950_SKEWED_1000,10000,9500,950,1008500,FENWICK,BUILD,12,91300,152136
N10000_K950_SKEWED_1000,10000,9500,950,1008500,FENWICK,BUILD,13,84300,152136
N10000_K950_SKEWED_1000,10000,9500,950,1008500,FENWICK,BUILD,14,90700,152136
N10000_K950_SKEWED_1000,10000,9500,950,1008500,FENWICK,BUILD,15,97901,152136
N10000_K950_SKEWED_1000,10000,9500,950,1008500,FENWICK,BUILD,16,84400,152136
N10000_K950_SKEWED_1000,10000,9500,950,1008500,FENWICK,BUILD,17,87199,152136
N10000_K950_SKEWED_1000,10000,9500,950,1008500,FENWICK,BUILD,18,84200,152136
N10000_K950_SKEWED_1000,10000,9500,950,1008500,FENWICK,BUILD,19,182100,152136
N10000_K950_SKEWED_1000,10000,9500,950,1008500,FENWICK,SELECT,0,432400,189840
N10000_K950_SKEWED_1000,10000,9500,950,1008500,FENWICK,SELECT,1,444100,189840
N10000_K950_SKEWED_1000,10000,9500,950,1008500,FENWICK,SELECT,2,480501,189840
N10000_K950_SKEWED_1000,10000,9500,950,1008500,FENWICK,SELECT,3,811100,189840
N10000_K950_SKEWED_1000,10000,9500,950,1008500,FENWICK,SELECT,4,441800,189840
N10000_K950_SKEWED_1000,10000,9500,950,1008500,FENWICK,SELECT,5,445900,189840
N10000_K950_SKEWED_1000,10000,9500,950,1008500,FENWICK,SELECT,6,421700,189840
N10000_K950_SKEWED_1000,10000,9500,950,1008500,FENWICK,SELECT,7,469500,189840
N10000_K950_SKEWED_1000,10000,9500,950,1008500,FENWICK,SELECT,8,481300,189840
N10000_K950_SKEWED_1000,10000,9500,950,1008500,FENWICK,SELECT,9,449500,189840
N10000_K950_SKEWED_1000,10000,9500,950,1008500,FENWICK,SELECT,10,408800,189840
N10000_K950_SKEWED_1000,10000,9500,950,1008500,FENWICK,SELECT,11,424900,189840
N10000_K950_SKEWED_1000,10000,9500,950,1008500,FENWICK,SELECT,12,408700,189840
N10000_K950_SKEWED_1000,10000,9500,950,1008500,FENWICK,SELECT,13,436300,189840
N10000_K950_SKEWED_1000,10000,9500,950,1008500,FENWICK,SELECT,14,405600,189840
N10000_K950_SKEWED_1000,10000,9500,950,1008500,FENWICK,SELECT,15,433400,189840
N10000_K950_SKEWED_1000,10000,9500,950,1008500,FENWICK,SELECT,16,432401,189840
N10000_K950_SKEWED_1000,10000,9500,950,1008500,FENWICK,SELECT,17,441701,189840
N10000_K950_SKEWED_1000,10000,9500,950,1008500,FENWICK,SELECT,18,408300,189840
N10000_K950_SKEWED_1000,10000,9500,950,1008500,FENWICK,SELECT,19,417399,189840
N10000_K950_SKEWED_1000,10000,9500,950,1008500,FENWICK,TOTAL,0,4537200,1031224
N10000_K950_SKEWED_1000,10000,9500,950,1008500,FENWICK,TOTAL,1,4347101,1031224
N10000_K950_SKEWED_1000,10000,9500,950,1008500,FENWICK,TOTAL,2,4191201,1031224
N10000_K950_SKEWED_1000,10000,9500,950,1008500,FENWICK,TOTAL,3,4253000,1031224
N10000_K950_SKEWED_1000,10000,9500,950,1008500,FENWICK,TOTAL,4,4140400,1031224
N10000_K950_SKEWED_1000,10000,9500,950,1008500,FENWICK,TOTAL,5,4148601,1031224
N10000_K950_SKEWED_1000,10000,9500,950,1008500,FENWICK,TOTAL,6,4155799,1031224
N10000_K950_SKEWED_1000,10000,9500,950,1008500,FENWICK,TOTAL,7,4560001,1031224
N10000_K950_SKEWED_1000,10000,9500,950,1008500,FENWICK,TOTAL,8,4328400,1031224
N10000_K950_SKEWED_1000,10000,9500,950,1008500,FENWICK,TOTAL,9,4466501,1031224
N10000_K950_SKEWED_1000,10000,9500,950,1008500,FENWICK,TOTAL,10,4183101,1031224
N10000_K950_SKEWED_1000,10000,9500,950,1008500,FENWICK,TOTAL,11,4167500,1031224
N10000_K950_SKEWED_1000,10000,9500,950,1008500,FENWICK,TOTAL,12,4158500,1031224
N10000_K950_SKEWED_1000,10000,9500,950,1008500,FENWICK,TOTAL,13,4145000,1031224
N10000_K950_SKEWED_1000,10000,9500,950,1008500,FENWICK,TOTAL,14,4078800,1031224
N10000_K950_SKEWED_1000,10000,9500,950,1008500,FENWICK,TOTAL,15,4291801,1031224
N10000_K950_SKEWED_1000,10000,9500,950,1008500,FENWICK,TOTAL,16,4249900,1031224
N10000_K950_SKEWED_1000,10000,9500,950,1008500,FENWICK,TOTAL,17,4181900,1031224
N10000_K950_SKEWED_1000,10000,9500,950,1008500,FENWICK,TOTAL,18,4109399,1031224
N10000_K950_SKEWED_1000,10000,9500,950,1008500,FENWICK,TOTAL,19,4203400,1031224
N10000_K950_UNIFORM_MILLION,10000,9500,950,9500000000,PREFIX_LINEAR,NORMALIZE,0,3807400,689248
N10000_K950_UNIFORM_MILLION,10000,9500,950,9500000000,PREFIX_LINEAR,NORMALIZE,1,3669800,689248
N10000_K950_UNIFORM_MILLION,10000,9500,950,9500000000,PREFIX_LINEAR,NORMALIZE,2,3585699,689248
N10000_K950_UNIFORM_MILLION,10000,9500,950,9500000000,PREFIX_LINEAR,NORMALIZE,3,3816000,689248
N10000_K950_UNIFORM_MILLION,10000,9500,950,9500000000,PREFIX_LINEAR,NORMALIZE,4,4015000,689248
N10000_K950_UNIFORM_MILLION,10000,9500,950,9500000000,PREFIX_LINEAR,NORMALIZE,5,3648599,689248
N10000_K950_UNIFORM_MILLION,10000,9500,950,9500000000,PREFIX_LINEAR,NORMALIZE,6,3577600,689248
N10000_K950_UNIFORM_MILLION,10000,9500,950,9500000000,PREFIX_LINEAR,NORMALIZE,7,3630800,689248
N10000_K950_UNIFORM_MILLION,10000,9500,950,9500000000,PREFIX_LINEAR,NORMALIZE,8,3959100,689248
N10000_K950_UNIFORM_MILLION,10000,9500,950,9500000000,PREFIX_LINEAR,NORMALIZE,9,3600500,689248
N10000_K950_UNIFORM_MILLION,10000,9500,950,9500000000,PREFIX_LINEAR,NORMALIZE,10,3676800,689248
N10000_K950_UNIFORM_MILLION,10000,9500,950,9500000000,PREFIX_LINEAR,NORMALIZE,11,3654600,689248
N10000_K950_UNIFORM_MILLION,10000,9500,950,9500000000,PREFIX_LINEAR,NORMALIZE,12,4288100,689248
N10000_K950_UNIFORM_MILLION,10000,9500,950,9500000000,PREFIX_LINEAR,NORMALIZE,13,3893301,689248
N10000_K950_UNIFORM_MILLION,10000,9500,950,9500000000,PREFIX_LINEAR,NORMALIZE,14,3634800,689248
N10000_K950_UNIFORM_MILLION,10000,9500,950,9500000000,PREFIX_LINEAR,NORMALIZE,15,3587201,689248
N10000_K950_UNIFORM_MILLION,10000,9500,950,9500000000,PREFIX_LINEAR,NORMALIZE,16,4137700,689248
N10000_K950_UNIFORM_MILLION,10000,9500,950,9500000000,PREFIX_LINEAR,NORMALIZE,17,4159500,689248
N10000_K950_UNIFORM_MILLION,10000,9500,950,9500000000,PREFIX_LINEAR,NORMALIZE,18,3657700,689248
N10000_K950_UNIFORM_MILLION,10000,9500,950,9500000000,PREFIX_LINEAR,NORMALIZE,19,3737199,689248
N10000_K950_UNIFORM_MILLION,10000,9500,950,9500000000,PREFIX_LINEAR,BUILD,0,45000,152064
N10000_K950_UNIFORM_MILLION,10000,9500,950,9500000000,PREFIX_LINEAR,BUILD,1,58500,152064
N10000_K950_UNIFORM_MILLION,10000,9500,950,9500000000,PREFIX_LINEAR,BUILD,2,33600,152064
N10000_K950_UNIFORM_MILLION,10000,9500,950,9500000000,PREFIX_LINEAR,BUILD,3,33299,152064
N10000_K950_UNIFORM_MILLION,10000,9500,950,9500000000,PREFIX_LINEAR,BUILD,4,45600,152064
N10000_K950_UNIFORM_MILLION,10000,9500,950,9500000000,PREFIX_LINEAR,BUILD,5,45300,152064
N10000_K950_UNIFORM_MILLION,10000,9500,950,9500000000,PREFIX_LINEAR,BUILD,6,33899,152064
N10000_K950_UNIFORM_MILLION,10000,9500,950,9500000000,PREFIX_LINEAR,BUILD,7,36201,152064
N10000_K950_UNIFORM_MILLION,10000,9500,950,9500000000,PREFIX_LINEAR,BUILD,8,38300,152064
N10000_K950_UNIFORM_MILLION,10000,9500,950,9500000000,PREFIX_LINEAR,BUILD,9,35500,152064
N10000_K950_UNIFORM_MILLION,10000,9500,950,9500000000,PREFIX_LINEAR,BUILD,10,35400,152064
N10000_K950_UNIFORM_MILLION,10000,9500,950,9500000000,PREFIX_LINEAR,BUILD,11,32801,152064
N10000_K950_UNIFORM_MILLION,10000,9500,950,9500000000,PREFIX_LINEAR,BUILD,12,40600,152064
N10000_K950_UNIFORM_MILLION,10000,9500,950,9500000000,PREFIX_LINEAR,BUILD,13,36001,152064
N10000_K950_UNIFORM_MILLION,10000,9500,950,9500000000,PREFIX_LINEAR,BUILD,14,42500,152064
N10000_K950_UNIFORM_MILLION,10000,9500,950,9500000000,PREFIX_LINEAR,BUILD,15,34501,152064
N10000_K950_UNIFORM_MILLION,10000,9500,950,9500000000,PREFIX_LINEAR,BUILD,16,32500,152064
N10000_K950_UNIFORM_MILLION,10000,9500,950,9500000000,PREFIX_LINEAR,BUILD,17,46800,152064
N10000_K950_UNIFORM_MILLION,10000,9500,950,9500000000,PREFIX_LINEAR,BUILD,18,38600,152064
N10000_K950_UNIFORM_MILLION,10000,9500,950,9500000000,PREFIX_LINEAR,BUILD,19,34901,152064
N10000_K950_UNIFORM_MILLION,10000,9500,950,9500000000,PREFIX_LINEAR,SELECT,0,2636800,189840
N10000_K950_UNIFORM_MILLION,10000,9500,950,9500000000,PREFIX_LINEAR,SELECT,1,2566900,189840
N10000_K950_UNIFORM_MILLION,10000,9500,950,9500000000,PREFIX_LINEAR,SELECT,2,2718099,189840
N10000_K950_UNIFORM_MILLION,10000,9500,950,9500000000,PREFIX_LINEAR,SELECT,3,2507200,189840
N10000_K950_UNIFORM_MILLION,10000,9500,950,9500000000,PREFIX_LINEAR,SELECT,4,2437099,189840
N10000_K950_UNIFORM_MILLION,10000,9500,950,9500000000,PREFIX_LINEAR,SELECT,5,2706600,189840
N10000_K950_UNIFORM_MILLION,10000,9500,950,9500000000,PREFIX_LINEAR,SELECT,6,2461700,189840
N10000_K950_UNIFORM_MILLION,10000,9500,950,9500000000,PREFIX_LINEAR,SELECT,7,2449100,189840
N10000_K950_UNIFORM_MILLION,10000,9500,950,9500000000,PREFIX_LINEAR,SELECT,8,2674700,189840
N10000_K950_UNIFORM_MILLION,10000,9500,950,9500000000,PREFIX_LINEAR,SELECT,9,2576800,189840
N10000_K950_UNIFORM_MILLION,10000,9500,950,9500000000,PREFIX_LINEAR,SELECT,10,2688799,189840
N10000_K950_UNIFORM_MILLION,10000,9500,950,9500000000,PREFIX_LINEAR,SELECT,11,2499400,189840
N10000_K950_UNIFORM_MILLION,10000,9500,950,9500000000,PREFIX_LINEAR,SELECT,12,2434400,189840
N10000_K950_UNIFORM_MILLION,10000,9500,950,9500000000,PREFIX_LINEAR,SELECT,13,2458801,189840
N10000_K950_UNIFORM_MILLION,10000,9500,950,9500000000,PREFIX_LINEAR,SELECT,14,2724100,189840
N10000_K950_UNIFORM_MILLION,10000,9500,950,9500000000,PREFIX_LINEAR,SELECT,15,2534800,189840
N10000_K950_UNIFORM_MILLION,10000,9500,950,9500000000,PREFIX_LINEAR,SELECT,16,2448701,189840
N10000_K950_UNIFORM_MILLION,10000,9500,950,9500000000,PREFIX_LINEAR,SELECT,17,2514099,189840
N10000_K950_UNIFORM_MILLION,10000,9500,950,9500000000,PREFIX_LINEAR,SELECT,18,2468800,189840
N10000_K950_UNIFORM_MILLION,10000,9500,950,9500000000,PREFIX_LINEAR,SELECT,19,2679999,189840
N10000_K950_UNIFORM_MILLION,10000,9500,950,9500000000,PREFIX_LINEAR,TOTAL,0,6625500,1031152
N10000_K950_UNIFORM_MILLION,10000,9500,950,9500000000,PREFIX_LINEAR,TOTAL,1,6775700,1031152
N10000_K950_UNIFORM_MILLION,10000,9500,950,9500000000,PREFIX_LINEAR,TOTAL,2,6907900,1031152
N10000_K950_UNIFORM_MILLION,10000,9500,950,9500000000,PREFIX_LINEAR,TOTAL,3,6961601,1031152
N10000_K950_UNIFORM_MILLION,10000,9500,950,9500000000,PREFIX_LINEAR,TOTAL,4,6422101,1031152
N10000_K950_UNIFORM_MILLION,10000,9500,950,9500000000,PREFIX_LINEAR,TOTAL,5,7247601,1031152
N10000_K950_UNIFORM_MILLION,10000,9500,950,9500000000,PREFIX_LINEAR,TOTAL,6,6456701,1031152
N10000_K950_UNIFORM_MILLION,10000,9500,950,9500000000,PREFIX_LINEAR,TOTAL,7,6193601,1031152
N10000_K950_UNIFORM_MILLION,10000,9500,950,9500000000,PREFIX_LINEAR,TOTAL,8,6597700,1031152
N10000_K950_UNIFORM_MILLION,10000,9500,950,9500000000,PREFIX_LINEAR,TOTAL,9,6348801,1031152
N10000_K950_UNIFORM_MILLION,10000,9500,950,9500000000,PREFIX_LINEAR,TOTAL,10,6707799,1031152
N10000_K950_UNIFORM_MILLION,10000,9500,950,9500000000,PREFIX_LINEAR,TOTAL,11,6613000,1031152
N10000_K950_UNIFORM_MILLION,10000,9500,950,9500000000,PREFIX_LINEAR,TOTAL,12,6213100,1031152
N10000_K950_UNIFORM_MILLION,10000,9500,950,9500000000,PREFIX_LINEAR,TOTAL,13,6777599,1031152
N10000_K950_UNIFORM_MILLION,10000,9500,950,9500000000,PREFIX_LINEAR,TOTAL,14,6678699,1031152
N10000_K950_UNIFORM_MILLION,10000,9500,950,9500000000,PREFIX_LINEAR,TOTAL,15,7510400,1031152
N10000_K950_UNIFORM_MILLION,10000,9500,950,9500000000,PREFIX_LINEAR,TOTAL,16,6757000,1031152
N10000_K950_UNIFORM_MILLION,10000,9500,950,9500000000,PREFIX_LINEAR,TOTAL,17,6686500,1031152
N10000_K950_UNIFORM_MILLION,10000,9500,950,9500000000,PREFIX_LINEAR,TOTAL,18,6601100,1031152
N10000_K950_UNIFORM_MILLION,10000,9500,950,9500000000,PREFIX_LINEAR,TOTAL,19,6120600,1031152
N10000_K950_UNIFORM_MILLION,10000,9500,950,9500000000,PREFIX_BINARY,NORMALIZE,0,3934999,689248
N10000_K950_UNIFORM_MILLION,10000,9500,950,9500000000,PREFIX_BINARY,NORMALIZE,1,3665901,689248
N10000_K950_UNIFORM_MILLION,10000,9500,950,9500000000,PREFIX_BINARY,NORMALIZE,2,3689000,689248
N10000_K950_UNIFORM_MILLION,10000,9500,950,9500000000,PREFIX_BINARY,NORMALIZE,3,3794300,689248
N10000_K950_UNIFORM_MILLION,10000,9500,950,9500000000,PREFIX_BINARY,NORMALIZE,4,3613101,689248
N10000_K950_UNIFORM_MILLION,10000,9500,950,9500000000,PREFIX_BINARY,NORMALIZE,5,3992601,689248
N10000_K950_UNIFORM_MILLION,10000,9500,950,9500000000,PREFIX_BINARY,NORMALIZE,6,3681999,689248
N10000_K950_UNIFORM_MILLION,10000,9500,950,9500000000,PREFIX_BINARY,NORMALIZE,7,3675600,689248
N10000_K950_UNIFORM_MILLION,10000,9500,950,9500000000,PREFIX_BINARY,NORMALIZE,8,3725901,689248
N10000_K950_UNIFORM_MILLION,10000,9500,950,9500000000,PREFIX_BINARY,NORMALIZE,9,3763800,689248
N10000_K950_UNIFORM_MILLION,10000,9500,950,9500000000,PREFIX_BINARY,NORMALIZE,10,3649500,689248
N10000_K950_UNIFORM_MILLION,10000,9500,950,9500000000,PREFIX_BINARY,NORMALIZE,11,4468300,689248
N10000_K950_UNIFORM_MILLION,10000,9500,950,9500000000,PREFIX_BINARY,NORMALIZE,12,3879199,689248
N10000_K950_UNIFORM_MILLION,10000,9500,950,9500000000,PREFIX_BINARY,NORMALIZE,13,3877601,689248
N10000_K950_UNIFORM_MILLION,10000,9500,950,9500000000,PREFIX_BINARY,NORMALIZE,14,3697000,689248
N10000_K950_UNIFORM_MILLION,10000,9500,950,9500000000,PREFIX_BINARY,NORMALIZE,15,5262700,689248
N10000_K950_UNIFORM_MILLION,10000,9500,950,9500000000,PREFIX_BINARY,NORMALIZE,16,3711500,689248
N10000_K950_UNIFORM_MILLION,10000,9500,950,9500000000,PREFIX_BINARY,NORMALIZE,17,3834900,689248
N10000_K950_UNIFORM_MILLION,10000,9500,950,9500000000,PREFIX_BINARY,NORMALIZE,18,3587900,689248
N10000_K950_UNIFORM_MILLION,10000,9500,950,9500000000,PREFIX_BINARY,NORMALIZE,19,3781001,689248
N10000_K950_UNIFORM_MILLION,10000,9500,950,9500000000,PREFIX_BINARY,BUILD,0,44500,152064
N10000_K950_UNIFORM_MILLION,10000,9500,950,9500000000,PREFIX_BINARY,BUILD,1,32401,152064
N10000_K950_UNIFORM_MILLION,10000,9500,950,9500000000,PREFIX_BINARY,BUILD,2,41101,152064
N10000_K950_UNIFORM_MILLION,10000,9500,950,9500000000,PREFIX_BINARY,BUILD,3,33799,152064
N10000_K950_UNIFORM_MILLION,10000,9500,950,9500000000,PREFIX_BINARY,BUILD,4,31700,152064
N10000_K950_UNIFORM_MILLION,10000,9500,950,9500000000,PREFIX_BINARY,BUILD,5,56500,152064
N10000_K950_UNIFORM_MILLION,10000,9500,950,9500000000,PREFIX_BINARY,BUILD,6,32399,152064
N10000_K950_UNIFORM_MILLION,10000,9500,950,9500000000,PREFIX_BINARY,BUILD,7,33299,152064
N10000_K950_UNIFORM_MILLION,10000,9500,950,9500000000,PREFIX_BINARY,BUILD,8,32200,152064
N10000_K950_UNIFORM_MILLION,10000,9500,950,9500000000,PREFIX_BINARY,BUILD,9,35400,152064
N10000_K950_UNIFORM_MILLION,10000,9500,950,9500000000,PREFIX_BINARY,BUILD,10,49200,152064
N10000_K950_UNIFORM_MILLION,10000,9500,950,9500000000,PREFIX_BINARY,BUILD,11,32499,152064
N10000_K950_UNIFORM_MILLION,10000,9500,950,9500000000,PREFIX_BINARY,BUILD,12,33501,152064
N10000_K950_UNIFORM_MILLION,10000,9500,950,9500000000,PREFIX_BINARY,BUILD,13,48699,152064
N10000_K950_UNIFORM_MILLION,10000,9500,950,9500000000,PREFIX_BINARY,BUILD,14,37400,152064
N10000_K950_UNIFORM_MILLION,10000,9500,950,9500000000,PREFIX_BINARY,BUILD,15,43899,152064
N10000_K950_UNIFORM_MILLION,10000,9500,950,9500000000,PREFIX_BINARY,BUILD,16,35300,152064
N10000_K950_UNIFORM_MILLION,10000,9500,950,9500000000,PREFIX_BINARY,BUILD,17,34300,152064
N10000_K950_UNIFORM_MILLION,10000,9500,950,9500000000,PREFIX_BINARY,BUILD,18,34500,152064
N10000_K950_UNIFORM_MILLION,10000,9500,950,9500000000,PREFIX_BINARY,BUILD,19,32299,152064
N10000_K950_UNIFORM_MILLION,10000,9500,950,9500000000,PREFIX_BINARY,SELECT,0,1117400,189840
N10000_K950_UNIFORM_MILLION,10000,9500,950,9500000000,PREFIX_BINARY,SELECT,1,1122400,189840
N10000_K950_UNIFORM_MILLION,10000,9500,950,9500000000,PREFIX_BINARY,SELECT,2,1242001,189840
N10000_K950_UNIFORM_MILLION,10000,9500,950,9500000000,PREFIX_BINARY,SELECT,3,1243800,189840
N10000_K950_UNIFORM_MILLION,10000,9500,950,9500000000,PREFIX_BINARY,SELECT,4,1162200,189840
N10000_K950_UNIFORM_MILLION,10000,9500,950,9500000000,PREFIX_BINARY,SELECT,5,1281601,189840
N10000_K950_UNIFORM_MILLION,10000,9500,950,9500000000,PREFIX_BINARY,SELECT,6,1247100,189840
N10000_K950_UNIFORM_MILLION,10000,9500,950,9500000000,PREFIX_BINARY,SELECT,7,1130300,189840
N10000_K950_UNIFORM_MILLION,10000,9500,950,9500000000,PREFIX_BINARY,SELECT,8,1143001,189840
N10000_K950_UNIFORM_MILLION,10000,9500,950,9500000000,PREFIX_BINARY,SELECT,9,1224200,189840
N10000_K950_UNIFORM_MILLION,10000,9500,950,9500000000,PREFIX_BINARY,SELECT,10,1685700,189840
N10000_K950_UNIFORM_MILLION,10000,9500,950,9500000000,PREFIX_BINARY,SELECT,11,1222600,189840
N10000_K950_UNIFORM_MILLION,10000,9500,950,9500000000,PREFIX_BINARY,SELECT,12,1331701,189840
N10000_K950_UNIFORM_MILLION,10000,9500,950,9500000000,PREFIX_BINARY,SELECT,13,1158200,189840
N10000_K950_UNIFORM_MILLION,10000,9500,950,9500000000,PREFIX_BINARY,SELECT,14,1168800,189840
N10000_K950_UNIFORM_MILLION,10000,9500,950,9500000000,PREFIX_BINARY,SELECT,15,1161500,189840
N10000_K950_UNIFORM_MILLION,10000,9500,950,9500000000,PREFIX_BINARY,SELECT,16,1148901,189840
N10000_K950_UNIFORM_MILLION,10000,9500,950,9500000000,PREFIX_BINARY,SELECT,17,1302500,189840
N10000_K950_UNIFORM_MILLION,10000,9500,950,9500000000,PREFIX_BINARY,SELECT,18,1118199,189840
N10000_K950_UNIFORM_MILLION,10000,9500,950,9500000000,PREFIX_BINARY,SELECT,19,1173600,189840
N10000_K950_UNIFORM_MILLION,10000,9500,950,9500000000,PREFIX_BINARY,TOTAL,0,5021000,1031152
N10000_K950_UNIFORM_MILLION,10000,9500,950,9500000000,PREFIX_BINARY,TOTAL,1,5120700,1031152
N10000_K950_UNIFORM_MILLION,10000,9500,950,9500000000,PREFIX_BINARY,TOTAL,2,5119500,1031152
N10000_K950_UNIFORM_MILLION,10000,9500,950,9500000000,PREFIX_BINARY,TOTAL,3,5051001,1031152
N10000_K950_UNIFORM_MILLION,10000,9500,950,9500000000,PREFIX_BINARY,TOTAL,4,5174500,1031152
N10000_K950_UNIFORM_MILLION,10000,9500,950,9500000000,PREFIX_BINARY,TOTAL,5,4859600,1031152
N10000_K950_UNIFORM_MILLION,10000,9500,950,9500000000,PREFIX_BINARY,TOTAL,6,4846300,1031152
N10000_K950_UNIFORM_MILLION,10000,9500,950,9500000000,PREFIX_BINARY,TOTAL,7,5729401,1031152
N10000_K950_UNIFORM_MILLION,10000,9500,950,9500000000,PREFIX_BINARY,TOTAL,8,4867701,1031152
N10000_K950_UNIFORM_MILLION,10000,9500,950,9500000000,PREFIX_BINARY,TOTAL,9,4779500,1031152
N10000_K950_UNIFORM_MILLION,10000,9500,950,9500000000,PREFIX_BINARY,TOTAL,10,5249700,1031152
N10000_K950_UNIFORM_MILLION,10000,9500,950,9500000000,PREFIX_BINARY,TOTAL,11,4866400,1031152
N10000_K950_UNIFORM_MILLION,10000,9500,950,9500000000,PREFIX_BINARY,TOTAL,12,4765500,1031152
N10000_K950_UNIFORM_MILLION,10000,9500,950,9500000000,PREFIX_BINARY,TOTAL,13,5325099,1031152
N10000_K950_UNIFORM_MILLION,10000,9500,950,9500000000,PREFIX_BINARY,TOTAL,14,5645900,1031152
N10000_K950_UNIFORM_MILLION,10000,9500,950,9500000000,PREFIX_BINARY,TOTAL,15,5310200,1031152
N10000_K950_UNIFORM_MILLION,10000,9500,950,9500000000,PREFIX_BINARY,TOTAL,16,5646799,1031152
N10000_K950_UNIFORM_MILLION,10000,9500,950,9500000000,PREFIX_BINARY,TOTAL,17,5605500,1031152
N10000_K950_UNIFORM_MILLION,10000,9500,950,9500000000,PREFIX_BINARY,TOTAL,18,4876500,1031152
N10000_K950_UNIFORM_MILLION,10000,9500,950,9500000000,PREFIX_BINARY,TOTAL,19,5012999,1031152
N10000_K950_UNIFORM_MILLION,10000,9500,950,9500000000,FENWICK,NORMALIZE,0,4409400,689248
N10000_K950_UNIFORM_MILLION,10000,9500,950,9500000000,FENWICK,NORMALIZE,1,4660600,689248
N10000_K950_UNIFORM_MILLION,10000,9500,950,9500000000,FENWICK,NORMALIZE,2,4116801,689248
N10000_K950_UNIFORM_MILLION,10000,9500,950,9500000000,FENWICK,NORMALIZE,3,4024299,689248
N10000_K950_UNIFORM_MILLION,10000,9500,950,9500000000,FENWICK,NORMALIZE,4,3782100,689248
N10000_K950_UNIFORM_MILLION,10000,9500,950,9500000000,FENWICK,NORMALIZE,5,3734500,689248
N10000_K950_UNIFORM_MILLION,10000,9500,950,9500000000,FENWICK,NORMALIZE,6,4011300,689248
N10000_K950_UNIFORM_MILLION,10000,9500,950,9500000000,FENWICK,NORMALIZE,7,4111400,689248
N10000_K950_UNIFORM_MILLION,10000,9500,950,9500000000,FENWICK,NORMALIZE,8,3804500,689248
N10000_K950_UNIFORM_MILLION,10000,9500,950,9500000000,FENWICK,NORMALIZE,9,3562000,689248
N10000_K950_UNIFORM_MILLION,10000,9500,950,9500000000,FENWICK,NORMALIZE,10,3613101,689248
N10000_K950_UNIFORM_MILLION,10000,9500,950,9500000000,FENWICK,NORMALIZE,11,3979800,689248
N10000_K950_UNIFORM_MILLION,10000,9500,950,9500000000,FENWICK,NORMALIZE,12,4009200,689248
N10000_K950_UNIFORM_MILLION,10000,9500,950,9500000000,FENWICK,NORMALIZE,13,3953100,689248
N10000_K950_UNIFORM_MILLION,10000,9500,950,9500000000,FENWICK,NORMALIZE,14,3843800,689248
N10000_K950_UNIFORM_MILLION,10000,9500,950,9500000000,FENWICK,NORMALIZE,15,4356000,689248
N10000_K950_UNIFORM_MILLION,10000,9500,950,9500000000,FENWICK,NORMALIZE,16,4079400,689248
N10000_K950_UNIFORM_MILLION,10000,9500,950,9500000000,FENWICK,NORMALIZE,17,3722500,689248
N10000_K950_UNIFORM_MILLION,10000,9500,950,9500000000,FENWICK,NORMALIZE,18,3770199,689248
N10000_K950_UNIFORM_MILLION,10000,9500,950,9500000000,FENWICK,NORMALIZE,19,3797700,689248
N10000_K950_UNIFORM_MILLION,10000,9500,950,9500000000,FENWICK,BUILD,0,118100,152136
N10000_K950_UNIFORM_MILLION,10000,9500,950,9500000000,FENWICK,BUILD,1,90500,152136
N10000_K950_UNIFORM_MILLION,10000,9500,950,9500000000,FENWICK,BUILD,2,95100,152136
N10000_K950_UNIFORM_MILLION,10000,9500,950,9500000000,FENWICK,BUILD,3,90100,152136
N10000_K950_UNIFORM_MILLION,10000,9500,950,9500000000,FENWICK,BUILD,4,84600,152136
N10000_K950_UNIFORM_MILLION,10000,9500,950,9500000000,FENWICK,BUILD,5,87999,152136
N10000_K950_UNIFORM_MILLION,10000,9500,950,9500000000,FENWICK,BUILD,6,97900,152136
N10000_K950_UNIFORM_MILLION,10000,9500,950,9500000000,FENWICK,BUILD,7,156899,152136
N10000_K950_UNIFORM_MILLION,10000,9500,950,9500000000,FENWICK,BUILD,8,88500,152136
N10000_K950_UNIFORM_MILLION,10000,9500,950,9500000000,FENWICK,BUILD,9,82701,152136
N10000_K950_UNIFORM_MILLION,10000,9500,950,9500000000,FENWICK,BUILD,10,88400,152136
N10000_K950_UNIFORM_MILLION,10000,9500,950,9500000000,FENWICK,BUILD,11,110500,152136
N10000_K950_UNIFORM_MILLION,10000,9500,950,9500000000,FENWICK,BUILD,12,85000,152136
N10000_K950_UNIFORM_MILLION,10000,9500,950,9500000000,FENWICK,BUILD,13,89500,152136
N10000_K950_UNIFORM_MILLION,10000,9500,950,9500000000,FENWICK,BUILD,14,149401,152136
N10000_K950_UNIFORM_MILLION,10000,9500,950,9500000000,FENWICK,BUILD,15,91800,152136
N10000_K950_UNIFORM_MILLION,10000,9500,950,9500000000,FENWICK,BUILD,16,86900,152136
N10000_K950_UNIFORM_MILLION,10000,9500,950,9500000000,FENWICK,BUILD,17,89900,152136
N10000_K950_UNIFORM_MILLION,10000,9500,950,9500000000,FENWICK,BUILD,18,155600,152136
N10000_K950_UNIFORM_MILLION,10000,9500,950,9500000000,FENWICK,BUILD,19,106900,152136
N10000_K950_UNIFORM_MILLION,10000,9500,950,9500000000,FENWICK,SELECT,0,437200,189840
N10000_K950_UNIFORM_MILLION,10000,9500,950,9500000000,FENWICK,SELECT,1,477400,189840
N10000_K950_UNIFORM_MILLION,10000,9500,950,9500000000,FENWICK,SELECT,2,442400,189840
N10000_K950_UNIFORM_MILLION,10000,9500,950,9500000000,FENWICK,SELECT,3,617900,189840
N10000_K950_UNIFORM_MILLION,10000,9500,950,9500000000,FENWICK,SELECT,4,509000,189840
N10000_K950_UNIFORM_MILLION,10000,9500,950,9500000000,FENWICK,SELECT,5,440200,189840
N10000_K950_UNIFORM_MILLION,10000,9500,950,9500000000,FENWICK,SELECT,6,410799,189840
N10000_K950_UNIFORM_MILLION,10000,9500,950,9500000000,FENWICK,SELECT,7,436600,189840
N10000_K950_UNIFORM_MILLION,10000,9500,950,9500000000,FENWICK,SELECT,8,464799,189840
N10000_K950_UNIFORM_MILLION,10000,9500,950,9500000000,FENWICK,SELECT,9,441601,189840
N10000_K950_UNIFORM_MILLION,10000,9500,950,9500000000,FENWICK,SELECT,10,446500,189840
N10000_K950_UNIFORM_MILLION,10000,9500,950,9500000000,FENWICK,SELECT,11,452600,189840
N10000_K950_UNIFORM_MILLION,10000,9500,950,9500000000,FENWICK,SELECT,12,446400,189840
N10000_K950_UNIFORM_MILLION,10000,9500,950,9500000000,FENWICK,SELECT,13,425101,189840
N10000_K950_UNIFORM_MILLION,10000,9500,950,9500000000,FENWICK,SELECT,14,419700,189840
N10000_K950_UNIFORM_MILLION,10000,9500,950,9500000000,FENWICK,SELECT,15,468101,189840
N10000_K950_UNIFORM_MILLION,10000,9500,950,9500000000,FENWICK,SELECT,16,432500,189840
N10000_K950_UNIFORM_MILLION,10000,9500,950,9500000000,FENWICK,SELECT,17,410300,189840
N10000_K950_UNIFORM_MILLION,10000,9500,950,9500000000,FENWICK,SELECT,18,418500,189840
N10000_K950_UNIFORM_MILLION,10000,9500,950,9500000000,FENWICK,SELECT,19,445801,189840
N10000_K950_UNIFORM_MILLION,10000,9500,950,9500000000,FENWICK,TOTAL,0,4226700,1031224
N10000_K950_UNIFORM_MILLION,10000,9500,950,9500000000,FENWICK,TOTAL,1,4640500,1031224
N10000_K950_UNIFORM_MILLION,10000,9500,950,9500000000,FENWICK,TOTAL,2,4647000,1031224
N10000_K950_UNIFORM_MILLION,10000,9500,950,9500000000,FENWICK,TOTAL,3,4263700,1031224
N10000_K950_UNIFORM_MILLION,10000,9500,950,9500000000,FENWICK,TOTAL,4,4166200,1031224
N10000_K950_UNIFORM_MILLION,10000,9500,950,9500000000,FENWICK,TOTAL,5,4854300,1031224
N10000_K950_UNIFORM_MILLION,10000,9500,950,9500000000,FENWICK,TOTAL,6,4235600,1031224
N10000_K950_UNIFORM_MILLION,10000,9500,950,9500000000,FENWICK,TOTAL,7,4169000,1031224
N10000_K950_UNIFORM_MILLION,10000,9500,950,9500000000,FENWICK,TOTAL,8,4246900,1031224
N10000_K950_UNIFORM_MILLION,10000,9500,950,9500000000,FENWICK,TOTAL,9,5011399,1031224
N10000_K950_UNIFORM_MILLION,10000,9500,950,9500000000,FENWICK,TOTAL,10,4240900,1031224
N10000_K950_UNIFORM_MILLION,10000,9500,950,9500000000,FENWICK,TOTAL,11,4188900,1031224
N10000_K950_UNIFORM_MILLION,10000,9500,950,9500000000,FENWICK,TOTAL,12,4615501,1031224
N10000_K950_UNIFORM_MILLION,10000,9500,950,9500000000,FENWICK,TOTAL,13,4835599,1031224
N10000_K950_UNIFORM_MILLION,10000,9500,950,9500000000,FENWICK,TOTAL,14,5495099,1031224
N10000_K950_UNIFORM_MILLION,10000,9500,950,9500000000,FENWICK,TOTAL,15,4342700,1031224
N10000_K950_UNIFORM_MILLION,10000,9500,950,9500000000,FENWICK,TOTAL,16,4426100,1031224
N10000_K950_UNIFORM_MILLION,10000,9500,950,9500000000,FENWICK,TOTAL,17,4286400,1031224
N10000_K950_UNIFORM_MILLION,10000,9500,950,9500000000,FENWICK,TOTAL,18,5782901,1031224
N10000_K950_UNIFORM_MILLION,10000,9500,950,9500000000,FENWICK,TOTAL,19,4913401,1031224
